[Licensing::Module] Trying to connect to existing licensing client channel...
[Licensing::IpcConnector] Successfully connected to: "LicenseClient-VincentLiguori" at "2026-09-17T02:41:28.8159985Z"
[Licensing::Client] Code 10 while verifying Licensing Client signature (process Id: 28360, path: "C:/Program Files/Unity Hub/UnityLicensingClient_V1/Unity.Licensing.Client.exe")
[Licensing::Module] LicensingClient has failed validation; ignoring
[Licensing::Client] Handshaking with LicensingClient:
  Version:                 1.18.3+d7ffd15
  Session Id:              230372e2d3544ed384508529b6acadb4
  Correlation Id:          c3a9b5f7dc93b1dab59b61320cead0dc
  External correlation Id: 5989556118097204971
  Machine Id:              HxO4LzPDSZi5N+Qj55f7MhdwfeY=
[Licensing::Module] Successfully connected to LicensingClient on channel: "LicenseClient-VincentLiguori" (connect: 0.00s, validation: 0.01s, handshake: 0.03s)
[Licensing::IpcConnector] Successfully connected to: "LicenseClient-VincentLiguori-notifications" at "2026-09-17T02:41:28.8592751Z"
[Licensing::Module] Error: Access token is unavailable; failed to update
[Licensing::Client] Successfully resolved entitlement details
[Licensing::Module] Serial number assigned to: "37203-UnityPersXXXX"
[Licensing::Client] Successfully updated license, isAync: True, time: 0.01
Built from '6000.1/staging' branch; Version is '6000.1.8f1 (2a5b1522e5ab) revision 2775829'; Using compiler version '194234433'; Build Type 'Release'
OS: 'Windows 11  (10.0.26200) 64bit Professional' Language: 'en' Physical Memory: 64969 MB
[Licensing::Client] Successfully resolved entitlement details
BatchMode: 1, IsHumanControllingUs: 0, StartBugReporterOnCrash: 0, Is64bit: 1, IsPro: 0
Date: 2026-09-17T02:41:28Z

COMMAND LINE ARGUMENTS:
C:\Program Files\Unity\Hub\Editor\6000.1.8f1\Editor\Unity.exe
-batchmode
-quit
-projectPath
C:/nscrev/branch-verify
-executeMethod
NoSafeCircle.DoorPrototype.Editor.DoorPrototypeSceneBuilder.Build
-logFile
C:/nscrev/reports/nsc075/builder-run3.log
Successfully changed project path to: C:/nscrev/branch-verify
C:/nscrev/branch-verify
[UnityMemory] Configuration Parameters - Can be set up in boot.config
    "memorysetup-allocator-temp-initial-block-size-main=262144"
    "memorysetup-allocator-temp-initial-block-size-worker=262144"
    "memorysetup-bucket-allocator-granularity=16"
    "memorysetup-bucket-allocator-bucket-count=8"
    "memorysetup-bucket-allocator-block-size=33554432"
    "memorysetup-bucket-allocator-block-count=8"
    "memorysetup-main-allocator-block-size=16777216"
    "memorysetup-thread-allocator-block-size=16777216"
    "memorysetup-gfx-main-allocator-block-size=16777216"
    "memorysetup-gfx-thread-allocator-block-size=16777216"
    "memorysetup-cache-allocator-block-size=4194304"
    "memorysetup-typetree-allocator-block-size=2097152"
    "memorysetup-profiler-bucket-allocator-granularity=16"
    "memorysetup-profiler-bucket-allocator-bucket-count=8"
    "memorysetup-profiler-bucket-allocator-block-size=33554432"
    "memorysetup-profiler-bucket-allocator-block-count=8"
    "memorysetup-profiler-allocator-block-size=16777216"
    "memorysetup-profiler-editor-allocator-block-size=1048576"
    "memorysetup-temp-allocator-size-main=16777216"
    "memorysetup-job-temp-allocator-block-size=2097152"
    "memorysetup-job-temp-allocator-block-size-background=1048576"
    "memorysetup-job-temp-allocator-reduction-small-platforms=262144"
    "memorysetup-temp-allocator-size-background-worker=32768"
    "memorysetup-temp-allocator-size-job-worker=262144"
    "memorysetup-temp-allocator-size-preload-manager=33554432"
    "memorysetup-temp-allocator-size-nav-mesh-worker=65536"
    "memorysetup-temp-allocator-size-audio-worker=65536"
    "memorysetup-temp-allocator-size-cloud-worker=32768"
    "memorysetup-temp-allocator-size-gi-baking-worker=262144"
    "memorysetup-temp-allocator-size-gi-baking-worker=262144"
    "memorysetup-temp-allocator-size-gi-baking-worker=262144"
    "memorysetup-temp-allocator-size-gi-baking-worker=262144"
    "memorysetup-temp-allocator-size-gi-baking-worker=262144"
    "memorysetup-temp-allocator-size-gfx=262144"
Player connection [50632]  Target information:

Player connection [50632]  * "[IP] 172.28.64.1 [Port] 55504 [Flags] 2 [Guid] 2481394575 [EditorId] 2481394575 [Version] 1048832 [Id] WindowsEditor(7,DESKTOP-6LMNLCK) [Debug] 1 [PackageName] WindowsEditor [ProjectName] Editor" 

Player connection [50632]  * "[IP] 192.168.10.143 [Port] 55504 [Flags] 2 [Guid] 2481394575 [EditorId] 2481394575 [Version] 1048832 [Id] WindowsEditor(7,DESKTOP-6LMNLCK) [Debug] 1 [PackageName] WindowsEditor [ProjectName] Editor" 

Player connection [50632] Host joined multi-casting on [225.0.0.222:54997]...
Player connection [50632] Host joined alternative multi-casting on [225.0.0.222:34997]...
Input System module state changed to: Initialized.
[Physics::Module] Initialized fallback backend.
[Physics::Module] Id: 0xdecafbad
[Package Manager] Connected to IPC stream "Upm-28324" after 0.2 seconds.
Library Redirect Path: Library/
[Package Manager] Restoring resolved packages state from cache
[Licensing::Client] Successfully resolved entitlement details
[Package Manager] Registered 56 packages:
  Packages from [https://packages.unity.com]:
    com.unity.ai.navigation@2.0.14 (location: C:\nscrev\branch-verify\Library\PackageCache\com.unity.ai.navigation@134dd6a3b97b)
    com.unity.collab-proxy@2.13.5 (location: C:\nscrev\branch-verify\Library\PackageCache\com.unity.collab-proxy@120d77864ebc)
    com.unity.inputsystem@1.14.0 (location: C:\nscrev\branch-verify\Library\PackageCache\com.unity.inputsystem@7fe8299111a7)
    com.unity.timeline@1.8.7 (location: C:\nscrev\branch-verify\Library\PackageCache\com.unity.timeline@c58b4ee65782)
    com.unity.visualscripting@1.9.7 (location: C:\nscrev\branch-verify\Library\PackageCache\com.unity.visualscripting@6279e2b7c485)
    com.unity.ide.visualstudio@2.0.23 (location: C:\nscrev\branch-verify\Library\PackageCache\com.unity.ide.visualstudio@198cdf337d13)
    com.unity.ide.rider@3.0.36 (location: C:\nscrev\branch-verify\Library\PackageCache\com.unity.ide.rider@4d374c7eb6db)
    com.unity.editorcoroutines@1.0.0 (location: C:\nscrev\branch-verify\Library\PackageCache\com.unity.editorcoroutines@7d48783e7b8c)
    com.unity.performance.profile-analyzer@1.2.3 (location: C:\nscrev\branch-verify\Library\PackageCache\com.unity.performance.profile-analyzer@a68e7bc84997)
    com.unity.testtools.codecoverage@1.2.6 (location: C:\nscrev\branch-verify\Library\PackageCache\com.unity.testtools.codecoverage@205a02cbcb39)
    com.unity.collections@2.6.8 (location: C:\nscrev\branch-verify\Library\PackageCache\com.unity.collections@84e8eb3fc12e)
    com.unity.settings-manager@2.1.0 (location: C:\nscrev\branch-verify\Library\PackageCache\com.unity.settings-manager@41738c275190)
    com.unity.burst@1.8.29 (location: C:\nscrev\branch-verify\Library\PackageCache\com.unity.burst@6bb9aca3ef38)
    com.unity.mathematics@1.3.2 (location: C:\nscrev\branch-verify\Library\PackageCache\com.unity.mathematics@8017b507cc74)
    com.unity.nuget.mono-cecil@1.11.6 (location: C:\nscrev\branch-verify\Library\PackageCache\com.unity.nuget.mono-cecil@ecb9724e46ff)
    com.unity.test-framework.performance@3.1.0 (location: C:\nscrev\branch-verify\Library\PackageCache\com.unity.test-framework.performance@92d1d09a72ed)
  Built-in packages:
    com.unity.2d.tilemap@1.0.0 (location: C:\nscrev\branch-verify\Library\PackageCache\com.unity.2d.tilemap@855769f9baae)
    com.unity.feature.development@1.0.2 (location: C:\nscrev\branch-verify\Library\PackageCache\com.unity.feature.development@767aadbc6eb7)
    com.unity.multiplayer.center@1.0.0 (location: C:\nscrev\branch-verify\Library\PackageCache\com.unity.multiplayer.center@f3fb577b3546)
    com.unity.ugui@2.0.0 (location: C:\nscrev\branch-verify\Library\PackageCache\com.unity.ugui@57cef44123c7)
    com.unity.modules.accessibility@1.0.0 (location: C:\Program Files\Unity\Hub\Editor\6000.1.8f1\Editor\Data\Resources\PackageManager\BuiltInPackages\com.unity.modules.accessibility)
    com.unity.modules.ai@1.0.0 (location: C:\Program Files\Unity\Hub\Editor\6000.1.8f1\Editor\Data\Resources\PackageManager\BuiltInPackages\com.unity.modules.ai)
    com.unity.modules.androidjni@1.0.0 (location: C:\Program Files\Unity\Hub\Editor\6000.1.8f1\Editor\Data\Resources\PackageManager\BuiltInPackages\com.unity.modules.androidjni)
    com.unity.modules.animation@1.0.0 (location: C:\Program Files\Unity\Hub\Editor\6000.1.8f1\Editor\Data\Resources\PackageManager\BuiltInPackages\com.unity.modules.animation)
    com.unity.modules.assetbundle@1.0.0 (location: C:\Program Files\Unity\Hub\Editor\6000.1.8f1\Editor\Data\Resources\PackageManager\BuiltInPackages\com.unity.modules.assetbundle)
    com.unity.modules.audio@1.0.0 (location: C:\Program Files\Unity\Hub\Editor\6000.1.8f1\Editor\Data\Resources\PackageManager\BuiltInPackages\com.unity.modules.audio)
    com.unity.modules.cloth@1.0.0 (location: C:\Program Files\Unity\Hub\Editor\6000.1.8f1\Editor\Data\Resources\PackageManager\BuiltInPackages\com.unity.modules.cloth)
    com.unity.modules.director@1.0.0 (location: C:\Program Files\Unity\Hub\Editor\6000.1.8f1\Editor\Data\Resources\PackageManager\BuiltInPackages\com.unity.modules.director)
    com.unity.modules.imageconversion@1.0.0 (location: C:\Program Files\Unity\Hub\Editor\6000.1.8f1\Editor\Data\Resources\PackageManager\BuiltInPackages\com.unity.modules.imageconversion)
    com.unity.modules.imgui@1.0.0 (location: C:\Program Files\Unity\Hub\Editor\6000.1.8f1\Editor\Data\Resources\PackageManager\BuiltInPackages\com.unity.modules.imgui)
    com.unity.modules.jsonserialize@1.0.0 (location: C:\Program Files\Unity\Hub\Editor\6000.1.8f1\Editor\Data\Resources\PackageManager\BuiltInPackages\com.unity.modules.jsonserialize)
    com.unity.modules.particlesystem@1.0.0 (location: C:\Program Files\Unity\Hub\Editor\6000.1.8f1\Editor\Data\Resources\PackageManager\BuiltInPackages\com.unity.modules.particlesystem)
    com.unity.modules.physics@1.0.0 (location: C:\Program Files\Unity\Hub\Editor\6000.1.8f1\Editor\Data\Resources\PackageManager\BuiltInPackages\com.unity.modules.physics)
    com.unity.modules.physics2d@1.0.0 (location: C:\Program Files\Unity\Hub\Editor\6000.1.8f1\Editor\Data\Resources\PackageManager\BuiltInPackages\com.unity.modules.physics2d)
    com.unity.modules.screencapture@1.0.0 (location: C:\Program Files\Unity\Hub\Editor\6000.1.8f1\Editor\Data\Resources\PackageManager\BuiltInPackages\com.unity.modules.screencapture)
    com.unity.modules.terrain@1.0.0 (location: C:\Program Files\Unity\Hub\Editor\6000.1.8f1\Editor\Data\Resources\PackageManager\BuiltInPackages\com.unity.modules.terrain)
    com.unity.modules.terrainphysics@1.0.0 (location: C:\Program Files\Unity\Hub\Editor\6000.1.8f1\Editor\Data\Resources\PackageManager\BuiltInPackages\com.unity.modules.terrainphysics)
    com.unity.modules.tilemap@1.0.0 (location: C:\Program Files\Unity\Hub\Editor\6000.1.8f1\Editor\Data\Resources\PackageManager\BuiltInPackages\com.unity.modules.tilemap)
    com.unity.modules.ui@1.0.0 (location: C:\Program Files\Unity\Hub\Editor\6000.1.8f1\Editor\Data\Resources\PackageManager\BuiltInPackages\com.unity.modules.ui)
    com.unity.modules.uielements@1.0.0 (location: C:\Program Files\Unity\Hub\Editor\6000.1.8f1\Editor\Data\Resources\PackageManager\BuiltInPackages\com.unity.modules.uielements)
    com.unity.modules.umbra@1.0.0 (location: C:\Program Files\Unity\Hub\Editor\6000.1.8f1\Editor\Data\Resources\PackageManager\BuiltInPackages\com.unity.modules.umbra)
    com.unity.modules.unityanalytics@1.0.0 (location: C:\Program Files\Unity\Hub\Editor\6000.1.8f1\Editor\Data\Resources\PackageManager\BuiltInPackages\com.unity.modules.unityanalytics)
    com.unity.modules.unitywebrequest@1.0.0 (location: C:\Program Files\Unity\Hub\Editor\6000.1.8f1\Editor\Data\Resources\PackageManager\BuiltInPackages\com.unity.modules.unitywebrequest)
    com.unity.modules.unitywebrequestassetbundle@1.0.0 (location: C:\Program Files\Unity\Hub\Editor\6000.1.8f1\Editor\Data\Resources\PackageManager\BuiltInPackages\com.unity.modules.unitywebrequestassetbundle)
    com.unity.modules.unitywebrequestaudio@1.0.0 (location: C:\Program Files\Unity\Hub\Editor\6000.1.8f1\Editor\Data\Resources\PackageManager\BuiltInPackages\com.unity.modules.unitywebrequestaudio)
    com.unity.modules.unitywebrequesttexture@1.0.0 (location: C:\Program Files\Unity\Hub\Editor\6000.1.8f1\Editor\Data\Resources\PackageManager\BuiltInPackages\com.unity.modules.unitywebrequesttexture)
    com.unity.modules.unitywebrequestwww@1.0.0 (location: C:\Program Files\Unity\Hub\Editor\6000.1.8f1\Editor\Data\Resources\PackageManager\BuiltInPackages\com.unity.modules.unitywebrequestwww)
    com.unity.modules.vehicles@1.0.0 (location: C:\Program Files\Unity\Hub\Editor\6000.1.8f1\Editor\Data\Resources\PackageManager\BuiltInPackages\com.unity.modules.vehicles)
    com.unity.modules.video@1.0.0 (location: C:\Program Files\Unity\Hub\Editor\6000.1.8f1\Editor\Data\Resources\PackageManager\BuiltInPackages\com.unity.modules.video)
    com.unity.modules.vr@1.0.0 (location: C:\Program Files\Unity\Hub\Editor\6000.1.8f1\Editor\Data\Resources\PackageManager\BuiltInPackages\com.unity.modules.vr)
    com.unity.modules.wind@1.0.0 (location: C:\Program Files\Unity\Hub\Editor\6000.1.8f1\Editor\Data\Resources\PackageManager\BuiltInPackages\com.unity.modules.wind)
    com.unity.modules.xr@1.0.0 (location: C:\Program Files\Unity\Hub\Editor\6000.1.8f1\Editor\Data\Resources\PackageManager\BuiltInPackages\com.unity.modules.xr)
    com.unity.modules.subsystems@1.0.0 (location: C:\Program Files\Unity\Hub\Editor\6000.1.8f1\Editor\Data\Resources\PackageManager\BuiltInPackages\com.unity.modules.subsystems)
    com.unity.modules.hierarchycore@1.0.0 (location: C:\Program Files\Unity\Hub\Editor\6000.1.8f1\Editor\Data\Resources\PackageManager\BuiltInPackages\com.unity.modules.hierarchycore)
    com.unity.test-framework@1.5.1 (location: C:\nscrev\branch-verify\Library\PackageCache\com.unity.test-framework@7056e7f856e9)
    com.unity.ext.nunit@2.0.5 (location: C:\nscrev\branch-verify\Library\PackageCache\com.unity.ext.nunit@031a54704bff)
[Physics::Module] Selected backend.
[Physics::Module] Name: PhysX
[Physics::Module] Id: 0xf2b8ea05
[Physics::Module] SDK Version: 4.1.2
[Physics::Module] Integration Version: 1.0.0
[Physics::Module] Threading Mode: Multi-Threaded
[Subsystems] No new subsystems found in resolved package list.
Package Manager log level set to [2]
[Package Manager] Done registering packages in 0.41 seconds
Artifact Garbage Collection - Removed 97 unused hashed content files
Refreshing native plugins compatible for Editor in 3.25 ms, found 4 plugins.
Preloading 0 native plugins for Editor in 0.00 ms.
Initialize engine version: 6000.1.8f1 (2a5b1522e5ab)
[Subsystems] Discovering subsystems at path C:/Program Files/Unity/Hub/Editor/6000.1.8f1/Editor/Data/Resources/UnitySubsystems
[Subsystems] Discovering subsystems at path C:/nscrev/branch-verify/Assets
GfxDevice: creating device client; kGfxThreadingModeNonThreaded
Direct3D:
    Version:         Direct3D 12 [level 12.1]
    Renderer:        NVIDIA GeForce RTX 4070 Laptop GPU (ID=0x2820)
    Vendor:          NVIDIA
    VRAM:            7948 MB
    App VRAM Budget: 7180 MB
    Driver:          32.0.15.9658
[Licensing::Client] Successfully resolved entitlement details
Initialize mono
Mono path[0] = 'C:/Program Files/Unity/Hub/Editor/6000.1.8f1/Editor/Data/Managed'
Mono path[1] = 'C:/Program Files/Unity/Hub/Editor/6000.1.8f1/Editor/Data/MonoBleedingEdge/lib/mono/unityjit-win32'
Mono config path = 'C:/Program Files/Unity/Hub/Editor/6000.1.8f1/Editor/Data/MonoBleedingEdge/etc'
Using monoOptions --debugger-agent=transport=dt_socket,embedding=1,server=y,suspend=n,address=127.0.0.1:56324
Using cacheserver namespaces - metadata:defaultmetadata, artifacts:defaultartifacts
Using cacheserver namespaces - metadata:defaultmetadata, artifacts:defaultartifacts
ImportWorker Server TCP listen port: 0
AcceleratorClientConnectionCallback - disconnected - :0
Begin MonoManager ReloadAssembly
Registering precompiled unity dll's ...
Register platform support module: C:/Program Files/Unity/Hub/Editor/6000.1.8f1/Editor/Data/PlaybackEngines/WebGLSupport/UnityEditor.WebGL.Extensions.dll
Register platform support module: C:/Program Files/Unity/Hub/Editor/6000.1.8f1/Editor/Data/PlaybackEngines/WindowsStandaloneSupport/UnityEditor.WindowsStandalone.Extensions.dll
Registered in 0.002526 seconds.
- Loaded All Assemblies, in  0.295 seconds
Native extension for WindowsStandalone target not found
Native extension for WebGL target not found
Mono: successfully reloaded assembly
- Finished resetting the current domain, in  0.271 seconds
Domain Reload Profiling: 564ms
	BeginReloadAssembly (104ms)
		ExecutionOrderSort (0ms)
		DisableScriptedObjects (0ms)
		BackupInstance (0ms)
		ReleaseScriptingObjects (0ms)
		CreateAndSetChildDomain (1ms)
	RebuildCommonClasses (26ms)
	RebuildNativeTypeToScriptingClass (9ms)
	initialDomainReloadingComplete (42ms)
	LoadAllAssembliesAndSetupDomain (112ms)
		LoadAssemblies (102ms)
		RebuildTransferFunctionScriptingTraits (0ms)
		AnalyzeDomain (109ms)
			TypeCache.Refresh (107ms)
				TypeCache.ScanAssembly (97ms)
			BuildScriptInfoCaches (0ms)
			ResolveRequiredComponents (1ms)
	FinalizeReload (271ms)
		ReleaseScriptCaches (0ms)
		RebuildScriptCaches (0ms)
		SetupLoadedEditorAssemblies (243ms)
			LogAssemblyErrors (0ms)
			InitializePlatformSupportModulesInManaged (43ms)
			SetLoadedEditorAssemblies (4ms)
			BeforeProcessingInitializeOnLoad (46ms)
			ProcessInitializeOnLoadAttributes (104ms)
			ProcessInitializeOnLoadMethodAttributes (46ms)
			AfterProcessingInitializeOnLoad (0ms)
			EditorAssembliesLoaded (0ms)
		ExecutionOrderSort2 (0ms)
		AwakeInstancesAfterBackupRestoration (0ms)
[Licensing::Client] Successfully resolved entitlement details
Application.AssetDatabase Initial Refresh Start
[ScriptCompilation] Requested script compilation because: Assetdatabase observed changes in script compilation related files
info: Microsoft.Hosting.Lifetime[14]
      Now listening on: http://localhost:80
info: Microsoft.Hosting.Lifetime[0]
      Application started. Press Ctrl+C to shut down.
info: Microsoft.Hosting.Lifetime[0]
      Hosting environment: Production
info: Microsoft.Hosting.Lifetime[0]
      Content root path: C:\nscrev\branch-verify\
info: Microsoft.AspNetCore.Hosting.Diagnostics[1]
      Request starting HTTP/2 POST http://ilpp/UnityILPP.PostProcessing/Ping application/grpc -
info: Microsoft.AspNetCore.Routing.EndpointMiddleware[0]
      Executing endpoint 'gRPC - /UnityILPP.PostProcessing/Ping'
info: Microsoft.AspNetCore.Routing.EndpointMiddleware[1]
      Executed endpoint 'gRPC - /UnityILPP.PostProcessing/Ping'
info: Microsoft.AspNetCore.Hosting.Diagnostics[2]
      Request finished HTTP/2 POST http://ilpp/UnityILPP.PostProcessing/Ping application/grpc - - 200 - application/grpc 29.4441ms
Starting: C:\Program Files\Unity\Hub\Editor\6000.1.8f1\Editor\Data\bee_backend.exe --ipc --defer-dag-verification --dagfile="Library/Bee/1900b0aEDbg.dag" --continue-on-failure --profile="Library/Bee/backend1.traceevents" ScriptAssemblies
WorkingDir: C:/nscrev/branch-verify
info: Microsoft.AspNetCore.Hosting.Diagnostics[1]
      Request starting HTTP/2 POST http://ilpp/UnityILPP.PostProcessing/ConfigurePostProcessors application/grpc -
info: Microsoft.AspNetCore.Routing.EndpointMiddleware[0]
      Executing endpoint 'gRPC - /UnityILPP.PostProcessing/ConfigurePostProcessors'
warn: Unity.ILPP.Runner.PostProcessingAssemblyLoadContext[0]
      Assembly system.runtime.interopservices.windowsruntime has duplicate hint path. Ignoring "C:\Program Files\Unity\Hub\Editor\6000.1.8f1\Editor\Data\UnityReferenceAssemblies\unity-4.8-api\Facades\System.Runtime.InteropServices.WindowsRuntime.dll" in favor of "C:\Program Files\Unity\Hub\Editor\6000.1.8f1\Editor\Data\NetStandard\Extensions\2.0.0\System.Runtime.InteropServices.WindowsRuntime.dll"
warn: Unity.ILPP.Runner.PostProcessingAssemblyLoadContext[0]
      Assembly system.componentmodel.composition has duplicate hint path. Ignoring "C:\Program Files\Unity\Hub\Editor\6000.1.8f1\Editor\Data\UnityReferenceAssemblies\unity-4.8-api\System.ComponentModel.Composition.dll" in favor of "C:\Program Files\Unity\Hub\Editor\6000.1.8f1\Editor\Data\NetStandard\compat\2.1.0\shims\netfx\System.ComponentModel.Composition.dll"
DisplayProgressbar: Compiling Scripts
info: Unity.ILPP.Runner.PostProcessingAssemblyLoadContext[0]
      Resolved Unity.Burst.Cecil, Version=0.11.6.0, Culture=neutral, PublicKeyToken=50cebf1cceb9d05e with Library\PackageCache\com.unity.burst@6bb9aca3ef38\Unity.Burst.CodeGen\Unity.Burst.Cecil.dll
info: Unity.ILPP.Runner.PostProcessingAssemblyLoadContext[0]
      Resolved Mono.Cecil, Version=0.11.5.0, Culture=neutral, PublicKeyToken=50cebf1cceb9d05e with Library\PackageCache\com.unity.nuget.mono-cecil@ecb9724e46ff\Mono.Cecil.dll
info: Microsoft.AspNetCore.Routing.EndpointMiddleware[1]
      Executed endpoint 'gRPC - /UnityILPP.PostProcessing/ConfigurePostProcessors'
info: Microsoft.AspNetCore.Hosting.Diagnostics[2]
      Request finished HTTP/2 POST http://ilpp/UnityILPP.PostProcessing/ConfigurePostProcessors application/grpc - - 200 - application/grpc 46.1442ms
info: Microsoft.AspNetCore.Hosting.Diagnostics[1]
      Request starting HTTP/2 POST http://ilpp/UnityILPP.PostProcessing/PostProcessAssembly application/grpc -
info: Microsoft.AspNetCore.Hosting.Diagnostics[1]
      Request starting HTTP/2 POST http://ilpp/UnityILPP.PostProcessing/PostProcessAssembly application/grpc -
info: Microsoft.AspNetCore.Hosting.Diagnostics[1]
      Request starting HTTP/2 POST http://ilpp/UnityILPP.PostProcessing/PostProcessAssembly application/grpc -
info: Microsoft.AspNetCore.Routing.EndpointMiddleware[0]
      Executing endpoint 'gRPC - /UnityILPP.PostProcessing/PostProcessAssembly'
info: Microsoft.AspNetCore.Routing.EndpointMiddleware[0]
      Executing endpoint 'gRPC - /UnityILPP.PostProcessing/PostProcessAssembly'
info: Microsoft.AspNetCore.Routing.EndpointMiddleware[0]
      Executing endpoint 'gRPC - /UnityILPP.PostProcessing/PostProcessAssembly'
info: Unity.ILPP.Runner.PostProcessingPipeline[0]
      Processing assembly Library/Bee/artifacts/1900b0aEDbg.dag/Assembly-CSharp-firstpass.dll, with 130 defines and 288 references
info: Unity.ILPP.Runner.PostProcessingPipeline[0]
      Processing assembly Library/Bee/artifacts/1900b0aEDbg.dag/NoSafeCircle.DoorPrototype.Tests.Editor.dll, with 128 defines and 257 references
info: Unity.ILPP.Runner.PostProcessingPipeline[0]
      Processing assembly Library/Bee/artifacts/1900b0aEDbg.dag/NoSafeCircle.DoorPrototype.Editor.dll, with 128 defines and 270 references
info: Unity.ILPP.Runner.PostProcessingPipeline[0]
      processors: Unity.Jobs.CodeGen.JobsILPostProcessor, zzzUnity.Burst.CodeGen.BurstILPostProcessor
info: Unity.ILPP.Runner.PostProcessingPipeline[0]
      processors: Unity.Jobs.CodeGen.JobsILPostProcessor, zzzUnity.Burst.CodeGen.BurstILPostProcessor
info: Unity.ILPP.Runner.PostProcessingPipeline[0]
      processors: Unity.Jobs.CodeGen.JobsILPostProcessor, zzzUnity.Burst.CodeGen.BurstILPostProcessor
info: Unity.ILPP.Runner.PostProcessingPipeline[0]
      running Unity.Jobs.CodeGen.JobsILPostProcessor
info: Unity.ILPP.Runner.PostProcessingPipeline[0]
      running Unity.Jobs.CodeGen.JobsILPostProcessor
info: Unity.ILPP.Runner.PostProcessingPipeline[0]
      running Unity.Jobs.CodeGen.JobsILPostProcessor
info: Unity.ILPP.Runner.PostProcessingPipeline[0]
      running zzzUnity.Burst.CodeGen.BurstILPostProcessor
info: Unity.ILPP.Runner.PostProcessingPipeline[0]
      running zzzUnity.Burst.CodeGen.BurstILPostProcessor
info: Unity.ILPP.Runner.PostProcessingAssemblyLoadContext[0]
      Resolved Unity.Collections, Version=0.0.0.0, Culture=neutral, PublicKeyToken=null with Library\Bee\artifacts\1900b0aEDbg.dag\Unity.Collections.dll
info: Microsoft.AspNetCore.Routing.EndpointMiddleware[1]
      Executed endpoint 'gRPC - /UnityILPP.PostProcessing/PostProcessAssembly'
info: Microsoft.AspNetCore.Routing.EndpointMiddleware[1]
      Executed endpoint 'gRPC - /UnityILPP.PostProcessing/PostProcessAssembly'
info: Microsoft.AspNetCore.Hosting.Diagnostics[2]
      Request finished HTTP/2 POST http://ilpp/UnityILPP.PostProcessing/PostProcessAssembly application/grpc - - 200 - application/grpc 12.2307ms
info: Microsoft.AspNetCore.Hosting.Diagnostics[2]
      Request finished HTTP/2 POST http://ilpp/UnityILPP.PostProcessing/PostProcessAssembly application/grpc - - 200 - application/grpc 12.2970ms
info: Unity.ILPP.Runner.PostProcessingAssemblyLoadContext[0]
      Resolved UnityEditor.CoreModule, Version=0.0.0.0, Culture=neutral, PublicKeyToken=null with C:\Program Files\Unity\Hub\Editor\6000.1.8f1\Editor\Data\Managed\UnityEngine\UnityEditor.CoreModule.dll
info: Unity.ILPP.Runner.PostProcessingAssemblyLoadContext[0]
      Resolved UnityEngine.CoreModule, Version=0.0.0.0, Culture=neutral, PublicKeyToken=null with C:\Program Files\Unity\Hub\Editor\6000.1.8f1\Editor\Data\Managed\UnityEngine\UnityEngine.CoreModule.dll
info: Unity.ILPP.Runner.PostProcessingPipeline[0]
      running zzzUnity.Burst.CodeGen.BurstILPostProcessor
info: Unity.ILPP.Runner.PostProcessingAssemblyLoadContext[0]
      Resolved Unity.Burst.Cecil.Rocks, Version=0.11.6.0, Culture=neutral, PublicKeyToken=50cebf1cceb9d05e with Library\PackageCache\com.unity.burst@6bb9aca3ef38\Unity.Burst.CodeGen\Unity.Burst.Cecil.Rocks.dll
info: Microsoft.AspNetCore.Routing.EndpointMiddleware[1]
      Executed endpoint 'gRPC - /UnityILPP.PostProcessing/PostProcessAssembly'
info: Microsoft.AspNetCore.Hosting.Diagnostics[2]
      Request finished HTTP/2 POST http://ilpp/UnityILPP.PostProcessing/PostProcessAssembly application/grpc - - 200 - application/grpc 309.3182ms
ExitCode: 0 Duration: 1s830ms
[574/728    0s] ILPP-Configuration Library/ilpp-configuration.nevergeneratedoutput
[716/728    1s] Csc Library/Bee/artifacts/1900b0aEDbg.dag/NoSafeCircle.DoorPrototype.Editor.dll (+2 others)
Assets\NoSafeCircle\DoorPrototype\Editor\DoorPrototypeSceneBuilder.cs(11,7): warning CS0105: The using directive for 'NoSafeCircle.DoorPrototype.World' appeared previously in this namespace

Assets\NoSafeCircle\DoorPrototype\Editor\Rooms\ChapelOfAshSceneBuilder.cs(58,19): warning CS0219: The variable 'roomWidth' is assigned but its value is never used
[719/728    0s] ILPostProcess Library/Bee/artifacts/1900b0aEDbg.dag/post-processed/NoSafeCircle.DoorPrototype.Editor.dll (+pdb)
Processing assembly Library/Bee/artifacts/1900b0aEDbg.dag/NoSafeCircle.DoorPrototype.Editor.dll, with 128 defines and 270 references

processors: Unity.Jobs.CodeGen.JobsILPostProcessor, zzzUnity.Burst.CodeGen.BurstILPostProcessor

running Unity.Jobs.CodeGen.JobsILPostProcessor

running zzzUnity.Burst.CodeGen.BurstILPostProcessor
[720/728    0s] ILPostProcess Library/Bee/artifacts/1900b0aEDbg.dag/post-processed/NoSafeCircle.DoorPrototype.Tests.Editor.dll (+pdb)
Processing assembly Library/Bee/artifacts/1900b0aEDbg.dag/NoSafeCircle.DoorPrototype.Tests.Editor.dll, with 128 defines and 257 references

processors: Unity.Jobs.CodeGen.JobsILPostProcessor, zzzUnity.Burst.CodeGen.BurstILPostProcessor

running Unity.Jobs.CodeGen.JobsILPostProcessor

running zzzUnity.Burst.CodeGen.BurstILPostProcessor
[723/728    0s] CopyFiles Library/ScriptAssemblies/NoSafeCircle.DoorPrototype.Editor.dll
[724/728    0s] CopyFiles Library/ScriptAssemblies/NoSafeCircle.DoorPrototype.Editor.pdb
[725/728    0s] ILPostProcess Library/Bee/artifacts/1900b0aEDbg.dag/post-processed/Assembly-CSharp-firstpass.dll (+pdb)
Processing assembly Library/Bee/artifacts/1900b0aEDbg.dag/Assembly-CSharp-firstpass.dll, with 130 defines and 288 references

processors: Unity.Jobs.CodeGen.JobsILPostProcessor, zzzUnity.Burst.CodeGen.BurstILPostProcessor

running Unity.Jobs.CodeGen.JobsILPostProcessor

running zzzUnity.Burst.CodeGen.BurstILPostProcessor
*** Tundra build success (1.80 seconds), 7 items updated, 728 evaluated
Assets\NoSafeCircle\DoorPrototype\Editor\DoorPrototypeSceneBuilder.cs(11,7): warning CS0105: The using directive for 'NoSafeCircle.DoorPrototype.World' appeared previously in this namespace
Assets\NoSafeCircle\DoorPrototype\Editor\Rooms\ChapelOfAshSceneBuilder.cs(58,19): warning CS0219: The variable 'roomWidth' is assigned but its value is never used
AssetDatabase: script compilation time: 2.275438s
Begin MonoManager ReloadAssembly
- Loaded All Assemblies, in  0.808 seconds
Refreshing native plugins compatible for Editor in 1.73 ms, found 4 plugins.
Native extension for WindowsStandalone target not found
Native extension for WebGL target not found
Refreshing native plugins compatible for Editor in 2.22 ms, found 4 plugins.
Mono: successfully reloaded assembly
- Finished resetting the current domain, in  3.775 seconds
Domain Reload Profiling: 4580ms
	BeginReloadAssembly (273ms)
		ExecutionOrderSort (0ms)
		DisableScriptedObjects (11ms)
		BackupInstance (0ms)
		ReleaseScriptingObjects (0ms)
		CreateAndSetChildDomain (145ms)
	RebuildCommonClasses (28ms)
	RebuildNativeTypeToScriptingClass (8ms)
	initialDomainReloadingComplete (28ms)
	LoadAllAssembliesAndSetupDomain (467ms)
		LoadAssemblies (373ms)
		RebuildTransferFunctionScriptingTraits (0ms)
		AnalyzeDomain (175ms)
			TypeCache.Refresh (137ms)
				TypeCache.ScanAssembly (128ms)
			BuildScriptInfoCaches (30ms)
			ResolveRequiredComponents (5ms)
	FinalizeReload (3776ms)
		ReleaseScriptCaches (0ms)
		RebuildScriptCaches (0ms)
		SetupLoadedEditorAssemblies (3577ms)
			LogAssemblyErrors (0ms)
			InitializePlatformSupportModulesInManaged (26ms)
			SetLoadedEditorAssemblies (4ms)
			BeforeProcessingInitializeOnLoad (150ms)
			ProcessInitializeOnLoadAttributes (3333ms)
			ProcessInitializeOnLoadMethodAttributes (59ms)
			AfterProcessingInitializeOnLoad (5ms)
			EditorAssembliesLoaded (0ms)
		ExecutionOrderSort2 (0ms)
		AwakeInstancesAfterBackupRestoration (9ms)
Refreshing native plugins compatible for Editor in 1.99 ms, found 4 plugins.
Preloading 0 native plugins for Editor in 0.00 ms.
Asset Pipeline Refresh (id=5b960ac3677d9234b85331a0c73eadc5): Total: 7.605 seconds - Initiated by InitialRefreshV2(ForceSynchronousImport)
	Summary:
		Imports: total=0 (actual=0, local cache=0, cache server=0)
		Asset DB Process Time: managed=0 ms, native=4294 ms
		Asset DB Callback time: managed=138 ms, native=10 ms
		Scripting: domain reloads=1, domain reload time=808 ms, compile time=2277 ms, other=77 ms
		Project Asset Count: scripts=1002, non-scripts=1627
		Asset File Changes: new=0, changed=1, moved=0, deleted=0
		Scan Filter Count: 0
	InvokeCustomDependenciesCallbacks: 0.001ms
	InvokePackagesCallback: 2.055ms
	ApplyChangesToAssetFolders: 0.427ms
	Scan: 264.916ms
	OnSourceAssetsModified: 1.060ms
	CategorizeAssetsWithTransientArtifact: 34.810ms
	ProcessAssetsWithTransientArtifactChanges: 46.641ms
	CategorizeAssets: 19.874ms
	ImportOutOfDateAssets: 3784.394ms (1506.685ms without children)
		CompileScripts: 2276.917ms
		ReloadNativeAssets: 0.001ms
		UnloadImportedAssets: 0.164ms
		EnsureUptoDateAssetsAreRegisteredWithGuidPM: 0.348ms
		InitializingProgressBar: 0.000ms
		PostProcessAllAssetNotificationsAddChangedAssets: 0.001ms
		OnDemandSchedulerStart: 0.278ms
	PostProcessAllAssets: 138.913ms
	Hotreload: 7.855ms
	GatherAllCurrentPrimaryArtifactRevisions: 0.001ms
	UnloadStreamsBegin: 0.251ms
	PersistCurrentRevisions: 0.065ms
	UnloadStreamsEnd: 0.001ms
	GenerateScriptTypeHashes: 1.243ms
	Untracked: 3303.661ms

Application.AssetDatabase Initial Refresh End
Launched and connected shader compiler UnityShaderCompiler.exe after 0.01 seconds
Scanning for USB devices : 2.483ms
Initializing Unity extensions:
[Licensing::Client] Successfully resolved entitlement details
[MODES] ModeService[none].Initialize
[MODES] ModeService[none].LoadModes
[MODES] Loading mode Default (0) for mode-current-id-NoSafeCircle
Unloading 3 Unused Serialized files (Serialized files now loaded: 0)
Unloading 5035 unused Assets / (2.3 MB). Loaded Objects now: 5533.
Memory consumption went from 143.3 MB to 141.0 MB.
Total: 8.626800 ms (FindLiveObjects: 0.333000 ms CreateObjectMapping: 0.166300 ms MarkObjects: 6.563100 ms  DeleteObjects: 1.563200 ms)

Opening scene 'Assets/Scenes/DoorPrototype.unity'
Unloading 8 Unused Serialized files (Serialized files now loaded: 0)
Loaded scene 'Assets/Scenes/DoorPrototype.unity'
	Deserialize:            29.954 ms
	Integration:            308.683 ms
	Integration of assets:  1.196 ms
	Thread Wait Time:       0.029 ms
	Total Operation Time:   339.862 ms
Unloading 2 unused Assets / (1.0 KB). Loaded Objects now: 6969.
Memory consumption went from 139.3 MB to 139.3 MB.
Total: 5.613900 ms (FindLiveObjects: 0.314500 ms CreateObjectMapping: 0.158900 ms MarkObjects: 5.109800 ms  DeleteObjects: 0.029400 ms)

Start importing Assets/NoSafeCircle/DoorPrototype/Generated/ArchitecturalTiles/FloorTile.asset using Guid(ef41a67a8bf6c9448b0f1e0732b60b4b) (NativeFormatImporter) -> (artifact id: '8b334d15e1336fd9e322154e8a630edd') in 0.0073905 seconds
Refreshing native plugins compatible for Editor in 1.84 ms, found 4 plugins.
Preloading 0 native plugins for Editor in 0.00 ms.
Asset Pipeline Refresh (id=43f7049759be1e749964fd71b7e8c8ee): Total: 0.044 seconds - Initiated by StopAssetImportingV2(NoUpdateAssetOptions)
Start importing Assets/NoSafeCircle/DoorPrototype/Generated/ArchitecturalTiles/WallTile.asset using Guid(4a2a3879e8507b543b68d9eef20db2a9) (NativeFormatImporter) -> (artifact id: '9889d248879caee1dcc9f51a81f4e5c8') in 0.004072 seconds
Refreshing native plugins compatible for Editor in 1.77 ms, found 4 plugins.
Preloading 0 native plugins for Editor in 0.00 ms.
Asset Pipeline Refresh (id=3f11ba2502f3d8246aa7535304ee6be0): Total: 0.020 seconds - Initiated by StopAssetImportingV2(NoUpdateAssetOptions)
Start importing Assets/NoSafeCircle/DoorPrototype/Generated/ArchitecturalTiles/ArchitecturalBorderTile.asset using Guid(b6f0160d5f52f704b860d04529cf5d13) (NativeFormatImporter) -> (artifact id: '8f16ab88feb1039035acb4c2e6897446') in 0.0022618 seconds
Refreshing native plugins compatible for Editor in 1.80 ms, found 4 plugins.
Preloading 0 native plugins for Editor in 0.00 ms.
Asset Pipeline Refresh (id=55b39740a3168ed44a6dcca8481d1a43): Total: 0.018 seconds - Initiated by StopAssetImportingV2(NoUpdateAssetOptions)
Opening scene 'Assets/Scenes/Rooms/RuinedEntry.unity additively'
Loaded scene 'Assets/Scenes/Rooms/RuinedEntry.unity'
	Deserialize:            4.756 ms
	Integration:            2.870 ms
	Integration of assets:  0.002 ms
	Thread Wait Time:       0.022 ms
	Total Operation Time:   7.650 ms
Opening scene 'Assets/Scenes/Rooms/BoneArchive.unity additively'
Loaded scene 'Assets/Scenes/Rooms/BoneArchive.unity'
	Deserialize:            1.953 ms
	Integration:            0.316 ms
	Integration of assets:  0.032 ms
	Thread Wait Time:       0.022 ms
	Total Operation Time:   2.323 ms
Opening scene 'Assets/Scenes/Rooms/ChapelOfAsh.unity additively'
Loaded scene 'Assets/Scenes/Rooms/ChapelOfAsh.unity'
	Deserialize:            2.229 ms
	Integration:            0.285 ms
	Integration of assets:  0.032 ms
	Thread Wait Time:       0.020 ms
	Total Operation Time:   2.565 ms
Opening scene 'Assets/Scenes/Rooms/LowerVault.unity additively'
Loaded scene 'Assets/Scenes/Rooms/LowerVault.unity'
	Deserialize:            2.385 ms
	Integration:            0.263 ms
	Integration of assets:  0.034 ms
	Thread Wait Time:       0.018 ms
	Total Operation Time:   2.701 ms
Opening scene 'Assets/Scenes/Rooms/FinalRoom.unity additively'
Loaded scene 'Assets/Scenes/Rooms/FinalRoom.unity'
	Deserialize:            2.358 ms
	Integration:            0.228 ms
	Integration of assets:  0.021 ms
	Thread Wait Time:       0.011 ms
	Total Operation Time:   2.617 ms
Start importing Assets/NoSafeCircle/DoorPrototype/Art/Wizard/Source/PixelLab/masculine-light/selected/standing/north.png using Guid(91c375ee4e2b5704283a23738abe263d) (TextureImporter) -> (artifact id: '96448a2c792be8924e457b98214b93b2') in 0.0070833 seconds
Refreshing native plugins compatible for Editor in 2.05 ms, found 4 plugins.
Preloading 0 native plugins for Editor in 0.00 ms.
Asset Pipeline Refresh (id=dbf590e201ce38f48b99ac3b8a21cfa6): Total: 0.030 seconds - Initiated by StopAssetImportingV2(NoUpdateAssetOptions)
Start importing Assets/NoSafeCircle/DoorPrototype/Art/Wizard/Source/PixelLab/masculine-light/selected/standing/north.png using Guid(91c375ee4e2b5704283a23738abe263d) (TextureImporter) -> (artifact id: '96448a2c792be8924e457b98214b93b2') in 0.0044954 seconds
Refreshing native plugins compatible for Editor in 1.81 ms, found 4 plugins.
Preloading 0 native plugins for Editor in 0.00 ms.
Asset Pipeline Refresh (id=15eb31d5572abff4b889137815e7c0ea): Total: 0.019 seconds - Initiated by StopAssetImportingV2(NoUpdateAssetOptions)
Start importing Assets/NoSafeCircle/DoorPrototype/Art/Wizard/Source/PixelLab/masculine-light/selected/standing/north-east.png using Guid(5e344f0605b848f42982320da2ee30b0) (TextureImporter) -> (artifact id: 'ec982e4bc7fed084f720d63c08bf00ff') in 0.0057208 seconds
Refreshing native plugins compatible for Editor in 1.82 ms, found 4 plugins.
Preloading 0 native plugins for Editor in 0.00 ms.
Asset Pipeline Refresh (id=e643b6a0b3ab5974b9ac9a32ff124098): Total: 0.020 seconds - Initiated by StopAssetImportingV2(NoUpdateAssetOptions)
Start importing Assets/NoSafeCircle/DoorPrototype/Art/Wizard/Source/PixelLab/masculine-light/selected/standing/north-east.png using Guid(5e344f0605b848f42982320da2ee30b0) (TextureImporter) -> (artifact id: 'ec982e4bc7fed084f720d63c08bf00ff') in 0.0042117 seconds
Refreshing native plugins compatible for Editor in 1.82 ms, found 4 plugins.
Preloading 0 native plugins for Editor in 0.00 ms.
Asset Pipeline Refresh (id=51f2c35e78737074b84a12ebc47f6ae2): Total: 0.019 seconds - Initiated by StopAssetImportingV2(NoUpdateAssetOptions)
Start importing Assets/NoSafeCircle/DoorPrototype/Art/Wizard/Source/PixelLab/masculine-light/selected/standing/east.png using Guid(855cc5850577ad643b9c96440c146d49) (TextureImporter) -> (artifact id: '7f0e84f20008e25dc5b67bc5f3c416a1') in 0.0040332 seconds
Refreshing native plugins compatible for Editor in 1.87 ms, found 4 plugins.
Preloading 0 native plugins for Editor in 0.00 ms.
Asset Pipeline Refresh (id=2158eff7db0e05242b37570797febc67): Total: 0.019 seconds - Initiated by StopAssetImportingV2(NoUpdateAssetOptions)
Start importing Assets/NoSafeCircle/DoorPrototype/Art/Wizard/Source/PixelLab/masculine-light/selected/standing/east.png using Guid(855cc5850577ad643b9c96440c146d49) (TextureImporter) -> (artifact id: '7f0e84f20008e25dc5b67bc5f3c416a1') in 0.0037686 seconds
Refreshing native plugins compatible for Editor in 1.81 ms, found 4 plugins.
Preloading 0 native plugins for Editor in 0.00 ms.
Asset Pipeline Refresh (id=6fc26993b73ebeb48915aa3bd3c40085): Total: 0.019 seconds - Initiated by StopAssetImportingV2(NoUpdateAssetOptions)
Start importing Assets/NoSafeCircle/DoorPrototype/Art/Wizard/Source/PixelLab/masculine-light/selected/standing/south-east.png using Guid(ba32e804c3c549e43aa53b4a61cad7be) (TextureImporter) -> (artifact id: 'ea93765076be854a0d811904ff9cb21e') in 0.0055953 seconds
Refreshing native plugins compatible for Editor in 1.83 ms, found 4 plugins.
Preloading 0 native plugins for Editor in 0.00 ms.
Asset Pipeline Refresh (id=0e01430cb8b8516498a4b541e74de3a1): Total: 0.024 seconds - Initiated by StopAssetImportingV2(NoUpdateAssetOptions)
Start importing Assets/NoSafeCircle/DoorPrototype/Art/Wizard/Source/PixelLab/masculine-light/selected/standing/south-east.png using Guid(ba32e804c3c549e43aa53b4a61cad7be) (TextureImporter) -> (artifact id: 'ea93765076be854a0d811904ff9cb21e') in 0.0050963 seconds
Refreshing native plugins compatible for Editor in 1.86 ms, found 4 plugins.
Preloading 0 native plugins for Editor in 0.00 ms.
Asset Pipeline Refresh (id=5968321056826ee44bdb71ac2648837e): Total: 0.021 seconds - Initiated by StopAssetImportingV2(NoUpdateAssetOptions)
Start importing Assets/NoSafeCircle/DoorPrototype/Art/Wizard/Source/PixelLab/masculine-light/selected/standing/south.png using Guid(afd38f6e75ecac9469a8b9b3c8c5d9cf) (TextureImporter) -> (artifact id: 'f7eb6b563561967fe09ab157fb12abe3') in 0.0042899 seconds
Refreshing native plugins compatible for Editor in 1.88 ms, found 4 plugins.
Preloading 0 native plugins for Editor in 0.00 ms.
Asset Pipeline Refresh (id=5d31a4a095cefd7408407d9be54a364e): Total: 0.021 seconds - Initiated by StopAssetImportingV2(NoUpdateAssetOptions)
Start importing Assets/NoSafeCircle/DoorPrototype/Art/Wizard/Source/PixelLab/masculine-light/selected/standing/south.png using Guid(afd38f6e75ecac9469a8b9b3c8c5d9cf) (TextureImporter) -> (artifact id: 'f7eb6b563561967fe09ab157fb12abe3') in 0.0037918 seconds
Refreshing native plugins compatible for Editor in 2.44 ms, found 4 plugins.
Preloading 0 native plugins for Editor in 0.00 ms.
Asset Pipeline Refresh (id=410971332e67cdd47a1e8e6a29f1a094): Total: 0.020 seconds - Initiated by StopAssetImportingV2(NoUpdateAssetOptions)
Start importing Assets/NoSafeCircle/DoorPrototype/Art/Wizard/Source/PixelLab/masculine-light/selected/standing/south-west.png using Guid(f1200e2de20b94f4e82a8b06bf3373e4) (TextureImporter) -> (artifact id: 'f06271d46522c0dc62f99fe3e8e175c7') in 0.0062002 seconds
Refreshing native plugins compatible for Editor in 1.79 ms, found 4 plugins.
Preloading 0 native plugins for Editor in 0.00 ms.
Asset Pipeline Refresh (id=bbe5754960b0e8c4f873fb39e2123115): Total: 0.021 seconds - Initiated by StopAssetImportingV2(NoUpdateAssetOptions)
Start importing Assets/NoSafeCircle/DoorPrototype/Art/Wizard/Source/PixelLab/masculine-light/selected/standing/south-west.png using Guid(f1200e2de20b94f4e82a8b06bf3373e4) (TextureImporter) -> (artifact id: 'f06271d46522c0dc62f99fe3e8e175c7') in 0.0038419 seconds
Refreshing native plugins compatible for Editor in 1.80 ms, found 4 plugins.
Preloading 0 native plugins for Editor in 0.00 ms.
Asset Pipeline Refresh (id=512af510c115a8a4ca0efcb19222707a): Total: 0.019 seconds - Initiated by StopAssetImportingV2(NoUpdateAssetOptions)
Start importing Assets/NoSafeCircle/DoorPrototype/Art/Wizard/Source/PixelLab/masculine-light/selected/standing/west.png using Guid(fcab85bd8cb12954790ec61cad798011) (TextureImporter) -> (artifact id: '619a549616710f6f8c18f4ec9fe9cae1') in 0.0042407 seconds
Refreshing native plugins compatible for Editor in 2.02 ms, found 4 plugins.
Preloading 0 native plugins for Editor in 0.00 ms.
Asset Pipeline Refresh (id=449283473cab8e649b0bf0dfdb524bec): Total: 0.019 seconds - Initiated by StopAssetImportingV2(NoUpdateAssetOptions)
Start importing Assets/NoSafeCircle/DoorPrototype/Art/Wizard/Source/PixelLab/masculine-light/selected/standing/west.png using Guid(fcab85bd8cb12954790ec61cad798011) (TextureImporter) -> (artifact id: '619a549616710f6f8c18f4ec9fe9cae1') in 0.0041387 seconds
Refreshing native plugins compatible for Editor in 1.98 ms, found 4 plugins.
Preloading 0 native plugins for Editor in 0.00 ms.
Asset Pipeline Refresh (id=66657a815e05ba14fae3784043186814): Total: 0.019 seconds - Initiated by StopAssetImportingV2(NoUpdateAssetOptions)
Start importing Assets/NoSafeCircle/DoorPrototype/Art/Wizard/Source/PixelLab/masculine-light/selected/standing/north-west.png using Guid(90987ee35d8dc3942b6c07b1e7be561d) (TextureImporter) -> (artifact id: '936478f301bed31f876bed28e8f38b64') in 0.0042216 seconds
Refreshing native plugins compatible for Editor in 1.73 ms, found 4 plugins.
Preloading 0 native plugins for Editor in 0.00 ms.
Asset Pipeline Refresh (id=2c4901fbd7a4b8f41a57e50ce6ad37bd): Total: 0.019 seconds - Initiated by StopAssetImportingV2(NoUpdateAssetOptions)
Start importing Assets/NoSafeCircle/DoorPrototype/Art/Wizard/Source/PixelLab/masculine-light/selected/standing/north-west.png using Guid(90987ee35d8dc3942b6c07b1e7be561d) (TextureImporter) -> (artifact id: '936478f301bed31f876bed28e8f38b64') in 0.0040811 seconds
Refreshing native plugins compatible for Editor in 1.83 ms, found 4 plugins.
Preloading 0 native plugins for Editor in 0.00 ms.
Asset Pipeline Refresh (id=26f2ec4941443004bb22589b7af25f95): Total: 0.022 seconds - Initiated by StopAssetImportingV2(NoUpdateAssetOptions)
Start importing Assets/NoSafeCircle/DoorPrototype/Art/Wizard/Source/PixelLab/masculine-light/selected/standing/north.png using Guid(91c375ee4e2b5704283a23738abe263d) (TextureImporter) -> (artifact id: '96448a2c792be8924e457b98214b93b2') in 0.0048889 seconds
Refreshing native plugins compatible for Editor in 2.01 ms, found 4 plugins.
Preloading 0 native plugins for Editor in 0.00 ms.
Asset Pipeline Refresh (id=782bdea85bf656144a52953f2b6aeac3): Total: 0.022 seconds - Initiated by StopAssetImportingV2(NoUpdateAssetOptions)
Start importing Assets/NoSafeCircle/DoorPrototype/Art/Wizard/Source/PixelLab/masculine-light/selected/standing/north.png using Guid(91c375ee4e2b5704283a23738abe263d) (TextureImporter) -> (artifact id: '96448a2c792be8924e457b98214b93b2') in 0.0054411 seconds
Refreshing native plugins compatible for Editor in 2.51 ms, found 4 plugins.
Preloading 0 native plugins for Editor in 0.00 ms.
Asset Pipeline Refresh (id=441af3a90c1cdd6458b1397a123b90fd): Total: 0.028 seconds - Initiated by StopAssetImportingV2(NoUpdateAssetOptions)
Start importing Assets/NoSafeCircle/DoorPrototype/Art/Wizard/Generated/Wizard_Masculine_White_idle_north.anim using Guid(216d2ed55c73b3d44be8c802857d0ad4) (NativeFormatImporter) -> (artifact id: '608ade622e788a860a6f28b0bfc3dd1f') in 0.0017941 seconds
Refreshing native plugins compatible for Editor in 2.94 ms, found 4 plugins.
Preloading 0 native plugins for Editor in 0.00 ms.
Asset Pipeline Refresh (id=80df22292f15d3a468041b80f002e327): Total: 0.017 seconds - Initiated by StopAssetImportingV2(NoUpdateAssetOptions)
Start importing Assets/NoSafeCircle/DoorPrototype/Art/Wizard/Source/PixelLab/masculine-light/selected/walk/north/frame_000.png using Guid(5c6239b09a01ecae426d1622ae9b4750) (TextureImporter) -> (artifact id: '9942dd72524aecaef0588e5b67aec4af') in 0.0448427 seconds
Refreshing native plugins compatible for Editor in 2.62 ms, found 4 plugins.
Preloading 0 native plugins for Editor in 0.00 ms.
Asset Pipeline Refresh (id=7a92a84685e083f4da002d628335185e): Total: 0.061 seconds - Initiated by StopAssetImportingV2(NoUpdateAssetOptions)
Start importing Assets/NoSafeCircle/DoorPrototype/Art/Wizard/Source/PixelLab/masculine-light/selected/walk/north/frame_000.png using Guid(5c6239b09a01ecae426d1622ae9b4750) (TextureImporter) -> (artifact id: '7cb9bbe8d3aa084d9d580b44b1a94212') in 0.0040507 seconds
Refreshing native plugins compatible for Editor in 1.95 ms, found 4 plugins.
Preloading 0 native plugins for Editor in 0.00 ms.
Asset Pipeline Refresh (id=5204613af91d1564fba800a4f36ff711): Total: 0.027 seconds - Initiated by StopAssetImportingV2(NoUpdateAssetOptions)
Start importing Assets/NoSafeCircle/DoorPrototype/Art/Wizard/Source/PixelLab/masculine-light/selected/walk/north/frame_001.png using Guid(5c49559a87b50be50a7f345f4c08c036) (TextureImporter) -> (artifact id: 'f5c521a3f6cf12994b10b32711e2b4a7') in 0.0042877 seconds
Refreshing native plugins compatible for Editor in 1.81 ms, found 4 plugins.
Preloading 0 native plugins for Editor in 0.00 ms.
Asset Pipeline Refresh (id=c27c7f9a31c64ba4188156e2fe184832): Total: 0.019 seconds - Initiated by StopAssetImportingV2(NoUpdateAssetOptions)
Start importing Assets/NoSafeCircle/DoorPrototype/Art/Wizard/Source/PixelLab/masculine-light/selected/walk/north/frame_001.png using Guid(5c49559a87b50be50a7f345f4c08c036) (TextureImporter) -> (artifact id: 'e1442ef9a8e9be3eb84a5ae82ba10801') in 0.0041703 seconds
Refreshing native plugins compatible for Editor in 2.85 ms, found 4 plugins.
Preloading 0 native plugins for Editor in 0.00 ms.
Asset Pipeline Refresh (id=1d5057e28a5077749b6cc938e95a76c3): Total: 0.027 seconds - Initiated by StopAssetImportingV2(NoUpdateAssetOptions)
Start importing Assets/NoSafeCircle/DoorPrototype/Art/Wizard/Source/PixelLab/masculine-light/selected/walk/north/frame_002.png using Guid(0831741a5a6c4af16e8da6fbbd132f03) (TextureImporter) -> (artifact id: 'afe58451432d517b6454e88f91a7fbf9') in 0.0044911 seconds
Refreshing native plugins compatible for Editor in 1.98 ms, found 4 plugins.
Preloading 0 native plugins for Editor in 0.00 ms.
Asset Pipeline Refresh (id=9f86d4110e2b27b4ba1f7105fc94d1c8): Total: 0.019 seconds - Initiated by StopAssetImportingV2(NoUpdateAssetOptions)
Start importing Assets/NoSafeCircle/DoorPrototype/Art/Wizard/Source/PixelLab/masculine-light/selected/walk/north/frame_002.png using Guid(0831741a5a6c4af16e8da6fbbd132f03) (TextureImporter) -> (artifact id: 'b15f7344e2db31e0b38fffa37cec3c77') in 0.0042816 seconds
Refreshing native plugins compatible for Editor in 2.13 ms, found 4 plugins.
Preloading 0 native plugins for Editor in 0.00 ms.
Asset Pipeline Refresh (id=d27d4662cdeaa0243b6f59c6fca1f35e): Total: 0.025 seconds - Initiated by StopAssetImportingV2(NoUpdateAssetOptions)
Start importing Assets/NoSafeCircle/DoorPrototype/Art/Wizard/Source/PixelLab/masculine-light/selected/walk/north/frame_003.png using Guid(2602cb7b2885a6fd54c19c4f1fbe2519) (TextureImporter) -> (artifact id: 'ded9148a203c92f86f967333d31ecdd4') in 0.0041507 seconds
Refreshing native plugins compatible for Editor in 1.83 ms, found 4 plugins.
Preloading 0 native plugins for Editor in 0.00 ms.
Asset Pipeline Refresh (id=bfbcb9d08a313204bb2afdf3ab0b7a31): Total: 0.019 seconds - Initiated by StopAssetImportingV2(NoUpdateAssetOptions)
Start importing Assets/NoSafeCircle/DoorPrototype/Art/Wizard/Source/PixelLab/masculine-light/selected/walk/north/frame_003.png using Guid(2602cb7b2885a6fd54c19c4f1fbe2519) (TextureImporter) -> (artifact id: 'ed2c1ce7db5662452c9b27ca9ee8f3ca') in 0.0039755 seconds
Refreshing native plugins compatible for Editor in 1.89 ms, found 4 plugins.
Preloading 0 native plugins for Editor in 0.00 ms.
Asset Pipeline Refresh (id=0cca4625fc5cd2d4b9807ff6bebea4d9): Total: 0.024 seconds - Initiated by StopAssetImportingV2(NoUpdateAssetOptions)
Start importing Assets/NoSafeCircle/DoorPrototype/Art/Wizard/Source/PixelLab/masculine-light/selected/walk/north/frame_004.png using Guid(9373deb7810e826bb15177e7d51a8d2c) (TextureImporter) -> (artifact id: 'ed98aea8f884fd6ad51a1862b6108a5a') in 0.004356 seconds
Refreshing native plugins compatible for Editor in 1.82 ms, found 4 plugins.
Preloading 0 native plugins for Editor in 0.00 ms.
Asset Pipeline Refresh (id=1d562b7e32297cc4c8acb0a92e5f41c6): Total: 0.019 seconds - Initiated by StopAssetImportingV2(NoUpdateAssetOptions)
Start importing Assets/NoSafeCircle/DoorPrototype/Art/Wizard/Source/PixelLab/masculine-light/selected/walk/north/frame_004.png using Guid(9373deb7810e826bb15177e7d51a8d2c) (TextureImporter) -> (artifact id: '7fc61f6c30d677229741b5d5ea793158') in 0.0041449 seconds
Refreshing native plugins compatible for Editor in 1.90 ms, found 4 plugins.
Preloading 0 native plugins for Editor in 0.00 ms.
Asset Pipeline Refresh (id=8bb61e3c56dbc3447859acfb4fe2ad95): Total: 0.025 seconds - Initiated by StopAssetImportingV2(NoUpdateAssetOptions)
Start importing Assets/NoSafeCircle/DoorPrototype/Art/Wizard/Source/PixelLab/masculine-light/selected/walk/north/frame_005.png using Guid(d11f41b338ca90ee7952ba16dc3c003d) (TextureImporter) -> (artifact id: '4816b621796b7cddbaa3855ecefe05ce') in 0.0041763 seconds
Refreshing native plugins compatible for Editor in 1.83 ms, found 4 plugins.
Preloading 0 native plugins for Editor in 0.00 ms.
Asset Pipeline Refresh (id=9b7921707216d9b408f168e60ad8f848): Total: 0.019 seconds - Initiated by StopAssetImportingV2(NoUpdateAssetOptions)
Start importing Assets/NoSafeCircle/DoorPrototype/Art/Wizard/Source/PixelLab/masculine-light/selected/walk/north/frame_005.png using Guid(d11f41b338ca90ee7952ba16dc3c003d) (TextureImporter) -> (artifact id: 'ee1dc21d87ca80dfab1dfce649c527a1') in 0.0039994 seconds
Refreshing native plugins compatible for Editor in 2.15 ms, found 4 plugins.
Preloading 0 native plugins for Editor in 0.00 ms.
Asset Pipeline Refresh (id=d4a1db5836e54864ea36e2dfe3ff2e4c): Total: 0.026 seconds - Initiated by StopAssetImportingV2(NoUpdateAssetOptions)
Start importing Assets/NoSafeCircle/DoorPrototype/Art/Wizard/Generated/Wizard_Masculine_White_walk_north.anim using Guid(efae5caf1424ae34491d1750174eb78d) (NativeFormatImporter) -> (artifact id: '15a129f3cf7fb47e7d621978b12fe960') in 0.00358 seconds
Refreshing native plugins compatible for Editor in 1.81 ms, found 4 plugins.
Preloading 0 native plugins for Editor in 0.00 ms.
Asset Pipeline Refresh (id=10fcf9f4844c4c0439b156c314a3c51a): Total: 0.018 seconds - Initiated by StopAssetImportingV2(NoUpdateAssetOptions)
Start importing Assets/NoSafeCircle/DoorPrototype/Art/Wizard/Source/PixelLab/masculine-light/selected/standing/north-east.png using Guid(5e344f0605b848f42982320da2ee30b0) (TextureImporter) -> (artifact id: 'ec982e4bc7fed084f720d63c08bf00ff') in 0.006451 seconds
Refreshing native plugins compatible for Editor in 2.29 ms, found 4 plugins.
Preloading 0 native plugins for Editor in 0.00 ms.
Asset Pipeline Refresh (id=e1ce2413164a0c643ae6265a0b72a6e1): Total: 0.024 seconds - Initiated by StopAssetImportingV2(NoUpdateAssetOptions)
Start importing Assets/NoSafeCircle/DoorPrototype/Art/Wizard/Source/PixelLab/masculine-light/selected/standing/north-east.png using Guid(5e344f0605b848f42982320da2ee30b0) (TextureImporter) -> (artifact id: 'ec982e4bc7fed084f720d63c08bf00ff') in 0.0052598 seconds
Refreshing native plugins compatible for Editor in 1.90 ms, found 4 plugins.
Preloading 0 native plugins for Editor in 0.00 ms.
Asset Pipeline Refresh (id=2594ebf65d1786849a3a1c0d04be4366): Total: 0.023 seconds - Initiated by StopAssetImportingV2(NoUpdateAssetOptions)
Start importing Assets/NoSafeCircle/DoorPrototype/Art/Wizard/Generated/Wizard_Masculine_White_idle_north-east.anim using Guid(b6d115ade9e83434da82a9731846674f) (NativeFormatImporter) -> (artifact id: '373a432c1b03ba084be089112e83d65d') in 0.0018778 seconds
Refreshing native plugins compatible for Editor in 1.99 ms, found 4 plugins.
Preloading 0 native plugins for Editor in 0.00 ms.
Asset Pipeline Refresh (id=9060fd53d8348b14c888f0ea090be299): Total: 0.022 seconds - Initiated by StopAssetImportingV2(NoUpdateAssetOptions)
Start importing Assets/NoSafeCircle/DoorPrototype/Art/Wizard/Source/PixelLab/masculine-light/selected/walk/north-east/frame_000.png using Guid(91d5e512fe9f09e468cc7cf22a015977) (TextureImporter) -> (artifact id: '40cdb1afa5e1776a400fc7aca53845e5') in 0.003923 seconds
Refreshing native plugins compatible for Editor in 1.82 ms, found 4 plugins.
Preloading 0 native plugins for Editor in 0.00 ms.
Asset Pipeline Refresh (id=43a86c9e52cdfb748af9fa8e3692eba2): Total: 0.020 seconds - Initiated by StopAssetImportingV2(NoUpdateAssetOptions)
Start importing Assets/NoSafeCircle/DoorPrototype/Art/Wizard/Source/PixelLab/masculine-light/selected/walk/north-east/frame_000.png using Guid(91d5e512fe9f09e468cc7cf22a015977) (TextureImporter) -> (artifact id: '40cdb1afa5e1776a400fc7aca53845e5') in 0.00376 seconds
Refreshing native plugins compatible for Editor in 1.76 ms, found 4 plugins.
Preloading 0 native plugins for Editor in 0.00 ms.
Asset Pipeline Refresh (id=5a4f394653641154b9f15823603d82ad): Total: 0.018 seconds - Initiated by StopAssetImportingV2(NoUpdateAssetOptions)
Start importing Assets/NoSafeCircle/DoorPrototype/Art/Wizard/Source/PixelLab/masculine-light/selected/walk/north-east/frame_001.png using Guid(888094d9c0dcb964ead2060e7aa59107) (TextureImporter) -> (artifact id: '19b4d9bfbfc3a1d8232849879874326e') in 0.0043389 seconds
Refreshing native plugins compatible for Editor in 1.98 ms, found 4 plugins.
Preloading 0 native plugins for Editor in 0.00 ms.
Asset Pipeline Refresh (id=e2a1f4e763e04864bb1d8838e78e9e9a): Total: 0.019 seconds - Initiated by StopAssetImportingV2(NoUpdateAssetOptions)
Start importing Assets/NoSafeCircle/DoorPrototype/Art/Wizard/Source/PixelLab/masculine-light/selected/walk/north-east/frame_001.png using Guid(888094d9c0dcb964ead2060e7aa59107) (TextureImporter) -> (artifact id: '19b4d9bfbfc3a1d8232849879874326e') in 0.003855 seconds
Refreshing native plugins compatible for Editor in 1.97 ms, found 4 plugins.
Preloading 0 native plugins for Editor in 0.00 ms.
Asset Pipeline Refresh (id=56244e3edfd429b47ab504eaf3b9f8ac): Total: 0.019 seconds - Initiated by StopAssetImportingV2(NoUpdateAssetOptions)
Start importing Assets/NoSafeCircle/DoorPrototype/Art/Wizard/Source/PixelLab/masculine-light/selected/walk/north-east/frame_002.png using Guid(c67a1a0ffa7f2ce4b85b1c50f5eef908) (TextureImporter) -> (artifact id: '46183cf7e9e3e169c96ddd8c256255e8') in 0.0050042 seconds
Refreshing native plugins compatible for Editor in 1.88 ms, found 4 plugins.
Preloading 0 native plugins for Editor in 0.00 ms.
Asset Pipeline Refresh (id=7953aad66f68c5d4b87f211c09918737): Total: 0.019 seconds - Initiated by StopAssetImportingV2(NoUpdateAssetOptions)
Start importing Assets/NoSafeCircle/DoorPrototype/Art/Wizard/Source/PixelLab/masculine-light/selected/walk/north-east/frame_002.png using Guid(c67a1a0ffa7f2ce4b85b1c50f5eef908) (TextureImporter) -> (artifact id: '46183cf7e9e3e169c96ddd8c256255e8') in 0.0037538 seconds
Refreshing native plugins compatible for Editor in 2.05 ms, found 4 plugins.
Preloading 0 native plugins for Editor in 0.00 ms.
Asset Pipeline Refresh (id=5956d05057f9aa24a8c3c7b7249d7caa): Total: 0.019 seconds - Initiated by StopAssetImportingV2(NoUpdateAssetOptions)
Start importing Assets/NoSafeCircle/DoorPrototype/Art/Wizard/Source/PixelLab/masculine-light/selected/walk/north-east/frame_003.png using Guid(897b32c0fc082a34386df214b8f891b8) (TextureImporter) -> (artifact id: 'cd454be6138c68275ec6e3cc82ab666f') in 0.0043657 seconds
Refreshing native plugins compatible for Editor in 2.64 ms, found 4 plugins.
Preloading 0 native plugins for Editor in 0.00 ms.
Asset Pipeline Refresh (id=2c788319d0c70794d87d422dfcbb8540): Total: 0.020 seconds - Initiated by StopAssetImportingV2(NoUpdateAssetOptions)
Start importing Assets/NoSafeCircle/DoorPrototype/Art/Wizard/Source/PixelLab/masculine-light/selected/walk/north-east/frame_003.png using Guid(897b32c0fc082a34386df214b8f891b8) (TextureImporter) -> (artifact id: 'cd454be6138c68275ec6e3cc82ab666f') in 0.0043621 seconds
Refreshing native plugins compatible for Editor in 2.25 ms, found 4 plugins.
Preloading 0 native plugins for Editor in 0.00 ms.
Asset Pipeline Refresh (id=826072cdbeefdc649b5780cd022fa865): Total: 0.022 seconds - Initiated by StopAssetImportingV2(NoUpdateAssetOptions)
Start importing Assets/NoSafeCircle/DoorPrototype/Art/Wizard/Source/PixelLab/masculine-light/selected/walk/north-east/frame_004.png using Guid(9909792c548ef4d44830f41f491c679d) (TextureImporter) -> (artifact id: 'a83e6c0c3dc0ddb03dfed1c1bda24f09') in 0.0047634 seconds
Refreshing native plugins compatible for Editor in 2.01 ms, found 4 plugins.
Preloading 0 native plugins for Editor in 0.00 ms.
Asset Pipeline Refresh (id=4b4e8910e27916d4cb8b155b1fb25a34): Total: 0.032 seconds - Initiated by StopAssetImportingV2(NoUpdateAssetOptions)
Start importing Assets/NoSafeCircle/DoorPrototype/Art/Wizard/Source/PixelLab/masculine-light/selected/walk/north-east/frame_004.png using Guid(9909792c548ef4d44830f41f491c679d) (TextureImporter) -> (artifact id: 'a83e6c0c3dc0ddb03dfed1c1bda24f09') in 0.0040805 seconds
Refreshing native plugins compatible for Editor in 2.68 ms, found 4 plugins.
Preloading 0 native plugins for Editor in 0.00 ms.
Asset Pipeline Refresh (id=24cd2d4ac8f32bb4598690d5a3fb46c3): Total: 0.023 seconds - Initiated by StopAssetImportingV2(NoUpdateAssetOptions)
Start importing Assets/NoSafeCircle/DoorPrototype/Art/Wizard/Source/PixelLab/masculine-light/selected/walk/north-east/frame_005.png using Guid(8937b18c2e140c844821069cc5bed355) (TextureImporter) -> (artifact id: 'cac96c4cdc42bd061ae0d1068dfea2e4') in 0.0047975 seconds
Refreshing native plugins compatible for Editor in 4.55 ms, found 4 plugins.
Preloading 0 native plugins for Editor in 0.00 ms.
Asset Pipeline Refresh (id=4ffc0e16e043f604f92603bbb6b129ce): Total: 0.025 seconds - Initiated by StopAssetImportingV2(NoUpdateAssetOptions)
Start importing Assets/NoSafeCircle/DoorPrototype/Art/Wizard/Source/PixelLab/masculine-light/selected/walk/north-east/frame_005.png using Guid(8937b18c2e140c844821069cc5bed355) (TextureImporter) -> (artifact id: 'cac96c4cdc42bd061ae0d1068dfea2e4') in 0.0047579 seconds
Refreshing native plugins compatible for Editor in 1.85 ms, found 4 plugins.
Preloading 0 native plugins for Editor in 0.00 ms.
Asset Pipeline Refresh (id=21de0b4dd16aefe44b3e731902af8c15): Total: 0.023 seconds - Initiated by StopAssetImportingV2(NoUpdateAssetOptions)
Start importing Assets/NoSafeCircle/DoorPrototype/Art/Wizard/Generated/Wizard_Masculine_White_walk_north-east.anim using Guid(edec638159a30d14d89e481308982594) (NativeFormatImporter) -> (artifact id: '7119a38167ae67ab7f69ea5332241d95') in 0.0022925 seconds
Refreshing native plugins compatible for Editor in 1.84 ms, found 4 plugins.
Preloading 0 native plugins for Editor in 0.00 ms.
Asset Pipeline Refresh (id=cac0dee5aeea8cb40936e9dc7ab8fb0b): Total: 0.017 seconds - Initiated by StopAssetImportingV2(NoUpdateAssetOptions)
Start importing Assets/NoSafeCircle/DoorPrototype/Art/Wizard/Source/PixelLab/masculine-light/selected/standing/east.png using Guid(855cc5850577ad643b9c96440c146d49) (TextureImporter) -> (artifact id: '7f0e84f20008e25dc5b67bc5f3c416a1') in 0.0051301 seconds
Refreshing native plugins compatible for Editor in 1.83 ms, found 4 plugins.
Preloading 0 native plugins for Editor in 0.00 ms.
Asset Pipeline Refresh (id=72d8ab13397675c498913669f0b534b2): Total: 0.026 seconds - Initiated by StopAssetImportingV2(NoUpdateAssetOptions)
Start importing Assets/NoSafeCircle/DoorPrototype/Art/Wizard/Source/PixelLab/masculine-light/selected/standing/east.png using Guid(855cc5850577ad643b9c96440c146d49) (TextureImporter) -> (artifact id: '7f0e84f20008e25dc5b67bc5f3c416a1') in 0.0049708 seconds
Refreshing native plugins compatible for Editor in 2.14 ms, found 4 plugins.
Preloading 0 native plugins for Editor in 0.00 ms.
Asset Pipeline Refresh (id=8b374625842675b458b2afb00e1e3a26): Total: 0.023 seconds - Initiated by StopAssetImportingV2(NoUpdateAssetOptions)
Start importing Assets/NoSafeCircle/DoorPrototype/Art/Wizard/Generated/Wizard_Masculine_White_idle_east.anim using Guid(9349e3fc966a2e14ab81806b744a95ec) (NativeFormatImporter) -> (artifact id: 'e4fc5828d6f868a36aee81ff483c41fa') in 0.0017945 seconds
Refreshing native plugins compatible for Editor in 1.78 ms, found 4 plugins.
Preloading 0 native plugins for Editor in 0.00 ms.
Asset Pipeline Refresh (id=d5a066729415d784196846a391ec3b9a): Total: 0.017 seconds - Initiated by StopAssetImportingV2(NoUpdateAssetOptions)
Start importing Assets/NoSafeCircle/DoorPrototype/Art/Wizard/Source/PixelLab/masculine-light/selected/walk/east/frame_000.png using Guid(0a6827740383f74169ae3252042981dc) (TextureImporter) -> (artifact id: '49b6976edd6e630aa6b31818c7b47d68') in 0.003995 seconds
Refreshing native plugins compatible for Editor in 2.18 ms, found 4 plugins.
Preloading 0 native plugins for Editor in 0.00 ms.
Asset Pipeline Refresh (id=10b5d7ba38a4a694b9a76d64fb0521cf): Total: 0.022 seconds - Initiated by StopAssetImportingV2(NoUpdateAssetOptions)
Start importing Assets/NoSafeCircle/DoorPrototype/Art/Wizard/Source/PixelLab/masculine-light/selected/walk/east/frame_000.png using Guid(0a6827740383f74169ae3252042981dc) (TextureImporter) -> (artifact id: '99bd7ff5bdc38b0c6b70fc2ca6b18a75') in 0.0047159 seconds
Refreshing native plugins compatible for Editor in 1.94 ms, found 4 plugins.
Preloading 0 native plugins for Editor in 0.00 ms.
Asset Pipeline Refresh (id=68d1bb2eaae554e4ea7cd2c5099ec3d1): Total: 0.028 seconds - Initiated by StopAssetImportingV2(NoUpdateAssetOptions)
Start importing Assets/NoSafeCircle/DoorPrototype/Art/Wizard/Source/PixelLab/masculine-light/selected/walk/east/frame_001.png using Guid(632e0f62e13c18590b49441cc7938ae7) (TextureImporter) -> (artifact id: '79ed8c2013fb29e14cabf5a1878df53c') in 0.0052186 seconds
Refreshing native plugins compatible for Editor in 1.93 ms, found 4 plugins.
Preloading 0 native plugins for Editor in 0.00 ms.
Asset Pipeline Refresh (id=cde8aa5d7e755c64290b1e48ddff127c): Total: 0.021 seconds - Initiated by StopAssetImportingV2(NoUpdateAssetOptions)
Start importing Assets/NoSafeCircle/DoorPrototype/Art/Wizard/Source/PixelLab/masculine-light/selected/walk/east/frame_001.png using Guid(632e0f62e13c18590b49441cc7938ae7) (TextureImporter) -> (artifact id: 'e968a5dd9f5919caadb677a95f739dbc') in 0.0049454 seconds
Refreshing native plugins compatible for Editor in 1.89 ms, found 4 plugins.
Preloading 0 native plugins for Editor in 0.00 ms.
Asset Pipeline Refresh (id=4b9a09d55207f5b4d920960634361954): Total: 0.037 seconds - Initiated by StopAssetImportingV2(NoUpdateAssetOptions)
Start importing Assets/NoSafeCircle/DoorPrototype/Art/Wizard/Source/PixelLab/masculine-light/selected/walk/east/frame_002.png using Guid(e90fe5bbf32dc2a3eeaa1fb0017055d9) (TextureImporter) -> (artifact id: 'c6bdba3ef56ab21e96d00991b936a37f') in 0.0047103 seconds
Refreshing native plugins compatible for Editor in 1.94 ms, found 4 plugins.
Preloading 0 native plugins for Editor in 0.00 ms.
Asset Pipeline Refresh (id=4483a5c8f6c083f4ab94db8e62ebf431): Total: 0.020 seconds - Initiated by StopAssetImportingV2(NoUpdateAssetOptions)
Start importing Assets/NoSafeCircle/DoorPrototype/Art/Wizard/Source/PixelLab/masculine-light/selected/walk/east/frame_002.png using Guid(e90fe5bbf32dc2a3eeaa1fb0017055d9) (TextureImporter) -> (artifact id: '11c1cb04f52aa9e4a59acc2f336521ad') in 0.0040695 seconds
Refreshing native plugins compatible for Editor in 2.16 ms, found 4 plugins.
Preloading 0 native plugins for Editor in 0.00 ms.
Asset Pipeline Refresh (id=9521ddcf446fa3348bb701a46512d5c3): Total: 0.026 seconds - Initiated by StopAssetImportingV2(NoUpdateAssetOptions)
Start importing Assets/NoSafeCircle/DoorPrototype/Art/Wizard/Source/PixelLab/masculine-light/selected/walk/east/frame_003.png using Guid(109978b9253d08d0e8f75c8045608ba8) (TextureImporter) -> (artifact id: 'bce9217b9b1c002702fb18871e45ac41') in 0.0040945 seconds
Refreshing native plugins compatible for Editor in 1.90 ms, found 4 plugins.
Preloading 0 native plugins for Editor in 0.00 ms.
Asset Pipeline Refresh (id=4b464df5684d82e4eb80676bfbccf1dd): Total: 0.019 seconds - Initiated by StopAssetImportingV2(NoUpdateAssetOptions)
Start importing Assets/NoSafeCircle/DoorPrototype/Art/Wizard/Source/PixelLab/masculine-light/selected/walk/east/frame_003.png using Guid(109978b9253d08d0e8f75c8045608ba8) (TextureImporter) -> (artifact id: 'b97e1791c679d560c83cc57c474b986c') in 0.0038526 seconds
Refreshing native plugins compatible for Editor in 2.06 ms, found 4 plugins.
Preloading 0 native plugins for Editor in 0.00 ms.
Asset Pipeline Refresh (id=696d4edef6466fc40aa4d375983f7dad): Total: 0.025 seconds - Initiated by StopAssetImportingV2(NoUpdateAssetOptions)
Start importing Assets/NoSafeCircle/DoorPrototype/Art/Wizard/Source/PixelLab/masculine-light/selected/walk/east/frame_004.png using Guid(b449f990b84026fef386128f140df1bc) (TextureImporter) -> (artifact id: 'f2b716d1bace6d54724180096029b003') in 0.0044622 seconds
Refreshing native plugins compatible for Editor in 2.24 ms, found 4 plugins.
Preloading 0 native plugins for Editor in 0.00 ms.
Asset Pipeline Refresh (id=5634f9a9325e3d24d877bb3e97f07150): Total: 0.021 seconds - Initiated by StopAssetImportingV2(NoUpdateAssetOptions)
Start importing Assets/NoSafeCircle/DoorPrototype/Art/Wizard/Source/PixelLab/masculine-light/selected/walk/east/frame_004.png using Guid(b449f990b84026fef386128f140df1bc) (TextureImporter) -> (artifact id: 'b3cb7e17a1a3c181ec4527f174e030f6') in 0.0039539 seconds
Refreshing native plugins compatible for Editor in 2.13 ms, found 4 plugins.
Preloading 0 native plugins for Editor in 0.00 ms.
Asset Pipeline Refresh (id=7c371a80700f7274aa5f5d5bfc2bb5d7): Total: 0.027 seconds - Initiated by StopAssetImportingV2(NoUpdateAssetOptions)
Start importing Assets/NoSafeCircle/DoorPrototype/Art/Wizard/Source/PixelLab/masculine-light/selected/walk/east/frame_005.png using Guid(ea4aaa9d2ada0820cd94fe760195dbd7) (TextureImporter) -> (artifact id: '14a95e482fbbecf04ed538b31fd6216e') in 0.0046277 seconds
Refreshing native plugins compatible for Editor in 1.87 ms, found 4 plugins.
Preloading 0 native plugins for Editor in 0.00 ms.
Asset Pipeline Refresh (id=25047391da4cea640825bf1f334572d2): Total: 0.019 seconds - Initiated by StopAssetImportingV2(NoUpdateAssetOptions)
Start importing Assets/NoSafeCircle/DoorPrototype/Art/Wizard/Source/PixelLab/masculine-light/selected/walk/east/frame_005.png using Guid(ea4aaa9d2ada0820cd94fe760195dbd7) (TextureImporter) -> (artifact id: 'bd76370cec5cf43cee12d260972b18a6') in 0.003975 seconds
Refreshing native plugins compatible for Editor in 1.88 ms, found 4 plugins.
Preloading 0 native plugins for Editor in 0.00 ms.
Asset Pipeline Refresh (id=e29860e93dbe7314d8f48d2846246742): Total: 0.026 seconds - Initiated by StopAssetImportingV2(NoUpdateAssetOptions)
Start importing Assets/NoSafeCircle/DoorPrototype/Art/Wizard/Generated/Wizard_Masculine_White_walk_east.anim using Guid(1f3d82e87f8c22d4094052bb1a9997ca) (NativeFormatImporter) -> (artifact id: 'bbef3e684441f8f9beec98c9b8780b33') in 0.0022137 seconds
Refreshing native plugins compatible for Editor in 1.75 ms, found 4 plugins.
Preloading 0 native plugins for Editor in 0.00 ms.
Asset Pipeline Refresh (id=d305394ecffb5cb4b88c71dc16657a11): Total: 0.016 seconds - Initiated by StopAssetImportingV2(NoUpdateAssetOptions)
Start importing Assets/NoSafeCircle/DoorPrototype/Art/Wizard/Source/PixelLab/masculine-light/selected/standing/south-east.png using Guid(ba32e804c3c549e43aa53b4a61cad7be) (TextureImporter) -> (artifact id: 'ea93765076be854a0d811904ff9cb21e') in 0.0054159 seconds
Refreshing native plugins compatible for Editor in 1.84 ms, found 4 plugins.
Preloading 0 native plugins for Editor in 0.00 ms.
Asset Pipeline Refresh (id=33bf02b0688c48144a362e2e05d8481b): Total: 0.024 seconds - Initiated by StopAssetImportingV2(NoUpdateAssetOptions)
Start importing Assets/NoSafeCircle/DoorPrototype/Art/Wizard/Source/PixelLab/masculine-light/selected/standing/south-east.png using Guid(ba32e804c3c549e43aa53b4a61cad7be) (TextureImporter) -> (artifact id: 'ea93765076be854a0d811904ff9cb21e') in 0.0050741 seconds
Refreshing native plugins compatible for Editor in 1.94 ms, found 4 plugins.
Preloading 0 native plugins for Editor in 0.00 ms.
Asset Pipeline Refresh (id=c8b7b82e944d52442b94b9fc2f304cb1): Total: 0.022 seconds - Initiated by StopAssetImportingV2(NoUpdateAssetOptions)
Start importing Assets/NoSafeCircle/DoorPrototype/Art/Wizard/Generated/Wizard_Masculine_White_idle_south-east.anim using Guid(7f5e5cd45c65ffc4faa8d0f76ea96f2b) (NativeFormatImporter) -> (artifact id: '59106973e8be89c405788fd3e3b2db8e') in 0.0018668 seconds
Refreshing native plugins compatible for Editor in 2.34 ms, found 4 plugins.
Preloading 0 native plugins for Editor in 0.00 ms.
Asset Pipeline Refresh (id=4ca0be0593e81a0468326c29e4022125): Total: 0.017 seconds - Initiated by StopAssetImportingV2(NoUpdateAssetOptions)
Start importing Assets/NoSafeCircle/DoorPrototype/Art/Wizard/Source/PixelLab/masculine-light/selected/walk/south-east/frame_000.png using Guid(1e573675621ad8743903439c37931a93) (TextureImporter) -> (artifact id: '1c036f50ef3b427b43b96ae3268fae90') in 0.0041001 seconds
Refreshing native plugins compatible for Editor in 2.69 ms, found 4 plugins.
Preloading 0 native plugins for Editor in 0.00 ms.
Asset Pipeline Refresh (id=82c1752dc44d90947a654bee542e960c): Total: 0.023 seconds - Initiated by StopAssetImportingV2(NoUpdateAssetOptions)
Start importing Assets/NoSafeCircle/DoorPrototype/Art/Wizard/Source/PixelLab/masculine-light/selected/walk/south-east/frame_000.png using Guid(1e573675621ad8743903439c37931a93) (TextureImporter) -> (artifact id: '1c036f50ef3b427b43b96ae3268fae90') in 0.0039834 seconds
Refreshing native plugins compatible for Editor in 1.89 ms, found 4 plugins.
Preloading 0 native plugins for Editor in 0.00 ms.
Asset Pipeline Refresh (id=1d20fd586e4a01142b63c5b184787648): Total: 0.021 seconds - Initiated by StopAssetImportingV2(NoUpdateAssetOptions)
Start importing Assets/NoSafeCircle/DoorPrototype/Art/Wizard/Source/PixelLab/masculine-light/selected/walk/south-east/frame_001.png using Guid(0ec515a094b891441b0973e954904585) (TextureImporter) -> (artifact id: '2d9c8f6fc7fcba899f9c23a30f5923ad') in 0.0045107 seconds
Refreshing native plugins compatible for Editor in 2.09 ms, found 4 plugins.
Preloading 0 native plugins for Editor in 0.00 ms.
Asset Pipeline Refresh (id=128de8366ef693e4d9e55460ed25e798): Total: 0.022 seconds - Initiated by StopAssetImportingV2(NoUpdateAssetOptions)
Start importing Assets/NoSafeCircle/DoorPrototype/Art/Wizard/Source/PixelLab/masculine-light/selected/walk/south-east/frame_001.png using Guid(0ec515a094b891441b0973e954904585) (TextureImporter) -> (artifact id: '2d9c8f6fc7fcba899f9c23a30f5923ad') in 0.004961 seconds
Refreshing native plugins compatible for Editor in 2.99 ms, found 4 plugins.
Preloading 0 native plugins for Editor in 0.00 ms.
Asset Pipeline Refresh (id=a653a148e736a424ba695b7f067534be): Total: 0.027 seconds - Initiated by StopAssetImportingV2(NoUpdateAssetOptions)
Start importing Assets/NoSafeCircle/DoorPrototype/Art/Wizard/Source/PixelLab/masculine-light/selected/walk/south-east/frame_002.png using Guid(24d9cf5c851b6ff40b80b312942c9ed4) (TextureImporter) -> (artifact id: 'a4570b662a74537cd75950102029ce85') in 0.0057909 seconds
Refreshing native plugins compatible for Editor in 2.81 ms, found 4 plugins.
Preloading 0 native plugins for Editor in 0.00 ms.
Asset Pipeline Refresh (id=e067959aaa1456849acb7026b00181dc): Total: 0.027 seconds - Initiated by StopAssetImportingV2(NoUpdateAssetOptions)
Start importing Assets/NoSafeCircle/DoorPrototype/Art/Wizard/Source/PixelLab/masculine-light/selected/walk/south-east/frame_002.png using Guid(24d9cf5c851b6ff40b80b312942c9ed4) (TextureImporter) -> (artifact id: 'a4570b662a74537cd75950102029ce85') in 0.0043039 seconds
Refreshing native plugins compatible for Editor in 2.70 ms, found 4 plugins.
Preloading 0 native plugins for Editor in 0.00 ms.
Asset Pipeline Refresh (id=567d0a7f18cc2f149a5d700e94e0902a): Total: 0.025 seconds - Initiated by StopAssetImportingV2(NoUpdateAssetOptions)
Start importing Assets/NoSafeCircle/DoorPrototype/Art/Wizard/Source/PixelLab/masculine-light/selected/walk/south-east/frame_003.png using Guid(61b4925b9e5b5904bb9c5590d1765130) (TextureImporter) -> (artifact id: '81dbeef909d70edc2ec154ce4611e378') in 0.0050714 seconds
Refreshing native plugins compatible for Editor in 3.44 ms, found 4 plugins.
Preloading 0 native plugins for Editor in 0.00 ms.
Asset Pipeline Refresh (id=1ebcdeedce77df545956e8531ae8196e): Total: 0.027 seconds - Initiated by StopAssetImportingV2(NoUpdateAssetOptions)
Start importing Assets/NoSafeCircle/DoorPrototype/Art/Wizard/Source/PixelLab/masculine-light/selected/walk/south-east/frame_003.png using Guid(61b4925b9e5b5904bb9c5590d1765130) (TextureImporter) -> (artifact id: '81dbeef909d70edc2ec154ce4611e378') in 0.0036367 seconds
Refreshing native plugins compatible for Editor in 1.80 ms, found 4 plugins.
Preloading 0 native plugins for Editor in 0.00 ms.
Asset Pipeline Refresh (id=2aaba74697c6aea498c833598b6dfece): Total: 0.019 seconds - Initiated by StopAssetImportingV2(NoUpdateAssetOptions)
Start importing Assets/NoSafeCircle/DoorPrototype/Art/Wizard/Source/PixelLab/masculine-light/selected/walk/south-east/frame_004.png using Guid(7df496d852adbe5499e42bfb29a57f7e) (TextureImporter) -> (artifact id: '9302cf07b1d46733fddb195c5f6fb3bf') in 0.0044474 seconds
Refreshing native plugins compatible for Editor in 2.05 ms, found 4 plugins.
Preloading 0 native plugins for Editor in 0.00 ms.
Asset Pipeline Refresh (id=0b2719afa8309f44ab7326ab2fe8010b): Total: 0.020 seconds - Initiated by StopAssetImportingV2(NoUpdateAssetOptions)
Start importing Assets/NoSafeCircle/DoorPrototype/Art/Wizard/Source/PixelLab/masculine-light/selected/walk/south-east/frame_004.png using Guid(7df496d852adbe5499e42bfb29a57f7e) (TextureImporter) -> (artifact id: '9302cf07b1d46733fddb195c5f6fb3bf') in 0.0038037 seconds
Refreshing native plugins compatible for Editor in 3.33 ms, found 4 plugins.
Preloading 0 native plugins for Editor in 0.00 ms.
Asset Pipeline Refresh (id=5fbf678106e362044b02824e06fa56e1): Total: 0.023 seconds - Initiated by StopAssetImportingV2(NoUpdateAssetOptions)
Start importing Assets/NoSafeCircle/DoorPrototype/Art/Wizard/Source/PixelLab/masculine-light/selected/walk/south-east/frame_005.png using Guid(b9bef793cc514e44cac2d8b1591b9ab1) (TextureImporter) -> (artifact id: '12ac33b488b764ecd1cb133014cb3353') in 0.004453 seconds
Refreshing native plugins compatible for Editor in 2.00 ms, found 4 plugins.
Preloading 0 native plugins for Editor in 0.00 ms.
Asset Pipeline Refresh (id=80e9569e306c1e94dafad702615166eb): Total: 0.021 seconds - Initiated by StopAssetImportingV2(NoUpdateAssetOptions)
Start importing Assets/NoSafeCircle/DoorPrototype/Art/Wizard/Source/PixelLab/masculine-light/selected/walk/south-east/frame_005.png using Guid(b9bef793cc514e44cac2d8b1591b9ab1) (TextureImporter) -> (artifact id: '12ac33b488b764ecd1cb133014cb3353') in 0.0045437 seconds
Refreshing native plugins compatible for Editor in 3.34 ms, found 4 plugins.
Preloading 0 native plugins for Editor in 0.00 ms.
Asset Pipeline Refresh (id=8d8757c2e17e0b74a94d136f6c470c05): Total: 0.024 seconds - Initiated by StopAssetImportingV2(NoUpdateAssetOptions)
Start importing Assets/NoSafeCircle/DoorPrototype/Art/Wizard/Generated/Wizard_Masculine_White_walk_south-east.anim using Guid(0b68bfc7a44c82e4b848f1456189e6aa) (NativeFormatImporter) -> (artifact id: '041faf5b642c04b998838c7232bfca03') in 0.0021988 seconds
Refreshing native plugins compatible for Editor in 1.95 ms, found 4 plugins.
Preloading 0 native plugins for Editor in 0.00 ms.
Asset Pipeline Refresh (id=06faccef0de1b6d4891ec7b2fa21d828): Total: 0.018 seconds - Initiated by StopAssetImportingV2(NoUpdateAssetOptions)
Start importing Assets/NoSafeCircle/DoorPrototype/Art/Wizard/Source/PixelLab/masculine-light/selected/standing/south.png using Guid(afd38f6e75ecac9469a8b9b3c8c5d9cf) (TextureImporter) -> (artifact id: 'f7eb6b563561967fe09ab157fb12abe3') in 0.0057444 seconds
Refreshing native plugins compatible for Editor in 1.89 ms, found 4 plugins.
Preloading 0 native plugins for Editor in 0.00 ms.
Asset Pipeline Refresh (id=797e9598e59d5fc4088c5e9d26ab52d9): Total: 0.026 seconds - Initiated by StopAssetImportingV2(NoUpdateAssetOptions)
Start importing Assets/NoSafeCircle/DoorPrototype/Art/Wizard/Source/PixelLab/masculine-light/selected/standing/south.png using Guid(afd38f6e75ecac9469a8b9b3c8c5d9cf) (TextureImporter) -> (artifact id: 'f7eb6b563561967fe09ab157fb12abe3') in 0.0049228 seconds
Refreshing native plugins compatible for Editor in 1.97 ms, found 4 plugins.
Preloading 0 native plugins for Editor in 0.00 ms.
Asset Pipeline Refresh (id=98149b865f6f8504db3bba80c96dc056): Total: 0.023 seconds - Initiated by StopAssetImportingV2(NoUpdateAssetOptions)
Start importing Assets/NoSafeCircle/DoorPrototype/Art/Wizard/Generated/Wizard_Masculine_White_idle_south.anim using Guid(e6940e8055c98c64588eead07458811b) (NativeFormatImporter) -> (artifact id: 'a5c73b16a5be91da4c70cc309418bdfc') in 0.0020129 seconds
Refreshing native plugins compatible for Editor in 1.90 ms, found 4 plugins.
Preloading 0 native plugins for Editor in 0.00 ms.
Asset Pipeline Refresh (id=a652d4143f1f39847a6a2f0bde46cc29): Total: 0.019 seconds - Initiated by StopAssetImportingV2(NoUpdateAssetOptions)
Start importing Assets/NoSafeCircle/DoorPrototype/Art/Wizard/Source/PixelLab/masculine-light/selected/walk/south/frame_000.png using Guid(e460031589239c24b88cbe765d425ba7) (TextureImporter) -> (artifact id: '94c219182aeeb7e36da7f9d6cb1ca9af') in 0.0053659 seconds
Refreshing native plugins compatible for Editor in 2.17 ms, found 4 plugins.
Preloading 0 native plugins for Editor in 0.00 ms.
Asset Pipeline Refresh (id=a4a6a26acdad04b418501f27170845f3): Total: 0.024 seconds - Initiated by StopAssetImportingV2(NoUpdateAssetOptions)
Start importing Assets/NoSafeCircle/DoorPrototype/Art/Wizard/Source/PixelLab/masculine-light/selected/walk/south/frame_000.png using Guid(e460031589239c24b88cbe765d425ba7) (TextureImporter) -> (artifact id: '42e1c90d4962704f696b130909a71d91') in 0.003971 seconds
Refreshing native plugins compatible for Editor in 1.80 ms, found 4 plugins.
Preloading 0 native plugins for Editor in 0.00 ms.
Asset Pipeline Refresh (id=4664eac1567113c449878ca6c3b3eeee): Total: 0.025 seconds - Initiated by StopAssetImportingV2(NoUpdateAssetOptions)
Start importing Assets/NoSafeCircle/DoorPrototype/Art/Wizard/Source/PixelLab/masculine-light/selected/walk/south/frame_001.png using Guid(230f16d2029fb92f384fbbc1c3f21b9e) (TextureImporter) -> (artifact id: '5922c034b9ade27bce678d8afdb8fa02') in 0.0042333 seconds
Refreshing native plugins compatible for Editor in 1.81 ms, found 4 plugins.
Preloading 0 native plugins for Editor in 0.00 ms.
Asset Pipeline Refresh (id=bfc55011c85015144aa925934c52d8a2): Total: 0.019 seconds - Initiated by StopAssetImportingV2(NoUpdateAssetOptions)
Start importing Assets/NoSafeCircle/DoorPrototype/Art/Wizard/Source/PixelLab/masculine-light/selected/walk/south/frame_001.png using Guid(230f16d2029fb92f384fbbc1c3f21b9e) (TextureImporter) -> (artifact id: 'c3745360952e6f74dfd3a05337bd6bf6') in 0.0041436 seconds
Refreshing native plugins compatible for Editor in 2.11 ms, found 4 plugins.
Preloading 0 native plugins for Editor in 0.00 ms.
Asset Pipeline Refresh (id=17bf67d005bb4ce46ae3f2c57a0460d9): Total: 0.025 seconds - Initiated by StopAssetImportingV2(NoUpdateAssetOptions)
Start importing Assets/NoSafeCircle/DoorPrototype/Art/Wizard/Source/PixelLab/masculine-light/selected/walk/south/frame_002.png using Guid(a1cb13cd419e4ba982b5d89a633fa9e1) (TextureImporter) -> (artifact id: '3f687e34f03920d82c3b3ae3ae3e2c50') in 0.0054122 seconds
Refreshing native plugins compatible for Editor in 1.90 ms, found 4 plugins.
Preloading 0 native plugins for Editor in 0.00 ms.
Asset Pipeline Refresh (id=42d2ad8145812674da727c2fdcdf75e6): Total: 0.021 seconds - Initiated by StopAssetImportingV2(NoUpdateAssetOptions)
Start importing Assets/NoSafeCircle/DoorPrototype/Art/Wizard/Source/PixelLab/masculine-light/selected/walk/south/frame_002.png using Guid(a1cb13cd419e4ba982b5d89a633fa9e1) (TextureImporter) -> (artifact id: '63ad28669b7ae0bed0b19242a35e80dc') in 0.0039994 seconds
Refreshing native plugins compatible for Editor in 1.70 ms, found 4 plugins.
Preloading 0 native plugins for Editor in 0.00 ms.
Asset Pipeline Refresh (id=246f0e98f01336b40a6f095f63b4229d): Total: 0.026 seconds - Initiated by StopAssetImportingV2(NoUpdateAssetOptions)
Start importing Assets/NoSafeCircle/DoorPrototype/Art/Wizard/Source/PixelLab/masculine-light/selected/walk/south/frame_003.png using Guid(b8159ccaca67c0797b7e8a51ad4ec9d2) (TextureImporter) -> (artifact id: 'eb0b63bfac7de04663ffd9ffea8ff73b') in 0.0042329 seconds
Refreshing native plugins compatible for Editor in 1.70 ms, found 4 plugins.
Preloading 0 native plugins for Editor in 0.00 ms.
Asset Pipeline Refresh (id=11d207cd1d5a91c4f9fc70b54f85f9f9): Total: 0.018 seconds - Initiated by StopAssetImportingV2(NoUpdateAssetOptions)
Start importing Assets/NoSafeCircle/DoorPrototype/Art/Wizard/Source/PixelLab/masculine-light/selected/walk/south/frame_003.png using Guid(b8159ccaca67c0797b7e8a51ad4ec9d2) (TextureImporter) -> (artifact id: 'c683fe85571029669f41fe3b5249f27a') in 0.0038739 seconds
Refreshing native plugins compatible for Editor in 2.01 ms, found 4 plugins.
Preloading 0 native plugins for Editor in 0.00 ms.
Asset Pipeline Refresh (id=0dbb9fed1db21f04daa02f5d65f9319c): Total: 0.024 seconds - Initiated by StopAssetImportingV2(NoUpdateAssetOptions)
Start importing Assets/NoSafeCircle/DoorPrototype/Art/Wizard/Source/PixelLab/masculine-light/selected/walk/south/frame_004.png using Guid(fe6dd92acc59c495c707e4cafdeb07b2) (TextureImporter) -> (artifact id: '3687d1ce88dcd0d540d2834aa93db836') in 0.0041985 seconds
Refreshing native plugins compatible for Editor in 1.89 ms, found 4 plugins.
Preloading 0 native plugins for Editor in 0.00 ms.
Asset Pipeline Refresh (id=b3df7bc565970e440aee2f1e54128512): Total: 0.019 seconds - Initiated by StopAssetImportingV2(NoUpdateAssetOptions)
Start importing Assets/NoSafeCircle/DoorPrototype/Art/Wizard/Source/PixelLab/masculine-light/selected/walk/south/frame_004.png using Guid(fe6dd92acc59c495c707e4cafdeb07b2) (TextureImporter) -> (artifact id: 'b8973c7401385cf90eac25035ef86776') in 0.00407 seconds
Refreshing native plugins compatible for Editor in 1.69 ms, found 4 plugins.
Preloading 0 native plugins for Editor in 0.00 ms.
Asset Pipeline Refresh (id=bb867dcf1210fd3428e60d059beb6535): Total: 0.025 seconds - Initiated by StopAssetImportingV2(NoUpdateAssetOptions)
Start importing Assets/NoSafeCircle/DoorPrototype/Art/Wizard/Source/PixelLab/masculine-light/selected/walk/south/frame_005.png using Guid(ca3d04fe73bf4d95f271161b9d6def20) (TextureImporter) -> (artifact id: 'e3eff0be1b847cac4286552e5c666c22') in 0.0040074 seconds
Refreshing native plugins compatible for Editor in 2.26 ms, found 4 plugins.
Preloading 0 native plugins for Editor in 0.00 ms.
Asset Pipeline Refresh (id=34e8ee75dbb961148998208116c0fb9d): Total: 0.018 seconds - Initiated by StopAssetImportingV2(NoUpdateAssetOptions)
Start importing Assets/NoSafeCircle/DoorPrototype/Art/Wizard/Source/PixelLab/masculine-light/selected/walk/south/frame_005.png using Guid(ca3d04fe73bf4d95f271161b9d6def20) (TextureImporter) -> (artifact id: 'ce2ed048bcbf582377bc63b020a01851') in 0.0036494 seconds
Refreshing native plugins compatible for Editor in 1.60 ms, found 4 plugins.
Preloading 0 native plugins for Editor in 0.00 ms.
Asset Pipeline Refresh (id=880ee2d0eab10384ca614b2e43e4360d): Total: 0.023 seconds - Initiated by StopAssetImportingV2(NoUpdateAssetOptions)
Start importing Assets/NoSafeCircle/DoorPrototype/Art/Wizard/Generated/Wizard_Masculine_White_walk_south.anim using Guid(f905ead907e56374db43be94602d741f) (NativeFormatImporter) -> (artifact id: '94a4d6137e98e3e5f935f50a9236a76a') in 0.0021743 seconds
Refreshing native plugins compatible for Editor in 2.24 ms, found 4 plugins.
Preloading 0 native plugins for Editor in 0.00 ms.
Asset Pipeline Refresh (id=a4fae1dd03d2f934eb42f3917e8da016): Total: 0.017 seconds - Initiated by StopAssetImportingV2(NoUpdateAssetOptions)
Start importing Assets/NoSafeCircle/DoorPrototype/Art/Wizard/Source/PixelLab/masculine-light/selected/standing/south-west.png using Guid(f1200e2de20b94f4e82a8b06bf3373e4) (TextureImporter) -> (artifact id: 'f06271d46522c0dc62f99fe3e8e175c7') in 0.0053413 seconds
Refreshing native plugins compatible for Editor in 1.91 ms, found 4 plugins.
Preloading 0 native plugins for Editor in 0.00 ms.
Asset Pipeline Refresh (id=c1059b25c2fb5154890a5c2e3549dda3): Total: 0.023 seconds - Initiated by StopAssetImportingV2(NoUpdateAssetOptions)
Start importing Assets/NoSafeCircle/DoorPrototype/Art/Wizard/Source/PixelLab/masculine-light/selected/standing/south-west.png using Guid(f1200e2de20b94f4e82a8b06bf3373e4) (TextureImporter) -> (artifact id: 'f06271d46522c0dc62f99fe3e8e175c7') in 0.0051131 seconds
Refreshing native plugins compatible for Editor in 2.35 ms, found 4 plugins.
Preloading 0 native plugins for Editor in 0.00 ms.
Asset Pipeline Refresh (id=dd42cd310a914a04ca9a541250e40572): Total: 0.022 seconds - Initiated by StopAssetImportingV2(NoUpdateAssetOptions)
Start importing Assets/NoSafeCircle/DoorPrototype/Art/Wizard/Generated/Wizard_Masculine_White_idle_south-west.anim using Guid(b90d4c633bbf42942b6a77f242096ff0) (NativeFormatImporter) -> (artifact id: 'e852358f1cc5ccdb8683f4a1a50fd0f3') in 0.0018318 seconds
Refreshing native plugins compatible for Editor in 2.36 ms, found 4 plugins.
Preloading 0 native plugins for Editor in 0.00 ms.
Asset Pipeline Refresh (id=6d0b97513ceee9048846824d34df0b80): Total: 0.016 seconds - Initiated by StopAssetImportingV2(NoUpdateAssetOptions)
Start importing Assets/NoSafeCircle/DoorPrototype/Art/Wizard/Source/PixelLab/masculine-light/selected/walk/south-west/frame_000.png using Guid(da3d4fdcfebd8584ea6768eae4fa7e40) (TextureImporter) -> (artifact id: '5a59c9eb93da21aada5636c6f167b215') in 0.0056662 seconds
Refreshing native plugins compatible for Editor in 1.71 ms, found 4 plugins.
Preloading 0 native plugins for Editor in 0.00 ms.
Asset Pipeline Refresh (id=d74504961415638499a101e7b5ad4861): Total: 0.023 seconds - Initiated by StopAssetImportingV2(NoUpdateAssetOptions)
Start importing Assets/NoSafeCircle/DoorPrototype/Art/Wizard/Source/PixelLab/masculine-light/selected/walk/south-west/frame_000.png using Guid(da3d4fdcfebd8584ea6768eae4fa7e40) (TextureImporter) -> (artifact id: '5a59c9eb93da21aada5636c6f167b215') in 0.0035553 seconds
Refreshing native plugins compatible for Editor in 1.83 ms, found 4 plugins.
Preloading 0 native plugins for Editor in 0.00 ms.
Asset Pipeline Refresh (id=1206e4459bdbeea49bb2e20c0248d0ba): Total: 0.018 seconds - Initiated by StopAssetImportingV2(NoUpdateAssetOptions)
Start importing Assets/NoSafeCircle/DoorPrototype/Art/Wizard/Source/PixelLab/masculine-light/selected/walk/south-west/frame_001.png using Guid(f99519450cc37d1488712b0da934c9b3) (TextureImporter) -> (artifact id: '4437c42bca06bb7dfc23d0fa5e354fcc') in 0.0040854 seconds
Refreshing native plugins compatible for Editor in 1.83 ms, found 4 plugins.
Preloading 0 native plugins for Editor in 0.00 ms.
Asset Pipeline Refresh (id=213ac37c3dfa7d14f9752bb2f0a7a29d): Total: 0.018 seconds - Initiated by StopAssetImportingV2(NoUpdateAssetOptions)
Start importing Assets/NoSafeCircle/DoorPrototype/Art/Wizard/Source/PixelLab/masculine-light/selected/walk/south-west/frame_001.png using Guid(f99519450cc37d1488712b0da934c9b3) (TextureImporter) -> (artifact id: '4437c42bca06bb7dfc23d0fa5e354fcc') in 0.0036817 seconds
Refreshing native plugins compatible for Editor in 1.77 ms, found 4 plugins.
Preloading 0 native plugins for Editor in 0.00 ms.
Asset Pipeline Refresh (id=50b46dddc56663e4eadf5ae7fdda5e69): Total: 0.018 seconds - Initiated by StopAssetImportingV2(NoUpdateAssetOptions)
Start importing Assets/NoSafeCircle/DoorPrototype/Art/Wizard/Source/PixelLab/masculine-light/selected/walk/south-west/frame_002.png using Guid(6f02ea9a9b30ff04abb3c12ab5178eff) (TextureImporter) -> (artifact id: 'be7425f9d7d14665b4a723316a2e1c3a') in 0.0042036 seconds
Refreshing native plugins compatible for Editor in 1.74 ms, found 4 plugins.
Preloading 0 native plugins for Editor in 0.00 ms.
Asset Pipeline Refresh (id=3c2c4b9f2315b7e4cb9c8ed5b1c3206a): Total: 0.018 seconds - Initiated by StopAssetImportingV2(NoUpdateAssetOptions)
Start importing Assets/NoSafeCircle/DoorPrototype/Art/Wizard/Source/PixelLab/masculine-light/selected/walk/south-west/frame_002.png using Guid(6f02ea9a9b30ff04abb3c12ab5178eff) (TextureImporter) -> (artifact id: 'be7425f9d7d14665b4a723316a2e1c3a') in 0.003916 seconds
Refreshing native plugins compatible for Editor in 1.62 ms, found 4 plugins.
Preloading 0 native plugins for Editor in 0.00 ms.
Asset Pipeline Refresh (id=ee00d036e826f8947b1c876067c1fd45): Total: 0.018 seconds - Initiated by StopAssetImportingV2(NoUpdateAssetOptions)
Start importing Assets/NoSafeCircle/DoorPrototype/Art/Wizard/Source/PixelLab/masculine-light/selected/walk/south-west/frame_003.png using Guid(43a7f5ed54226fe43b29a94dc9a90148) (TextureImporter) -> (artifact id: '23f80cc9ca80e6054b098320aa0534a9') in 0.0044439 seconds
Refreshing native plugins compatible for Editor in 1.99 ms, found 4 plugins.
Preloading 0 native plugins for Editor in 0.00 ms.
Asset Pipeline Refresh (id=214b215ace58c8f4388de6cbd9a805b9): Total: 0.019 seconds - Initiated by StopAssetImportingV2(NoUpdateAssetOptions)
Start importing Assets/NoSafeCircle/DoorPrototype/Art/Wizard/Source/PixelLab/masculine-light/selected/walk/south-west/frame_003.png using Guid(43a7f5ed54226fe43b29a94dc9a90148) (TextureImporter) -> (artifact id: '23f80cc9ca80e6054b098320aa0534a9') in 0.0045556 seconds
Refreshing native plugins compatible for Editor in 1.66 ms, found 4 plugins.
Preloading 0 native plugins for Editor in 0.00 ms.
Asset Pipeline Refresh (id=5d96c61f6c69701439fad31205caeaca): Total: 0.020 seconds - Initiated by StopAssetImportingV2(NoUpdateAssetOptions)
Start importing Assets/NoSafeCircle/DoorPrototype/Art/Wizard/Source/PixelLab/masculine-light/selected/walk/south-west/frame_004.png using Guid(51532264872e0e84293f263e959c1e57) (TextureImporter) -> (artifact id: '1fd8da0564eb8dd06a80e1de1fb4c560') in 0.0043826 seconds
Refreshing native plugins compatible for Editor in 1.80 ms, found 4 plugins.
Preloading 0 native plugins for Editor in 0.00 ms.
Asset Pipeline Refresh (id=0eb6436f92b4770498d22cd479bf7504): Total: 0.018 seconds - Initiated by StopAssetImportingV2(NoUpdateAssetOptions)
Start importing Assets/NoSafeCircle/DoorPrototype/Art/Wizard/Source/PixelLab/masculine-light/selected/walk/south-west/frame_004.png using Guid(51532264872e0e84293f263e959c1e57) (TextureImporter) -> (artifact id: '1fd8da0564eb8dd06a80e1de1fb4c560') in 0.0037943 seconds
Refreshing native plugins compatible for Editor in 1.96 ms, found 4 plugins.
Preloading 0 native plugins for Editor in 0.00 ms.
Asset Pipeline Refresh (id=23af8f1b60ca5bc40a53aa108763302e): Total: 0.018 seconds - Initiated by StopAssetImportingV2(NoUpdateAssetOptions)
Start importing Assets/NoSafeCircle/DoorPrototype/Art/Wizard/Source/PixelLab/masculine-light/selected/walk/south-west/frame_005.png using Guid(e442009237360244fb731295b9de2ce1) (TextureImporter) -> (artifact id: 'b4b85a90a8558c9f22d994a981b275da') in 0.0043045 seconds
Refreshing native plugins compatible for Editor in 1.75 ms, found 4 plugins.
Preloading 0 native plugins for Editor in 0.00 ms.
Asset Pipeline Refresh (id=4bffdb49ddaa9cb449dd47605be5c82c): Total: 0.018 seconds - Initiated by StopAssetImportingV2(NoUpdateAssetOptions)
Start importing Assets/NoSafeCircle/DoorPrototype/Art/Wizard/Source/PixelLab/masculine-light/selected/walk/south-west/frame_005.png using Guid(e442009237360244fb731295b9de2ce1) (TextureImporter) -> (artifact id: 'b4b85a90a8558c9f22d994a981b275da') in 0.0050886 seconds
Refreshing native plugins compatible for Editor in 1.77 ms, found 4 plugins.
Preloading 0 native plugins for Editor in 0.00 ms.
Asset Pipeline Refresh (id=5735f053869f57d49812ef3a901416c3): Total: 0.019 seconds - Initiated by StopAssetImportingV2(NoUpdateAssetOptions)
Start importing Assets/NoSafeCircle/DoorPrototype/Art/Wizard/Generated/Wizard_Masculine_White_walk_south-west.anim using Guid(30506471e884bf54fa863b663748012e) (NativeFormatImporter) -> (artifact id: '73f2f654271ffa2e7abdb200a7f3e118') in 0.0020602 seconds
Refreshing native plugins compatible for Editor in 1.68 ms, found 4 plugins.
Preloading 0 native plugins for Editor in 0.00 ms.
Asset Pipeline Refresh (id=1ae053442cd29c7418c299d717d7bce4): Total: 0.015 seconds - Initiated by StopAssetImportingV2(NoUpdateAssetOptions)
Start importing Assets/NoSafeCircle/DoorPrototype/Art/Wizard/Source/PixelLab/masculine-light/selected/standing/west.png using Guid(fcab85bd8cb12954790ec61cad798011) (TextureImporter) -> (artifact id: '619a549616710f6f8c18f4ec9fe9cae1') in 0.0050941 seconds
Refreshing native plugins compatible for Editor in 1.74 ms, found 4 plugins.
Preloading 0 native plugins for Editor in 0.00 ms.
Asset Pipeline Refresh (id=a29f5620da534464390c250cc533fd5f): Total: 0.021 seconds - Initiated by StopAssetImportingV2(NoUpdateAssetOptions)
Start importing Assets/NoSafeCircle/DoorPrototype/Art/Wizard/Source/PixelLab/masculine-light/selected/standing/west.png using Guid(fcab85bd8cb12954790ec61cad798011) (TextureImporter) -> (artifact id: '619a549616710f6f8c18f4ec9fe9cae1') in 0.0048141 seconds
Refreshing native plugins compatible for Editor in 1.75 ms, found 4 plugins.
Preloading 0 native plugins for Editor in 0.00 ms.
Asset Pipeline Refresh (id=55f2bdfcc4ddb734a82935bd149c9ad3): Total: 0.022 seconds - Initiated by StopAssetImportingV2(NoUpdateAssetOptions)
Start importing Assets/NoSafeCircle/DoorPrototype/Art/Wizard/Generated/Wizard_Masculine_White_idle_west.anim using Guid(898376da8b2862d40abdf3312a9d0b7d) (NativeFormatImporter) -> (artifact id: '31e0391e70a5186bd5d967f11d11422d') in 0.0017252 seconds
Refreshing native plugins compatible for Editor in 1.72 ms, found 4 plugins.
Preloading 0 native plugins for Editor in 0.00 ms.
Asset Pipeline Refresh (id=448784800e612014e9c21cb6b6e367ac): Total: 0.015 seconds - Initiated by StopAssetImportingV2(NoUpdateAssetOptions)
Start importing Assets/NoSafeCircle/DoorPrototype/Art/Wizard/Source/PixelLab/masculine-light/selected/walk/west/frame_000.png using Guid(68a9f5e18b89d98b132a7387ddb82b8f) (TextureImporter) -> (artifact id: '8e2f789613b483fa260d8b39b3d1b159') in 0.0035765 seconds
Refreshing native plugins compatible for Editor in 1.70 ms, found 4 plugins.
Preloading 0 native plugins for Editor in 0.00 ms.
Asset Pipeline Refresh (id=2aa90fb762a60b34a9c9ce81501eb278): Total: 0.017 seconds - Initiated by StopAssetImportingV2(NoUpdateAssetOptions)
Start importing Assets/NoSafeCircle/DoorPrototype/Art/Wizard/Source/PixelLab/masculine-light/selected/walk/west/frame_000.png using Guid(68a9f5e18b89d98b132a7387ddb82b8f) (TextureImporter) -> (artifact id: '472598731803f07a0c3405fa14500fa5') in 0.0038122 seconds
Refreshing native plugins compatible for Editor in 1.66 ms, found 4 plugins.
Preloading 0 native plugins for Editor in 0.00 ms.
Asset Pipeline Refresh (id=79e2eff2952496a4681a53bc0c43d87f): Total: 0.023 seconds - Initiated by StopAssetImportingV2(NoUpdateAssetOptions)
Start importing Assets/NoSafeCircle/DoorPrototype/Art/Wizard/Source/PixelLab/masculine-light/selected/walk/west/frame_001.png using Guid(c0c81357b05d21eb347e22a32cdffa20) (TextureImporter) -> (artifact id: 'ff526d9be37c3259ca216ce227b3dee3') in 0.0043049 seconds
Refreshing native plugins compatible for Editor in 1.67 ms, found 4 plugins.
Preloading 0 native plugins for Editor in 0.00 ms.
Asset Pipeline Refresh (id=900ce44c9a816aa40a388b5cbbe824fb): Total: 0.017 seconds - Initiated by StopAssetImportingV2(NoUpdateAssetOptions)
Start importing Assets/NoSafeCircle/DoorPrototype/Art/Wizard/Source/PixelLab/masculine-light/selected/walk/west/frame_001.png using Guid(c0c81357b05d21eb347e22a32cdffa20) (TextureImporter) -> (artifact id: '80133c436d6f649424696dfb917d2d4e') in 0.0038926 seconds
Refreshing native plugins compatible for Editor in 3.42 ms, found 4 plugins.
Preloading 0 native plugins for Editor in 0.00 ms.
Asset Pipeline Refresh (id=dc7adf7310add32438b187585e6b8ba2): Total: 0.023 seconds - Initiated by StopAssetImportingV2(NoUpdateAssetOptions)
Start importing Assets/NoSafeCircle/DoorPrototype/Art/Wizard/Source/PixelLab/masculine-light/selected/walk/west/frame_002.png using Guid(3dbb7e5a45ee3dded30f73cc578f2738) (TextureImporter) -> (artifact id: '17456ed8d093e875fd8c1e6960b34829') in 0.0040271 seconds
Refreshing native plugins compatible for Editor in 1.75 ms, found 4 plugins.
Preloading 0 native plugins for Editor in 0.00 ms.
Asset Pipeline Refresh (id=b0c83579006b494448b97ca37883aec3): Total: 0.018 seconds - Initiated by StopAssetImportingV2(NoUpdateAssetOptions)
Start importing Assets/NoSafeCircle/DoorPrototype/Art/Wizard/Source/PixelLab/masculine-light/selected/walk/west/frame_002.png using Guid(3dbb7e5a45ee3dded30f73cc578f2738) (TextureImporter) -> (artifact id: '42ac701c2f06bb65fc06fd311a5e79f5') in 0.0040202 seconds
Refreshing native plugins compatible for Editor in 1.97 ms, found 4 plugins.
Preloading 0 native plugins for Editor in 0.00 ms.
Asset Pipeline Refresh (id=93253af58139e5d4ca87bc77dd45b8fc): Total: 0.024 seconds - Initiated by StopAssetImportingV2(NoUpdateAssetOptions)
Start importing Assets/NoSafeCircle/DoorPrototype/Art/Wizard/Source/PixelLab/masculine-light/selected/walk/west/frame_003.png using Guid(e41f248459d4ae59975cc78239f7b20c) (TextureImporter) -> (artifact id: '71c08e9c75690c1020bcbf5e79fff3de') in 0.0040276 seconds
Refreshing native plugins compatible for Editor in 2.07 ms, found 4 plugins.
Preloading 0 native plugins for Editor in 0.00 ms.
Asset Pipeline Refresh (id=03b6cf17f05f34a499e3d6a69d676c46): Total: 0.020 seconds - Initiated by StopAssetImportingV2(NoUpdateAssetOptions)
Start importing Assets/NoSafeCircle/DoorPrototype/Art/Wizard/Source/PixelLab/masculine-light/selected/walk/west/frame_003.png using Guid(e41f248459d4ae59975cc78239f7b20c) (TextureImporter) -> (artifact id: 'b8e913298f9ae24d0cd3efadd781f1cc') in 0.0039536 seconds
Refreshing native plugins compatible for Editor in 1.68 ms, found 4 plugins.
Preloading 0 native plugins for Editor in 0.00 ms.
Asset Pipeline Refresh (id=2461e57238eb24343be3cef7870e61e4): Total: 0.024 seconds - Initiated by StopAssetImportingV2(NoUpdateAssetOptions)
Start importing Assets/NoSafeCircle/DoorPrototype/Art/Wizard/Source/PixelLab/masculine-light/selected/walk/west/frame_004.png using Guid(3a69ff0a640213c3644a40ed60250934) (TextureImporter) -> (artifact id: '81e99d770bcfdd9d43884e80666b7206') in 0.0040637 seconds
Refreshing native plugins compatible for Editor in 1.88 ms, found 4 plugins.
Preloading 0 native plugins for Editor in 0.00 ms.
Asset Pipeline Refresh (id=66bee15f2f4d3c94e91a3584ec32f5a3): Total: 0.019 seconds - Initiated by StopAssetImportingV2(NoUpdateAssetOptions)
Start importing Assets/NoSafeCircle/DoorPrototype/Art/Wizard/Source/PixelLab/masculine-light/selected/walk/west/frame_004.png using Guid(3a69ff0a640213c3644a40ed60250934) (TextureImporter) -> (artifact id: 'ebd0a3559235a0b2f0fd2ed1f837201b') in 0.0038779 seconds
Refreshing native plugins compatible for Editor in 1.74 ms, found 4 plugins.
Preloading 0 native plugins for Editor in 0.00 ms.
Asset Pipeline Refresh (id=864c9cd64ef62bb4780e455ba8e3705c): Total: 0.023 seconds - Initiated by StopAssetImportingV2(NoUpdateAssetOptions)
Start importing Assets/NoSafeCircle/DoorPrototype/Art/Wizard/Source/PixelLab/masculine-light/selected/walk/west/frame_005.png using Guid(9a5d1644e38fcfc51966cfba42c3797c) (TextureImporter) -> (artifact id: '851c9b8a7343ab6811b9a479e76bb1cf') in 0.0042902 seconds
Refreshing native plugins compatible for Editor in 2.07 ms, found 4 plugins.
Preloading 0 native plugins for Editor in 0.00 ms.
Asset Pipeline Refresh (id=c6131f51f3e95bf4ca651c8e11b7c0a4): Total: 0.020 seconds - Initiated by StopAssetImportingV2(NoUpdateAssetOptions)
Start importing Assets/NoSafeCircle/DoorPrototype/Art/Wizard/Source/PixelLab/masculine-light/selected/walk/west/frame_005.png using Guid(9a5d1644e38fcfc51966cfba42c3797c) (TextureImporter) -> (artifact id: '4c5730d53990b809a25c82a5eefd774a') in 0.0042227 seconds
Refreshing native plugins compatible for Editor in 1.60 ms, found 4 plugins.
Preloading 0 native plugins for Editor in 0.00 ms.
Asset Pipeline Refresh (id=c1b72d838c0cb0a46becce198bfcecb9): Total: 0.024 seconds - Initiated by StopAssetImportingV2(NoUpdateAssetOptions)
Start importing Assets/NoSafeCircle/DoorPrototype/Art/Wizard/Generated/Wizard_Masculine_White_walk_west.anim using Guid(2c593440929c9da4690ea44feb838fa5) (NativeFormatImporter) -> (artifact id: 'b5fa78633655eb28c7b7fcad434f0815') in 0.0020709 seconds
Refreshing native plugins compatible for Editor in 1.71 ms, found 4 plugins.
Preloading 0 native plugins for Editor in 0.00 ms.
Asset Pipeline Refresh (id=233268a2e4196874790a658824fe318f): Total: 0.015 seconds - Initiated by StopAssetImportingV2(NoUpdateAssetOptions)
Start importing Assets/NoSafeCircle/DoorPrototype/Art/Wizard/Source/PixelLab/masculine-light/selected/standing/north-west.png using Guid(90987ee35d8dc3942b6c07b1e7be561d) (TextureImporter) -> (artifact id: '936478f301bed31f876bed28e8f38b64') in 0.0049889 seconds
Refreshing native plugins compatible for Editor in 1.84 ms, found 4 plugins.
Preloading 0 native plugins for Editor in 0.00 ms.
Asset Pipeline Refresh (id=3160b25c392178f4ebf8fb440ef8b3ce): Total: 0.021 seconds - Initiated by StopAssetImportingV2(NoUpdateAssetOptions)
Start importing Assets/NoSafeCircle/DoorPrototype/Art/Wizard/Source/PixelLab/masculine-light/selected/standing/north-west.png using Guid(90987ee35d8dc3942b6c07b1e7be561d) (TextureImporter) -> (artifact id: '936478f301bed31f876bed28e8f38b64') in 0.004826 seconds
Refreshing native plugins compatible for Editor in 1.67 ms, found 4 plugins.
Preloading 0 native plugins for Editor in 0.00 ms.
Asset Pipeline Refresh (id=f91b65f9dd278d647bf321d8509ca650): Total: 0.020 seconds - Initiated by StopAssetImportingV2(NoUpdateAssetOptions)
Start importing Assets/NoSafeCircle/DoorPrototype/Art/Wizard/Generated/Wizard_Masculine_White_idle_north-west.anim using Guid(7652da59edab6324ea7b4b4a155a0f23) (NativeFormatImporter) -> (artifact id: 'ce27b6416f14268e491e9a4db222dbe0') in 0.0015688 seconds
Refreshing native plugins compatible for Editor in 1.62 ms, found 4 plugins.
Preloading 0 native plugins for Editor in 0.00 ms.
Asset Pipeline Refresh (id=dbe9ca9ed1a639a4aa3bae15cdbfc79c): Total: 0.014 seconds - Initiated by StopAssetImportingV2(NoUpdateAssetOptions)
Start importing Assets/NoSafeCircle/DoorPrototype/Art/Wizard/Source/PixelLab/masculine-light/selected/walk/north-west/frame_000.png using Guid(677b1a2b1ee5cdf478a4d802aaaeb8c9) (TextureImporter) -> (artifact id: 'cc16f980874a5033006e6bb3a4e2c672') in 0.0035119 seconds
Refreshing native plugins compatible for Editor in 2.18 ms, found 4 plugins.
Preloading 0 native plugins for Editor in 0.00 ms.
Asset Pipeline Refresh (id=46a73ac68bec37a42aaffba838583a9d): Total: 0.017 seconds - Initiated by StopAssetImportingV2(NoUpdateAssetOptions)
Start importing Assets/NoSafeCircle/DoorPrototype/Art/Wizard/Source/PixelLab/masculine-light/selected/walk/north-west/frame_000.png using Guid(677b1a2b1ee5cdf478a4d802aaaeb8c9) (TextureImporter) -> (artifact id: 'cc16f980874a5033006e6bb3a4e2c672') in 0.0034528 seconds
Refreshing native plugins compatible for Editor in 1.62 ms, found 4 plugins.
Preloading 0 native plugins for Editor in 0.00 ms.
Asset Pipeline Refresh (id=aaa29489353f0504fa7a47ad040b2c01): Total: 0.016 seconds - Initiated by StopAssetImportingV2(NoUpdateAssetOptions)
Start importing Assets/NoSafeCircle/DoorPrototype/Art/Wizard/Source/PixelLab/masculine-light/selected/walk/north-west/frame_001.png using Guid(30043e147cb157e48b727d6a625138d1) (TextureImporter) -> (artifact id: '05e5be27b30cccf9c9bbcc20ff4187f6') in 0.0044434 seconds
Refreshing native plugins compatible for Editor in 1.73 ms, found 4 plugins.
Preloading 0 native plugins for Editor in 0.00 ms.
Asset Pipeline Refresh (id=2e33efa48d70db641b4357aacd545195): Total: 0.018 seconds - Initiated by StopAssetImportingV2(NoUpdateAssetOptions)
Start importing Assets/NoSafeCircle/DoorPrototype/Art/Wizard/Source/PixelLab/masculine-light/selected/walk/north-west/frame_001.png using Guid(30043e147cb157e48b727d6a625138d1) (TextureImporter) -> (artifact id: '05e5be27b30cccf9c9bbcc20ff4187f6') in 0.0058723 seconds
Refreshing native plugins compatible for Editor in 1.68 ms, found 4 plugins.
Preloading 0 native plugins for Editor in 0.00 ms.
Asset Pipeline Refresh (id=6b6dfdb01b73a2245a10108b2f658463): Total: 0.020 seconds - Initiated by StopAssetImportingV2(NoUpdateAssetOptions)
Start importing Assets/NoSafeCircle/DoorPrototype/Art/Wizard/Source/PixelLab/masculine-light/selected/walk/north-west/frame_002.png using Guid(da876a2dd1ddfaf4784e8508e2b85b2d) (TextureImporter) -> (artifact id: '1eb79f1aa0eb8deb525a1eb379b001f4') in 0.0054813 seconds
Refreshing native plugins compatible for Editor in 2.05 ms, found 4 plugins.
Preloading 0 native plugins for Editor in 0.00 ms.
Asset Pipeline Refresh (id=4633709d89fd65143acdfbeda82e77eb): Total: 0.020 seconds - Initiated by StopAssetImportingV2(NoUpdateAssetOptions)
Start importing Assets/NoSafeCircle/DoorPrototype/Art/Wizard/Source/PixelLab/masculine-light/selected/walk/north-west/frame_002.png using Guid(da876a2dd1ddfaf4784e8508e2b85b2d) (TextureImporter) -> (artifact id: '1eb79f1aa0eb8deb525a1eb379b001f4') in 0.0054455 seconds
Refreshing native plugins compatible for Editor in 1.77 ms, found 4 plugins.
Preloading 0 native plugins for Editor in 0.00 ms.
Asset Pipeline Refresh (id=6a450c4da4e1f2942a1690c3d1819456): Total: 0.020 seconds - Initiated by StopAssetImportingV2(NoUpdateAssetOptions)
Start importing Assets/NoSafeCircle/DoorPrototype/Art/Wizard/Source/PixelLab/masculine-light/selected/walk/north-west/frame_003.png using Guid(cb165ba370e93d24faa19fb73c65d3a2) (TextureImporter) -> (artifact id: '2b0a4dd0b3604b5d6a87d4e4b16f2bd5') in 0.0048065 seconds
Refreshing native plugins compatible for Editor in 1.83 ms, found 4 plugins.
Preloading 0 native plugins for Editor in 0.00 ms.
Asset Pipeline Refresh (id=cee5f269064506a42a5ef8d4824c98d0): Total: 0.019 seconds - Initiated by StopAssetImportingV2(NoUpdateAssetOptions)
Start importing Assets/NoSafeCircle/DoorPrototype/Art/Wizard/Source/PixelLab/masculine-light/selected/walk/north-west/frame_003.png using Guid(cb165ba370e93d24faa19fb73c65d3a2) (TextureImporter) -> (artifact id: '2b0a4dd0b3604b5d6a87d4e4b16f2bd5') in 0.0033902 seconds
Refreshing native plugins compatible for Editor in 1.62 ms, found 4 plugins.
Preloading 0 native plugins for Editor in 0.00 ms.
Asset Pipeline Refresh (id=475433e209b4f9a4b8927958dad78092): Total: 0.017 seconds - Initiated by StopAssetImportingV2(NoUpdateAssetOptions)
Start importing Assets/NoSafeCircle/DoorPrototype/Art/Wizard/Source/PixelLab/masculine-light/selected/walk/north-west/frame_004.png using Guid(955aecbdbcf09294f8ff3f95ba81899e) (TextureImporter) -> (artifact id: 'fc062a63e110c77d2f55121c77ca9711') in 0.0043081 seconds
Refreshing native plugins compatible for Editor in 1.71 ms, found 4 plugins.
Preloading 0 native plugins for Editor in 0.00 ms.
Asset Pipeline Refresh (id=fe69df6693f024c4c878a48c3c94209c): Total: 0.018 seconds - Initiated by StopAssetImportingV2(NoUpdateAssetOptions)
Start importing Assets/NoSafeCircle/DoorPrototype/Art/Wizard/Source/PixelLab/masculine-light/selected/walk/north-west/frame_004.png using Guid(955aecbdbcf09294f8ff3f95ba81899e) (TextureImporter) -> (artifact id: 'fc062a63e110c77d2f55121c77ca9711') in 0.003586 seconds
Refreshing native plugins compatible for Editor in 1.69 ms, found 4 plugins.
Preloading 0 native plugins for Editor in 0.00 ms.
Asset Pipeline Refresh (id=4d3925c4b8e122246a1999988398054b): Total: 0.017 seconds - Initiated by StopAssetImportingV2(NoUpdateAssetOptions)
Start importing Assets/NoSafeCircle/DoorPrototype/Art/Wizard/Source/PixelLab/masculine-light/selected/walk/north-west/frame_005.png using Guid(8ebb18bbc00d6374f9dfab5a847428c8) (TextureImporter) -> (artifact id: '18f1118577269af583895f67a501391e') in 0.0046342 seconds
Refreshing native plugins compatible for Editor in 1.61 ms, found 4 plugins.
Preloading 0 native plugins for Editor in 0.00 ms.
Asset Pipeline Refresh (id=23ddded3843f6a44d840cf3a406d030c): Total: 0.018 seconds - Initiated by StopAssetImportingV2(NoUpdateAssetOptions)
Start importing Assets/NoSafeCircle/DoorPrototype/Art/Wizard/Source/PixelLab/masculine-light/selected/walk/north-west/frame_005.png using Guid(8ebb18bbc00d6374f9dfab5a847428c8) (TextureImporter) -> (artifact id: '18f1118577269af583895f67a501391e') in 0.004076 seconds
Refreshing native plugins compatible for Editor in 1.63 ms, found 4 plugins.
Preloading 0 native plugins for Editor in 0.00 ms.
Asset Pipeline Refresh (id=84155c64a6146d74690d6db71cc4f042): Total: 0.018 seconds - Initiated by StopAssetImportingV2(NoUpdateAssetOptions)
Start importing Assets/NoSafeCircle/DoorPrototype/Art/Wizard/Generated/Wizard_Masculine_White_walk_north-west.anim using Guid(9e420108d6d789c42829311a3496c981) (NativeFormatImporter) -> (artifact id: 'f34e4fd597a1bff633b2946854850c78') in 0.0020005 seconds
Refreshing native plugins compatible for Editor in 1.89 ms, found 4 plugins.
Preloading 0 native plugins for Editor in 0.00 ms.
Asset Pipeline Refresh (id=8648cc03bb6d58345a1c52256ce7dc7a): Total: 0.016 seconds - Initiated by StopAssetImportingV2(NoUpdateAssetOptions)
Start importing Assets/NoSafeCircle/DoorPrototype/Art/Wizard/Source/PixelLab/masculine-dark/selected/standing/north.png using Guid(72f11a7679e395346ab124f06174e442) (TextureImporter) -> (artifact id: '70da063f657aff1db63217a637ab83ac') in 0.0038533 seconds
Refreshing native plugins compatible for Editor in 1.70 ms, found 4 plugins.
Preloading 0 native plugins for Editor in 0.00 ms.
Asset Pipeline Refresh (id=1e1109f8d764c8e41a74c9889548a13f): Total: 0.017 seconds - Initiated by StopAssetImportingV2(NoUpdateAssetOptions)
Start importing Assets/NoSafeCircle/DoorPrototype/Art/Wizard/Source/PixelLab/masculine-dark/selected/standing/north.png using Guid(72f11a7679e395346ab124f06174e442) (TextureImporter) -> (artifact id: '70da063f657aff1db63217a637ab83ac') in 0.0033067 seconds
Refreshing native plugins compatible for Editor in 1.97 ms, found 4 plugins.
Preloading 0 native plugins for Editor in 0.00 ms.
Asset Pipeline Refresh (id=a0c73c9ddcf49e143ab859b8b7f9d02b): Total: 0.017 seconds - Initiated by StopAssetImportingV2(NoUpdateAssetOptions)
Start importing Assets/NoSafeCircle/DoorPrototype/Art/Wizard/Source/PixelLab/masculine-dark/selected/standing/north-east.png using Guid(6735524043016474aa7448c28d5f2ed0) (TextureImporter) -> (artifact id: 'f5c99ddaabf9faaf203cd15b18007110') in 0.0048142 seconds
Refreshing native plugins compatible for Editor in 1.75 ms, found 4 plugins.
Preloading 0 native plugins for Editor in 0.00 ms.
Asset Pipeline Refresh (id=f25530f4ac7b67d4fbe07a36edc869b0): Total: 0.020 seconds - Initiated by StopAssetImportingV2(NoUpdateAssetOptions)
Start importing Assets/NoSafeCircle/DoorPrototype/Art/Wizard/Source/PixelLab/masculine-dark/selected/standing/north-east.png using Guid(6735524043016474aa7448c28d5f2ed0) (TextureImporter) -> (artifact id: 'f5c99ddaabf9faaf203cd15b18007110') in 0.0036994 seconds
Refreshing native plugins compatible for Editor in 1.62 ms, found 4 plugins.
Preloading 0 native plugins for Editor in 0.00 ms.
Asset Pipeline Refresh (id=f94cf30cb23df0246936597ecd05b1e6): Total: 0.017 seconds - Initiated by StopAssetImportingV2(NoUpdateAssetOptions)
Start importing Assets/NoSafeCircle/DoorPrototype/Art/Wizard/Source/PixelLab/masculine-dark/selected/standing/east.png using Guid(23c96c0551a1d5d41aba5a67067caf55) (TextureImporter) -> (artifact id: '8be7e17aaf3c7d7a4ccc79bfb73e5a5a') in 0.0039317 seconds
Refreshing native plugins compatible for Editor in 10.52 ms, found 4 plugins.
Preloading 0 native plugins for Editor in 0.00 ms.
Asset Pipeline Refresh (id=e28dd35cf146c4f45b890e8c0437d5ea): Total: 0.027 seconds - Initiated by StopAssetImportingV2(NoUpdateAssetOptions)
Start importing Assets/NoSafeCircle/DoorPrototype/Art/Wizard/Source/PixelLab/masculine-dark/selected/standing/east.png using Guid(23c96c0551a1d5d41aba5a67067caf55) (TextureImporter) -> (artifact id: '8be7e17aaf3c7d7a4ccc79bfb73e5a5a') in 0.0038234 seconds
Refreshing native plugins compatible for Editor in 2.05 ms, found 4 plugins.
Preloading 0 native plugins for Editor in 0.00 ms.
Asset Pipeline Refresh (id=8f4088ae73761364ea4f5a779427587d): Total: 0.019 seconds - Initiated by StopAssetImportingV2(NoUpdateAssetOptions)
Start importing Assets/NoSafeCircle/DoorPrototype/Art/Wizard/Source/PixelLab/masculine-dark/selected/standing/south-east.png using Guid(64d787ff2e602f6429731e96dfa9db4d) (TextureImporter) -> (artifact id: 'c4f537e47a5d7dc109882aa8871726f7') in 0.0066228 seconds
Refreshing native plugins compatible for Editor in 1.62 ms, found 4 plugins.
Preloading 0 native plugins for Editor in 0.00 ms.
Asset Pipeline Refresh (id=b3e15f7388041c648bcca3d385a00bb8): Total: 0.021 seconds - Initiated by StopAssetImportingV2(NoUpdateAssetOptions)
Start importing Assets/NoSafeCircle/DoorPrototype/Art/Wizard/Source/PixelLab/masculine-dark/selected/standing/south-east.png using Guid(64d787ff2e602f6429731e96dfa9db4d) (TextureImporter) -> (artifact id: 'c4f537e47a5d7dc109882aa8871726f7') in 0.0040101 seconds
Refreshing native plugins compatible for Editor in 1.66 ms, found 4 plugins.
Preloading 0 native plugins for Editor in 0.00 ms.
Asset Pipeline Refresh (id=1f7d179c2362df64a81d46c2335c6468): Total: 0.018 seconds - Initiated by StopAssetImportingV2(NoUpdateAssetOptions)
Start importing Assets/NoSafeCircle/DoorPrototype/Art/Wizard/Source/PixelLab/masculine-dark/selected/standing/south.png using Guid(e4176867d0e8e284d9cc11f06e1338df) (TextureImporter) -> (artifact id: '304b0fcfe56d81fab628df5211f0f7e1') in 0.0042231 seconds
Refreshing native plugins compatible for Editor in 1.64 ms, found 4 plugins.
Preloading 0 native plugins for Editor in 0.00 ms.
Asset Pipeline Refresh (id=335e348e4b44aab4fb03cdc085ba3505): Total: 0.017 seconds - Initiated by StopAssetImportingV2(NoUpdateAssetOptions)
Start importing Assets/NoSafeCircle/DoorPrototype/Art/Wizard/Source/PixelLab/masculine-dark/selected/standing/south.png using Guid(e4176867d0e8e284d9cc11f06e1338df) (TextureImporter) -> (artifact id: '304b0fcfe56d81fab628df5211f0f7e1') in 0.0036892 seconds
Refreshing native plugins compatible for Editor in 1.65 ms, found 4 plugins.
Preloading 0 native plugins for Editor in 0.00 ms.
Asset Pipeline Refresh (id=a8fd67da20e1dc84ab6eb188b4e8c531): Total: 0.018 seconds - Initiated by StopAssetImportingV2(NoUpdateAssetOptions)
Start importing Assets/NoSafeCircle/DoorPrototype/Art/Wizard/Source/PixelLab/masculine-dark/selected/standing/south-west.png using Guid(9beca6eb733e13b47adf2a5ef994fc16) (TextureImporter) -> (artifact id: 'f535571f993a89e9404f7172871e0f78') in 0.0039525 seconds
Refreshing native plugins compatible for Editor in 1.73 ms, found 4 plugins.
Preloading 0 native plugins for Editor in 0.00 ms.
Asset Pipeline Refresh (id=3bac09b18f9f1e3428225996a82e1e78): Total: 0.017 seconds - Initiated by StopAssetImportingV2(NoUpdateAssetOptions)
Start importing Assets/NoSafeCircle/DoorPrototype/Art/Wizard/Source/PixelLab/masculine-dark/selected/standing/south-west.png using Guid(9beca6eb733e13b47adf2a5ef994fc16) (TextureImporter) -> (artifact id: 'f535571f993a89e9404f7172871e0f78') in 0.0036072 seconds
Refreshing native plugins compatible for Editor in 1.92 ms, found 4 plugins.
Preloading 0 native plugins for Editor in 0.00 ms.
Asset Pipeline Refresh (id=09690bc1f23795743a3a1b583e7e46fd): Total: 0.018 seconds - Initiated by StopAssetImportingV2(NoUpdateAssetOptions)
Start importing Assets/NoSafeCircle/DoorPrototype/Art/Wizard/Source/PixelLab/masculine-dark/selected/standing/west.png using Guid(73a6621521f4b884db960ca03998e8fe) (TextureImporter) -> (artifact id: '7adf28fff782a222e54fa235543ff0b0') in 0.0047431 seconds
Refreshing native plugins compatible for Editor in 1.67 ms, found 4 plugins.
Preloading 0 native plugins for Editor in 0.00 ms.
Asset Pipeline Refresh (id=5b53b10870ef09848b86961808ce712c): Total: 0.020 seconds - Initiated by StopAssetImportingV2(NoUpdateAssetOptions)
Start importing Assets/NoSafeCircle/DoorPrototype/Art/Wizard/Source/PixelLab/masculine-dark/selected/standing/west.png using Guid(73a6621521f4b884db960ca03998e8fe) (TextureImporter) -> (artifact id: '7adf28fff782a222e54fa235543ff0b0') in 0.0035471 seconds
Refreshing native plugins compatible for Editor in 1.66 ms, found 4 plugins.
Preloading 0 native plugins for Editor in 0.00 ms.
Asset Pipeline Refresh (id=76f667c7c40eff64c9730f3392b7959e): Total: 0.017 seconds - Initiated by StopAssetImportingV2(NoUpdateAssetOptions)
Start importing Assets/NoSafeCircle/DoorPrototype/Art/Wizard/Source/PixelLab/masculine-dark/selected/standing/north-west.png using Guid(e75263b3690bab04b8176ae917d18d88) (TextureImporter) -> (artifact id: '0535b61d9380e4f2bc865a11da9ebc76') in 0.0039594 seconds
Refreshing native plugins compatible for Editor in 1.94 ms, found 4 plugins.
Preloading 0 native plugins for Editor in 0.00 ms.
Asset Pipeline Refresh (id=e9c2f753898db4246affa9842355d66d): Total: 0.017 seconds - Initiated by StopAssetImportingV2(NoUpdateAssetOptions)
Start importing Assets/NoSafeCircle/DoorPrototype/Art/Wizard/Source/PixelLab/masculine-dark/selected/standing/north-west.png using Guid(e75263b3690bab04b8176ae917d18d88) (TextureImporter) -> (artifact id: '0535b61d9380e4f2bc865a11da9ebc76') in 0.0037161 seconds
Refreshing native plugins compatible for Editor in 2.58 ms, found 4 plugins.
Preloading 0 native plugins for Editor in 0.00 ms.
Asset Pipeline Refresh (id=4203ed5038991c1419868d736cfe3627): Total: 0.018 seconds - Initiated by StopAssetImportingV2(NoUpdateAssetOptions)
Start importing Assets/NoSafeCircle/DoorPrototype/Art/Wizard/Source/PixelLab/masculine-dark/selected/standing/north.png using Guid(72f11a7679e395346ab124f06174e442) (TextureImporter) -> (artifact id: '70da063f657aff1db63217a637ab83ac') in 0.0052397 seconds
Refreshing native plugins compatible for Editor in 1.77 ms, found 4 plugins.
Preloading 0 native plugins for Editor in 0.00 ms.
Asset Pipeline Refresh (id=b65ac6b0efabf8e4cb3f7ba59f2eb3c7): Total: 0.022 seconds - Initiated by StopAssetImportingV2(NoUpdateAssetOptions)
Start importing Assets/NoSafeCircle/DoorPrototype/Art/Wizard/Source/PixelLab/masculine-dark/selected/standing/north.png using Guid(72f11a7679e395346ab124f06174e442) (TextureImporter) -> (artifact id: '70da063f657aff1db63217a637ab83ac') in 0.0066859 seconds
Refreshing native plugins compatible for Editor in 1.88 ms, found 4 plugins.
Preloading 0 native plugins for Editor in 0.00 ms.
Asset Pipeline Refresh (id=1146ef38ebdb92f4ca86e3d84f56e9bb): Total: 0.023 seconds - Initiated by StopAssetImportingV2(NoUpdateAssetOptions)
Start importing Assets/NoSafeCircle/DoorPrototype/Art/Wizard/Generated/Wizard_Masculine_Black_idle_north.anim using Guid(683bbd32ba5874a4f9b06b392297e801) (NativeFormatImporter) -> (artifact id: 'b05a6950f33e81cb9e3beaa5ff91cd24') in 0.0015357 seconds
Refreshing native plugins compatible for Editor in 1.69 ms, found 4 plugins.
Preloading 0 native plugins for Editor in 0.00 ms.
Asset Pipeline Refresh (id=ed68c62434f8d9443ae2c3b6ffbaba06): Total: 0.015 seconds - Initiated by StopAssetImportingV2(NoUpdateAssetOptions)
Start importing Assets/NoSafeCircle/DoorPrototype/Art/Wizard/Source/PixelLab/masculine-dark/selected/walk/north/frame_000.png using Guid(6a3bbb844579377da96602a46b5588a7) (TextureImporter) -> (artifact id: '2aa6a9ac91b3a4e34d10242e168696e9') in 0.0035194 seconds
Refreshing native plugins compatible for Editor in 1.65 ms, found 4 plugins.
Preloading 0 native plugins for Editor in 0.00 ms.
Asset Pipeline Refresh (id=1b9644b66f2ae9b419f019a207daf0e3): Total: 0.017 seconds - Initiated by StopAssetImportingV2(NoUpdateAssetOptions)
Start importing Assets/NoSafeCircle/DoorPrototype/Art/Wizard/Source/PixelLab/masculine-dark/selected/walk/north/frame_000.png using Guid(6a3bbb844579377da96602a46b5588a7) (TextureImporter) -> (artifact id: 'c1bdc84c04188c64c7aecad0ef289dd0') in 0.0040129 seconds
Refreshing native plugins compatible for Editor in 1.62 ms, found 4 plugins.
Preloading 0 native plugins for Editor in 0.00 ms.
Asset Pipeline Refresh (id=630aa762ce508464783dda0ea656e06f): Total: 0.028 seconds - Initiated by StopAssetImportingV2(NoUpdateAssetOptions)
Start importing Assets/NoSafeCircle/DoorPrototype/Art/Wizard/Source/PixelLab/masculine-dark/selected/walk/north/frame_001.png using Guid(95705046e869e5860fba582291172320) (TextureImporter) -> (artifact id: '9396eebf7dfa9c9bd926ab32b9d1ca34') in 0.0041741 seconds
Refreshing native plugins compatible for Editor in 2.27 ms, found 4 plugins.
Preloading 0 native plugins for Editor in 0.00 ms.
Asset Pipeline Refresh (id=33a28861ffc784d45bdca38c01506043): Total: 0.020 seconds - Initiated by StopAssetImportingV2(NoUpdateAssetOptions)
Start importing Assets/NoSafeCircle/DoorPrototype/Art/Wizard/Source/PixelLab/masculine-dark/selected/walk/north/frame_001.png using Guid(95705046e869e5860fba582291172320) (TextureImporter) -> (artifact id: '8f589dd42129e00c7e8c7cca26c72e9a') in 0.0039754 seconds
Refreshing native plugins compatible for Editor in 1.79 ms, found 4 plugins.
Preloading 0 native plugins for Editor in 0.00 ms.
Asset Pipeline Refresh (id=c415473b8cbcf3e4789b477e18780737): Total: 0.024 seconds - Initiated by StopAssetImportingV2(NoUpdateAssetOptions)
Start importing Assets/NoSafeCircle/DoorPrototype/Art/Wizard/Source/PixelLab/masculine-dark/selected/walk/north/frame_002.png using Guid(77871f0448f876e87b236c0896909c77) (TextureImporter) -> (artifact id: 'f55cbcbc4ebd0059b1fa635f18eaae7a') in 0.0041303 seconds
Refreshing native plugins compatible for Editor in 2.19 ms, found 4 plugins.
Preloading 0 native plugins for Editor in 0.00 ms.
Asset Pipeline Refresh (id=a22a5e3c70f40d64791640d7fe5f6a93): Total: 0.020 seconds - Initiated by StopAssetImportingV2(NoUpdateAssetOptions)
Start importing Assets/NoSafeCircle/DoorPrototype/Art/Wizard/Source/PixelLab/masculine-dark/selected/walk/north/frame_002.png using Guid(77871f0448f876e87b236c0896909c77) (TextureImporter) -> (artifact id: '7357071d20808be3f33b304529729b4b') in 0.0045721 seconds
Refreshing native plugins compatible for Editor in 1.66 ms, found 4 plugins.
Preloading 0 native plugins for Editor in 0.00 ms.
Asset Pipeline Refresh (id=e73f3323d68594a4ca1572102da48b8c): Total: 0.024 seconds - Initiated by StopAssetImportingV2(NoUpdateAssetOptions)
Start importing Assets/NoSafeCircle/DoorPrototype/Art/Wizard/Source/PixelLab/masculine-dark/selected/walk/north/frame_003.png using Guid(d8c2cf21cabc006295d8de2f667b51c9) (TextureImporter) -> (artifact id: '14a40909fd3091b74927676b860ac886') in 0.0039423 seconds
Refreshing native plugins compatible for Editor in 1.66 ms, found 4 plugins.
Preloading 0 native plugins for Editor in 0.00 ms.
Asset Pipeline Refresh (id=c8388d9ac43177d4aad10accf240d77b): Total: 0.018 seconds - Initiated by StopAssetImportingV2(NoUpdateAssetOptions)
Start importing Assets/NoSafeCircle/DoorPrototype/Art/Wizard/Source/PixelLab/masculine-dark/selected/walk/north/frame_003.png using Guid(d8c2cf21cabc006295d8de2f667b51c9) (TextureImporter) -> (artifact id: 'c55def55d82437c6221c90e3c350ccff') in 0.0036642 seconds
Refreshing native plugins compatible for Editor in 1.80 ms, found 4 plugins.
Preloading 0 native plugins for Editor in 0.00 ms.
Asset Pipeline Refresh (id=bbc0b2814fbfa30439a739146780f519): Total: 0.024 seconds - Initiated by StopAssetImportingV2(NoUpdateAssetOptions)
Start importing Assets/NoSafeCircle/DoorPrototype/Art/Wizard/Source/PixelLab/masculine-dark/selected/walk/north/frame_004.png using Guid(38172d193e0363be0faee65153a02786) (TextureImporter) -> (artifact id: 'fc0c356869ef4acf1d37274550a8b993') in 0.0040353 seconds
Refreshing native plugins compatible for Editor in 1.58 ms, found 4 plugins.
Preloading 0 native plugins for Editor in 0.00 ms.
Asset Pipeline Refresh (id=1048b51a83a32ce42b136d5453008cc6): Total: 0.019 seconds - Initiated by StopAssetImportingV2(NoUpdateAssetOptions)
Start importing Assets/NoSafeCircle/DoorPrototype/Art/Wizard/Source/PixelLab/masculine-dark/selected/walk/north/frame_004.png using Guid(38172d193e0363be0faee65153a02786) (TextureImporter) -> (artifact id: 'bab9a8e865f93aca9072fbf81ac1f5a4') in 0.0053801 seconds
Refreshing native plugins compatible for Editor in 1.80 ms, found 4 plugins.
Preloading 0 native plugins for Editor in 0.00 ms.
Asset Pipeline Refresh (id=6b728d45b0c9d4d44941cae4d5e6129d): Total: 0.025 seconds - Initiated by StopAssetImportingV2(NoUpdateAssetOptions)
Start importing Assets/NoSafeCircle/DoorPrototype/Art/Wizard/Source/PixelLab/masculine-dark/selected/walk/north/frame_005.png using Guid(ff7984ab1e399b9c62eadb536de94164) (TextureImporter) -> (artifact id: '5fb4f0fbd745aad940b7a23cb3277664') in 0.0039811 seconds
Refreshing native plugins compatible for Editor in 1.62 ms, found 4 plugins.
Preloading 0 native plugins for Editor in 0.00 ms.
Asset Pipeline Refresh (id=809f4d95f0853cf42b48e82f9157c8f4): Total: 0.017 seconds - Initiated by StopAssetImportingV2(NoUpdateAssetOptions)
Start importing Assets/NoSafeCircle/DoorPrototype/Art/Wizard/Source/PixelLab/masculine-dark/selected/walk/north/frame_005.png using Guid(ff7984ab1e399b9c62eadb536de94164) (TextureImporter) -> (artifact id: 'd875ef199cbd70726cd39d45b1a42b17') in 0.0037746 seconds
Refreshing native plugins compatible for Editor in 1.62 ms, found 4 plugins.
Preloading 0 native plugins for Editor in 0.00 ms.
Asset Pipeline Refresh (id=1173de19ae2f84e4bb834236f53fba47): Total: 0.023 seconds - Initiated by StopAssetImportingV2(NoUpdateAssetOptions)
Start importing Assets/NoSafeCircle/DoorPrototype/Art/Wizard/Generated/Wizard_Masculine_Black_walk_north.anim using Guid(631dafa328e2a9c4dbfc13279528c926) (NativeFormatImporter) -> (artifact id: 'd8f763a60850eea70801641c4dff5c29') in 0.0037349 seconds
Refreshing native plugins compatible for Editor in 1.77 ms, found 4 plugins.
Preloading 0 native plugins for Editor in 0.00 ms.
Asset Pipeline Refresh (id=680be3c5928d3b94fa51413d4285731e): Total: 0.017 seconds - Initiated by StopAssetImportingV2(NoUpdateAssetOptions)
Start importing Assets/NoSafeCircle/DoorPrototype/Art/Wizard/Source/PixelLab/masculine-dark/selected/standing/north-east.png using Guid(6735524043016474aa7448c28d5f2ed0) (TextureImporter) -> (artifact id: 'f5c99ddaabf9faaf203cd15b18007110') in 0.0054172 seconds
Refreshing native plugins compatible for Editor in 1.72 ms, found 4 plugins.
Preloading 0 native plugins for Editor in 0.00 ms.
Asset Pipeline Refresh (id=16d76e4758a39be4e8603d9373e55d58): Total: 0.031 seconds - Initiated by StopAssetImportingV2(NoUpdateAssetOptions)
Start importing Assets/NoSafeCircle/DoorPrototype/Art/Wizard/Source/PixelLab/masculine-dark/selected/standing/north-east.png using Guid(6735524043016474aa7448c28d5f2ed0) (TextureImporter) -> (artifact id: 'f5c99ddaabf9faaf203cd15b18007110') in 0.0048978 seconds
Refreshing native plugins compatible for Editor in 1.70 ms, found 4 plugins.
Preloading 0 native plugins for Editor in 0.00 ms.
Asset Pipeline Refresh (id=e3ad2748d7f8e5b4297625854dc07cb2): Total: 0.020 seconds - Initiated by StopAssetImportingV2(NoUpdateAssetOptions)
Start importing Assets/NoSafeCircle/DoorPrototype/Art/Wizard/Generated/Wizard_Masculine_Black_idle_north-east.anim using Guid(ee4ee09f1862ff143b0c7acc9bc465fb) (NativeFormatImporter) -> (artifact id: 'c0cc517b4168dcf52ef4f7b1a8de6582') in 0.0015552 seconds
Refreshing native plugins compatible for Editor in 6.62 ms, found 4 plugins.
Preloading 0 native plugins for Editor in 0.00 ms.
Asset Pipeline Refresh (id=be468af25527ddb4aa5be6b625f6c191): Total: 0.021 seconds - Initiated by StopAssetImportingV2(NoUpdateAssetOptions)
Start importing Assets/NoSafeCircle/DoorPrototype/Art/Wizard/Source/PixelLab/masculine-dark/selected/walk/north-east/frame_000.png using Guid(d18508177a5df8945802a980a3a39443) (TextureImporter) -> (artifact id: '97e0fee8b69302ff38b043da0959ba60') in 0.0036765 seconds
Refreshing native plugins compatible for Editor in 1.69 ms, found 4 plugins.
Preloading 0 native plugins for Editor in 0.00 ms.
Asset Pipeline Refresh (id=2b21a071a2b0cf44eacfb0fe5f3693b2): Total: 0.017 seconds - Initiated by StopAssetImportingV2(NoUpdateAssetOptions)
Start importing Assets/NoSafeCircle/DoorPrototype/Art/Wizard/Source/PixelLab/masculine-dark/selected/walk/north-east/frame_000.png using Guid(d18508177a5df8945802a980a3a39443) (TextureImporter) -> (artifact id: '97e0fee8b69302ff38b043da0959ba60') in 0.0036224 seconds
Refreshing native plugins compatible for Editor in 1.61 ms, found 4 plugins.
Preloading 0 native plugins for Editor in 0.00 ms.
Asset Pipeline Refresh (id=3c5cf791b1995824aadfe3e39ee283fb): Total: 0.017 seconds - Initiated by StopAssetImportingV2(NoUpdateAssetOptions)
Start importing Assets/NoSafeCircle/DoorPrototype/Art/Wizard/Source/PixelLab/masculine-dark/selected/walk/north-east/frame_001.png using Guid(0826798e86f0dda4b942b7af1afdf792) (TextureImporter) -> (artifact id: 'f3066f3a81ed923dfb30240230af63ed') in 0.0041186 seconds
Refreshing native plugins compatible for Editor in 1.82 ms, found 4 plugins.
Preloading 0 native plugins for Editor in 0.00 ms.
Asset Pipeline Refresh (id=9d0002ae7f98eb24d821ae14d662c0ba): Total: 0.019 seconds - Initiated by StopAssetImportingV2(NoUpdateAssetOptions)
Start importing Assets/NoSafeCircle/DoorPrototype/Art/Wizard/Source/PixelLab/masculine-dark/selected/walk/north-east/frame_001.png using Guid(0826798e86f0dda4b942b7af1afdf792) (TextureImporter) -> (artifact id: 'f3066f3a81ed923dfb30240230af63ed') in 0.0036011 seconds
Refreshing native plugins compatible for Editor in 1.70 ms, found 4 plugins.
Preloading 0 native plugins for Editor in 0.00 ms.
Asset Pipeline Refresh (id=7a08229bc4833704db34aae5acdfe655): Total: 0.017 seconds - Initiated by StopAssetImportingV2(NoUpdateAssetOptions)
Start importing Assets/NoSafeCircle/DoorPrototype/Art/Wizard/Source/PixelLab/masculine-dark/selected/walk/north-east/frame_002.png using Guid(c7b9af4f539ff884cb9b7506b2656bf3) (TextureImporter) -> (artifact id: '51b114470f6bcdd71d2e8a846b68d052') in 0.0038738 seconds
Refreshing native plugins compatible for Editor in 1.76 ms, found 4 plugins.
Preloading 0 native plugins for Editor in 0.00 ms.
Asset Pipeline Refresh (id=c839d1e0367742743bd3a504fe0dc345): Total: 0.017 seconds - Initiated by StopAssetImportingV2(NoUpdateAssetOptions)
Start importing Assets/NoSafeCircle/DoorPrototype/Art/Wizard/Source/PixelLab/masculine-dark/selected/walk/north-east/frame_002.png using Guid(c7b9af4f539ff884cb9b7506b2656bf3) (TextureImporter) -> (artifact id: '51b114470f6bcdd71d2e8a846b68d052') in 0.0037964 seconds
Refreshing native plugins compatible for Editor in 1.70 ms, found 4 plugins.
Preloading 0 native plugins for Editor in 0.00 ms.
Asset Pipeline Refresh (id=5963f54d05d506644ab8fa7fbf604a4c): Total: 0.018 seconds - Initiated by StopAssetImportingV2(NoUpdateAssetOptions)
Start importing Assets/NoSafeCircle/DoorPrototype/Art/Wizard/Source/PixelLab/masculine-dark/selected/walk/north-east/frame_003.png using Guid(39854119ecb0c1041bb4e73b9d3a0b02) (TextureImporter) -> (artifact id: '580e5ae66b20fcd98f10eaee9e751405') in 0.0042233 seconds
Refreshing native plugins compatible for Editor in 2.86 ms, found 4 plugins.
Preloading 0 native plugins for Editor in 0.00 ms.
Asset Pipeline Refresh (id=9470e2f0f93b39e4ab145a9d73cb2fc2): Total: 0.019 seconds - Initiated by StopAssetImportingV2(NoUpdateAssetOptions)
Start importing Assets/NoSafeCircle/DoorPrototype/Art/Wizard/Source/PixelLab/masculine-dark/selected/walk/north-east/frame_003.png using Guid(39854119ecb0c1041bb4e73b9d3a0b02) (TextureImporter) -> (artifact id: '580e5ae66b20fcd98f10eaee9e751405') in 0.0036023 seconds
Refreshing native plugins compatible for Editor in 1.87 ms, found 4 plugins.
Preloading 0 native plugins for Editor in 0.00 ms.
Asset Pipeline Refresh (id=a7dfe1bf1bb36244da378e0173742439): Total: 0.018 seconds - Initiated by StopAssetImportingV2(NoUpdateAssetOptions)
Start importing Assets/NoSafeCircle/DoorPrototype/Art/Wizard/Source/PixelLab/masculine-dark/selected/walk/north-east/frame_004.png using Guid(41b4dfae49e90d74fb4b4db60ffd8869) (TextureImporter) -> (artifact id: 'f2ecc5a75ed0fe7366cc4184abed2561') in 0.0043283 seconds
Refreshing native plugins compatible for Editor in 1.60 ms, found 4 plugins.
Preloading 0 native plugins for Editor in 0.00 ms.
Asset Pipeline Refresh (id=e87d5d6ee56867f4ba2e80d02d594491): Total: 0.019 seconds - Initiated by StopAssetImportingV2(NoUpdateAssetOptions)
Start importing Assets/NoSafeCircle/DoorPrototype/Art/Wizard/Source/PixelLab/masculine-dark/selected/walk/north-east/frame_004.png using Guid(41b4dfae49e90d74fb4b4db60ffd8869) (TextureImporter) -> (artifact id: 'f2ecc5a75ed0fe7366cc4184abed2561') in 0.0040701 seconds
Refreshing native plugins compatible for Editor in 1.60 ms, found 4 plugins.
Preloading 0 native plugins for Editor in 0.00 ms.
Asset Pipeline Refresh (id=39eeae0c5e94d774abff94989f2774f6): Total: 0.018 seconds - Initiated by StopAssetImportingV2(NoUpdateAssetOptions)
Start importing Assets/NoSafeCircle/DoorPrototype/Art/Wizard/Source/PixelLab/masculine-dark/selected/walk/north-east/frame_005.png using Guid(d6dfb9c438a72c0429ebba391e201ec5) (TextureImporter) -> (artifact id: '62e97aabe7d90a77e18e82a1cdd57aa6') in 0.0041848 seconds
Refreshing native plugins compatible for Editor in 2.36 ms, found 4 plugins.
Preloading 0 native plugins for Editor in 0.00 ms.
Asset Pipeline Refresh (id=6c80e2a6d3c4368489aeb0274de3a4f4): Total: 0.019 seconds - Initiated by StopAssetImportingV2(NoUpdateAssetOptions)
Start importing Assets/NoSafeCircle/DoorPrototype/Art/Wizard/Source/PixelLab/masculine-dark/selected/walk/north-east/frame_005.png using Guid(d6dfb9c438a72c0429ebba391e201ec5) (TextureImporter) -> (artifact id: '62e97aabe7d90a77e18e82a1cdd57aa6') in 0.004062 seconds
Refreshing native plugins compatible for Editor in 1.83 ms, found 4 plugins.
Preloading 0 native plugins for Editor in 0.00 ms.
Asset Pipeline Refresh (id=457bfbc8d328dc44e9d0efe8bd71518c): Total: 0.019 seconds - Initiated by StopAssetImportingV2(NoUpdateAssetOptions)
Start importing Assets/NoSafeCircle/DoorPrototype/Art/Wizard/Generated/Wizard_Masculine_Black_walk_north-east.anim using Guid(2a7e815becc7a98438a2be5a2def5b1f) (NativeFormatImporter) -> (artifact id: 'cd6ea1d0f98508c0ed703852c6fe8ba9') in 0.0026897 seconds
Refreshing native plugins compatible for Editor in 1.76 ms, found 4 plugins.
Preloading 0 native plugins for Editor in 0.00 ms.
Asset Pipeline Refresh (id=3b2dece3259a5de40a660d5fc6b243a3): Total: 0.017 seconds - Initiated by StopAssetImportingV2(NoUpdateAssetOptions)
Start importing Assets/NoSafeCircle/DoorPrototype/Art/Wizard/Source/PixelLab/masculine-dark/selected/standing/east.png using Guid(23c96c0551a1d5d41aba5a67067caf55) (TextureImporter) -> (artifact id: '8be7e17aaf3c7d7a4ccc79bfb73e5a5a') in 0.0052756 seconds
Refreshing native plugins compatible for Editor in 1.69 ms, found 4 plugins.
Preloading 0 native plugins for Editor in 0.00 ms.
Asset Pipeline Refresh (id=4aeba8a5953fd824981fbee95b7a51bd): Total: 0.023 seconds - Initiated by StopAssetImportingV2(NoUpdateAssetOptions)
Start importing Assets/NoSafeCircle/DoorPrototype/Art/Wizard/Source/PixelLab/masculine-dark/selected/standing/east.png using Guid(23c96c0551a1d5d41aba5a67067caf55) (TextureImporter) -> (artifact id: '8be7e17aaf3c7d7a4ccc79bfb73e5a5a') in 0.0046455 seconds
Refreshing native plugins compatible for Editor in 1.75 ms, found 4 plugins.
Preloading 0 native plugins for Editor in 0.00 ms.
Asset Pipeline Refresh (id=4130b1da94d1cec46a37cc1046be4dd3): Total: 0.020 seconds - Initiated by StopAssetImportingV2(NoUpdateAssetOptions)
Start importing Assets/NoSafeCircle/DoorPrototype/Art/Wizard/Generated/Wizard_Masculine_Black_idle_east.anim using Guid(c9c0dcf08d9389145948d37bd041600e) (NativeFormatImporter) -> (artifact id: '863a674e750bbc11d9fe398ff98faf6b') in 0.0017544 seconds
Refreshing native plugins compatible for Editor in 1.64 ms, found 4 plugins.
Preloading 0 native plugins for Editor in 0.00 ms.
Asset Pipeline Refresh (id=b82e495b913249044862ac74ba09a2b4): Total: 0.016 seconds - Initiated by StopAssetImportingV2(NoUpdateAssetOptions)
Start importing Assets/NoSafeCircle/DoorPrototype/Art/Wizard/Source/PixelLab/masculine-dark/selected/walk/east/frame_000.png using Guid(270880e4f023510773eb505c7776ba8a) (TextureImporter) -> (artifact id: 'b718478b2c1a2a2f9e2989a50951266b') in 0.0038639 seconds
Refreshing native plugins compatible for Editor in 1.64 ms, found 4 plugins.
Preloading 0 native plugins for Editor in 0.00 ms.
Asset Pipeline Refresh (id=645e56f26075f50479889c9a795edb5e): Total: 0.018 seconds - Initiated by StopAssetImportingV2(NoUpdateAssetOptions)
Start importing Assets/NoSafeCircle/DoorPrototype/Art/Wizard/Source/PixelLab/masculine-dark/selected/walk/east/frame_000.png using Guid(270880e4f023510773eb505c7776ba8a) (TextureImporter) -> (artifact id: '0c0a7d0ce1c199bd3248f9c26b60bb91') in 0.0036516 seconds
Refreshing native plugins compatible for Editor in 2.14 ms, found 4 plugins.
Preloading 0 native plugins for Editor in 0.00 ms.
Asset Pipeline Refresh (id=cc611f64220e3504cb53e3426e580c19): Total: 0.028 seconds - Initiated by StopAssetImportingV2(NoUpdateAssetOptions)
Start importing Assets/NoSafeCircle/DoorPrototype/Art/Wizard/Source/PixelLab/masculine-dark/selected/walk/east/frame_001.png using Guid(7f64c7a4d4737e80a1f30a7ff0b204c3) (TextureImporter) -> (artifact id: '95646b14e109a71ab2eae1e70e9890b6') in 0.005198 seconds
Refreshing native plugins compatible for Editor in 2.15 ms, found 4 plugins.
Preloading 0 native plugins for Editor in 0.00 ms.
Asset Pipeline Refresh (id=f758cee78e53d004186964b3da3985a7): Total: 0.020 seconds - Initiated by StopAssetImportingV2(NoUpdateAssetOptions)
Start importing Assets/NoSafeCircle/DoorPrototype/Art/Wizard/Source/PixelLab/masculine-dark/selected/walk/east/frame_001.png using Guid(7f64c7a4d4737e80a1f30a7ff0b204c3) (TextureImporter) -> (artifact id: '82d81adb0f0cb40eff1e464c51805042') in 0.0045093 seconds
Refreshing native plugins compatible for Editor in 1.67 ms, found 4 plugins.
Preloading 0 native plugins for Editor in 0.00 ms.
Asset Pipeline Refresh (id=909723f9f3a53af40996add34d5f9b8d): Total: 0.024 seconds - Initiated by StopAssetImportingV2(NoUpdateAssetOptions)
Start importing Assets/NoSafeCircle/DoorPrototype/Art/Wizard/Source/PixelLab/masculine-dark/selected/walk/east/frame_002.png using Guid(bfeb63adea4ec5ea230708fceebde858) (TextureImporter) -> (artifact id: 'c5377c6c9e1f6ff22e4638d5e8c365ae') in 0.0039832 seconds
Refreshing native plugins compatible for Editor in 2.22 ms, found 4 plugins.
Preloading 0 native plugins for Editor in 0.00 ms.
Asset Pipeline Refresh (id=0deef6432d5c6d64b94374ff745906bc): Total: 0.019 seconds - Initiated by StopAssetImportingV2(NoUpdateAssetOptions)
Start importing Assets/NoSafeCircle/DoorPrototype/Art/Wizard/Source/PixelLab/masculine-dark/selected/walk/east/frame_002.png using Guid(bfeb63adea4ec5ea230708fceebde858) (TextureImporter) -> (artifact id: 'df76784b2d4c73f665b1deb96ccf5e21') in 0.0043291 seconds
Refreshing native plugins compatible for Editor in 1.83 ms, found 4 plugins.
Preloading 0 native plugins for Editor in 0.00 ms.
Asset Pipeline Refresh (id=0281324e1c2cb304bbd0a75ba3691e38): Total: 0.024 seconds - Initiated by StopAssetImportingV2(NoUpdateAssetOptions)
Start importing Assets/NoSafeCircle/DoorPrototype/Art/Wizard/Source/PixelLab/masculine-dark/selected/walk/east/frame_003.png using Guid(cb02cfafb49fe3d83478ecb0521de5a0) (TextureImporter) -> (artifact id: '77957150b83f4415c9837542a3d05ff4') in 0.0043276 seconds
Refreshing native plugins compatible for Editor in 1.64 ms, found 4 plugins.
Preloading 0 native plugins for Editor in 0.00 ms.
Asset Pipeline Refresh (id=a498187beee3f6041af86775d02357df): Total: 0.019 seconds - Initiated by StopAssetImportingV2(NoUpdateAssetOptions)
Start importing Assets/NoSafeCircle/DoorPrototype/Art/Wizard/Source/PixelLab/masculine-dark/selected/walk/east/frame_003.png using Guid(cb02cfafb49fe3d83478ecb0521de5a0) (TextureImporter) -> (artifact id: 'ee118037600673ca8368c049336373f1') in 0.0038086 seconds
Refreshing native plugins compatible for Editor in 1.80 ms, found 4 plugins.
Preloading 0 native plugins for Editor in 0.00 ms.
Asset Pipeline Refresh (id=d62af2a1cf0134e408491967b175e773): Total: 0.024 seconds - Initiated by StopAssetImportingV2(NoUpdateAssetOptions)
Start importing Assets/NoSafeCircle/DoorPrototype/Art/Wizard/Source/PixelLab/masculine-dark/selected/walk/east/frame_004.png using Guid(e869c0daf33679eb136e820d0943b065) (TextureImporter) -> (artifact id: '08396fdf896a8ea771ef7ade938fceab') in 0.004265 seconds
Refreshing native plugins compatible for Editor in 1.66 ms, found 4 plugins.
Preloading 0 native plugins for Editor in 0.00 ms.
Asset Pipeline Refresh (id=ce49d9aeaab2c4f4ca44d250c7533094): Total: 0.017 seconds - Initiated by StopAssetImportingV2(NoUpdateAssetOptions)
Start importing Assets/NoSafeCircle/DoorPrototype/Art/Wizard/Source/PixelLab/masculine-dark/selected/walk/east/frame_004.png using Guid(e869c0daf33679eb136e820d0943b065) (TextureImporter) -> (artifact id: 'c90c28507788de80674132de92c5a56c') in 0.0039205 seconds
Refreshing native plugins compatible for Editor in 1.85 ms, found 4 plugins.
Preloading 0 native plugins for Editor in 0.00 ms.
Asset Pipeline Refresh (id=bf062085a246ec048883b1214027a8be): Total: 0.023 seconds - Initiated by StopAssetImportingV2(NoUpdateAssetOptions)
Start importing Assets/NoSafeCircle/DoorPrototype/Art/Wizard/Source/PixelLab/masculine-dark/selected/walk/east/frame_005.png using Guid(3045dbbcc801dc63d16eb6a3833be6be) (TextureImporter) -> (artifact id: 'a53995b91457bc698c4ce82787bcfd49') in 0.0047828 seconds
Refreshing native plugins compatible for Editor in 1.77 ms, found 4 plugins.
Preloading 0 native plugins for Editor in 0.00 ms.
Asset Pipeline Refresh (id=4e51ed23092cc934196a3b1167cec61d): Total: 0.019 seconds - Initiated by StopAssetImportingV2(NoUpdateAssetOptions)
Start importing Assets/NoSafeCircle/DoorPrototype/Art/Wizard/Source/PixelLab/masculine-dark/selected/walk/east/frame_005.png using Guid(3045dbbcc801dc63d16eb6a3833be6be) (TextureImporter) -> (artifact id: 'a4a69defc816748b9dfb02bff18289c7') in 0.0046522 seconds
Refreshing native plugins compatible for Editor in 1.92 ms, found 4 plugins.
Preloading 0 native plugins for Editor in 0.00 ms.
Asset Pipeline Refresh (id=5915555682c8929438a264b85ad6dca8): Total: 0.030 seconds - Initiated by StopAssetImportingV2(NoUpdateAssetOptions)
Start importing Assets/NoSafeCircle/DoorPrototype/Art/Wizard/Generated/Wizard_Masculine_Black_walk_east.anim using Guid(696c85db90968bf4da1bd53e32e01832) (NativeFormatImporter) -> (artifact id: 'ee4126acbaa9189b5ebc5cae620f9d71') in 0.0021515 seconds
Refreshing native plugins compatible for Editor in 1.84 ms, found 4 plugins.
Preloading 0 native plugins for Editor in 0.00 ms.
Asset Pipeline Refresh (id=d716bc730662850419a50c16a87e45fb): Total: 0.017 seconds - Initiated by StopAssetImportingV2(NoUpdateAssetOptions)
Start importing Assets/NoSafeCircle/DoorPrototype/Art/Wizard/Source/PixelLab/masculine-dark/selected/standing/south-east.png using Guid(64d787ff2e602f6429731e96dfa9db4d) (TextureImporter) -> (artifact id: 'c4f537e47a5d7dc109882aa8871726f7') in 0.0048841 seconds
Refreshing native plugins compatible for Editor in 1.72 ms, found 4 plugins.
Preloading 0 native plugins for Editor in 0.00 ms.
Asset Pipeline Refresh (id=c8d168c3283152d449cc08e2a082988e): Total: 0.021 seconds - Initiated by StopAssetImportingV2(NoUpdateAssetOptions)
Start importing Assets/NoSafeCircle/DoorPrototype/Art/Wizard/Source/PixelLab/masculine-dark/selected/standing/south-east.png using Guid(64d787ff2e602f6429731e96dfa9db4d) (TextureImporter) -> (artifact id: 'c4f537e47a5d7dc109882aa8871726f7') in 0.0054649 seconds
Refreshing native plugins compatible for Editor in 1.72 ms, found 4 plugins.
Preloading 0 native plugins for Editor in 0.00 ms.
Asset Pipeline Refresh (id=ad16c84114793ae4aa90e5ee4e6add9a): Total: 0.022 seconds - Initiated by StopAssetImportingV2(NoUpdateAssetOptions)
Start importing Assets/NoSafeCircle/DoorPrototype/Art/Wizard/Generated/Wizard_Masculine_Black_idle_south-east.anim using Guid(0d5325e7f66e52449aaf29755541897e) (NativeFormatImporter) -> (artifact id: 'f8930b24d6c82f10967c34f6f97470cc') in 0.0015814 seconds
Refreshing native plugins compatible for Editor in 1.61 ms, found 4 plugins.
Preloading 0 native plugins for Editor in 0.00 ms.
Asset Pipeline Refresh (id=c6bbf8e410603584ea6ecc0108ac6eca): Total: 0.015 seconds - Initiated by StopAssetImportingV2(NoUpdateAssetOptions)
Start importing Assets/NoSafeCircle/DoorPrototype/Art/Wizard/Source/PixelLab/masculine-dark/selected/walk/south-east/frame_000.png using Guid(adc4b8054a61e4e4893fc433ef941c71) (TextureImporter) -> (artifact id: 'a97b6bd64098823f8fa13cfa0e0635b2') in 0.0034783 seconds
Refreshing native plugins compatible for Editor in 2.12 ms, found 4 plugins.
Preloading 0 native plugins for Editor in 0.00 ms.
Asset Pipeline Refresh (id=a5b02e6d55e440144ac5ef8c04c89a1b): Total: 0.017 seconds - Initiated by StopAssetImportingV2(NoUpdateAssetOptions)
Start importing Assets/NoSafeCircle/DoorPrototype/Art/Wizard/Source/PixelLab/masculine-dark/selected/walk/south-east/frame_000.png using Guid(adc4b8054a61e4e4893fc433ef941c71) (TextureImporter) -> (artifact id: 'a97b6bd64098823f8fa13cfa0e0635b2') in 0.0033593 seconds
Refreshing native plugins compatible for Editor in 1.71 ms, found 4 plugins.
Preloading 0 native plugins for Editor in 0.00 ms.
Asset Pipeline Refresh (id=70484c0642b61ee4b8b92a3684d8edc2): Total: 0.020 seconds - Initiated by StopAssetImportingV2(NoUpdateAssetOptions)
Start importing Assets/NoSafeCircle/DoorPrototype/Art/Wizard/Source/PixelLab/masculine-dark/selected/walk/south-east/frame_001.png using Guid(4ecf7752526a894489c9c07a9dc2653c) (TextureImporter) -> (artifact id: '6c71c01d29c400d03de271afe0e7cbb0') in 0.004239 seconds
Refreshing native plugins compatible for Editor in 1.66 ms, found 4 plugins.
Preloading 0 native plugins for Editor in 0.00 ms.
Asset Pipeline Refresh (id=37de6da4c1398a3469752312edef7f43): Total: 0.019 seconds - Initiated by StopAssetImportingV2(NoUpdateAssetOptions)
Start importing Assets/NoSafeCircle/DoorPrototype/Art/Wizard/Source/PixelLab/masculine-dark/selected/walk/south-east/frame_001.png using Guid(4ecf7752526a894489c9c07a9dc2653c) (TextureImporter) -> (artifact id: '6c71c01d29c400d03de271afe0e7cbb0') in 0.0036951 seconds
Refreshing native plugins compatible for Editor in 1.79 ms, found 4 plugins.
Preloading 0 native plugins for Editor in 0.00 ms.
Asset Pipeline Refresh (id=8c181255e6e044e49bdbd1e244323c1e): Total: 0.018 seconds - Initiated by StopAssetImportingV2(NoUpdateAssetOptions)
Start importing Assets/NoSafeCircle/DoorPrototype/Art/Wizard/Source/PixelLab/masculine-dark/selected/walk/south-east/frame_002.png using Guid(68e154ea28a89aa49b8057aaaac53c80) (TextureImporter) -> (artifact id: '4d08e965f21a303935ae2238710a2dbc') in 0.0039513 seconds
Refreshing native plugins compatible for Editor in 1.78 ms, found 4 plugins.
Preloading 0 native plugins for Editor in 0.00 ms.
Asset Pipeline Refresh (id=7656cd2d77f810d428720c0dd4577e43): Total: 0.019 seconds - Initiated by StopAssetImportingV2(NoUpdateAssetOptions)
Start importing Assets/NoSafeCircle/DoorPrototype/Art/Wizard/Source/PixelLab/masculine-dark/selected/walk/south-east/frame_002.png using Guid(68e154ea28a89aa49b8057aaaac53c80) (TextureImporter) -> (artifact id: '4d08e965f21a303935ae2238710a2dbc') in 0.0037112 seconds
Refreshing native plugins compatible for Editor in 1.60 ms, found 4 plugins.
Preloading 0 native plugins for Editor in 0.00 ms.
Asset Pipeline Refresh (id=b24de64e3f69a9141852e2e3b20e70ff): Total: 0.020 seconds - Initiated by StopAssetImportingV2(NoUpdateAssetOptions)
Start importing Assets/NoSafeCircle/DoorPrototype/Art/Wizard/Source/PixelLab/masculine-dark/selected/walk/south-east/frame_003.png using Guid(87a4a0fa52cebf648a80fd84985db7e9) (TextureImporter) -> (artifact id: 'b6248b94d8ebe1daa0e3ab88887caed7') in 0.0041065 seconds
Refreshing native plugins compatible for Editor in 1.69 ms, found 4 plugins.
Preloading 0 native plugins for Editor in 0.00 ms.
Asset Pipeline Refresh (id=f7cc07947343cc043b6117646d4fb273): Total: 0.018 seconds - Initiated by StopAssetImportingV2(NoUpdateAssetOptions)
Start importing Assets/NoSafeCircle/DoorPrototype/Art/Wizard/Source/PixelLab/masculine-dark/selected/walk/south-east/frame_003.png using Guid(87a4a0fa52cebf648a80fd84985db7e9) (TextureImporter) -> (artifact id: 'b6248b94d8ebe1daa0e3ab88887caed7') in 0.0036518 seconds
Refreshing native plugins compatible for Editor in 1.97 ms, found 4 plugins.
Preloading 0 native plugins for Editor in 0.00 ms.
Asset Pipeline Refresh (id=786ea023e1eec6c46ae667c1ce9fb5c7): Total: 0.020 seconds - Initiated by StopAssetImportingV2(NoUpdateAssetOptions)
Start importing Assets/NoSafeCircle/DoorPrototype/Art/Wizard/Source/PixelLab/masculine-dark/selected/walk/south-east/frame_004.png using Guid(db930ddbd3fa09548baa788dc43bee27) (TextureImporter) -> (artifact id: 'b8306f84b9890d33c6d1c04fa3f4bf4c') in 0.0041297 seconds
Refreshing native plugins compatible for Editor in 1.63 ms, found 4 plugins.
Preloading 0 native plugins for Editor in 0.00 ms.
Asset Pipeline Refresh (id=8c13d76ad9ae541468e6bd9485d1a5e8): Total: 0.018 seconds - Initiated by StopAssetImportingV2(NoUpdateAssetOptions)
Start importing Assets/NoSafeCircle/DoorPrototype/Art/Wizard/Source/PixelLab/masculine-dark/selected/walk/south-east/frame_004.png using Guid(db930ddbd3fa09548baa788dc43bee27) (TextureImporter) -> (artifact id: 'b8306f84b9890d33c6d1c04fa3f4bf4c') in 0.0040128 seconds
Refreshing native plugins compatible for Editor in 1.70 ms, found 4 plugins.
Preloading 0 native plugins for Editor in 0.00 ms.
Asset Pipeline Refresh (id=7377dac6248f0c041aba4a40953ec14e): Total: 0.018 seconds - Initiated by StopAssetImportingV2(NoUpdateAssetOptions)
Start importing Assets/NoSafeCircle/DoorPrototype/Art/Wizard/Source/PixelLab/masculine-dark/selected/walk/south-east/frame_005.png using Guid(c3ba11f3d98a06944af95355c90ab0dc) (TextureImporter) -> (artifact id: '56c06f31d87e7d7f968dda54ee749a16') in 0.0046354 seconds
Refreshing native plugins compatible for Editor in 1.64 ms, found 4 plugins.
Preloading 0 native plugins for Editor in 0.00 ms.
Asset Pipeline Refresh (id=592d11b2f9d63bd4ea3c34f9ba367a4d): Total: 0.022 seconds - Initiated by StopAssetImportingV2(NoUpdateAssetOptions)
Start importing Assets/NoSafeCircle/DoorPrototype/Art/Wizard/Source/PixelLab/masculine-dark/selected/walk/south-east/frame_005.png using Guid(c3ba11f3d98a06944af95355c90ab0dc) (TextureImporter) -> (artifact id: '56c06f31d87e7d7f968dda54ee749a16') in 0.0036971 seconds
Refreshing native plugins compatible for Editor in 1.61 ms, found 4 plugins.
Preloading 0 native plugins for Editor in 0.00 ms.
Asset Pipeline Refresh (id=825b2005ff8281e4dbb3c4f4c0ce7649): Total: 0.019 seconds - Initiated by StopAssetImportingV2(NoUpdateAssetOptions)
Start importing Assets/NoSafeCircle/DoorPrototype/Art/Wizard/Generated/Wizard_Masculine_Black_walk_south-east.anim using Guid(468e8b10a6a848c4f9dfa20eb126eb05) (NativeFormatImporter) -> (artifact id: '930376f2bb818c0ac0ceec507ae994c4') in 0.0019883 seconds
Refreshing native plugins compatible for Editor in 1.74 ms, found 4 plugins.
Preloading 0 native plugins for Editor in 0.00 ms.
Asset Pipeline Refresh (id=aab92d0afd57d8a4c8c3d9a95de4611b): Total: 0.016 seconds - Initiated by StopAssetImportingV2(NoUpdateAssetOptions)
Start importing Assets/NoSafeCircle/DoorPrototype/Art/Wizard/Source/PixelLab/masculine-dark/selected/standing/south.png using Guid(e4176867d0e8e284d9cc11f06e1338df) (TextureImporter) -> (artifact id: '304b0fcfe56d81fab628df5211f0f7e1') in 0.0053642 seconds
Refreshing native plugins compatible for Editor in 1.75 ms, found 4 plugins.
Preloading 0 native plugins for Editor in 0.00 ms.
Asset Pipeline Refresh (id=1f9b9e63c831a5b4786cac489790ff14): Total: 0.021 seconds - Initiated by StopAssetImportingV2(NoUpdateAssetOptions)
Start importing Assets/NoSafeCircle/DoorPrototype/Art/Wizard/Source/PixelLab/masculine-dark/selected/standing/south.png using Guid(e4176867d0e8e284d9cc11f06e1338df) (TextureImporter) -> (artifact id: '304b0fcfe56d81fab628df5211f0f7e1') in 0.0051581 seconds
Refreshing native plugins compatible for Editor in 1.60 ms, found 4 plugins.
Preloading 0 native plugins for Editor in 0.00 ms.
Asset Pipeline Refresh (id=d1c687e54fec61a43a8b49c1654f1c1c): Total: 0.021 seconds - Initiated by StopAssetImportingV2(NoUpdateAssetOptions)
Start importing Assets/NoSafeCircle/DoorPrototype/Art/Wizard/Generated/Wizard_Masculine_Black_idle_south.anim using Guid(8d71b76561a4c8344b95246b8bc3a810) (NativeFormatImporter) -> (artifact id: '8e8968b8b35bbf1d5808778f02ffd7dc') in 0.0015521 seconds
Refreshing native plugins compatible for Editor in 2.04 ms, found 4 plugins.
Preloading 0 native plugins for Editor in 0.00 ms.
Asset Pipeline Refresh (id=bfd9d28b7ee20aa4dbf9bba429f95d3a): Total: 0.016 seconds - Initiated by StopAssetImportingV2(NoUpdateAssetOptions)
Start importing Assets/NoSafeCircle/DoorPrototype/Art/Wizard/Source/PixelLab/masculine-dark/selected/walk/south/frame_000.png using Guid(2e7e3884040ecbeb6353a78b14185e16) (TextureImporter) -> (artifact id: '332b40aeb60dd93ca9e40eda37b2a336') in 0.0049354 seconds
Refreshing native plugins compatible for Editor in 1.85 ms, found 4 plugins.
Preloading 0 native plugins for Editor in 0.00 ms.
Asset Pipeline Refresh (id=eb0dd3f88a5a6aa44852010c9640a21b): Total: 0.019 seconds - Initiated by StopAssetImportingV2(NoUpdateAssetOptions)
Start importing Assets/NoSafeCircle/DoorPrototype/Art/Wizard/Source/PixelLab/masculine-dark/selected/walk/south/frame_000.png using Guid(2e7e3884040ecbeb6353a78b14185e16) (TextureImporter) -> (artifact id: '3fbb0337b43c257e45fe8b79c266fda8') in 0.0041421 seconds
Refreshing native plugins compatible for Editor in 1.66 ms, found 4 plugins.
Preloading 0 native plugins for Editor in 0.00 ms.
Asset Pipeline Refresh (id=e0f815d535eda89498445141e542c42b): Total: 0.023 seconds - Initiated by StopAssetImportingV2(NoUpdateAssetOptions)
Start importing Assets/NoSafeCircle/DoorPrototype/Art/Wizard/Source/PixelLab/masculine-dark/selected/walk/south/frame_001.png using Guid(8afc64595dd27c9bfbb60547e5274a6a) (TextureImporter) -> (artifact id: 'e2580a9e9ad97c55b001ed81e84dfb94') in 0.0046803 seconds
Refreshing native plugins compatible for Editor in 1.88 ms, found 4 plugins.
Preloading 0 native plugins for Editor in 0.00 ms.
Asset Pipeline Refresh (id=9e378165b1a84ca4fb4a962f53ceae4e): Total: 0.021 seconds - Initiated by StopAssetImportingV2(NoUpdateAssetOptions)
Start importing Assets/NoSafeCircle/DoorPrototype/Art/Wizard/Source/PixelLab/masculine-dark/selected/walk/south/frame_001.png using Guid(8afc64595dd27c9bfbb60547e5274a6a) (TextureImporter) -> (artifact id: '585e20f365c869f5864da6bb00feed53') in 0.004109 seconds
Refreshing native plugins compatible for Editor in 1.86 ms, found 4 plugins.
Preloading 0 native plugins for Editor in 0.00 ms.
Asset Pipeline Refresh (id=613e9fa9bac6c864eb0a9bc33c81b4b5): Total: 0.024 seconds - Initiated by StopAssetImportingV2(NoUpdateAssetOptions)
Start importing Assets/NoSafeCircle/DoorPrototype/Art/Wizard/Source/PixelLab/masculine-dark/selected/walk/south/frame_002.png using Guid(d34c027d35a30a988f3e1d6e15c8c6e2) (TextureImporter) -> (artifact id: '6472a270e855cc0d6fdf4266317b8470') in 0.0045093 seconds
Refreshing native plugins compatible for Editor in 1.65 ms, found 4 plugins.
Preloading 0 native plugins for Editor in 0.00 ms.
Asset Pipeline Refresh (id=42bdf77e6e274f940b27a0af5441c5d4): Total: 0.017 seconds - Initiated by StopAssetImportingV2(NoUpdateAssetOptions)
Start importing Assets/NoSafeCircle/DoorPrototype/Art/Wizard/Source/PixelLab/masculine-dark/selected/walk/south/frame_002.png using Guid(d34c027d35a30a988f3e1d6e15c8c6e2) (TextureImporter) -> (artifact id: '3a8f6fd4db869660fb36a019662ee58c') in 0.0043737 seconds
Refreshing native plugins compatible for Editor in 1.68 ms, found 4 plugins.
Preloading 0 native plugins for Editor in 0.00 ms.
Asset Pipeline Refresh (id=b15ad49730c86574f80cbf86016ce1c5): Total: 0.026 seconds - Initiated by StopAssetImportingV2(NoUpdateAssetOptions)
Start importing Assets/NoSafeCircle/DoorPrototype/Art/Wizard/Source/PixelLab/masculine-dark/selected/walk/south/frame_003.png using Guid(1b0ff1660e930c0b34ccdab93264aaf2) (TextureImporter) -> (artifact id: 'd74ffdbe369c7e7addece2c171e661bf') in 0.0041027 seconds
Refreshing native plugins compatible for Editor in 1.63 ms, found 4 plugins.
Preloading 0 native plugins for Editor in 0.00 ms.
Asset Pipeline Refresh (id=63484ff2f8097c1429d31d726e8dfd73): Total: 0.019 seconds - Initiated by StopAssetImportingV2(NoUpdateAssetOptions)
Start importing Assets/NoSafeCircle/DoorPrototype/Art/Wizard/Source/PixelLab/masculine-dark/selected/walk/south/frame_003.png using Guid(1b0ff1660e930c0b34ccdab93264aaf2) (TextureImporter) -> (artifact id: '8327ac2fcb94b8995faec65084f02ced') in 0.004291 seconds
Refreshing native plugins compatible for Editor in 1.60 ms, found 4 plugins.
Preloading 0 native plugins for Editor in 0.00 ms.
Asset Pipeline Refresh (id=155970a9312d61c429b363315349aa1e): Total: 0.023 seconds - Initiated by StopAssetImportingV2(NoUpdateAssetOptions)
Start importing Assets/NoSafeCircle/DoorPrototype/Art/Wizard/Source/PixelLab/masculine-dark/selected/walk/south/frame_004.png using Guid(0820813ff9b01f44ad21488c5c8529ab) (TextureImporter) -> (artifact id: 'f00cb253d35ec4a256b76dd9ae9be4b7') in 0.0048076 seconds
Refreshing native plugins compatible for Editor in 1.73 ms, found 4 plugins.
Preloading 0 native plugins for Editor in 0.00 ms.
Asset Pipeline Refresh (id=2df0c703cb2c6444da7146a3696f4233): Total: 0.018 seconds - Initiated by StopAssetImportingV2(NoUpdateAssetOptions)
Start importing Assets/NoSafeCircle/DoorPrototype/Art/Wizard/Source/PixelLab/masculine-dark/selected/walk/south/frame_004.png using Guid(0820813ff9b01f44ad21488c5c8529ab) (TextureImporter) -> (artifact id: '123cf84626b93332b774dc90dc3a5eb1') in 0.0039722 seconds
Refreshing native plugins compatible for Editor in 1.66 ms, found 4 plugins.
Preloading 0 native plugins for Editor in 0.00 ms.
Asset Pipeline Refresh (id=e5178efeb86c214418ec230cc02796c1): Total: 0.026 seconds - Initiated by StopAssetImportingV2(NoUpdateAssetOptions)
Start importing Assets/NoSafeCircle/DoorPrototype/Art/Wizard/Source/PixelLab/masculine-dark/selected/walk/south/frame_005.png using Guid(50cbf2857b24fe11f963b2b35be72f8c) (TextureImporter) -> (artifact id: '2750976121450013c398567f6efbcb03') in 0.0042649 seconds
Refreshing native plugins compatible for Editor in 1.64 ms, found 4 plugins.
Preloading 0 native plugins for Editor in 0.00 ms.
Asset Pipeline Refresh (id=13cc5eb00bf8c8741af1ba19cb5d968b): Total: 0.019 seconds - Initiated by StopAssetImportingV2(NoUpdateAssetOptions)
Start importing Assets/NoSafeCircle/DoorPrototype/Art/Wizard/Source/PixelLab/masculine-dark/selected/walk/south/frame_005.png using Guid(50cbf2857b24fe11f963b2b35be72f8c) (TextureImporter) -> (artifact id: 'c3f11070242a375b5545434e4beba0a7') in 0.0037973 seconds
Refreshing native plugins compatible for Editor in 3.47 ms, found 4 plugins.
Preloading 0 native plugins for Editor in 0.00 ms.
Asset Pipeline Refresh (id=ae40a5ffec9ff5544809579d6d772f64): Total: 0.025 seconds - Initiated by StopAssetImportingV2(NoUpdateAssetOptions)
Start importing Assets/NoSafeCircle/DoorPrototype/Art/Wizard/Generated/Wizard_Masculine_Black_walk_south.anim using Guid(4a7ea61968d7a3f4e8b596ddf55152b0) (NativeFormatImporter) -> (artifact id: 'c1dbf8d4fb856c8b29db3e94808faaba') in 0.003346 seconds
Refreshing native plugins compatible for Editor in 3.18 ms, found 4 plugins.
Preloading 0 native plugins for Editor in 0.00 ms.
Asset Pipeline Refresh (id=7a197eb0c2c8ab74d8f0a977932feccc): Total: 0.024 seconds - Initiated by StopAssetImportingV2(NoUpdateAssetOptions)
Start importing Assets/NoSafeCircle/DoorPrototype/Art/Wizard/Source/PixelLab/masculine-dark/selected/standing/south-west.png using Guid(9beca6eb733e13b47adf2a5ef994fc16) (TextureImporter) -> (artifact id: 'f535571f993a89e9404f7172871e0f78') in 0.00548 seconds
Refreshing native plugins compatible for Editor in 1.73 ms, found 4 plugins.
Preloading 0 native plugins for Editor in 0.00 ms.
Asset Pipeline Refresh (id=3ce198bb405487c4a9c9558089750fca): Total: 0.025 seconds - Initiated by StopAssetImportingV2(NoUpdateAssetOptions)
Start importing Assets/NoSafeCircle/DoorPrototype/Art/Wizard/Source/PixelLab/masculine-dark/selected/standing/south-west.png using Guid(9beca6eb733e13b47adf2a5ef994fc16) (TextureImporter) -> (artifact id: 'f535571f993a89e9404f7172871e0f78') in 0.0045684 seconds
Refreshing native plugins compatible for Editor in 1.65 ms, found 4 plugins.
Preloading 0 native plugins for Editor in 0.00 ms.
Asset Pipeline Refresh (id=cc84f0e14406dda4ea579dcd58156ce0): Total: 0.020 seconds - Initiated by StopAssetImportingV2(NoUpdateAssetOptions)
Start importing Assets/NoSafeCircle/DoorPrototype/Art/Wizard/Generated/Wizard_Masculine_Black_idle_south-west.anim using Guid(c25f1674d3647dc48af767d514f21035) (NativeFormatImporter) -> (artifact id: 'a9b4cc3a1c2a905d28dc80391fd6148f') in 0.0015446 seconds
Refreshing native plugins compatible for Editor in 1.95 ms, found 4 plugins.
Preloading 0 native plugins for Editor in 0.00 ms.
Asset Pipeline Refresh (id=7574448e96d07624c8486adde1b5638c): Total: 0.016 seconds - Initiated by StopAssetImportingV2(NoUpdateAssetOptions)
Start importing Assets/NoSafeCircle/DoorPrototype/Art/Wizard/Source/PixelLab/masculine-dark/selected/walk/south-west/frame_000.png using Guid(776f5c35d81166b44ab22e18dc0146a5) (TextureImporter) -> (artifact id: '66ed380b191e0083940989d17523b553') in 0.0039848 seconds
Refreshing native plugins compatible for Editor in 1.69 ms, found 4 plugins.
Preloading 0 native plugins for Editor in 0.00 ms.
Asset Pipeline Refresh (id=0667c05d64404dd46b65141b439bf0ba): Total: 0.020 seconds - Initiated by StopAssetImportingV2(NoUpdateAssetOptions)
Start importing Assets/NoSafeCircle/DoorPrototype/Art/Wizard/Source/PixelLab/masculine-dark/selected/walk/south-west/frame_000.png using Guid(776f5c35d81166b44ab22e18dc0146a5) (TextureImporter) -> (artifact id: '66ed380b191e0083940989d17523b553') in 0.003184 seconds
Refreshing native plugins compatible for Editor in 1.64 ms, found 4 plugins.
Preloading 0 native plugins for Editor in 0.00 ms.
Asset Pipeline Refresh (id=6b00be79b8f9fa74aa6f3089a17a890d): Total: 0.020 seconds - Initiated by StopAssetImportingV2(NoUpdateAssetOptions)
Start importing Assets/NoSafeCircle/DoorPrototype/Art/Wizard/Source/PixelLab/masculine-dark/selected/walk/south-west/frame_001.png using Guid(2cd3b109b7aec9740aa8c8908862f1c9) (TextureImporter) -> (artifact id: '88e3613c0665f217ee32930e5e467f0e') in 0.0039318 seconds
Refreshing native plugins compatible for Editor in 3.16 ms, found 4 plugins.
Preloading 0 native plugins for Editor in 0.00 ms.
Asset Pipeline Refresh (id=b5f7f1ba9dc21574581416535b6b1e25): Total: 0.019 seconds - Initiated by StopAssetImportingV2(NoUpdateAssetOptions)
Start importing Assets/NoSafeCircle/DoorPrototype/Art/Wizard/Source/PixelLab/masculine-dark/selected/walk/south-west/frame_001.png using Guid(2cd3b109b7aec9740aa8c8908862f1c9) (TextureImporter) -> (artifact id: '88e3613c0665f217ee32930e5e467f0e') in 0.0039149 seconds
Refreshing native plugins compatible for Editor in 1.69 ms, found 4 plugins.
Preloading 0 native plugins for Editor in 0.00 ms.
Asset Pipeline Refresh (id=020cc242311ee7544bd2444aa5c84917): Total: 0.018 seconds - Initiated by StopAssetImportingV2(NoUpdateAssetOptions)
Start importing Assets/NoSafeCircle/DoorPrototype/Art/Wizard/Source/PixelLab/masculine-dark/selected/walk/south-west/frame_002.png using Guid(c40791ff841863a419cdc5ee365aa963) (TextureImporter) -> (artifact id: 'ab140908fb4c1e1ad4bd6e59dbbebdc6') in 0.0041919 seconds
Refreshing native plugins compatible for Editor in 1.89 ms, found 4 plugins.
Preloading 0 native plugins for Editor in 0.00 ms.
Asset Pipeline Refresh (id=480519de9d6b8e74f80dc6fa8bc1aeb1): Total: 0.019 seconds - Initiated by StopAssetImportingV2(NoUpdateAssetOptions)
Start importing Assets/NoSafeCircle/DoorPrototype/Art/Wizard/Source/PixelLab/masculine-dark/selected/walk/south-west/frame_002.png using Guid(c40791ff841863a419cdc5ee365aa963) (TextureImporter) -> (artifact id: 'ab140908fb4c1e1ad4bd6e59dbbebdc6') in 0.00359 seconds
Refreshing native plugins compatible for Editor in 2.24 ms, found 4 plugins.
Preloading 0 native plugins for Editor in 0.00 ms.
Asset Pipeline Refresh (id=76b85b973ae781b468def2e36cbde26d): Total: 0.019 seconds - Initiated by StopAssetImportingV2(NoUpdateAssetOptions)
Start importing Assets/NoSafeCircle/DoorPrototype/Art/Wizard/Source/PixelLab/masculine-dark/selected/walk/south-west/frame_003.png using Guid(d637417f30449724dafcf42e356b1f56) (TextureImporter) -> (artifact id: '1edaf77155634effcf6738d518e9b9e7') in 0.0041523 seconds
Refreshing native plugins compatible for Editor in 1.65 ms, found 4 plugins.
Preloading 0 native plugins for Editor in 0.00 ms.
Asset Pipeline Refresh (id=287b96c9da0bf134e9200e18771c96d6): Total: 0.018 seconds - Initiated by StopAssetImportingV2(NoUpdateAssetOptions)
Start importing Assets/NoSafeCircle/DoorPrototype/Art/Wizard/Source/PixelLab/masculine-dark/selected/walk/south-west/frame_003.png using Guid(d637417f30449724dafcf42e356b1f56) (TextureImporter) -> (artifact id: '1edaf77155634effcf6738d518e9b9e7') in 0.0038056 seconds
Refreshing native plugins compatible for Editor in 1.60 ms, found 4 plugins.
Preloading 0 native plugins for Editor in 0.00 ms.
Asset Pipeline Refresh (id=75fb3e77a7f17c54187728e007ee05f7): Total: 0.019 seconds - Initiated by StopAssetImportingV2(NoUpdateAssetOptions)
Start importing Assets/NoSafeCircle/DoorPrototype/Art/Wizard/Source/PixelLab/masculine-dark/selected/walk/south-west/frame_004.png using Guid(5c5d970a282cced45a93a2cac9cee61f) (TextureImporter) -> (artifact id: '0ae2238ac0dd4f5c4e817dfac2d26586') in 0.004188 seconds
Refreshing native plugins compatible for Editor in 1.71 ms, found 4 plugins.
Preloading 0 native plugins for Editor in 0.00 ms.
Asset Pipeline Refresh (id=4b360252e6f97fd4babb301a856e24ab): Total: 0.018 seconds - Initiated by StopAssetImportingV2(NoUpdateAssetOptions)
Start importing Assets/NoSafeCircle/DoorPrototype/Art/Wizard/Source/PixelLab/masculine-dark/selected/walk/south-west/frame_004.png using Guid(5c5d970a282cced45a93a2cac9cee61f) (TextureImporter) -> (artifact id: '0ae2238ac0dd4f5c4e817dfac2d26586') in 0.0035467 seconds
Refreshing native plugins compatible for Editor in 2.26 ms, found 4 plugins.
Preloading 0 native plugins for Editor in 0.00 ms.
Asset Pipeline Refresh (id=76bfe11ab8b244d4da0ca37176792f34): Total: 0.018 seconds - Initiated by StopAssetImportingV2(NoUpdateAssetOptions)
Start importing Assets/NoSafeCircle/DoorPrototype/Art/Wizard/Source/PixelLab/masculine-dark/selected/walk/south-west/frame_005.png using Guid(1445c2a3f84863d4b807f983659fcfb0) (TextureImporter) -> (artifact id: '81fb035ef66af4ad84f36308b75b0fb2') in 0.004317 seconds
Refreshing native plugins compatible for Editor in 1.69 ms, found 4 plugins.
Preloading 0 native plugins for Editor in 0.00 ms.
Asset Pipeline Refresh (id=395bfc625a435c04daf8c8d77f822a5a): Total: 0.020 seconds - Initiated by StopAssetImportingV2(NoUpdateAssetOptions)
Start importing Assets/NoSafeCircle/DoorPrototype/Art/Wizard/Source/PixelLab/masculine-dark/selected/walk/south-west/frame_005.png using Guid(1445c2a3f84863d4b807f983659fcfb0) (TextureImporter) -> (artifact id: '81fb035ef66af4ad84f36308b75b0fb2') in 0.0036089 seconds
Refreshing native plugins compatible for Editor in 1.64 ms, found 4 plugins.
Preloading 0 native plugins for Editor in 0.00 ms.
Asset Pipeline Refresh (id=2ed3a42560e2a9c4392ac2ec48eecca4): Total: 0.019 seconds - Initiated by StopAssetImportingV2(NoUpdateAssetOptions)
Start importing Assets/NoSafeCircle/DoorPrototype/Art/Wizard/Generated/Wizard_Masculine_Black_walk_south-west.anim using Guid(72ae457a93eb234459c3362196a53f69) (NativeFormatImporter) -> (artifact id: 'a4dbe88908005c57969dbcf188d6a23f') in 0.0020164 seconds
Refreshing native plugins compatible for Editor in 1.80 ms, found 4 plugins.
Preloading 0 native plugins for Editor in 0.00 ms.
Asset Pipeline Refresh (id=337afb6236730cb47ad1a1097405c199): Total: 0.016 seconds - Initiated by StopAssetImportingV2(NoUpdateAssetOptions)
Start importing Assets/NoSafeCircle/DoorPrototype/Art/Wizard/Source/PixelLab/masculine-dark/selected/standing/west.png using Guid(73a6621521f4b884db960ca03998e8fe) (TextureImporter) -> (artifact id: '7adf28fff782a222e54fa235543ff0b0') in 0.0048318 seconds
Refreshing native plugins compatible for Editor in 1.83 ms, found 4 plugins.
Preloading 0 native plugins for Editor in 0.00 ms.
Asset Pipeline Refresh (id=76ee6128363aafa45910881ee839a690): Total: 0.021 seconds - Initiated by StopAssetImportingV2(NoUpdateAssetOptions)
Start importing Assets/NoSafeCircle/DoorPrototype/Art/Wizard/Source/PixelLab/masculine-dark/selected/standing/west.png using Guid(73a6621521f4b884db960ca03998e8fe) (TextureImporter) -> (artifact id: '7adf28fff782a222e54fa235543ff0b0') in 0.005099 seconds
Refreshing native plugins compatible for Editor in 1.72 ms, found 4 plugins.
Preloading 0 native plugins for Editor in 0.00 ms.
Asset Pipeline Refresh (id=10746ffb659c760489a46c7b8b325e04): Total: 0.021 seconds - Initiated by StopAssetImportingV2(NoUpdateAssetOptions)
Start importing Assets/NoSafeCircle/DoorPrototype/Art/Wizard/Generated/Wizard_Masculine_Black_idle_west.anim using Guid(c45b838879a92644c8ea0eca25129aaf) (NativeFormatImporter) -> (artifact id: 'bbbf537913a76b959da2ca0f76dc476d') in 0.0017512 seconds
Refreshing native plugins compatible for Editor in 1.98 ms, found 4 plugins.
Preloading 0 native plugins for Editor in 0.00 ms.
Asset Pipeline Refresh (id=a5adde3a00e49e44486681f6b33ced2d): Total: 0.015 seconds - Initiated by StopAssetImportingV2(NoUpdateAssetOptions)
Start importing Assets/NoSafeCircle/DoorPrototype/Art/Wizard/Source/PixelLab/masculine-dark/selected/walk/west/frame_000.png using Guid(406a33f1039036d8f903542c3ff0931d) (TextureImporter) -> (artifact id: '971e7f645eea598d52b95481a6f7239a') in 0.0036428 seconds
Refreshing native plugins compatible for Editor in 1.83 ms, found 4 plugins.
Preloading 0 native plugins for Editor in 0.00 ms.
Asset Pipeline Refresh (id=a5b3733665637c3489724506653db817): Total: 0.019 seconds - Initiated by StopAssetImportingV2(NoUpdateAssetOptions)
Start importing Assets/NoSafeCircle/DoorPrototype/Art/Wizard/Source/PixelLab/masculine-dark/selected/walk/west/frame_000.png using Guid(406a33f1039036d8f903542c3ff0931d) (TextureImporter) -> (artifact id: 'b0b860b7216b8d90ef9fc62f15c40ea9') in 0.0040737 seconds
Refreshing native plugins compatible for Editor in 2.08 ms, found 4 plugins.
Preloading 0 native plugins for Editor in 0.00 ms.
Asset Pipeline Refresh (id=678540fd95606874cabd7f8c16dedf68): Total: 0.026 seconds - Initiated by StopAssetImportingV2(NoUpdateAssetOptions)
Start importing Assets/NoSafeCircle/DoorPrototype/Art/Wizard/Source/PixelLab/masculine-dark/selected/walk/west/frame_001.png using Guid(e19a72f5dc58d02c35a833eb49b127d2) (TextureImporter) -> (artifact id: 'ea01b18d081ddd34bb995de7e6c81dbc') in 0.0041418 seconds
Refreshing native plugins compatible for Editor in 2.40 ms, found 4 plugins.
Preloading 0 native plugins for Editor in 0.00 ms.
Asset Pipeline Refresh (id=e2ba5698614c0d0478f708a0aed4e113): Total: 0.019 seconds - Initiated by StopAssetImportingV2(NoUpdateAssetOptions)
Start importing Assets/NoSafeCircle/DoorPrototype/Art/Wizard/Source/PixelLab/masculine-dark/selected/walk/west/frame_001.png using Guid(e19a72f5dc58d02c35a833eb49b127d2) (TextureImporter) -> (artifact id: 'ed715ec4621128fb7384187db4e8fd27') in 0.0041932 seconds
Refreshing native plugins compatible for Editor in 3.31 ms, found 4 plugins.
Preloading 0 native plugins for Editor in 0.00 ms.
Asset Pipeline Refresh (id=f97492cd6ca9d344db1b699989f97bd6): Total: 0.025 seconds - Initiated by StopAssetImportingV2(NoUpdateAssetOptions)
Start importing Assets/NoSafeCircle/DoorPrototype/Art/Wizard/Source/PixelLab/masculine-dark/selected/walk/west/frame_002.png using Guid(610c0ce4bb33582a32ff09768acb0653) (TextureImporter) -> (artifact id: '1f13ecf7a0bd8805015c92444fb84988') in 0.0044831 seconds
Refreshing native plugins compatible for Editor in 1.67 ms, found 4 plugins.
Preloading 0 native plugins for Editor in 0.00 ms.
Asset Pipeline Refresh (id=5bde19a3d65449742b4d8d71430e5a79): Total: 0.020 seconds - Initiated by StopAssetImportingV2(NoUpdateAssetOptions)
Start importing Assets/NoSafeCircle/DoorPrototype/Art/Wizard/Source/PixelLab/masculine-dark/selected/walk/west/frame_002.png using Guid(610c0ce4bb33582a32ff09768acb0653) (TextureImporter) -> (artifact id: '67621e6fb1031a6b49bd43ba957299c3') in 0.003932 seconds
Refreshing native plugins compatible for Editor in 2.80 ms, found 4 plugins.
Preloading 0 native plugins for Editor in 0.00 ms.
Asset Pipeline Refresh (id=8bf31f8c6a75eff4ba8227a6020683df): Total: 0.028 seconds - Initiated by StopAssetImportingV2(NoUpdateAssetOptions)
Start importing Assets/NoSafeCircle/DoorPrototype/Art/Wizard/Source/PixelLab/masculine-dark/selected/walk/west/frame_003.png using Guid(daa82697d89b247fb7fb9cdccb98ac1d) (TextureImporter) -> (artifact id: '00400054c95a0b0dcce497981f021932') in 0.004186 seconds
Refreshing native plugins compatible for Editor in 2.11 ms, found 4 plugins.
Preloading 0 native plugins for Editor in 0.00 ms.
Asset Pipeline Refresh (id=32a0c19e3e8c33d42af657d9b8ff0e3a): Total: 0.019 seconds - Initiated by StopAssetImportingV2(NoUpdateAssetOptions)
Start importing Assets/NoSafeCircle/DoorPrototype/Art/Wizard/Source/PixelLab/masculine-dark/selected/walk/west/frame_003.png using Guid(daa82697d89b247fb7fb9cdccb98ac1d) (TextureImporter) -> (artifact id: 'ef5c1c6ee19dd615381e4d9174640dce') in 0.0036953 seconds
Refreshing native plugins compatible for Editor in 1.77 ms, found 4 plugins.
Preloading 0 native plugins for Editor in 0.00 ms.
Asset Pipeline Refresh (id=66b77b83a60c4194f92098818b8cacdc): Total: 0.027 seconds - Initiated by StopAssetImportingV2(NoUpdateAssetOptions)
Start importing Assets/NoSafeCircle/DoorPrototype/Art/Wizard/Source/PixelLab/masculine-dark/selected/walk/west/frame_004.png using Guid(7a1a9d29eb53e33c17c9498195bad446) (TextureImporter) -> (artifact id: '0d834c1f7f092afe6315f4eb84d10a5f') in 0.0040015 seconds
Refreshing native plugins compatible for Editor in 1.65 ms, found 4 plugins.
Preloading 0 native plugins for Editor in 0.00 ms.
Asset Pipeline Refresh (id=ed6f54e8fcdbfbe4c9226c541e523627): Total: 0.018 seconds - Initiated by StopAssetImportingV2(NoUpdateAssetOptions)
Start importing Assets/NoSafeCircle/DoorPrototype/Art/Wizard/Source/PixelLab/masculine-dark/selected/walk/west/frame_004.png using Guid(7a1a9d29eb53e33c17c9498195bad446) (TextureImporter) -> (artifact id: 'f2ccfec16bfc3d5ba46aef8d0c6563d0') in 0.0038005 seconds
Refreshing native plugins compatible for Editor in 2.15 ms, found 4 plugins.
Preloading 0 native plugins for Editor in 0.00 ms.
Asset Pipeline Refresh (id=dc1bf5682fb3b7445bf10b714f704588): Total: 0.026 seconds - Initiated by StopAssetImportingV2(NoUpdateAssetOptions)
Start importing Assets/NoSafeCircle/DoorPrototype/Art/Wizard/Source/PixelLab/masculine-dark/selected/walk/west/frame_005.png using Guid(1f15844ac48192cc77a6759f789cf408) (TextureImporter) -> (artifact id: 'b01069521957b43095a6ec3b248544fb') in 0.0039493 seconds
Refreshing native plugins compatible for Editor in 1.78 ms, found 4 plugins.
Preloading 0 native plugins for Editor in 0.00 ms.
Asset Pipeline Refresh (id=4ba1a0e57e26bd149a5b7c37e1807597): Total: 0.018 seconds - Initiated by StopAssetImportingV2(NoUpdateAssetOptions)
Start importing Assets/NoSafeCircle/DoorPrototype/Art/Wizard/Source/PixelLab/masculine-dark/selected/walk/west/frame_005.png using Guid(1f15844ac48192cc77a6759f789cf408) (TextureImporter) -> (artifact id: 'ecf84556795e658db6b064e86d8cfcc4') in 0.0035988 seconds
Refreshing native plugins compatible for Editor in 1.89 ms, found 4 plugins.
Preloading 0 native plugins for Editor in 0.00 ms.
Asset Pipeline Refresh (id=6d1ec6d25dcf28745bb68df0c5d56067): Total: 0.024 seconds - Initiated by StopAssetImportingV2(NoUpdateAssetOptions)
Start importing Assets/NoSafeCircle/DoorPrototype/Art/Wizard/Generated/Wizard_Masculine_Black_walk_west.anim using Guid(48dfce476ebe0834c9251f773ef241fb) (NativeFormatImporter) -> (artifact id: 'e0c2d5bef8f3cc552a2de2e82e3ba8a5') in 0.00217 seconds
Refreshing native plugins compatible for Editor in 1.71 ms, found 4 plugins.
Preloading 0 native plugins for Editor in 0.00 ms.
Asset Pipeline Refresh (id=f9e99542703038f41a180a3c86308351): Total: 0.017 seconds - Initiated by StopAssetImportingV2(NoUpdateAssetOptions)
Start importing Assets/NoSafeCircle/DoorPrototype/Art/Wizard/Source/PixelLab/masculine-dark/selected/standing/north-west.png using Guid(e75263b3690bab04b8176ae917d18d88) (TextureImporter) -> (artifact id: '0535b61d9380e4f2bc865a11da9ebc76') in 0.0065783 seconds
Refreshing native plugins compatible for Editor in 1.95 ms, found 4 plugins.
Preloading 0 native plugins for Editor in 0.00 ms.
Asset Pipeline Refresh (id=acc916755a5b3784bba443ca005f0321): Total: 0.026 seconds - Initiated by StopAssetImportingV2(NoUpdateAssetOptions)
Start importing Assets/NoSafeCircle/DoorPrototype/Art/Wizard/Source/PixelLab/masculine-dark/selected/standing/north-west.png using Guid(e75263b3690bab04b8176ae917d18d88) (TextureImporter) -> (artifact id: '0535b61d9380e4f2bc865a11da9ebc76') in 0.0048272 seconds
Refreshing native plugins compatible for Editor in 1.65 ms, found 4 plugins.
Preloading 0 native plugins for Editor in 0.00 ms.
Asset Pipeline Refresh (id=ffd271a634b3d0347b20da7ca8d79707): Total: 0.022 seconds - Initiated by StopAssetImportingV2(NoUpdateAssetOptions)
Start importing Assets/NoSafeCircle/DoorPrototype/Art/Wizard/Generated/Wizard_Masculine_Black_idle_north-west.anim using Guid(d8d7214b5b33c7d45b473512f6a6b552) (NativeFormatImporter) -> (artifact id: 'c5174fedb345871cf9928c56649a7f4f') in 0.0021168 seconds
Refreshing native plugins compatible for Editor in 1.70 ms, found 4 plugins.
Preloading 0 native plugins for Editor in 0.00 ms.
Asset Pipeline Refresh (id=0e00092e4f21f3543bdf84408e8c86bd): Total: 0.017 seconds - Initiated by StopAssetImportingV2(NoUpdateAssetOptions)
Start importing Assets/NoSafeCircle/DoorPrototype/Art/Wizard/Source/PixelLab/masculine-dark/selected/walk/north-west/frame_000.png using Guid(59be03f1f8ed05044b44945bfb672c37) (TextureImporter) -> (artifact id: '44704bbcafc84cd6aa59d280537cb82e') in 0.00362 seconds
Refreshing native plugins compatible for Editor in 1.58 ms, found 4 plugins.
Preloading 0 native plugins for Editor in 0.00 ms.
Asset Pipeline Refresh (id=c2ac0a6eb96163b46a47d4e038d6ab81): Total: 0.018 seconds - Initiated by StopAssetImportingV2(NoUpdateAssetOptions)
Start importing Assets/NoSafeCircle/DoorPrototype/Art/Wizard/Source/PixelLab/masculine-dark/selected/walk/north-west/frame_000.png using Guid(59be03f1f8ed05044b44945bfb672c37) (TextureImporter) -> (artifact id: '44704bbcafc84cd6aa59d280537cb82e') in 0.0033853 seconds
Refreshing native plugins compatible for Editor in 1.67 ms, found 4 plugins.
Preloading 0 native plugins for Editor in 0.00 ms.
Asset Pipeline Refresh (id=01ce42813a91e3742a3a0e48f25930a0): Total: 0.020 seconds - Initiated by StopAssetImportingV2(NoUpdateAssetOptions)
Start importing Assets/NoSafeCircle/DoorPrototype/Art/Wizard/Source/PixelLab/masculine-dark/selected/walk/north-west/frame_001.png using Guid(ac8d39179fc68a0498b9c8efc35d1ea6) (TextureImporter) -> (artifact id: '857174a8c0a1c0a5ba4bf61ba72f8459') in 0.0043493 seconds
Refreshing native plugins compatible for Editor in 1.95 ms, found 4 plugins.
Preloading 0 native plugins for Editor in 0.00 ms.
Asset Pipeline Refresh (id=2a20f47090c4ca646aa57e1fe622e283): Total: 0.018 seconds - Initiated by StopAssetImportingV2(NoUpdateAssetOptions)
Start importing Assets/NoSafeCircle/DoorPrototype/Art/Wizard/Source/PixelLab/masculine-dark/selected/walk/north-west/frame_001.png using Guid(ac8d39179fc68a0498b9c8efc35d1ea6) (TextureImporter) -> (artifact id: '857174a8c0a1c0a5ba4bf61ba72f8459') in 0.0037216 seconds
Refreshing native plugins compatible for Editor in 1.76 ms, found 4 plugins.
Preloading 0 native plugins for Editor in 0.00 ms.
Asset Pipeline Refresh (id=75680583977363e4ca841c6ce9f65d71): Total: 0.019 seconds - Initiated by StopAssetImportingV2(NoUpdateAssetOptions)
Start importing Assets/NoSafeCircle/DoorPrototype/Art/Wizard/Source/PixelLab/masculine-dark/selected/walk/north-west/frame_002.png using Guid(47ac16eb16a35744190743cc30f44756) (TextureImporter) -> (artifact id: '7e63b6b83adf1f9873f0ddd8fe15d7e4') in 0.0042553 seconds
Refreshing native plugins compatible for Editor in 2.32 ms, found 4 plugins.
Preloading 0 native plugins for Editor in 0.00 ms.
Asset Pipeline Refresh (id=7cecb6eb0b66bad489189795f4363917): Total: 0.020 seconds - Initiated by StopAssetImportingV2(NoUpdateAssetOptions)
Start importing Assets/NoSafeCircle/DoorPrototype/Art/Wizard/Source/PixelLab/masculine-dark/selected/walk/north-west/frame_002.png using Guid(47ac16eb16a35744190743cc30f44756) (TextureImporter) -> (artifact id: '7e63b6b83adf1f9873f0ddd8fe15d7e4') in 0.0036402 seconds
Refreshing native plugins compatible for Editor in 2.02 ms, found 4 plugins.
Preloading 0 native plugins for Editor in 0.00 ms.
Asset Pipeline Refresh (id=3b57b0d65dd385746a242747a373f739): Total: 0.018 seconds - Initiated by StopAssetImportingV2(NoUpdateAssetOptions)
Start importing Assets/NoSafeCircle/DoorPrototype/Art/Wizard/Source/PixelLab/masculine-dark/selected/walk/north-west/frame_003.png using Guid(bd77fb88b248f494c9d5619b0b04fd2e) (TextureImporter) -> (artifact id: '433c65ccb349397a2f13b45686316954') in 0.0045166 seconds
Refreshing native plugins compatible for Editor in 3.11 ms, found 4 plugins.
Preloading 0 native plugins for Editor in 0.00 ms.
Asset Pipeline Refresh (id=e87158db28de2b04e898d743da8dd7dc): Total: 0.020 seconds - Initiated by StopAssetImportingV2(NoUpdateAssetOptions)
Start importing Assets/NoSafeCircle/DoorPrototype/Art/Wizard/Source/PixelLab/masculine-dark/selected/walk/north-west/frame_003.png using Guid(bd77fb88b248f494c9d5619b0b04fd2e) (TextureImporter) -> (artifact id: '433c65ccb349397a2f13b45686316954') in 0.0038157 seconds
Refreshing native plugins compatible for Editor in 2.05 ms, found 4 plugins.
Preloading 0 native plugins for Editor in 0.00 ms.
Asset Pipeline Refresh (id=27432dd491c7a2841a85fe729665ed41): Total: 0.018 seconds - Initiated by StopAssetImportingV2(NoUpdateAssetOptions)
Start importing Assets/NoSafeCircle/DoorPrototype/Art/Wizard/Source/PixelLab/masculine-dark/selected/walk/north-west/frame_004.png using Guid(68823b30a08d2a84c80a7e2d2c377c51) (TextureImporter) -> (artifact id: '1f8adf1fa82cb527aeed37c09002c511') in 0.0039136 seconds
Refreshing native plugins compatible for Editor in 1.67 ms, found 4 plugins.
Preloading 0 native plugins for Editor in 0.00 ms.
Asset Pipeline Refresh (id=c71a96197eecebc49b292ac8ece59757): Total: 0.018 seconds - Initiated by StopAssetImportingV2(NoUpdateAssetOptions)
Start importing Assets/NoSafeCircle/DoorPrototype/Art/Wizard/Source/PixelLab/masculine-dark/selected/walk/north-west/frame_004.png using Guid(68823b30a08d2a84c80a7e2d2c377c51) (TextureImporter) -> (artifact id: '1f8adf1fa82cb527aeed37c09002c511') in 0.0035951 seconds
Refreshing native plugins compatible for Editor in 1.65 ms, found 4 plugins.
Preloading 0 native plugins for Editor in 0.00 ms.
Asset Pipeline Refresh (id=a92ec1bf1bd0a4e4990c7a6d751e22b2): Total: 0.017 seconds - Initiated by StopAssetImportingV2(NoUpdateAssetOptions)
Start importing Assets/NoSafeCircle/DoorPrototype/Art/Wizard/Source/PixelLab/masculine-dark/selected/walk/north-west/frame_005.png using Guid(cbfaa1dec76a34840905881d83fcf717) (TextureImporter) -> (artifact id: '1d9b88969f326e7e83a00a6421d439ae') in 0.0047302 seconds
Refreshing native plugins compatible for Editor in 1.68 ms, found 4 plugins.
Preloading 0 native plugins for Editor in 0.00 ms.
Asset Pipeline Refresh (id=e5d75cba067b27c459e0a928d0739735): Total: 0.019 seconds - Initiated by StopAssetImportingV2(NoUpdateAssetOptions)
Start importing Assets/NoSafeCircle/DoorPrototype/Art/Wizard/Source/PixelLab/masculine-dark/selected/walk/north-west/frame_005.png using Guid(cbfaa1dec76a34840905881d83fcf717) (TextureImporter) -> (artifact id: '1d9b88969f326e7e83a00a6421d439ae') in 0.0039106 seconds
Refreshing native plugins compatible for Editor in 1.68 ms, found 4 plugins.
Preloading 0 native plugins for Editor in 0.00 ms.
Asset Pipeline Refresh (id=eee945baf2594d3458d289c0a1ff76cd): Total: 0.018 seconds - Initiated by StopAssetImportingV2(NoUpdateAssetOptions)
Start importing Assets/NoSafeCircle/DoorPrototype/Art/Wizard/Generated/Wizard_Masculine_Black_walk_north-west.anim using Guid(ffa34882f71fcbf4b8faf50c3d8281e4) (NativeFormatImporter) -> (artifact id: 'b5e48767b478eb5011ac9f89ddb4579b') in 0.0022129 seconds
Refreshing native plugins compatible for Editor in 1.64 ms, found 4 plugins.
Preloading 0 native plugins for Editor in 0.00 ms.
Asset Pipeline Refresh (id=e55a701b6a5054e4ba7989ecd87d30ef): Total: 0.016 seconds - Initiated by StopAssetImportingV2(NoUpdateAssetOptions)
Start importing Assets/NoSafeCircle/DoorPrototype/Art/Wizard/Source/PixelLab/feminine-light/selected/standing/north.png using Guid(ac9b52e1340fb394787642749536edb3) (TextureImporter) -> (artifact id: '805d1a789f89d8b3ad352598bc5abcc0') in 0.0050407 seconds
Refreshing native plugins compatible for Editor in 1.68 ms, found 4 plugins.
Preloading 0 native plugins for Editor in 0.00 ms.
Asset Pipeline Refresh (id=a1adbbfeb69a1e34d8ff26a4e9160fbc): Total: 0.019 seconds - Initiated by StopAssetImportingV2(NoUpdateAssetOptions)
Start importing Assets/NoSafeCircle/DoorPrototype/Art/Wizard/Source/PixelLab/feminine-light/selected/standing/north.png using Guid(ac9b52e1340fb394787642749536edb3) (TextureImporter) -> (artifact id: '805d1a789f89d8b3ad352598bc5abcc0') in 0.0051198 seconds
Refreshing native plugins compatible for Editor in 1.83 ms, found 4 plugins.
Preloading 0 native plugins for Editor in 0.00 ms.
Asset Pipeline Refresh (id=0580e94afcffeee41be328d63f54f6e4): Total: 0.019 seconds - Initiated by StopAssetImportingV2(NoUpdateAssetOptions)
Start importing Assets/NoSafeCircle/DoorPrototype/Art/Wizard/Source/PixelLab/feminine-light/selected/standing/north-east.png using Guid(3a29d5ea152c58241a5bc6cb67a3a543) (TextureImporter) -> (artifact id: 'b77f64c4cb088159b43826e211c4bbd9') in 0.0050278 seconds
Refreshing native plugins compatible for Editor in 1.97 ms, found 4 plugins.
Preloading 0 native plugins for Editor in 0.00 ms.
Asset Pipeline Refresh (id=fa3b9da33a3dbae4ab30e8eda5247cec): Total: 0.020 seconds - Initiated by StopAssetImportingV2(NoUpdateAssetOptions)
Start importing Assets/NoSafeCircle/DoorPrototype/Art/Wizard/Source/PixelLab/feminine-light/selected/standing/north-east.png using Guid(3a29d5ea152c58241a5bc6cb67a3a543) (TextureImporter) -> (artifact id: 'b77f64c4cb088159b43826e211c4bbd9') in 0.0035599 seconds
Refreshing native plugins compatible for Editor in 1.68 ms, found 4 plugins.
Preloading 0 native plugins for Editor in 0.00 ms.
Asset Pipeline Refresh (id=dcfd078a044233e46979853cbf9d2b3b): Total: 0.019 seconds - Initiated by StopAssetImportingV2(NoUpdateAssetOptions)
Start importing Assets/NoSafeCircle/DoorPrototype/Art/Wizard/Source/PixelLab/feminine-light/selected/standing/east.png using Guid(bc7e4d4b177892d468986d5ff6f53ba4) (TextureImporter) -> (artifact id: 'b6216376bd6583f03583b438ec5d7c3e') in 0.004167 seconds
Refreshing native plugins compatible for Editor in 1.67 ms, found 4 plugins.
Preloading 0 native plugins for Editor in 0.00 ms.
Asset Pipeline Refresh (id=7b3568460b7d11c4d8ac3236d48f1f2f): Total: 0.018 seconds - Initiated by StopAssetImportingV2(NoUpdateAssetOptions)
Start importing Assets/NoSafeCircle/DoorPrototype/Art/Wizard/Source/PixelLab/feminine-light/selected/standing/east.png using Guid(bc7e4d4b177892d468986d5ff6f53ba4) (TextureImporter) -> (artifact id: 'b6216376bd6583f03583b438ec5d7c3e') in 0.0036388 seconds
Refreshing native plugins compatible for Editor in 1.64 ms, found 4 plugins.
Preloading 0 native plugins for Editor in 0.00 ms.
Asset Pipeline Refresh (id=36faa75278bbecc428abca98e5286b35): Total: 0.019 seconds - Initiated by StopAssetImportingV2(NoUpdateAssetOptions)
Start importing Assets/NoSafeCircle/DoorPrototype/Art/Wizard/Source/PixelLab/feminine-light/selected/standing/south-east.png using Guid(1fb2dac316457be4bada3f5a5606f7df) (TextureImporter) -> (artifact id: '80e18e1cbc3415aefe5362a168679a27') in 0.0042106 seconds
Refreshing native plugins compatible for Editor in 1.66 ms, found 4 plugins.
Preloading 0 native plugins for Editor in 0.00 ms.
Asset Pipeline Refresh (id=496992b140ce3c3449ebd194240701cc): Total: 0.021 seconds - Initiated by StopAssetImportingV2(NoUpdateAssetOptions)
Start importing Assets/NoSafeCircle/DoorPrototype/Art/Wizard/Source/PixelLab/feminine-light/selected/standing/south-east.png using Guid(1fb2dac316457be4bada3f5a5606f7df) (TextureImporter) -> (artifact id: '80e18e1cbc3415aefe5362a168679a27') in 0.0042511 seconds
Refreshing native plugins compatible for Editor in 1.72 ms, found 4 plugins.
Preloading 0 native plugins for Editor in 0.00 ms.
Asset Pipeline Refresh (id=803f83c2346e1f648a4d98ce0a1ccf7e): Total: 0.019 seconds - Initiated by StopAssetImportingV2(NoUpdateAssetOptions)
Start importing Assets/NoSafeCircle/DoorPrototype/Art/Wizard/Source/PixelLab/feminine-light/selected/standing/south.png using Guid(910f6f5068b180b4d8ff24012fa1b10e) (TextureImporter) -> (artifact id: '7baebb4b1f364d7c80b0f04c338f02ed') in 0.0040801 seconds
Refreshing native plugins compatible for Editor in 1.71 ms, found 4 plugins.
Preloading 0 native plugins for Editor in 0.00 ms.
Asset Pipeline Refresh (id=c9f44b0c27dde4c41aa4de0dd3c30bbc): Total: 0.019 seconds - Initiated by StopAssetImportingV2(NoUpdateAssetOptions)
Start importing Assets/NoSafeCircle/DoorPrototype/Art/Wizard/Source/PixelLab/feminine-light/selected/standing/south.png using Guid(910f6f5068b180b4d8ff24012fa1b10e) (TextureImporter) -> (artifact id: '7baebb4b1f364d7c80b0f04c338f02ed') in 0.0037121 seconds
Refreshing native plugins compatible for Editor in 1.86 ms, found 4 plugins.
Preloading 0 native plugins for Editor in 0.00 ms.
Asset Pipeline Refresh (id=75c314eac3dbb4f48aa9c14881f45b21): Total: 0.019 seconds - Initiated by StopAssetImportingV2(NoUpdateAssetOptions)
Start importing Assets/NoSafeCircle/DoorPrototype/Art/Wizard/Source/PixelLab/feminine-light/selected/standing/south-west.png using Guid(69675d2f21dcbf0408dc56b39566ad44) (TextureImporter) -> (artifact id: 'f5a27cd1e8f0e484b4b02d22cff5531b') in 0.004304 seconds
Refreshing native plugins compatible for Editor in 1.67 ms, found 4 plugins.
Preloading 0 native plugins for Editor in 0.00 ms.
Asset Pipeline Refresh (id=111fc81d0d9f83740b84118992924fea): Total: 0.019 seconds - Initiated by StopAssetImportingV2(NoUpdateAssetOptions)
Start importing Assets/NoSafeCircle/DoorPrototype/Art/Wizard/Source/PixelLab/feminine-light/selected/standing/south-west.png using Guid(69675d2f21dcbf0408dc56b39566ad44) (TextureImporter) -> (artifact id: 'f5a27cd1e8f0e484b4b02d22cff5531b') in 0.0036124 seconds
Refreshing native plugins compatible for Editor in 1.58 ms, found 4 plugins.
Preloading 0 native plugins for Editor in 0.00 ms.
Asset Pipeline Refresh (id=ae6b72195b2b08a478891b3a3d89efab): Total: 0.018 seconds - Initiated by StopAssetImportingV2(NoUpdateAssetOptions)
Start importing Assets/NoSafeCircle/DoorPrototype/Art/Wizard/Source/PixelLab/feminine-light/selected/standing/west.png using Guid(d3e076e1e7bf71646827412177215b56) (TextureImporter) -> (artifact id: 'ae6fb8b685348deb580dda82a386ea5a') in 0.0041091 seconds
Refreshing native plugins compatible for Editor in 1.68 ms, found 4 plugins.
Preloading 0 native plugins for Editor in 0.00 ms.
Asset Pipeline Refresh (id=21c7a8459a386e6419b0faeb2960049b): Total: 0.020 seconds - Initiated by StopAssetImportingV2(NoUpdateAssetOptions)
Start importing Assets/NoSafeCircle/DoorPrototype/Art/Wizard/Source/PixelLab/feminine-light/selected/standing/west.png using Guid(d3e076e1e7bf71646827412177215b56) (TextureImporter) -> (artifact id: 'ae6fb8b685348deb580dda82a386ea5a') in 0.0038051 seconds
Refreshing native plugins compatible for Editor in 1.73 ms, found 4 plugins.
Preloading 0 native plugins for Editor in 0.00 ms.
Asset Pipeline Refresh (id=91f5e6fffd8faac4e837ecff894055f9): Total: 0.019 seconds - Initiated by StopAssetImportingV2(NoUpdateAssetOptions)
Start importing Assets/NoSafeCircle/DoorPrototype/Art/Wizard/Source/PixelLab/feminine-light/selected/standing/north-west.png using Guid(d70b4b3e3697fc74a8819908aa834e8e) (TextureImporter) -> (artifact id: 'c6b5da2033b1fbe53d368542f9be588e') in 0.0041797 seconds
Refreshing native plugins compatible for Editor in 1.75 ms, found 4 plugins.
Preloading 0 native plugins for Editor in 0.00 ms.
Asset Pipeline Refresh (id=b4d020a007245984b8fb454a2df568a1): Total: 0.018 seconds - Initiated by StopAssetImportingV2(NoUpdateAssetOptions)
Start importing Assets/NoSafeCircle/DoorPrototype/Art/Wizard/Source/PixelLab/feminine-light/selected/standing/north-west.png using Guid(d70b4b3e3697fc74a8819908aa834e8e) (TextureImporter) -> (artifact id: 'c6b5da2033b1fbe53d368542f9be588e') in 0.0049478 seconds
Refreshing native plugins compatible for Editor in 1.56 ms, found 4 plugins.
Preloading 0 native plugins for Editor in 0.00 ms.
Asset Pipeline Refresh (id=69e31271308fb8041aedd4cf806f2ba5): Total: 0.019 seconds - Initiated by StopAssetImportingV2(NoUpdateAssetOptions)
Start importing Assets/NoSafeCircle/DoorPrototype/Art/Wizard/Source/PixelLab/feminine-light/selected/standing/north.png using Guid(ac9b52e1340fb394787642749536edb3) (TextureImporter) -> (artifact id: '805d1a789f89d8b3ad352598bc5abcc0') in 0.0065172 seconds
Refreshing native plugins compatible for Editor in 1.69 ms, found 4 plugins.
Preloading 0 native plugins for Editor in 0.00 ms.
Asset Pipeline Refresh (id=15699da8f3e15ce4784c0675b177d935): Total: 0.023 seconds - Initiated by StopAssetImportingV2(NoUpdateAssetOptions)
Start importing Assets/NoSafeCircle/DoorPrototype/Art/Wizard/Source/PixelLab/feminine-light/selected/standing/north.png using Guid(ac9b52e1340fb394787642749536edb3) (TextureImporter) -> (artifact id: '805d1a789f89d8b3ad352598bc5abcc0') in 0.0053547 seconds
Refreshing native plugins compatible for Editor in 1.73 ms, found 4 plugins.
Preloading 0 native plugins for Editor in 0.00 ms.
Asset Pipeline Refresh (id=0faaf5d022212d34da9eb8c975670b57): Total: 0.025 seconds - Initiated by StopAssetImportingV2(NoUpdateAssetOptions)
Start importing Assets/NoSafeCircle/DoorPrototype/Art/Wizard/Generated/Wizard_Feminine_White_idle_north.anim using Guid(8f679078579149b48a2128104bb7663f) (NativeFormatImporter) -> (artifact id: 'e2b5d2b45f2fbf82ffc027fdd985e227') in 0.0017649 seconds
Refreshing native plugins compatible for Editor in 1.65 ms, found 4 plugins.
Preloading 0 native plugins for Editor in 0.00 ms.
Asset Pipeline Refresh (id=c61b017093120574e9ceddad0193a5aa): Total: 0.019 seconds - Initiated by StopAssetImportingV2(NoUpdateAssetOptions)
Start importing Assets/NoSafeCircle/DoorPrototype/Art/Wizard/Source/PixelLab/feminine-light/selected/walk/north/frame_000.png using Guid(8f56513754d165c53a842e08cafb77e6) (TextureImporter) -> (artifact id: '913ff934813af41a492dc5370ffc22dd') in 0.003599 seconds
Refreshing native plugins compatible for Editor in 1.61 ms, found 4 plugins.
Preloading 0 native plugins for Editor in 0.00 ms.
Asset Pipeline Refresh (id=aa08dec8398d67646b24e31fb25f86c8): Total: 0.016 seconds - Initiated by StopAssetImportingV2(NoUpdateAssetOptions)
Start importing Assets/NoSafeCircle/DoorPrototype/Art/Wizard/Source/PixelLab/feminine-light/selected/walk/north/frame_000.png using Guid(8f56513754d165c53a842e08cafb77e6) (TextureImporter) -> (artifact id: '780b8147b479f14512c966666c23a719') in 0.00365 seconds
Refreshing native plugins compatible for Editor in 1.75 ms, found 4 plugins.
Preloading 0 native plugins for Editor in 0.00 ms.
Asset Pipeline Refresh (id=341818dc5f0818a479090c09d72878c5): Total: 0.023 seconds - Initiated by StopAssetImportingV2(NoUpdateAssetOptions)
Start importing Assets/NoSafeCircle/DoorPrototype/Art/Wizard/Source/PixelLab/feminine-light/selected/walk/north/frame_001.png using Guid(7ccbdc5a0bb5aee56c09d9c5724bbb76) (TextureImporter) -> (artifact id: '8ee9de70bbb0f4166e95b6ea20648b54') in 0.0044302 seconds
Refreshing native plugins compatible for Editor in 1.65 ms, found 4 plugins.
Preloading 0 native plugins for Editor in 0.00 ms.
Asset Pipeline Refresh (id=57d53d184be8151429452596233a18e2): Total: 0.018 seconds - Initiated by StopAssetImportingV2(NoUpdateAssetOptions)
Start importing Assets/NoSafeCircle/DoorPrototype/Art/Wizard/Source/PixelLab/feminine-light/selected/walk/north/frame_001.png using Guid(7ccbdc5a0bb5aee56c09d9c5724bbb76) (TextureImporter) -> (artifact id: '51af6deb58659b1988960136ff65dadb') in 0.0038703 seconds
Refreshing native plugins compatible for Editor in 1.78 ms, found 4 plugins.
Preloading 0 native plugins for Editor in 0.00 ms.
Asset Pipeline Refresh (id=30881c926bc0c1b49b6855eb91dd7d86): Total: 0.025 seconds - Initiated by StopAssetImportingV2(NoUpdateAssetOptions)
Start importing Assets/NoSafeCircle/DoorPrototype/Art/Wizard/Source/PixelLab/feminine-light/selected/walk/north/frame_002.png using Guid(4be1834258c82b62a4598171a4744683) (TextureImporter) -> (artifact id: '754b6eab5064e83093b5a1a67847dac8') in 0.0043549 seconds
Refreshing native plugins compatible for Editor in 1.75 ms, found 4 plugins.
Preloading 0 native plugins for Editor in 0.00 ms.
Asset Pipeline Refresh (id=0b773ec78793eae46a04031600919378): Total: 0.019 seconds - Initiated by StopAssetImportingV2(NoUpdateAssetOptions)
Start importing Assets/NoSafeCircle/DoorPrototype/Art/Wizard/Source/PixelLab/feminine-light/selected/walk/north/frame_002.png using Guid(4be1834258c82b62a4598171a4744683) (TextureImporter) -> (artifact id: 'bf79cdae96a4e24d48c94962c87e85c5') in 0.0040452 seconds
Refreshing native plugins compatible for Editor in 1.68 ms, found 4 plugins.
Preloading 0 native plugins for Editor in 0.00 ms.
Asset Pipeline Refresh (id=a77d2493c8e18084c9b85caf0c8d4c13): Total: 0.025 seconds - Initiated by StopAssetImportingV2(NoUpdateAssetOptions)
Start importing Assets/NoSafeCircle/DoorPrototype/Art/Wizard/Source/PixelLab/feminine-light/selected/walk/north/frame_003.png using Guid(1309b5a52bc3aeafb472d5ee8aa189e3) (TextureImporter) -> (artifact id: 'e107924c4559811be5abb3dc389ad4a8') in 0.0046349 seconds
Refreshing native plugins compatible for Editor in 1.74 ms, found 4 plugins.
Preloading 0 native plugins for Editor in 0.00 ms.
Asset Pipeline Refresh (id=342189049bf37f842ad4be1efa1536c0): Total: 0.019 seconds - Initiated by StopAssetImportingV2(NoUpdateAssetOptions)
Start importing Assets/NoSafeCircle/DoorPrototype/Art/Wizard/Source/PixelLab/feminine-light/selected/walk/north/frame_003.png using Guid(1309b5a52bc3aeafb472d5ee8aa189e3) (TextureImporter) -> (artifact id: '77158b1135033ff41a21fce58ad86094') in 0.0041876 seconds
Refreshing native plugins compatible for Editor in 1.66 ms, found 4 plugins.
Preloading 0 native plugins for Editor in 0.00 ms.
Asset Pipeline Refresh (id=c3acd9a8ffa955a4fa6e7c93f686656d): Total: 0.026 seconds - Initiated by StopAssetImportingV2(NoUpdateAssetOptions)
Start importing Assets/NoSafeCircle/DoorPrototype/Art/Wizard/Source/PixelLab/feminine-light/selected/walk/north/frame_004.png using Guid(37d06f8586efe085d7fe78e1f646065b) (TextureImporter) -> (artifact id: 'a2d28c9256c341481735ddea8c2003cc') in 0.0048458 seconds
Refreshing native plugins compatible for Editor in 2.91 ms, found 4 plugins.
Preloading 0 native plugins for Editor in 0.00 ms.
Asset Pipeline Refresh (id=63076445084510242a8a38ac9012265f): Total: 0.019 seconds - Initiated by StopAssetImportingV2(NoUpdateAssetOptions)
Start importing Assets/NoSafeCircle/DoorPrototype/Art/Wizard/Source/PixelLab/feminine-light/selected/walk/north/frame_004.png using Guid(37d06f8586efe085d7fe78e1f646065b) (TextureImporter) -> (artifact id: '2fca366bf5162af4690bb763ad3cd178') in 0.0036009 seconds
Refreshing native plugins compatible for Editor in 1.67 ms, found 4 plugins.
Preloading 0 native plugins for Editor in 0.00 ms.
Asset Pipeline Refresh (id=852fc95de79f4524cb1d269a7c88edc9): Total: 0.025 seconds - Initiated by StopAssetImportingV2(NoUpdateAssetOptions)
Start importing Assets/NoSafeCircle/DoorPrototype/Art/Wizard/Source/PixelLab/feminine-light/selected/walk/north/frame_005.png using Guid(fdb46698409cb4e0bd71f5deb4f20ab7) (TextureImporter) -> (artifact id: 'bcc37d83a3cd2a6cc91235941a58ee2d') in 0.004339 seconds
Refreshing native plugins compatible for Editor in 1.72 ms, found 4 plugins.
Preloading 0 native plugins for Editor in 0.00 ms.
Asset Pipeline Refresh (id=3668f1a795a965543b06973f5be68f0e): Total: 0.019 seconds - Initiated by StopAssetImportingV2(NoUpdateAssetOptions)
Start importing Assets/NoSafeCircle/DoorPrototype/Art/Wizard/Source/PixelLab/feminine-light/selected/walk/north/frame_005.png using Guid(fdb46698409cb4e0bd71f5deb4f20ab7) (TextureImporter) -> (artifact id: 'ef6b3bb2810240990d9f375766d912ce') in 0.0038372 seconds
Refreshing native plugins compatible for Editor in 2.38 ms, found 4 plugins.
Preloading 0 native plugins for Editor in 0.00 ms.
Asset Pipeline Refresh (id=bfae29104daa05d469b5798f263fd85d): Total: 0.025 seconds - Initiated by StopAssetImportingV2(NoUpdateAssetOptions)
Start importing Assets/NoSafeCircle/DoorPrototype/Art/Wizard/Generated/Wizard_Feminine_White_walk_north.anim using Guid(0885cfca7928f8c48b184792d5156e07) (NativeFormatImporter) -> (artifact id: '67b2b62b047d6bbade5551ec371242bf') in 0.0020575 seconds
Refreshing native plugins compatible for Editor in 1.70 ms, found 4 plugins.
Preloading 0 native plugins for Editor in 0.00 ms.
Asset Pipeline Refresh (id=fc71290d8133ed948bfdc0a25801c574): Total: 0.016 seconds - Initiated by StopAssetImportingV2(NoUpdateAssetOptions)
Start importing Assets/NoSafeCircle/DoorPrototype/Art/Wizard/Source/PixelLab/feminine-light/selected/standing/north-east.png using Guid(3a29d5ea152c58241a5bc6cb67a3a543) (TextureImporter) -> (artifact id: 'b77f64c4cb088159b43826e211c4bbd9') in 0.005554 seconds
Refreshing native plugins compatible for Editor in 1.89 ms, found 4 plugins.
Preloading 0 native plugins for Editor in 0.00 ms.
Asset Pipeline Refresh (id=54a9f4591c9712545878a99e55ac0272): Total: 0.022 seconds - Initiated by StopAssetImportingV2(NoUpdateAssetOptions)
Start importing Assets/NoSafeCircle/DoorPrototype/Art/Wizard/Source/PixelLab/feminine-light/selected/standing/north-east.png using Guid(3a29d5ea152c58241a5bc6cb67a3a543) (TextureImporter) -> (artifact id: 'b77f64c4cb088159b43826e211c4bbd9') in 0.0065433 seconds
Refreshing native plugins compatible for Editor in 1.68 ms, found 4 plugins.
Preloading 0 native plugins for Editor in 0.00 ms.
Asset Pipeline Refresh (id=45f3b9be5833d3d46826d39ddbdc68ae): Total: 0.022 seconds - Initiated by StopAssetImportingV2(NoUpdateAssetOptions)
Start importing Assets/NoSafeCircle/DoorPrototype/Art/Wizard/Generated/Wizard_Feminine_White_idle_north-east.anim using Guid(e42d5fa15071bc84c9a2bc0955fc584b) (NativeFormatImporter) -> (artifact id: '5f0ec9375b368b165ad93878248f0c52') in 0.0015532 seconds
Refreshing native plugins compatible for Editor in 1.71 ms, found 4 plugins.
Preloading 0 native plugins for Editor in 0.00 ms.
Asset Pipeline Refresh (id=4933d237b30f1ca40b63b307ec844c09): Total: 0.016 seconds - Initiated by StopAssetImportingV2(NoUpdateAssetOptions)
Start importing Assets/NoSafeCircle/DoorPrototype/Art/Wizard/Source/PixelLab/feminine-light/selected/walk/north-east/frame_000.png using Guid(05b72720e1db8df41b83f320b6c2ce8f) (TextureImporter) -> (artifact id: '208ed1611fbef3bead5c62e1e714640b') in 0.003622 seconds
Refreshing native plugins compatible for Editor in 1.61 ms, found 4 plugins.
Preloading 0 native plugins for Editor in 0.00 ms.
Asset Pipeline Refresh (id=7a95b59ec033dad4f8baeb26e57b82d1): Total: 0.019 seconds - Initiated by StopAssetImportingV2(NoUpdateAssetOptions)
Start importing Assets/NoSafeCircle/DoorPrototype/Art/Wizard/Source/PixelLab/feminine-light/selected/walk/north-east/frame_000.png using Guid(05b72720e1db8df41b83f320b6c2ce8f) (TextureImporter) -> (artifact id: '208ed1611fbef3bead5c62e1e714640b') in 0.0113187 seconds
Refreshing native plugins compatible for Editor in 1.88 ms, found 4 plugins.
Preloading 0 native plugins for Editor in 0.00 ms.
Asset Pipeline Refresh (id=90f0f6c3b7330b040adaf77d9c71afff): Total: 0.027 seconds - Initiated by StopAssetImportingV2(NoUpdateAssetOptions)
Start importing Assets/NoSafeCircle/DoorPrototype/Art/Wizard/Source/PixelLab/feminine-light/selected/walk/north-east/frame_001.png using Guid(0b38e0a077dc3b1408029a0f19061d3d) (TextureImporter) -> (artifact id: '639264ced225248c3ae1874a0a19d09a') in 0.0041081 seconds
Refreshing native plugins compatible for Editor in 3.32 ms, found 4 plugins.
Preloading 0 native plugins for Editor in 0.00 ms.
Asset Pipeline Refresh (id=af241ca244211ae45a46595230efb92d): Total: 0.020 seconds - Initiated by StopAssetImportingV2(NoUpdateAssetOptions)
Start importing Assets/NoSafeCircle/DoorPrototype/Art/Wizard/Source/PixelLab/feminine-light/selected/walk/north-east/frame_001.png using Guid(0b38e0a077dc3b1408029a0f19061d3d) (TextureImporter) -> (artifact id: '639264ced225248c3ae1874a0a19d09a') in 0.0035832 seconds
Refreshing native plugins compatible for Editor in 1.69 ms, found 4 plugins.
Preloading 0 native plugins for Editor in 0.00 ms.
Asset Pipeline Refresh (id=fa2ba649c2198514f85f7a7fa3a5c83e): Total: 0.017 seconds - Initiated by StopAssetImportingV2(NoUpdateAssetOptions)
Start importing Assets/NoSafeCircle/DoorPrototype/Art/Wizard/Source/PixelLab/feminine-light/selected/walk/north-east/frame_002.png using Guid(55a241624c68fcd45a57295365306560) (TextureImporter) -> (artifact id: '0d2a77a015fe29daf1be9e68b5ae375b') in 0.0044141 seconds
Refreshing native plugins compatible for Editor in 1.70 ms, found 4 plugins.
Preloading 0 native plugins for Editor in 0.00 ms.
Asset Pipeline Refresh (id=78fdf811f8d915f46b66b6f92d8275aa): Total: 0.019 seconds - Initiated by StopAssetImportingV2(NoUpdateAssetOptions)
Start importing Assets/NoSafeCircle/DoorPrototype/Art/Wizard/Source/PixelLab/feminine-light/selected/walk/north-east/frame_002.png using Guid(55a241624c68fcd45a57295365306560) (TextureImporter) -> (artifact id: '0d2a77a015fe29daf1be9e68b5ae375b') in 0.0038085 seconds
Refreshing native plugins compatible for Editor in 1.64 ms, found 4 plugins.
Preloading 0 native plugins for Editor in 0.00 ms.
Asset Pipeline Refresh (id=301b01ef1c1377f4db329a4bb30af684): Total: 0.019 seconds - Initiated by StopAssetImportingV2(NoUpdateAssetOptions)
Start importing Assets/NoSafeCircle/DoorPrototype/Art/Wizard/Source/PixelLab/feminine-light/selected/walk/north-east/frame_003.png using Guid(1bf1f3a6449a11a4aacaef706b06cae9) (TextureImporter) -> (artifact id: '5ffa5d227f9b81d826ce534e5f436be4') in 0.0040359 seconds
Refreshing native plugins compatible for Editor in 1.81 ms, found 4 plugins.
Preloading 0 native plugins for Editor in 0.00 ms.
Asset Pipeline Refresh (id=9ff637cfa7926914a9af6a1c21a75c40): Total: 0.020 seconds - Initiated by StopAssetImportingV2(NoUpdateAssetOptions)
Start importing Assets/NoSafeCircle/DoorPrototype/Art/Wizard/Source/PixelLab/feminine-light/selected/walk/north-east/frame_003.png using Guid(1bf1f3a6449a11a4aacaef706b06cae9) (TextureImporter) -> (artifact id: '5ffa5d227f9b81d826ce534e5f436be4') in 0.0053322 seconds
Refreshing native plugins compatible for Editor in 1.61 ms, found 4 plugins.
Preloading 0 native plugins for Editor in 0.00 ms.
Asset Pipeline Refresh (id=142026da9bd82774dbeb9a963c5c81fc): Total: 0.020 seconds - Initiated by StopAssetImportingV2(NoUpdateAssetOptions)
Start importing Assets/NoSafeCircle/DoorPrototype/Art/Wizard/Source/PixelLab/feminine-light/selected/walk/north-east/frame_004.png using Guid(03aa8d83ae4e8ea40881b62cef75f623) (TextureImporter) -> (artifact id: 'b4ee58f8d7918e29dca1bedaf2ed8c38') in 0.0044726 seconds
Refreshing native plugins compatible for Editor in 2.02 ms, found 4 plugins.
Preloading 0 native plugins for Editor in 0.00 ms.
Asset Pipeline Refresh (id=ff9517343aab7ee4fb74324e514b13fc): Total: 0.020 seconds - Initiated by StopAssetImportingV2(NoUpdateAssetOptions)
Start importing Assets/NoSafeCircle/DoorPrototype/Art/Wizard/Source/PixelLab/feminine-light/selected/walk/north-east/frame_004.png using Guid(03aa8d83ae4e8ea40881b62cef75f623) (TextureImporter) -> (artifact id: 'b4ee58f8d7918e29dca1bedaf2ed8c38') in 0.0033949 seconds
Refreshing native plugins compatible for Editor in 1.68 ms, found 4 plugins.
Preloading 0 native plugins for Editor in 0.00 ms.
Asset Pipeline Refresh (id=245757c91bc0d1c42afd6a1f29da0614): Total: 0.019 seconds - Initiated by StopAssetImportingV2(NoUpdateAssetOptions)
Start importing Assets/NoSafeCircle/DoorPrototype/Art/Wizard/Source/PixelLab/feminine-light/selected/walk/north-east/frame_005.png using Guid(1e60c61dcabe1a243a7d6d7b823bdee0) (TextureImporter) -> (artifact id: '089f6eb04871c6b6ddbd6615afa53524') in 0.0045323 seconds
Refreshing native plugins compatible for Editor in 1.67 ms, found 4 plugins.
Preloading 0 native plugins for Editor in 0.00 ms.
Asset Pipeline Refresh (id=df7fd338c15a9b8418dc91022a269197): Total: 0.018 seconds - Initiated by StopAssetImportingV2(NoUpdateAssetOptions)
Start importing Assets/NoSafeCircle/DoorPrototype/Art/Wizard/Source/PixelLab/feminine-light/selected/walk/north-east/frame_005.png using Guid(1e60c61dcabe1a243a7d6d7b823bdee0) (TextureImporter) -> (artifact id: '089f6eb04871c6b6ddbd6615afa53524') in 0.0036643 seconds
Refreshing native plugins compatible for Editor in 1.68 ms, found 4 plugins.
Preloading 0 native plugins for Editor in 0.00 ms.
Asset Pipeline Refresh (id=b26e7e3c17fc67a46b0e126ee4009edb): Total: 0.019 seconds - Initiated by StopAssetImportingV2(NoUpdateAssetOptions)
Start importing Assets/NoSafeCircle/DoorPrototype/Art/Wizard/Generated/Wizard_Feminine_White_walk_north-east.anim using Guid(8082b591b68e5ef4a89905d20d9d0c4c) (NativeFormatImporter) -> (artifact id: '2a2ef3a424614781db0d0c7796065477') in 0.0019999 seconds
Refreshing native plugins compatible for Editor in 1.79 ms, found 4 plugins.
Preloading 0 native plugins for Editor in 0.00 ms.
Asset Pipeline Refresh (id=4fe60d8650caf534e8642f9531106a36): Total: 0.016 seconds - Initiated by StopAssetImportingV2(NoUpdateAssetOptions)
Start importing Assets/NoSafeCircle/DoorPrototype/Art/Wizard/Source/PixelLab/feminine-light/selected/standing/east.png using Guid(bc7e4d4b177892d468986d5ff6f53ba4) (TextureImporter) -> (artifact id: 'b6216376bd6583f03583b438ec5d7c3e') in 0.0050189 seconds
Refreshing native plugins compatible for Editor in 1.69 ms, found 4 plugins.
Preloading 0 native plugins for Editor in 0.00 ms.
Asset Pipeline Refresh (id=e56fe117a5d58c64f87a52b00d4ec03e): Total: 0.020 seconds - Initiated by StopAssetImportingV2(NoUpdateAssetOptions)
Start importing Assets/NoSafeCircle/DoorPrototype/Art/Wizard/Source/PixelLab/feminine-light/selected/standing/east.png using Guid(bc7e4d4b177892d468986d5ff6f53ba4) (TextureImporter) -> (artifact id: 'b6216376bd6583f03583b438ec5d7c3e') in 0.0046366 seconds
Refreshing native plugins compatible for Editor in 1.67 ms, found 4 plugins.
Preloading 0 native plugins for Editor in 0.00 ms.
Asset Pipeline Refresh (id=0d142c12e4ad31e40929980907733607): Total: 0.021 seconds - Initiated by StopAssetImportingV2(NoUpdateAssetOptions)
Start importing Assets/NoSafeCircle/DoorPrototype/Art/Wizard/Generated/Wizard_Feminine_White_idle_east.anim using Guid(fb77f2f728e731e4eaa594b8adc9e1a5) (NativeFormatImporter) -> (artifact id: 'f48a12b47dfd580cafba5fbc8cfe0e2c') in 0.0016932 seconds
Refreshing native plugins compatible for Editor in 1.72 ms, found 4 plugins.
Preloading 0 native plugins for Editor in 0.00 ms.
Asset Pipeline Refresh (id=1d8d0d2e794d5f44296a5ba1f27c8a5f): Total: 0.015 seconds - Initiated by StopAssetImportingV2(NoUpdateAssetOptions)
Start importing Assets/NoSafeCircle/DoorPrototype/Art/Wizard/Source/PixelLab/feminine-light/selected/walk/east/frame_000.png using Guid(3463b566e314abdb58429e9a227a8cbc) (TextureImporter) -> (artifact id: '7d5f5f83ac49b4b3c4664424f2e38a1c') in 0.0035267 seconds
Refreshing native plugins compatible for Editor in 1.73 ms, found 4 plugins.
Preloading 0 native plugins for Editor in 0.00 ms.
Asset Pipeline Refresh (id=4fabe2ae133d392439320498fd8aacaf): Total: 0.019 seconds - Initiated by StopAssetImportingV2(NoUpdateAssetOptions)
Start importing Assets/NoSafeCircle/DoorPrototype/Art/Wizard/Source/PixelLab/feminine-light/selected/walk/east/frame_000.png using Guid(3463b566e314abdb58429e9a227a8cbc) (TextureImporter) -> (artifact id: '8c6b7a27278fe0009ee848f8ab9317cd') in 0.0037339 seconds
Refreshing native plugins compatible for Editor in 1.74 ms, found 4 plugins.
Preloading 0 native plugins for Editor in 0.00 ms.
Asset Pipeline Refresh (id=f11cb697b9e433c4e9a99b7ac4afa17f): Total: 0.023 seconds - Initiated by StopAssetImportingV2(NoUpdateAssetOptions)
Start importing Assets/NoSafeCircle/DoorPrototype/Art/Wizard/Source/PixelLab/feminine-light/selected/walk/east/frame_001.png using Guid(eecb1542390e0e97a12677a8902b3318) (TextureImporter) -> (artifact id: '79e5ed6d2f39eaaeb47a83d0b65c4667') in 0.0041758 seconds
Refreshing native plugins compatible for Editor in 2.00 ms, found 4 plugins.
Preloading 0 native plugins for Editor in 0.00 ms.
Asset Pipeline Refresh (id=20f98fa6ab0c1be47a33a043e95cff4c): Total: 0.018 seconds - Initiated by StopAssetImportingV2(NoUpdateAssetOptions)
Start importing Assets/NoSafeCircle/DoorPrototype/Art/Wizard/Source/PixelLab/feminine-light/selected/walk/east/frame_001.png using Guid(eecb1542390e0e97a12677a8902b3318) (TextureImporter) -> (artifact id: 'c62fcb63e886e0924497f900193a1be9') in 0.0107933 seconds
Refreshing native plugins compatible for Editor in 1.77 ms, found 4 plugins.
Preloading 0 native plugins for Editor in 0.00 ms.
Asset Pipeline Refresh (id=3c4f4a4faeb522643a0ab6fca6367fc8): Total: 0.031 seconds - Initiated by StopAssetImportingV2(NoUpdateAssetOptions)
Start importing Assets/NoSafeCircle/DoorPrototype/Art/Wizard/Source/PixelLab/feminine-light/selected/walk/east/frame_002.png using Guid(6b35729f5df238e5b12c1bea369c29cc) (TextureImporter) -> (artifact id: '8143f4e186d84cab9ca8d8db2abb4454') in 0.0042845 seconds
Refreshing native plugins compatible for Editor in 1.78 ms, found 4 plugins.
Preloading 0 native plugins for Editor in 0.00 ms.
Asset Pipeline Refresh (id=d03d22556a7567e4383e0c991f8e8e2a): Total: 0.019 seconds - Initiated by StopAssetImportingV2(NoUpdateAssetOptions)
Start importing Assets/NoSafeCircle/DoorPrototype/Art/Wizard/Source/PixelLab/feminine-light/selected/walk/east/frame_002.png using Guid(6b35729f5df238e5b12c1bea369c29cc) (TextureImporter) -> (artifact id: 'fde348b4309bdbb4ba5bedf24946f0d1') in 0.0040385 seconds
Refreshing native plugins compatible for Editor in 1.73 ms, found 4 plugins.
Preloading 0 native plugins for Editor in 0.00 ms.
Asset Pipeline Refresh (id=ba956fb33763a10499a8cd7d80bde26f): Total: 0.025 seconds - Initiated by StopAssetImportingV2(NoUpdateAssetOptions)
Start importing Assets/NoSafeCircle/DoorPrototype/Art/Wizard/Source/PixelLab/feminine-light/selected/walk/east/frame_003.png using Guid(754639718611e7a62c979efb305c5a11) (TextureImporter) -> (artifact id: 'b130a1b1e79c5227b7a78b99565cc1cd') in 0.0045469 seconds
Refreshing native plugins compatible for Editor in 1.63 ms, found 4 plugins.
Preloading 0 native plugins for Editor in 0.00 ms.
Asset Pipeline Refresh (id=8524711616b097946840375b5bce00a0): Total: 0.018 seconds - Initiated by StopAssetImportingV2(NoUpdateAssetOptions)
Start importing Assets/NoSafeCircle/DoorPrototype/Art/Wizard/Source/PixelLab/feminine-light/selected/walk/east/frame_003.png using Guid(754639718611e7a62c979efb305c5a11) (TextureImporter) -> (artifact id: 'b39df205499d2efd77d655dc22fa132b') in 0.0040769 seconds
Refreshing native plugins compatible for Editor in 2.09 ms, found 4 plugins.
Preloading 0 native plugins for Editor in 0.00 ms.
Asset Pipeline Refresh (id=7c5af2fe0f062e7499aa37b4a536795f): Total: 0.026 seconds - Initiated by StopAssetImportingV2(NoUpdateAssetOptions)
Start importing Assets/NoSafeCircle/DoorPrototype/Art/Wizard/Source/PixelLab/feminine-light/selected/walk/east/frame_004.png using Guid(13dc2d8e253e9fae0d02c0e50596d4c3) (TextureImporter) -> (artifact id: '3efc038b8e0b5b9161dcbafd75238029') in 0.0062082 seconds
Refreshing native plugins compatible for Editor in 1.67 ms, found 4 plugins.
Preloading 0 native plugins for Editor in 0.00 ms.
Asset Pipeline Refresh (id=9dd841302269b9f4b80f2dddb4ee815b): Total: 0.019 seconds - Initiated by StopAssetImportingV2(NoUpdateAssetOptions)
Start importing Assets/NoSafeCircle/DoorPrototype/Art/Wizard/Source/PixelLab/feminine-light/selected/walk/east/frame_004.png using Guid(13dc2d8e253e9fae0d02c0e50596d4c3) (TextureImporter) -> (artifact id: 'bda40a4e5f6e76e8bfdd4b55fdc6627e') in 0.0040568 seconds
Refreshing native plugins compatible for Editor in 1.68 ms, found 4 plugins.
Preloading 0 native plugins for Editor in 0.00 ms.
Asset Pipeline Refresh (id=a6f07451c3520574f94110444e54e676): Total: 0.025 seconds - Initiated by StopAssetImportingV2(NoUpdateAssetOptions)
Start importing Assets/NoSafeCircle/DoorPrototype/Art/Wizard/Source/PixelLab/feminine-light/selected/walk/east/frame_005.png using Guid(5ffc0e6d610a53c770f68c70a07ef9b2) (TextureImporter) -> (artifact id: 'a718daf465efc30532291b5481c117f0') in 0.004376 seconds
Refreshing native plugins compatible for Editor in 1.93 ms, found 4 plugins.
Preloading 0 native plugins for Editor in 0.00 ms.
Asset Pipeline Refresh (id=13160cce73e4c77488a08d6dc9c51b6b): Total: 0.019 seconds - Initiated by StopAssetImportingV2(NoUpdateAssetOptions)
Start importing Assets/NoSafeCircle/DoorPrototype/Art/Wizard/Source/PixelLab/feminine-light/selected/walk/east/frame_005.png using Guid(5ffc0e6d610a53c770f68c70a07ef9b2) (TextureImporter) -> (artifact id: '1d126802f91fb792c33c24f13d1a4a9a') in 0.0042202 seconds
Refreshing native plugins compatible for Editor in 2.05 ms, found 4 plugins.
Preloading 0 native plugins for Editor in 0.00 ms.
Asset Pipeline Refresh (id=c7ae12687b21b644eb54e3c9a75db7a9): Total: 0.025 seconds - Initiated by StopAssetImportingV2(NoUpdateAssetOptions)
Start importing Assets/NoSafeCircle/DoorPrototype/Art/Wizard/Generated/Wizard_Feminine_White_walk_east.anim using Guid(5256882748978af49933c0816bea7bbf) (NativeFormatImporter) -> (artifact id: 'c1058f72e3d1af775c34c4abce49d256') in 0.0021537 seconds
Refreshing native plugins compatible for Editor in 1.87 ms, found 4 plugins.
Preloading 0 native plugins for Editor in 0.00 ms.
Asset Pipeline Refresh (id=9d67f8d257c59964c8189f6c60b42c82): Total: 0.016 seconds - Initiated by StopAssetImportingV2(NoUpdateAssetOptions)
Start importing Assets/NoSafeCircle/DoorPrototype/Art/Wizard/Source/PixelLab/feminine-light/selected/standing/south-east.png using Guid(1fb2dac316457be4bada3f5a5606f7df) (TextureImporter) -> (artifact id: '80e18e1cbc3415aefe5362a168679a27') in 0.0064386 seconds
Refreshing native plugins compatible for Editor in 1.94 ms, found 4 plugins.
Preloading 0 native plugins for Editor in 0.00 ms.
Asset Pipeline Refresh (id=782e3aea8c3fc084297743c1435a8711): Total: 0.023 seconds - Initiated by StopAssetImportingV2(NoUpdateAssetOptions)
Start importing Assets/NoSafeCircle/DoorPrototype/Art/Wizard/Source/PixelLab/feminine-light/selected/standing/south-east.png using Guid(1fb2dac316457be4bada3f5a5606f7df) (TextureImporter) -> (artifact id: '80e18e1cbc3415aefe5362a168679a27') in 0.0058671 seconds
Refreshing native plugins compatible for Editor in 1.95 ms, found 4 plugins.
Preloading 0 native plugins for Editor in 0.00 ms.
Asset Pipeline Refresh (id=ea52f077a8c93af4b9002ec158b9aa44): Total: 0.026 seconds - Initiated by StopAssetImportingV2(NoUpdateAssetOptions)
Start importing Assets/NoSafeCircle/DoorPrototype/Art/Wizard/Generated/Wizard_Feminine_White_idle_south-east.anim using Guid(bbda5a9de6368bb45a82e03ca9d6d1db) (NativeFormatImporter) -> (artifact id: 'c573a7bc336f5f1c25fc0192f6db25a9') in 0.0015417 seconds
Refreshing native plugins compatible for Editor in 1.75 ms, found 4 plugins.
Preloading 0 native plugins for Editor in 0.00 ms.
Asset Pipeline Refresh (id=f179df8bc8929c14d8d3eb7d93ca6678): Total: 0.016 seconds - Initiated by StopAssetImportingV2(NoUpdateAssetOptions)
Start importing Assets/NoSafeCircle/DoorPrototype/Art/Wizard/Source/PixelLab/feminine-light/selected/walk/south-east/frame_000.png using Guid(976a04156ad0de54d8d7002c8f52312b) (TextureImporter) -> (artifact id: '5d693dfef4c81979ad85a24d42f5ec3b') in 0.0039867 seconds
Refreshing native plugins compatible for Editor in 1.74 ms, found 4 plugins.
Preloading 0 native plugins for Editor in 0.00 ms.
Asset Pipeline Refresh (id=7e796f252a65c4942bf7f3f93a42dcf7): Total: 0.020 seconds - Initiated by StopAssetImportingV2(NoUpdateAssetOptions)
Start importing Assets/NoSafeCircle/DoorPrototype/Art/Wizard/Source/PixelLab/feminine-light/selected/walk/south-east/frame_000.png using Guid(976a04156ad0de54d8d7002c8f52312b) (TextureImporter) -> (artifact id: '5d693dfef4c81979ad85a24d42f5ec3b') in 0.0036218 seconds
Refreshing native plugins compatible for Editor in 1.71 ms, found 4 plugins.
Preloading 0 native plugins for Editor in 0.00 ms.
Asset Pipeline Refresh (id=0bf11a33ded03e04bac30c14359dfc04): Total: 0.020 seconds - Initiated by StopAssetImportingV2(NoUpdateAssetOptions)
Start importing Assets/NoSafeCircle/DoorPrototype/Art/Wizard/Source/PixelLab/feminine-light/selected/walk/south-east/frame_001.png using Guid(36a12f4dfea3eda4ea0aa0ccfc4aecdd) (TextureImporter) -> (artifact id: '1e578f946117151b735e93725a1a61b5') in 0.0042684 seconds
Refreshing native plugins compatible for Editor in 1.78 ms, found 4 plugins.
Preloading 0 native plugins for Editor in 0.00 ms.
Asset Pipeline Refresh (id=d6ae86ef1438e1043b44be674c2e8a36): Total: 0.019 seconds - Initiated by StopAssetImportingV2(NoUpdateAssetOptions)
Start importing Assets/NoSafeCircle/DoorPrototype/Art/Wizard/Source/PixelLab/feminine-light/selected/walk/south-east/frame_001.png using Guid(36a12f4dfea3eda4ea0aa0ccfc4aecdd) (TextureImporter) -> (artifact id: '1e578f946117151b735e93725a1a61b5') in 0.004071 seconds
Refreshing native plugins compatible for Editor in 1.77 ms, found 4 plugins.
Preloading 0 native plugins for Editor in 0.00 ms.
Asset Pipeline Refresh (id=1fa24280eda925743b1e91a094ad3c2e): Total: 0.018 seconds - Initiated by StopAssetImportingV2(NoUpdateAssetOptions)
Start importing Assets/NoSafeCircle/DoorPrototype/Art/Wizard/Source/PixelLab/feminine-light/selected/walk/south-east/frame_002.png using Guid(d5c9bb0fcd2881643ad42d6490cdbb2f) (TextureImporter) -> (artifact id: 'b0779ed1c55f58cbe2bd52efd2a0aafa') in 0.0043776 seconds
Refreshing native plugins compatible for Editor in 1.68 ms, found 4 plugins.
Preloading 0 native plugins for Editor in 0.00 ms.
Asset Pipeline Refresh (id=6654c7db4707adf44a4b55334b46e436): Total: 0.018 seconds - Initiated by StopAssetImportingV2(NoUpdateAssetOptions)
Start importing Assets/NoSafeCircle/DoorPrototype/Art/Wizard/Source/PixelLab/feminine-light/selected/walk/south-east/frame_002.png using Guid(d5c9bb0fcd2881643ad42d6490cdbb2f) (TextureImporter) -> (artifact id: 'b0779ed1c55f58cbe2bd52efd2a0aafa') in 0.0037727 seconds
Refreshing native plugins compatible for Editor in 1.77 ms, found 4 plugins.
Preloading 0 native plugins for Editor in 0.00 ms.
Asset Pipeline Refresh (id=cf644f2cd29ce2d48a918b61bd6f5da6): Total: 0.019 seconds - Initiated by StopAssetImportingV2(NoUpdateAssetOptions)
Start importing Assets/NoSafeCircle/DoorPrototype/Art/Wizard/Source/PixelLab/feminine-light/selected/walk/south-east/frame_003.png using Guid(7735190ab7b7ad24f9f00fdcda06ce21) (TextureImporter) -> (artifact id: 'fa30300d397ef25557d7b0b67ec468a6') in 0.0039951 seconds
Refreshing native plugins compatible for Editor in 1.84 ms, found 4 plugins.
Preloading 0 native plugins for Editor in 0.00 ms.
Asset Pipeline Refresh (id=af54a8520d15a7f43a32fb991dc29420): Total: 0.019 seconds - Initiated by StopAssetImportingV2(NoUpdateAssetOptions)
Start importing Assets/NoSafeCircle/DoorPrototype/Art/Wizard/Source/PixelLab/feminine-light/selected/walk/south-east/frame_003.png using Guid(7735190ab7b7ad24f9f00fdcda06ce21) (TextureImporter) -> (artifact id: 'fa30300d397ef25557d7b0b67ec468a6') in 0.0037703 seconds
Refreshing native plugins compatible for Editor in 1.65 ms, found 4 plugins.
Preloading 0 native plugins for Editor in 0.00 ms.
Asset Pipeline Refresh (id=8b2f13a4a8e51e440965368ea6c2a023): Total: 0.018 seconds - Initiated by StopAssetImportingV2(NoUpdateAssetOptions)
Start importing Assets/NoSafeCircle/DoorPrototype/Art/Wizard/Source/PixelLab/feminine-light/selected/walk/south-east/frame_004.png using Guid(0ebf9a95e19be54498ed3f815cf1bce4) (TextureImporter) -> (artifact id: 'bf9f62394ea26582689b0783cacb19e1') in 0.0044157 seconds
Refreshing native plugins compatible for Editor in 1.72 ms, found 4 plugins.
Preloading 0 native plugins for Editor in 0.00 ms.
Asset Pipeline Refresh (id=40b5fdca2c7220e4483d6856b6f21ab4): Total: 0.019 seconds - Initiated by StopAssetImportingV2(NoUpdateAssetOptions)
Start importing Assets/NoSafeCircle/DoorPrototype/Art/Wizard/Source/PixelLab/feminine-light/selected/walk/south-east/frame_004.png using Guid(0ebf9a95e19be54498ed3f815cf1bce4) (TextureImporter) -> (artifact id: 'bf9f62394ea26582689b0783cacb19e1') in 0.0037296 seconds
Refreshing native plugins compatible for Editor in 1.73 ms, found 4 plugins.
Preloading 0 native plugins for Editor in 0.00 ms.
Asset Pipeline Refresh (id=82239d1f400484f4fb18bb66c129dfa9): Total: 0.019 seconds - Initiated by StopAssetImportingV2(NoUpdateAssetOptions)
Start importing Assets/NoSafeCircle/DoorPrototype/Art/Wizard/Source/PixelLab/feminine-light/selected/walk/south-east/frame_005.png using Guid(28e4eaa2bf37ba54aafb34db68d6e60a) (TextureImporter) -> (artifact id: '068fc989317579e077e68a26fa7737e5') in 0.0042272 seconds
Refreshing native plugins compatible for Editor in 1.60 ms, found 4 plugins.
Preloading 0 native plugins for Editor in 0.00 ms.
Asset Pipeline Refresh (id=d3b148d3c8ae6954b802def23c18212a): Total: 0.018 seconds - Initiated by StopAssetImportingV2(NoUpdateAssetOptions)
Start importing Assets/NoSafeCircle/DoorPrototype/Art/Wizard/Source/PixelLab/feminine-light/selected/walk/south-east/frame_005.png using Guid(28e4eaa2bf37ba54aafb34db68d6e60a) (TextureImporter) -> (artifact id: '068fc989317579e077e68a26fa7737e5') in 0.0044076 seconds
Refreshing native plugins compatible for Editor in 1.76 ms, found 4 plugins.
Preloading 0 native plugins for Editor in 0.00 ms.
Asset Pipeline Refresh (id=722c991249994f142aee486cfa27ec71): Total: 0.020 seconds - Initiated by StopAssetImportingV2(NoUpdateAssetOptions)
Start importing Assets/NoSafeCircle/DoorPrototype/Art/Wizard/Generated/Wizard_Feminine_White_walk_south-east.anim using Guid(f54a6762bb01e2b4694a7bdbb61dd759) (NativeFormatImporter) -> (artifact id: '7c0df26bf41748d78714baf66d4d90a6') in 0.0021237 seconds
Refreshing native plugins compatible for Editor in 1.64 ms, found 4 plugins.
Preloading 0 native plugins for Editor in 0.00 ms.
Asset Pipeline Refresh (id=dc0d28327547df34ead033c3507071a2): Total: 0.016 seconds - Initiated by StopAssetImportingV2(NoUpdateAssetOptions)
Start importing Assets/NoSafeCircle/DoorPrototype/Art/Wizard/Source/PixelLab/feminine-light/selected/standing/south.png using Guid(910f6f5068b180b4d8ff24012fa1b10e) (TextureImporter) -> (artifact id: '7baebb4b1f364d7c80b0f04c338f02ed') in 0.0045029 seconds
Refreshing native plugins compatible for Editor in 1.57 ms, found 4 plugins.
Preloading 0 native plugins for Editor in 0.00 ms.
Asset Pipeline Refresh (id=e4b650b0520f8e749ac90c801d1ff519): Total: 0.021 seconds - Initiated by StopAssetImportingV2(NoUpdateAssetOptions)
Start importing Assets/NoSafeCircle/DoorPrototype/Art/Wizard/Source/PixelLab/feminine-light/selected/standing/south.png using Guid(910f6f5068b180b4d8ff24012fa1b10e) (TextureImporter) -> (artifact id: '7baebb4b1f364d7c80b0f04c338f02ed') in 0.0065011 seconds
Refreshing native plugins compatible for Editor in 1.68 ms, found 4 plugins.
Preloading 0 native plugins for Editor in 0.00 ms.
Asset Pipeline Refresh (id=8388b5a6d247e05449173ad3bf91017f): Total: 0.023 seconds - Initiated by StopAssetImportingV2(NoUpdateAssetOptions)
Start importing Assets/NoSafeCircle/DoorPrototype/Art/Wizard/Generated/Wizard_Feminine_White_idle_south.anim using Guid(0ac68c20cc00783419e1458e5ce7f6fc) (NativeFormatImporter) -> (artifact id: 'db8606ffbe9d8a41a3fbc5b517ae5ac1') in 0.0027843 seconds
Refreshing native plugins compatible for Editor in 1.79 ms, found 4 plugins.
Preloading 0 native plugins for Editor in 0.00 ms.
Asset Pipeline Refresh (id=6399933fe38f1b348a728fdc59dc9cb2): Total: 0.016 seconds - Initiated by StopAssetImportingV2(NoUpdateAssetOptions)
Start importing Assets/NoSafeCircle/DoorPrototype/Art/Wizard/Source/PixelLab/feminine-light/selected/walk/south/frame_000.png using Guid(098223b733d01b7ec5d1b41bd1e74578) (TextureImporter) -> (artifact id: '1830d1315d657562bae0309102417d95') in 0.0053876 seconds
Refreshing native plugins compatible for Editor in 1.62 ms, found 4 plugins.
Preloading 0 native plugins for Editor in 0.00 ms.
Asset Pipeline Refresh (id=83cf93b6a36680f4990a4927c4a02b4f): Total: 0.019 seconds - Initiated by StopAssetImportingV2(NoUpdateAssetOptions)
Start importing Assets/NoSafeCircle/DoorPrototype/Art/Wizard/Source/PixelLab/feminine-light/selected/walk/south/frame_000.png using Guid(098223b733d01b7ec5d1b41bd1e74578) (TextureImporter) -> (artifact id: 'f351ef636b08fd2cc9d2a2925e78802e') in 0.0036705 seconds
Refreshing native plugins compatible for Editor in 1.67 ms, found 4 plugins.
Preloading 0 native plugins for Editor in 0.00 ms.
Asset Pipeline Refresh (id=d72c1ec7a3cb9d7428a0e9690a33d8f0): Total: 0.028 seconds - Initiated by StopAssetImportingV2(NoUpdateAssetOptions)
Start importing Assets/NoSafeCircle/DoorPrototype/Art/Wizard/Source/PixelLab/feminine-light/selected/walk/south/frame_001.png using Guid(ff3ed084d9da877b58b01ba834ae97ce) (TextureImporter) -> (artifact id: '37f3c7c97f1277cf9949df4564180740') in 0.0042205 seconds
Refreshing native plugins compatible for Editor in 1.64 ms, found 4 plugins.
Preloading 0 native plugins for Editor in 0.00 ms.
Asset Pipeline Refresh (id=c6ca4e85a8edcd941ac61e8e55dd96ba): Total: 0.019 seconds - Initiated by StopAssetImportingV2(NoUpdateAssetOptions)
Start importing Assets/NoSafeCircle/DoorPrototype/Art/Wizard/Source/PixelLab/feminine-light/selected/walk/south/frame_001.png using Guid(ff3ed084d9da877b58b01ba834ae97ce) (TextureImporter) -> (artifact id: 'feea113b1b23d65cad0c8ee55da3a966') in 0.0038877 seconds
Refreshing native plugins compatible for Editor in 1.61 ms, found 4 plugins.
Preloading 0 native plugins for Editor in 0.00 ms.
Asset Pipeline Refresh (id=e08a1cabcd6d5f344b67d0e64c3215f7): Total: 0.023 seconds - Initiated by StopAssetImportingV2(NoUpdateAssetOptions)
Start importing Assets/NoSafeCircle/DoorPrototype/Art/Wizard/Source/PixelLab/feminine-light/selected/walk/south/frame_002.png using Guid(ce65773fea7b972fb2b2d7cec9bfc64a) (TextureImporter) -> (artifact id: 'be36ab3f38cf4384b4fe8a2088155a1d') in 0.0042178 seconds
Refreshing native plugins compatible for Editor in 1.59 ms, found 4 plugins.
Preloading 0 native plugins for Editor in 0.00 ms.
Asset Pipeline Refresh (id=ab3a9e9882c8dd34ba212d969c9e9b75): Total: 0.017 seconds - Initiated by StopAssetImportingV2(NoUpdateAssetOptions)
Start importing Assets/NoSafeCircle/DoorPrototype/Art/Wizard/Source/PixelLab/feminine-light/selected/walk/south/frame_002.png using Guid(ce65773fea7b972fb2b2d7cec9bfc64a) (TextureImporter) -> (artifact id: '2ee277e21a2815fc861c13327f043188') in 0.0053098 seconds
Refreshing native plugins compatible for Editor in 1.67 ms, found 4 plugins.
Preloading 0 native plugins for Editor in 0.00 ms.
Asset Pipeline Refresh (id=da0073e9e7574684d8987db6add5341e): Total: 0.027 seconds - Initiated by StopAssetImportingV2(NoUpdateAssetOptions)
Start importing Assets/NoSafeCircle/DoorPrototype/Art/Wizard/Source/PixelLab/feminine-light/selected/walk/south/frame_003.png using Guid(40028884d90fcca5f8c7e3c3da0a2eb1) (TextureImporter) -> (artifact id: '1d4140607aef059eb262879ba824079e') in 0.0044475 seconds
Refreshing native plugins compatible for Editor in 1.59 ms, found 4 plugins.
Preloading 0 native plugins for Editor in 0.00 ms.
Asset Pipeline Refresh (id=65604903e9253de43bab454cce3f502d): Total: 0.018 seconds - Initiated by StopAssetImportingV2(NoUpdateAssetOptions)
Start importing Assets/NoSafeCircle/DoorPrototype/Art/Wizard/Source/PixelLab/feminine-light/selected/walk/south/frame_003.png using Guid(40028884d90fcca5f8c7e3c3da0a2eb1) (TextureImporter) -> (artifact id: '983d5a202b000bd775711f1909672868') in 0.0039851 seconds
Refreshing native plugins compatible for Editor in 1.69 ms, found 4 plugins.
Preloading 0 native plugins for Editor in 0.00 ms.
Asset Pipeline Refresh (id=4bc0d989e5a02af47a8fe493a138523f): Total: 0.027 seconds - Initiated by StopAssetImportingV2(NoUpdateAssetOptions)
Start importing Assets/NoSafeCircle/DoorPrototype/Art/Wizard/Source/PixelLab/feminine-light/selected/walk/south/frame_004.png using Guid(fb5d15fc5481b6d083f8c0a022de423e) (TextureImporter) -> (artifact id: '12072746e67d5f00b77a3696a24e8297') in 0.0047488 seconds
Refreshing native plugins compatible for Editor in 3.92 ms, found 4 plugins.
Preloading 0 native plugins for Editor in 0.00 ms.
Asset Pipeline Refresh (id=b75931dd01680ff4f8702b8535ee7c5a): Total: 0.024 seconds - Initiated by StopAssetImportingV2(NoUpdateAssetOptions)
Start importing Assets/NoSafeCircle/DoorPrototype/Art/Wizard/Source/PixelLab/feminine-light/selected/walk/south/frame_004.png using Guid(fb5d15fc5481b6d083f8c0a022de423e) (TextureImporter) -> (artifact id: 'f4e026776c396a6a9d80f3d5d2af9c6b') in 0.0040613 seconds
Refreshing native plugins compatible for Editor in 1.61 ms, found 4 plugins.
Preloading 0 native plugins for Editor in 0.00 ms.
Asset Pipeline Refresh (id=0eb993aabf45c464d9a635104350a00b): Total: 0.024 seconds - Initiated by StopAssetImportingV2(NoUpdateAssetOptions)
Start importing Assets/NoSafeCircle/DoorPrototype/Art/Wizard/Source/PixelLab/feminine-light/selected/walk/south/frame_005.png using Guid(35bb6ad1765b89ea385d354345652a0b) (TextureImporter) -> (artifact id: 'de60bf7c16bb93a5785ce3f7e94e4cf6') in 0.0053221 seconds
Refreshing native plugins compatible for Editor in 2.00 ms, found 4 plugins.
Preloading 0 native plugins for Editor in 0.00 ms.
Asset Pipeline Refresh (id=3b9dd82bdc0f0c1429c301065e475f33): Total: 0.020 seconds - Initiated by StopAssetImportingV2(NoUpdateAssetOptions)
Start importing Assets/NoSafeCircle/DoorPrototype/Art/Wizard/Source/PixelLab/feminine-light/selected/walk/south/frame_005.png using Guid(35bb6ad1765b89ea385d354345652a0b) (TextureImporter) -> (artifact id: '3410004b711c8d93775183b8de1a453f') in 0.0045194 seconds
Refreshing native plugins compatible for Editor in 1.71 ms, found 4 plugins.
Preloading 0 native plugins for Editor in 0.00 ms.
Asset Pipeline Refresh (id=b2a4c25ae6bc6354980283f95d9bffcc): Total: 0.025 seconds - Initiated by StopAssetImportingV2(NoUpdateAssetOptions)
Start importing Assets/NoSafeCircle/DoorPrototype/Art/Wizard/Generated/Wizard_Feminine_White_walk_south.anim using Guid(fc7c6813f2493914695d19e37ce4b9f8) (NativeFormatImporter) -> (artifact id: 'b2ea601abba70169c85bd135dc3409c3') in 0.0019863 seconds
Refreshing native plugins compatible for Editor in 1.59 ms, found 4 plugins.
Preloading 0 native plugins for Editor in 0.00 ms.
Asset Pipeline Refresh (id=a8fb46ddf12f67440bd71e3a41c78f59): Total: 0.015 seconds - Initiated by StopAssetImportingV2(NoUpdateAssetOptions)
Start importing Assets/NoSafeCircle/DoorPrototype/Art/Wizard/Source/PixelLab/feminine-light/selected/standing/south-west.png using Guid(69675d2f21dcbf0408dc56b39566ad44) (TextureImporter) -> (artifact id: 'f5a27cd1e8f0e484b4b02d22cff5531b') in 0.0062148 seconds
Refreshing native plugins compatible for Editor in 1.71 ms, found 4 plugins.
Preloading 0 native plugins for Editor in 0.00 ms.
Asset Pipeline Refresh (id=067f1afef041ab6449d2cfebfd3b4587): Total: 0.024 seconds - Initiated by StopAssetImportingV2(NoUpdateAssetOptions)
Start importing Assets/NoSafeCircle/DoorPrototype/Art/Wizard/Source/PixelLab/feminine-light/selected/standing/south-west.png using Guid(69675d2f21dcbf0408dc56b39566ad44) (TextureImporter) -> (artifact id: 'f5a27cd1e8f0e484b4b02d22cff5531b') in 0.0048063 seconds
Refreshing native plugins compatible for Editor in 2.77 ms, found 4 plugins.
Preloading 0 native plugins for Editor in 0.00 ms.
Asset Pipeline Refresh (id=bd37a7d12ca3bf2449e88a3a80ef16a4): Total: 0.023 seconds - Initiated by StopAssetImportingV2(NoUpdateAssetOptions)
Start importing Assets/NoSafeCircle/DoorPrototype/Art/Wizard/Generated/Wizard_Feminine_White_idle_south-west.anim using Guid(fa2edab4ad57a644397eccafb9507c05) (NativeFormatImporter) -> (artifact id: '54c2a60dca40b2e8462530143cd8351d') in 0.0015246 seconds
Refreshing native plugins compatible for Editor in 1.79 ms, found 4 plugins.
Preloading 0 native plugins for Editor in 0.00 ms.
Asset Pipeline Refresh (id=71e28b0ba49767247992ee9514ca2779): Total: 0.015 seconds - Initiated by StopAssetImportingV2(NoUpdateAssetOptions)
Start importing Assets/NoSafeCircle/DoorPrototype/Art/Wizard/Source/PixelLab/feminine-light/selected/walk/south-west/frame_000.png using Guid(7051eb9ef52226946989500d6c536ec0) (TextureImporter) -> (artifact id: 'c642b226bc190e0373041942b3e375e5') in 0.0038933 seconds
Refreshing native plugins compatible for Editor in 1.71 ms, found 4 plugins.
Preloading 0 native plugins for Editor in 0.00 ms.
Asset Pipeline Refresh (id=a9506b930101f804eae2e12568460827): Total: 0.019 seconds - Initiated by StopAssetImportingV2(NoUpdateAssetOptions)
Start importing Assets/NoSafeCircle/DoorPrototype/Art/Wizard/Source/PixelLab/feminine-light/selected/walk/south-west/frame_000.png using Guid(7051eb9ef52226946989500d6c536ec0) (TextureImporter) -> (artifact id: 'c642b226bc190e0373041942b3e375e5') in 0.0043178 seconds
Refreshing native plugins compatible for Editor in 1.62 ms, found 4 plugins.
Preloading 0 native plugins for Editor in 0.00 ms.
Asset Pipeline Refresh (id=1e9c173de18cfa7499c948d3e006e2c7): Total: 0.018 seconds - Initiated by StopAssetImportingV2(NoUpdateAssetOptions)
Start importing Assets/NoSafeCircle/DoorPrototype/Art/Wizard/Source/PixelLab/feminine-light/selected/walk/south-west/frame_001.png using Guid(829350b9940d51b4280d34867812cbcf) (TextureImporter) -> (artifact id: '263b0a961fe0a7e5428d7fbbd059c931') in 0.0041475 seconds
Refreshing native plugins compatible for Editor in 1.70 ms, found 4 plugins.
Preloading 0 native plugins for Editor in 0.00 ms.
Asset Pipeline Refresh (id=75633ca2b77ce7d41a9534090d4ef1b1): Total: 0.017 seconds - Initiated by StopAssetImportingV2(NoUpdateAssetOptions)
Start importing Assets/NoSafeCircle/DoorPrototype/Art/Wizard/Source/PixelLab/feminine-light/selected/walk/south-west/frame_001.png using Guid(829350b9940d51b4280d34867812cbcf) (TextureImporter) -> (artifact id: '263b0a961fe0a7e5428d7fbbd059c931') in 0.0036563 seconds
Refreshing native plugins compatible for Editor in 1.69 ms, found 4 plugins.
Preloading 0 native plugins for Editor in 0.00 ms.
Asset Pipeline Refresh (id=896f70e68083afb40be3a1b162f03084): Total: 0.017 seconds - Initiated by StopAssetImportingV2(NoUpdateAssetOptions)
Start importing Assets/NoSafeCircle/DoorPrototype/Art/Wizard/Source/PixelLab/feminine-light/selected/walk/south-west/frame_002.png using Guid(5fd7ed3bb4dd132498ee0c1e910f20d4) (TextureImporter) -> (artifact id: 'adf51a5ddee22e509ec0ac12ef7bc45b') in 0.0052066 seconds
Refreshing native plugins compatible for Editor in 1.61 ms, found 4 plugins.
Preloading 0 native plugins for Editor in 0.00 ms.
Asset Pipeline Refresh (id=fb6115bb5204a1344ae89644238d45e2): Total: 0.019 seconds - Initiated by StopAssetImportingV2(NoUpdateAssetOptions)
Start importing Assets/NoSafeCircle/DoorPrototype/Art/Wizard/Source/PixelLab/feminine-light/selected/walk/south-west/frame_002.png using Guid(5fd7ed3bb4dd132498ee0c1e910f20d4) (TextureImporter) -> (artifact id: 'adf51a5ddee22e509ec0ac12ef7bc45b') in 0.0037071 seconds
Refreshing native plugins compatible for Editor in 1.68 ms, found 4 plugins.
Preloading 0 native plugins for Editor in 0.00 ms.
Asset Pipeline Refresh (id=bfbb343705485c94b836ff808b9e3d97): Total: 0.018 seconds - Initiated by StopAssetImportingV2(NoUpdateAssetOptions)
Start importing Assets/NoSafeCircle/DoorPrototype/Art/Wizard/Source/PixelLab/feminine-light/selected/walk/south-west/frame_003.png using Guid(9b58399de27eb7e4ca2835b6ee0ab351) (TextureImporter) -> (artifact id: '140266b4970062238b7fb2540eccf883') in 0.0053268 seconds
Refreshing native plugins compatible for Editor in 1.63 ms, found 4 plugins.
Preloading 0 native plugins for Editor in 0.00 ms.
Asset Pipeline Refresh (id=9d5c2e0d988bb4e49be43dcd74d233e7): Total: 0.019 seconds - Initiated by StopAssetImportingV2(NoUpdateAssetOptions)
Start importing Assets/NoSafeCircle/DoorPrototype/Art/Wizard/Source/PixelLab/feminine-light/selected/walk/south-west/frame_003.png using Guid(9b58399de27eb7e4ca2835b6ee0ab351) (TextureImporter) -> (artifact id: '140266b4970062238b7fb2540eccf883') in 0.0037755 seconds
Refreshing native plugins compatible for Editor in 2.33 ms, found 4 plugins.
Preloading 0 native plugins for Editor in 0.00 ms.
Asset Pipeline Refresh (id=5d14d72adff33a241adef2d4e5cbcd9e): Total: 0.020 seconds - Initiated by StopAssetImportingV2(NoUpdateAssetOptions)
Start importing Assets/NoSafeCircle/DoorPrototype/Art/Wizard/Source/PixelLab/feminine-light/selected/walk/south-west/frame_004.png using Guid(ed5cea1de1090394aaf67a645de66f29) (TextureImporter) -> (artifact id: 'f1d0879e8ab9c0a76e4c8bc45f132ea0') in 0.0043566 seconds
Refreshing native plugins compatible for Editor in 1.70 ms, found 4 plugins.
Preloading 0 native plugins for Editor in 0.00 ms.
Asset Pipeline Refresh (id=9a8d6cdb12c46334fb8cbd341901fa51): Total: 0.020 seconds - Initiated by StopAssetImportingV2(NoUpdateAssetOptions)
Start importing Assets/NoSafeCircle/DoorPrototype/Art/Wizard/Source/PixelLab/feminine-light/selected/walk/south-west/frame_004.png using Guid(ed5cea1de1090394aaf67a645de66f29) (TextureImporter) -> (artifact id: 'f1d0879e8ab9c0a76e4c8bc45f132ea0') in 0.0037737 seconds
Refreshing native plugins compatible for Editor in 1.69 ms, found 4 plugins.
Preloading 0 native plugins for Editor in 0.00 ms.
Asset Pipeline Refresh (id=c8597d1323a9c464a9ce74f1c15d18ff): Total: 0.018 seconds - Initiated by StopAssetImportingV2(NoUpdateAssetOptions)
Start importing Assets/NoSafeCircle/DoorPrototype/Art/Wizard/Source/PixelLab/feminine-light/selected/walk/south-west/frame_005.png using Guid(512b6e4e52dd7ff458348443ea8ea2ad) (TextureImporter) -> (artifact id: 'a9ed636b8159606b9ef991cc0fc1a4fc') in 0.0042231 seconds
Refreshing native plugins compatible for Editor in 1.75 ms, found 4 plugins.
Preloading 0 native plugins for Editor in 0.00 ms.
Asset Pipeline Refresh (id=37ba940b9eec1c142b5b0989a47a92a3): Total: 0.019 seconds - Initiated by StopAssetImportingV2(NoUpdateAssetOptions)
Start importing Assets/NoSafeCircle/DoorPrototype/Art/Wizard/Source/PixelLab/feminine-light/selected/walk/south-west/frame_005.png using Guid(512b6e4e52dd7ff458348443ea8ea2ad) (TextureImporter) -> (artifact id: 'a9ed636b8159606b9ef991cc0fc1a4fc') in 0.004933 seconds
Refreshing native plugins compatible for Editor in 1.72 ms, found 4 plugins.
Preloading 0 native plugins for Editor in 0.00 ms.
Asset Pipeline Refresh (id=f4a6f912b9d869c44a26b336fb799331): Total: 0.019 seconds - Initiated by StopAssetImportingV2(NoUpdateAssetOptions)
Start importing Assets/NoSafeCircle/DoorPrototype/Art/Wizard/Generated/Wizard_Feminine_White_walk_south-west.anim using Guid(ce4f2cf7f6f25e9418c755199a0badd5) (NativeFormatImporter) -> (artifact id: '1a2d36f9ae9d278bd3531c3699f82b44') in 0.0021815 seconds
Refreshing native plugins compatible for Editor in 1.65 ms, found 4 plugins.
Preloading 0 native plugins for Editor in 0.00 ms.
Asset Pipeline Refresh (id=bcc625b1ac97ac54aa7d2b92bbc0629c): Total: 0.016 seconds - Initiated by StopAssetImportingV2(NoUpdateAssetOptions)
Start importing Assets/NoSafeCircle/DoorPrototype/Art/Wizard/Source/PixelLab/feminine-light/selected/standing/west.png using Guid(d3e076e1e7bf71646827412177215b56) (TextureImporter) -> (artifact id: 'ae6fb8b685348deb580dda82a386ea5a') in 0.0058648 seconds
Refreshing native plugins compatible for Editor in 1.64 ms, found 4 plugins.
Preloading 0 native plugins for Editor in 0.00 ms.
Asset Pipeline Refresh (id=12256c1d5add09549897cac08ace08c5): Total: 0.022 seconds - Initiated by StopAssetImportingV2(NoUpdateAssetOptions)
Start importing Assets/NoSafeCircle/DoorPrototype/Art/Wizard/Source/PixelLab/feminine-light/selected/standing/west.png using Guid(d3e076e1e7bf71646827412177215b56) (TextureImporter) -> (artifact id: 'ae6fb8b685348deb580dda82a386ea5a') in 0.0052326 seconds
Refreshing native plugins compatible for Editor in 1.69 ms, found 4 plugins.
Preloading 0 native plugins for Editor in 0.00 ms.
Asset Pipeline Refresh (id=fe22e801699b74743b12696d6ff9a60d): Total: 0.025 seconds - Initiated by StopAssetImportingV2(NoUpdateAssetOptions)
Start importing Assets/NoSafeCircle/DoorPrototype/Art/Wizard/Generated/Wizard_Feminine_White_idle_west.anim using Guid(8e6f13d0786b5f348a17c782398048f1) (NativeFormatImporter) -> (artifact id: 'f5407805b14ae50d3cf3a1f36869360f') in 0.0014774 seconds
Refreshing native plugins compatible for Editor in 1.66 ms, found 4 plugins.
Preloading 0 native plugins for Editor in 0.00 ms.
Asset Pipeline Refresh (id=60ef41968d2f09d4a9345f75021e7365): Total: 0.015 seconds - Initiated by StopAssetImportingV2(NoUpdateAssetOptions)
Start importing Assets/NoSafeCircle/DoorPrototype/Art/Wizard/Source/PixelLab/feminine-light/selected/walk/west/frame_000.png using Guid(7571d66acdceaee0b80636ce62822bdd) (TextureImporter) -> (artifact id: '16bfe89d8c33a1dd44c30433ba17dee8') in 0.0038062 seconds
Refreshing native plugins compatible for Editor in 1.75 ms, found 4 plugins.
Preloading 0 native plugins for Editor in 0.00 ms.
Asset Pipeline Refresh (id=370c81f12aefb864db268a7eddd4c69c): Total: 0.019 seconds - Initiated by StopAssetImportingV2(NoUpdateAssetOptions)
Start importing Assets/NoSafeCircle/DoorPrototype/Art/Wizard/Source/PixelLab/feminine-light/selected/walk/west/frame_000.png using Guid(7571d66acdceaee0b80636ce62822bdd) (TextureImporter) -> (artifact id: '4d3c5087cc1c85fe9007007cfd17c520') in 0.0040386 seconds
Refreshing native plugins compatible for Editor in 3.03 ms, found 4 plugins.
Preloading 0 native plugins for Editor in 0.00 ms.
Asset Pipeline Refresh (id=6a889f92fd896ce4a8751b84e1461366): Total: 0.027 seconds - Initiated by StopAssetImportingV2(NoUpdateAssetOptions)
Start importing Assets/NoSafeCircle/DoorPrototype/Art/Wizard/Source/PixelLab/feminine-light/selected/walk/west/frame_001.png using Guid(a88c0d3537007ca6094475cade0c7b6b) (TextureImporter) -> (artifact id: '3a2f45aae4d8681c2ec552b554c8152c') in 0.0043202 seconds
Refreshing native plugins compatible for Editor in 1.98 ms, found 4 plugins.
Preloading 0 native plugins for Editor in 0.00 ms.
Asset Pipeline Refresh (id=20b3a7a126f166c4bb26d1a6c8099422): Total: 0.020 seconds - Initiated by StopAssetImportingV2(NoUpdateAssetOptions)
Start importing Assets/NoSafeCircle/DoorPrototype/Art/Wizard/Source/PixelLab/feminine-light/selected/walk/west/frame_001.png using Guid(a88c0d3537007ca6094475cade0c7b6b) (TextureImporter) -> (artifact id: '54081266a63c03c004f213eccdc4ddb8') in 0.0045434 seconds
Refreshing native plugins compatible for Editor in 1.84 ms, found 4 plugins.
Preloading 0 native plugins for Editor in 0.00 ms.
Asset Pipeline Refresh (id=2adac1fdb0fc64e4ab959ba0900e5027): Total: 0.023 seconds - Initiated by StopAssetImportingV2(NoUpdateAssetOptions)
Start importing Assets/NoSafeCircle/DoorPrototype/Art/Wizard/Source/PixelLab/feminine-light/selected/walk/west/frame_002.png using Guid(645d422b88d88415f16c75822081ef2d) (TextureImporter) -> (artifact id: '66836942449bb1ff9646680fd3e70dd7') in 0.0042267 seconds
Refreshing native plugins compatible for Editor in 1.79 ms, found 4 plugins.
Preloading 0 native plugins for Editor in 0.00 ms.
Asset Pipeline Refresh (id=dc4518fc955b1db49ab8173f65180039): Total: 0.019 seconds - Initiated by StopAssetImportingV2(NoUpdateAssetOptions)
Start importing Assets/NoSafeCircle/DoorPrototype/Art/Wizard/Source/PixelLab/feminine-light/selected/walk/west/frame_002.png using Guid(645d422b88d88415f16c75822081ef2d) (TextureImporter) -> (artifact id: 'e2a5afc4717026f40a90b6bf15ce0b93') in 0.0045761 seconds
Refreshing native plugins compatible for Editor in 1.67 ms, found 4 plugins.
Preloading 0 native plugins for Editor in 0.00 ms.
Asset Pipeline Refresh (id=187ed7232ac14894d9b245ac07e751d5): Total: 0.025 seconds - Initiated by StopAssetImportingV2(NoUpdateAssetOptions)
Start importing Assets/NoSafeCircle/DoorPrototype/Art/Wizard/Source/PixelLab/feminine-light/selected/walk/west/frame_003.png using Guid(150fa2eef9161aad547e1996eb6d5d35) (TextureImporter) -> (artifact id: '055fb7dbccacf69d4d1761bedfabd34e') in 0.0042368 seconds
Refreshing native plugins compatible for Editor in 1.70 ms, found 4 plugins.
Preloading 0 native plugins for Editor in 0.00 ms.
Asset Pipeline Refresh (id=fbe9492dd8a1c1044adcc2645ee4e474): Total: 0.020 seconds - Initiated by StopAssetImportingV2(NoUpdateAssetOptions)
Start importing Assets/NoSafeCircle/DoorPrototype/Art/Wizard/Source/PixelLab/feminine-light/selected/walk/west/frame_003.png using Guid(150fa2eef9161aad547e1996eb6d5d35) (TextureImporter) -> (artifact id: 'c230aaab8a54e1361cd4e4052a89cae1') in 0.0042976 seconds
Refreshing native plugins compatible for Editor in 1.84 ms, found 4 plugins.
Preloading 0 native plugins for Editor in 0.00 ms.
Asset Pipeline Refresh (id=216bf7c8ee44897418f76038a887f3d2): Total: 0.025 seconds - Initiated by StopAssetImportingV2(NoUpdateAssetOptions)
Start importing Assets/NoSafeCircle/DoorPrototype/Art/Wizard/Source/PixelLab/feminine-light/selected/walk/west/frame_004.png using Guid(d7ac587fea5c81057a262992887c3961) (TextureImporter) -> (artifact id: 'a190156f1dbe9511897abf9e5c2f9dcc') in 0.0043035 seconds
Refreshing native plugins compatible for Editor in 1.69 ms, found 4 plugins.
Preloading 0 native plugins for Editor in 0.00 ms.
Asset Pipeline Refresh (id=3a659ec1a240629428272251333354db): Total: 0.018 seconds - Initiated by StopAssetImportingV2(NoUpdateAssetOptions)
Start importing Assets/NoSafeCircle/DoorPrototype/Art/Wizard/Source/PixelLab/feminine-light/selected/walk/west/frame_004.png using Guid(d7ac587fea5c81057a262992887c3961) (TextureImporter) -> (artifact id: '9965a21ba34fc6dd745bc1bf8e1bdb4a') in 0.0038485 seconds
Refreshing native plugins compatible for Editor in 1.62 ms, found 4 plugins.
Preloading 0 native plugins for Editor in 0.00 ms.
Asset Pipeline Refresh (id=e8c11b565ab663d48b583d433844e472): Total: 0.024 seconds - Initiated by StopAssetImportingV2(NoUpdateAssetOptions)
Start importing Assets/NoSafeCircle/DoorPrototype/Art/Wizard/Source/PixelLab/feminine-light/selected/walk/west/frame_005.png using Guid(1e715a12d09c89ca196de094f426b0c5) (TextureImporter) -> (artifact id: '3d0c5217d5dd64633bc8d6134ceccf74') in 0.0058505 seconds
Refreshing native plugins compatible for Editor in 1.72 ms, found 4 plugins.
Preloading 0 native plugins for Editor in 0.00 ms.
Asset Pipeline Refresh (id=36d966312dd02d34c9715cad1eed6258): Total: 0.019 seconds - Initiated by StopAssetImportingV2(NoUpdateAssetOptions)
Start importing Assets/NoSafeCircle/DoorPrototype/Art/Wizard/Source/PixelLab/feminine-light/selected/walk/west/frame_005.png using Guid(1e715a12d09c89ca196de094f426b0c5) (TextureImporter) -> (artifact id: 'f200f291205c40b543e82cba89b78b24') in 0.0041794 seconds
Refreshing native plugins compatible for Editor in 1.85 ms, found 4 plugins.
Preloading 0 native plugins for Editor in 0.00 ms.
Asset Pipeline Refresh (id=5de7c265874bcc846a1311f2b4ae54b8): Total: 0.024 seconds - Initiated by StopAssetImportingV2(NoUpdateAssetOptions)
Start importing Assets/NoSafeCircle/DoorPrototype/Art/Wizard/Generated/Wizard_Feminine_White_walk_west.anim using Guid(f619379b3c32ae44bb2ec1b657a31f99) (NativeFormatImporter) -> (artifact id: 'ffbf888c0ddc06df9bfae99eefdaa6ab') in 0.0021248 seconds
Refreshing native plugins compatible for Editor in 1.63 ms, found 4 plugins.
Preloading 0 native plugins for Editor in 0.00 ms.
Asset Pipeline Refresh (id=fdb6e38ce1fff9b488bb593ba0680824): Total: 0.018 seconds - Initiated by StopAssetImportingV2(NoUpdateAssetOptions)
Start importing Assets/NoSafeCircle/DoorPrototype/Art/Wizard/Source/PixelLab/feminine-light/selected/standing/north-west.png using Guid(d70b4b3e3697fc74a8819908aa834e8e) (TextureImporter) -> (artifact id: 'c6b5da2033b1fbe53d368542f9be588e') in 0.0050314 seconds
Refreshing native plugins compatible for Editor in 1.74 ms, found 4 plugins.
Preloading 0 native plugins for Editor in 0.00 ms.
Asset Pipeline Refresh (id=f70092b312ad79e4090f2cfdf465f26c): Total: 0.022 seconds - Initiated by StopAssetImportingV2(NoUpdateAssetOptions)
Start importing Assets/NoSafeCircle/DoorPrototype/Art/Wizard/Source/PixelLab/feminine-light/selected/standing/north-west.png using Guid(d70b4b3e3697fc74a8819908aa834e8e) (TextureImporter) -> (artifact id: 'c6b5da2033b1fbe53d368542f9be588e') in 0.0054599 seconds
Refreshing native plugins compatible for Editor in 1.66 ms, found 4 plugins.
Preloading 0 native plugins for Editor in 0.00 ms.
Asset Pipeline Refresh (id=3a622c4d336a2cc44950e2a29e6415af): Total: 0.023 seconds - Initiated by StopAssetImportingV2(NoUpdateAssetOptions)
Start importing Assets/NoSafeCircle/DoorPrototype/Art/Wizard/Generated/Wizard_Feminine_White_idle_north-west.anim using Guid(6c175dc876e9f6c4ca6b4fbdc4e17bb4) (NativeFormatImporter) -> (artifact id: 'b8ca1fedd014ee886cec722a8b1f4aeb') in 0.0018742 seconds
Refreshing native plugins compatible for Editor in 1.79 ms, found 4 plugins.
Preloading 0 native plugins for Editor in 0.00 ms.
Asset Pipeline Refresh (id=ca35b8dd99c812f439dfc95b237b4e37): Total: 0.016 seconds - Initiated by StopAssetImportingV2(NoUpdateAssetOptions)
Start importing Assets/NoSafeCircle/DoorPrototype/Art/Wizard/Source/PixelLab/feminine-light/selected/walk/north-west/frame_000.png using Guid(f10c702eda6b0bc498b63aff8c1462d0) (TextureImporter) -> (artifact id: '048294d447c384c7872ce22d39c02e84') in 0.0039136 seconds
Refreshing native plugins compatible for Editor in 1.89 ms, found 4 plugins.
Preloading 0 native plugins for Editor in 0.00 ms.
Asset Pipeline Refresh (id=36e6113290b03714bb4fb6eed090f389): Total: 0.023 seconds - Initiated by StopAssetImportingV2(NoUpdateAssetOptions)
Start importing Assets/NoSafeCircle/DoorPrototype/Art/Wizard/Source/PixelLab/feminine-light/selected/walk/north-west/frame_000.png using Guid(f10c702eda6b0bc498b63aff8c1462d0) (TextureImporter) -> (artifact id: '048294d447c384c7872ce22d39c02e84') in 0.0039696 seconds
Refreshing native plugins compatible for Editor in 2.90 ms, found 4 plugins.
Preloading 0 native plugins for Editor in 0.00 ms.
Asset Pipeline Refresh (id=5441ccf4c6dc58e499e3bc52e294cdc6): Total: 0.019 seconds - Initiated by StopAssetImportingV2(NoUpdateAssetOptions)
Start importing Assets/NoSafeCircle/DoorPrototype/Art/Wizard/Source/PixelLab/feminine-light/selected/walk/north-west/frame_001.png using Guid(4aa6ec8679abc8b489de0df01a392c37) (TextureImporter) -> (artifact id: '9fc3e124686b8a7cc7fdc45d1f120b96') in 0.0040349 seconds
Refreshing native plugins compatible for Editor in 1.77 ms, found 4 plugins.
Preloading 0 native plugins for Editor in 0.00 ms.
Asset Pipeline Refresh (id=8f195d2b243ed4e46bb2c6475dbafae2): Total: 0.018 seconds - Initiated by StopAssetImportingV2(NoUpdateAssetOptions)
Start importing Assets/NoSafeCircle/DoorPrototype/Art/Wizard/Source/PixelLab/feminine-light/selected/walk/north-west/frame_001.png using Guid(4aa6ec8679abc8b489de0df01a392c37) (TextureImporter) -> (artifact id: '9fc3e124686b8a7cc7fdc45d1f120b96') in 0.0036256 seconds
Refreshing native plugins compatible for Editor in 2.00 ms, found 4 plugins.
Preloading 0 native plugins for Editor in 0.00 ms.
Asset Pipeline Refresh (id=d0afaf46ca10f0f45b88909f52b8be59): Total: 0.018 seconds - Initiated by StopAssetImportingV2(NoUpdateAssetOptions)
Start importing Assets/NoSafeCircle/DoorPrototype/Art/Wizard/Source/PixelLab/feminine-light/selected/walk/north-west/frame_002.png using Guid(080d7d6cd5d36994989d903675132bfa) (TextureImporter) -> (artifact id: '240f0b95fd70970c239ac0a0b982a50b') in 0.0042178 seconds
Refreshing native plugins compatible for Editor in 1.72 ms, found 4 plugins.
Preloading 0 native plugins for Editor in 0.00 ms.
Asset Pipeline Refresh (id=0e2c8df0643eecd41ac5d075ee3a6422): Total: 0.018 seconds - Initiated by StopAssetImportingV2(NoUpdateAssetOptions)
Start importing Assets/NoSafeCircle/DoorPrototype/Art/Wizard/Source/PixelLab/feminine-light/selected/walk/north-west/frame_002.png using Guid(080d7d6cd5d36994989d903675132bfa) (TextureImporter) -> (artifact id: '240f0b95fd70970c239ac0a0b982a50b') in 0.0039066 seconds
Refreshing native plugins compatible for Editor in 1.65 ms, found 4 plugins.
Preloading 0 native plugins for Editor in 0.00 ms.
Asset Pipeline Refresh (id=1105e3b5b8a8f6a44b50551ed0ba7bee): Total: 0.018 seconds - Initiated by StopAssetImportingV2(NoUpdateAssetOptions)
Start importing Assets/NoSafeCircle/DoorPrototype/Art/Wizard/Source/PixelLab/feminine-light/selected/walk/north-west/frame_003.png using Guid(26a262b8fa2598441b020c71d16ec900) (TextureImporter) -> (artifact id: '9e8082f900e20cb30f15b2a2b32af96c') in 0.0039992 seconds
Refreshing native plugins compatible for Editor in 1.76 ms, found 4 plugins.
Preloading 0 native plugins for Editor in 0.00 ms.
Asset Pipeline Refresh (id=15fe7ee4086cf524d8502b9cb9d5540e): Total: 0.019 seconds - Initiated by StopAssetImportingV2(NoUpdateAssetOptions)
Start importing Assets/NoSafeCircle/DoorPrototype/Art/Wizard/Source/PixelLab/feminine-light/selected/walk/north-west/frame_003.png using Guid(26a262b8fa2598441b020c71d16ec900) (TextureImporter) -> (artifact id: '9e8082f900e20cb30f15b2a2b32af96c') in 0.0036435 seconds
Refreshing native plugins compatible for Editor in 2.18 ms, found 4 plugins.
Preloading 0 native plugins for Editor in 0.00 ms.
Asset Pipeline Refresh (id=1a6c736b3a748014aa767800f9566f7c): Total: 0.019 seconds - Initiated by StopAssetImportingV2(NoUpdateAssetOptions)
Start importing Assets/NoSafeCircle/DoorPrototype/Art/Wizard/Source/PixelLab/feminine-light/selected/walk/north-west/frame_004.png using Guid(70a602b2113bba04ca48403252b86875) (TextureImporter) -> (artifact id: '545ca84f3b5da4cf2a135a23eca927cd') in 0.004165 seconds
Refreshing native plugins compatible for Editor in 1.72 ms, found 4 plugins.
Preloading 0 native plugins for Editor in 0.00 ms.
Asset Pipeline Refresh (id=a3614d6dbaf56ae45bb331e96200f791): Total: 0.019 seconds - Initiated by StopAssetImportingV2(NoUpdateAssetOptions)
Start importing Assets/NoSafeCircle/DoorPrototype/Art/Wizard/Source/PixelLab/feminine-light/selected/walk/north-west/frame_004.png using Guid(70a602b2113bba04ca48403252b86875) (TextureImporter) -> (artifact id: '545ca84f3b5da4cf2a135a23eca927cd') in 0.0050638 seconds
Refreshing native plugins compatible for Editor in 1.78 ms, found 4 plugins.
Preloading 0 native plugins for Editor in 0.00 ms.
Asset Pipeline Refresh (id=f5c100994cfc6514e90f040e545b9524): Total: 0.019 seconds - Initiated by StopAssetImportingV2(NoUpdateAssetOptions)
Start importing Assets/NoSafeCircle/DoorPrototype/Art/Wizard/Source/PixelLab/feminine-light/selected/walk/north-west/frame_005.png using Guid(53bb7d2264c5fc64bafb50637f621a9c) (TextureImporter) -> (artifact id: '98b37cd95b43bd172cb97567c5653be2') in 0.0090753 seconds
Refreshing native plugins compatible for Editor in 1.95 ms, found 4 plugins.
Preloading 0 native plugins for Editor in 0.00 ms.
Asset Pipeline Refresh (id=ab08f3506477d934c98b3dd4dd831cc6): Total: 0.024 seconds - Initiated by StopAssetImportingV2(NoUpdateAssetOptions)
Start importing Assets/NoSafeCircle/DoorPrototype/Art/Wizard/Source/PixelLab/feminine-light/selected/walk/north-west/frame_005.png using Guid(53bb7d2264c5fc64bafb50637f621a9c) (TextureImporter) -> (artifact id: '98b37cd95b43bd172cb97567c5653be2') in 0.0037605 seconds
Refreshing native plugins compatible for Editor in 4.56 ms, found 4 plugins.
Preloading 0 native plugins for Editor in 0.00 ms.
Asset Pipeline Refresh (id=e99fd2e01780b814188682be207727e8): Total: 0.022 seconds - Initiated by StopAssetImportingV2(NoUpdateAssetOptions)
Start importing Assets/NoSafeCircle/DoorPrototype/Art/Wizard/Generated/Wizard_Feminine_White_walk_north-west.anim using Guid(1afdb32c71b21e843a556eec21a17728) (NativeFormatImporter) -> (artifact id: '9b69464bd4308c4425cb4c7c911add7b') in 0.0021271 seconds
Refreshing native plugins compatible for Editor in 1.64 ms, found 4 plugins.
Preloading 0 native plugins for Editor in 0.00 ms.
Asset Pipeline Refresh (id=1cb1c97282c351740944321c82b918dd): Total: 0.017 seconds - Initiated by StopAssetImportingV2(NoUpdateAssetOptions)
Start importing Assets/NoSafeCircle/DoorPrototype/Art/Wizard/Source/PixelLab/feminine-dark/selected/standing/north.png using Guid(2feb146e8a7a73047b887b1ade0e55fa) (TextureImporter) -> (artifact id: '957879f7d4eef227ba1ce5952211fa76') in 0.0040441 seconds
Refreshing native plugins compatible for Editor in 1.71 ms, found 4 plugins.
Preloading 0 native plugins for Editor in 0.00 ms.
Asset Pipeline Refresh (id=b285c848885711447891b27b57bbb061): Total: 0.021 seconds - Initiated by StopAssetImportingV2(NoUpdateAssetOptions)
Start importing Assets/NoSafeCircle/DoorPrototype/Art/Wizard/Source/PixelLab/feminine-dark/selected/standing/north.png using Guid(2feb146e8a7a73047b887b1ade0e55fa) (TextureImporter) -> (artifact id: '957879f7d4eef227ba1ce5952211fa76') in 0.0035127 seconds
Refreshing native plugins compatible for Editor in 2.19 ms, found 4 plugins.
Preloading 0 native plugins for Editor in 0.00 ms.
Asset Pipeline Refresh (id=f646eae2c1be2fa448fa9d692e81dbd5): Total: 0.020 seconds - Initiated by StopAssetImportingV2(NoUpdateAssetOptions)
Start importing Assets/NoSafeCircle/DoorPrototype/Art/Wizard/Source/PixelLab/feminine-dark/selected/standing/north-east.png using Guid(a1217821b0169bb4a87454fdd117b348) (TextureImporter) -> (artifact id: 'cc17198cbb5cc3c43edb700ebcf2db2f') in 0.0042024 seconds
Refreshing native plugins compatible for Editor in 1.59 ms, found 4 plugins.
Preloading 0 native plugins for Editor in 0.00 ms.
Asset Pipeline Refresh (id=a12a7ac4ae8b9bf48837c0ebfb4dd3ad): Total: 0.017 seconds - Initiated by StopAssetImportingV2(NoUpdateAssetOptions)
Start importing Assets/NoSafeCircle/DoorPrototype/Art/Wizard/Source/PixelLab/feminine-dark/selected/standing/north-east.png using Guid(a1217821b0169bb4a87454fdd117b348) (TextureImporter) -> (artifact id: 'cc17198cbb5cc3c43edb700ebcf2db2f') in 0.0038906 seconds
Refreshing native plugins compatible for Editor in 1.92 ms, found 4 plugins.
Preloading 0 native plugins for Editor in 0.00 ms.
Asset Pipeline Refresh (id=7b32b37aa9930c34992f803170b3d80a): Total: 0.018 seconds - Initiated by StopAssetImportingV2(NoUpdateAssetOptions)
Start importing Assets/NoSafeCircle/DoorPrototype/Art/Wizard/Source/PixelLab/feminine-dark/selected/standing/east.png using Guid(265f095eae845d544b4fe1e5d828a4c6) (TextureImporter) -> (artifact id: 'ae8733c5142b9ba0eef52c6c3c6c45dd') in 0.0041933 seconds
Refreshing native plugins compatible for Editor in 1.69 ms, found 4 plugins.
Preloading 0 native plugins for Editor in 0.00 ms.
Asset Pipeline Refresh (id=954235c6392fcb24ea83a0f267932295): Total: 0.020 seconds - Initiated by StopAssetImportingV2(NoUpdateAssetOptions)
Start importing Assets/NoSafeCircle/DoorPrototype/Art/Wizard/Source/PixelLab/feminine-dark/selected/standing/east.png using Guid(265f095eae845d544b4fe1e5d828a4c6) (TextureImporter) -> (artifact id: 'ae8733c5142b9ba0eef52c6c3c6c45dd') in 0.0043511 seconds
Refreshing native plugins compatible for Editor in 1.81 ms, found 4 plugins.
Preloading 0 native plugins for Editor in 0.00 ms.
Asset Pipeline Refresh (id=44de999251ec285489bf1fd1e53cc85a): Total: 0.020 seconds - Initiated by StopAssetImportingV2(NoUpdateAssetOptions)
Start importing Assets/NoSafeCircle/DoorPrototype/Art/Wizard/Source/PixelLab/feminine-dark/selected/standing/south-east.png using Guid(69f3c2f3d7452fd41b949253110967be) (TextureImporter) -> (artifact id: 'ee6467e97aa63a1a751ef6096fb9ecf6') in 0.0047435 seconds
Refreshing native plugins compatible for Editor in 1.62 ms, found 4 plugins.
Preloading 0 native plugins for Editor in 0.00 ms.
Asset Pipeline Refresh (id=81227a1530444f54888e4a81f2d14be5): Total: 0.018 seconds - Initiated by StopAssetImportingV2(NoUpdateAssetOptions)
Start importing Assets/NoSafeCircle/DoorPrototype/Art/Wizard/Source/PixelLab/feminine-dark/selected/standing/south-east.png using Guid(69f3c2f3d7452fd41b949253110967be) (TextureImporter) -> (artifact id: 'ee6467e97aa63a1a751ef6096fb9ecf6') in 0.0035861 seconds
Refreshing native plugins compatible for Editor in 2.28 ms, found 4 plugins.
Preloading 0 native plugins for Editor in 0.00 ms.
Asset Pipeline Refresh (id=11779c8cb17f15445b83c37dabb478c4): Total: 0.018 seconds - Initiated by StopAssetImportingV2(NoUpdateAssetOptions)
Start importing Assets/NoSafeCircle/DoorPrototype/Art/Wizard/Source/PixelLab/feminine-dark/selected/standing/south.png using Guid(395f313db6b829b4e98b7bb95d03047b) (TextureImporter) -> (artifact id: 'd3c15594e4a8572e716e80ecbb874809') in 0.0045167 seconds
Refreshing native plugins compatible for Editor in 1.70 ms, found 4 plugins.
Preloading 0 native plugins for Editor in 0.00 ms.
Asset Pipeline Refresh (id=5db69095239ac124fa920d2984a57eb6): Total: 0.020 seconds - Initiated by StopAssetImportingV2(NoUpdateAssetOptions)
Start importing Assets/NoSafeCircle/DoorPrototype/Art/Wizard/Source/PixelLab/feminine-dark/selected/standing/south.png using Guid(395f313db6b829b4e98b7bb95d03047b) (TextureImporter) -> (artifact id: 'd3c15594e4a8572e716e80ecbb874809') in 0.0039312 seconds
Refreshing native plugins compatible for Editor in 1.75 ms, found 4 plugins.
Preloading 0 native plugins for Editor in 0.00 ms.
Asset Pipeline Refresh (id=67353796db0ed144ab65a60f3221339d): Total: 0.019 seconds - Initiated by StopAssetImportingV2(NoUpdateAssetOptions)
Start importing Assets/NoSafeCircle/DoorPrototype/Art/Wizard/Source/PixelLab/feminine-dark/selected/standing/south-west.png using Guid(d340bd93ea196354289606025f38f94d) (TextureImporter) -> (artifact id: 'f837691b8466871cabcca2d15ba6c6af') in 0.0041566 seconds
Refreshing native plugins compatible for Editor in 1.75 ms, found 4 plugins.
Preloading 0 native plugins for Editor in 0.00 ms.
Asset Pipeline Refresh (id=81cb75d69894e5245885369e629a6370): Total: 0.018 seconds - Initiated by StopAssetImportingV2(NoUpdateAssetOptions)
Start importing Assets/NoSafeCircle/DoorPrototype/Art/Wizard/Source/PixelLab/feminine-dark/selected/standing/south-west.png using Guid(d340bd93ea196354289606025f38f94d) (TextureImporter) -> (artifact id: 'f837691b8466871cabcca2d15ba6c6af') in 0.0037406 seconds
Refreshing native plugins compatible for Editor in 1.65 ms, found 4 plugins.
Preloading 0 native plugins for Editor in 0.00 ms.
Asset Pipeline Refresh (id=c0c4ecc4bbfd4d94591986547526fd28): Total: 0.019 seconds - Initiated by StopAssetImportingV2(NoUpdateAssetOptions)
Start importing Assets/NoSafeCircle/DoorPrototype/Art/Wizard/Source/PixelLab/feminine-dark/selected/standing/west.png using Guid(6cc81d4fd67acb649b32359d6fc7cd2e) (TextureImporter) -> (artifact id: 'd02b0a988451053004fce71b6b6f9812') in 0.0044215 seconds
Refreshing native plugins compatible for Editor in 1.74 ms, found 4 plugins.
Preloading 0 native plugins for Editor in 0.00 ms.
Asset Pipeline Refresh (id=508a061d50d15ba4da8b23793c1c73f0): Total: 0.022 seconds - Initiated by StopAssetImportingV2(NoUpdateAssetOptions)
Start importing Assets/NoSafeCircle/DoorPrototype/Art/Wizard/Source/PixelLab/feminine-dark/selected/standing/west.png using Guid(6cc81d4fd67acb649b32359d6fc7cd2e) (TextureImporter) -> (artifact id: 'd02b0a988451053004fce71b6b6f9812') in 0.0036199 seconds
Refreshing native plugins compatible for Editor in 1.88 ms, found 4 plugins.
Preloading 0 native plugins for Editor in 0.00 ms.
Asset Pipeline Refresh (id=4138f0ab68663b548b825b03056deb2c): Total: 0.018 seconds - Initiated by StopAssetImportingV2(NoUpdateAssetOptions)
Start importing Assets/NoSafeCircle/DoorPrototype/Art/Wizard/Source/PixelLab/feminine-dark/selected/standing/north-west.png using Guid(2769efd7b13347c4b8f686924823a27d) (TextureImporter) -> (artifact id: '13bfff9ddb194b4329aa7c38db0fe7ac') in 0.0042219 seconds
Refreshing native plugins compatible for Editor in 1.94 ms, found 4 plugins.
Preloading 0 native plugins for Editor in 0.00 ms.
Asset Pipeline Refresh (id=47fb4bc218483c9479c66e29c40817d6): Total: 0.021 seconds - Initiated by StopAssetImportingV2(NoUpdateAssetOptions)
Start importing Assets/NoSafeCircle/DoorPrototype/Art/Wizard/Source/PixelLab/feminine-dark/selected/standing/north-west.png using Guid(2769efd7b13347c4b8f686924823a27d) (TextureImporter) -> (artifact id: '13bfff9ddb194b4329aa7c38db0fe7ac') in 0.0038952 seconds
Refreshing native plugins compatible for Editor in 1.67 ms, found 4 plugins.
Preloading 0 native plugins for Editor in 0.00 ms.
Asset Pipeline Refresh (id=6d41f5897fbcef64e9d0a1f2522ff04d): Total: 0.018 seconds - Initiated by StopAssetImportingV2(NoUpdateAssetOptions)
Start importing Assets/NoSafeCircle/DoorPrototype/Art/Wizard/Source/PixelLab/feminine-dark/selected/standing/north.png using Guid(2feb146e8a7a73047b887b1ade0e55fa) (TextureImporter) -> (artifact id: '957879f7d4eef227ba1ce5952211fa76') in 0.0048628 seconds
Refreshing native plugins compatible for Editor in 1.81 ms, found 4 plugins.
Preloading 0 native plugins for Editor in 0.00 ms.
Asset Pipeline Refresh (id=11c6695de35adf94eaa3ba32e530a351): Total: 0.023 seconds - Initiated by StopAssetImportingV2(NoUpdateAssetOptions)
Start importing Assets/NoSafeCircle/DoorPrototype/Art/Wizard/Source/PixelLab/feminine-dark/selected/standing/north.png using Guid(2feb146e8a7a73047b887b1ade0e55fa) (TextureImporter) -> (artifact id: '957879f7d4eef227ba1ce5952211fa76') in 0.0049749 seconds
Refreshing native plugins compatible for Editor in 1.78 ms, found 4 plugins.
Preloading 0 native plugins for Editor in 0.00 ms.
Asset Pipeline Refresh (id=33c35c25a879f574a93a05e7a8a119a4): Total: 0.023 seconds - Initiated by StopAssetImportingV2(NoUpdateAssetOptions)
Start importing Assets/NoSafeCircle/DoorPrototype/Art/Wizard/Generated/Wizard_Feminine_Black_idle_north.anim using Guid(56390b93606113148b6b0b6f3bc4580a) (NativeFormatImporter) -> (artifact id: '937366b7eedda339319c7b0bff0db838') in 0.0015941 seconds
Refreshing native plugins compatible for Editor in 1.60 ms, found 4 plugins.
Preloading 0 native plugins for Editor in 0.00 ms.
Asset Pipeline Refresh (id=a97c56b4bf686a142887c582b2a47fd7): Total: 0.014 seconds - Initiated by StopAssetImportingV2(NoUpdateAssetOptions)
Start importing Assets/NoSafeCircle/DoorPrototype/Art/Wizard/Source/PixelLab/feminine-dark/selected/walk/north/frame_000.png using Guid(e643b744a35ec73f7f8861db43aa1baa) (TextureImporter) -> (artifact id: '1e0817cac1d3d8b2370099b6cec92a6a') in 0.0037982 seconds
Refreshing native plugins compatible for Editor in 1.62 ms, found 4 plugins.
Preloading 0 native plugins for Editor in 0.00 ms.
Asset Pipeline Refresh (id=94312ebdb20e472419dda186c8361e32): Total: 0.019 seconds - Initiated by StopAssetImportingV2(NoUpdateAssetOptions)
Start importing Assets/NoSafeCircle/DoorPrototype/Art/Wizard/Source/PixelLab/feminine-dark/selected/walk/north/frame_000.png using Guid(e643b744a35ec73f7f8861db43aa1baa) (TextureImporter) -> (artifact id: 'dbf48c7353477c34c3a4d05d87dbcd6c') in 0.0038961 seconds
Refreshing native plugins compatible for Editor in 1.62 ms, found 4 plugins.
Preloading 0 native plugins for Editor in 0.00 ms.
Asset Pipeline Refresh (id=e6774dc2a769682498fa3ecc01ba7f70): Total: 0.025 seconds - Initiated by StopAssetImportingV2(NoUpdateAssetOptions)
Start importing Assets/NoSafeCircle/DoorPrototype/Art/Wizard/Source/PixelLab/feminine-dark/selected/walk/north/frame_001.png using Guid(da593aa160fcf63e35ae7401b448426c) (TextureImporter) -> (artifact id: '60a01ee0dc039fd6978362ceb532a48e') in 0.0042905 seconds
Refreshing native plugins compatible for Editor in 1.64 ms, found 4 plugins.
Preloading 0 native plugins for Editor in 0.00 ms.
Asset Pipeline Refresh (id=6b1442a14b3ef2046bfb075f36ecf497): Total: 0.018 seconds - Initiated by StopAssetImportingV2(NoUpdateAssetOptions)
Start importing Assets/NoSafeCircle/DoorPrototype/Art/Wizard/Source/PixelLab/feminine-dark/selected/walk/north/frame_001.png using Guid(da593aa160fcf63e35ae7401b448426c) (TextureImporter) -> (artifact id: 'fd3ea520f459a1b8ac6f34f7aa56e48e') in 0.0040328 seconds
Refreshing native plugins compatible for Editor in 1.63 ms, found 4 plugins.
Preloading 0 native plugins for Editor in 0.00 ms.
Asset Pipeline Refresh (id=db19c72bdcb65964684e65d21bce44df): Total: 0.028 seconds - Initiated by StopAssetImportingV2(NoUpdateAssetOptions)
Start importing Assets/NoSafeCircle/DoorPrototype/Art/Wizard/Source/PixelLab/feminine-dark/selected/walk/north/frame_002.png using Guid(1c2272d93a608693e04f3b094fd144cc) (TextureImporter) -> (artifact id: 'fa691952fee6dcd482ff53b3279e2ace') in 0.0040762 seconds
Refreshing native plugins compatible for Editor in 2.65 ms, found 4 plugins.
Preloading 0 native plugins for Editor in 0.00 ms.
Asset Pipeline Refresh (id=72361c8bffcf3874f8b5d0380508d0d1): Total: 0.021 seconds - Initiated by StopAssetImportingV2(NoUpdateAssetOptions)
Start importing Assets/NoSafeCircle/DoorPrototype/Art/Wizard/Source/PixelLab/feminine-dark/selected/walk/north/frame_002.png using Guid(1c2272d93a608693e04f3b094fd144cc) (TextureImporter) -> (artifact id: 'c5467830e9cb27b11b41427ada047248') in 0.0038085 seconds
Refreshing native plugins compatible for Editor in 1.62 ms, found 4 plugins.
Preloading 0 native plugins for Editor in 0.00 ms.
Asset Pipeline Refresh (id=5fe0c5a41dd913b4dac945e602b702af): Total: 0.023 seconds - Initiated by StopAssetImportingV2(NoUpdateAssetOptions)
Start importing Assets/NoSafeCircle/DoorPrototype/Art/Wizard/Source/PixelLab/feminine-dark/selected/walk/north/frame_003.png using Guid(9433017af23746d908f0e4a8f10426c2) (TextureImporter) -> (artifact id: '6855077064900961476df68604129f6a') in 0.004751 seconds
Refreshing native plugins compatible for Editor in 1.88 ms, found 4 plugins.
Preloading 0 native plugins for Editor in 0.00 ms.
Asset Pipeline Refresh (id=5f7a6373c0274494e84204f707fdb3e3): Total: 0.018 seconds - Initiated by StopAssetImportingV2(NoUpdateAssetOptions)
Start importing Assets/NoSafeCircle/DoorPrototype/Art/Wizard/Source/PixelLab/feminine-dark/selected/walk/north/frame_003.png using Guid(9433017af23746d908f0e4a8f10426c2) (TextureImporter) -> (artifact id: '7bf29bf46e2afa9e91d8101ad2bc9a33') in 0.0044556 seconds
Refreshing native plugins compatible for Editor in 1.70 ms, found 4 plugins.
Preloading 0 native plugins for Editor in 0.00 ms.
Asset Pipeline Refresh (id=43db76d260108684c831e0fb9d1558a2): Total: 0.023 seconds - Initiated by StopAssetImportingV2(NoUpdateAssetOptions)
Start importing Assets/NoSafeCircle/DoorPrototype/Art/Wizard/Source/PixelLab/feminine-dark/selected/walk/north/frame_004.png using Guid(0da4efe3719251f96e4f957ff0dc2a5f) (TextureImporter) -> (artifact id: '77c0bbc0de420e598da9918aa0b680f0') in 0.005503 seconds
Refreshing native plugins compatible for Editor in 1.75 ms, found 4 plugins.
Preloading 0 native plugins for Editor in 0.00 ms.
Asset Pipeline Refresh (id=bd3181357c82e224c8219562ae3b960b): Total: 0.023 seconds - Initiated by StopAssetImportingV2(NoUpdateAssetOptions)
Start importing Assets/NoSafeCircle/DoorPrototype/Art/Wizard/Source/PixelLab/feminine-dark/selected/walk/north/frame_004.png using Guid(0da4efe3719251f96e4f957ff0dc2a5f) (TextureImporter) -> (artifact id: '7a328d91537c1e0eae59b8b2fad1a3e9') in 0.0038525 seconds
Refreshing native plugins compatible for Editor in 2.45 ms, found 4 plugins.
Preloading 0 native plugins for Editor in 0.00 ms.
Asset Pipeline Refresh (id=15b190264e7f302429ffe34409367ea6): Total: 0.027 seconds - Initiated by StopAssetImportingV2(NoUpdateAssetOptions)
Start importing Assets/NoSafeCircle/DoorPrototype/Art/Wizard/Source/PixelLab/feminine-dark/selected/walk/north/frame_005.png using Guid(d36459cb14d5b8a4e7c4b911970373a2) (TextureImporter) -> (artifact id: 'a864824f12d488b9b2fbdd859030d989') in 0.0054176 seconds
Refreshing native plugins compatible for Editor in 1.98 ms, found 4 plugins.
Preloading 0 native plugins for Editor in 0.00 ms.
Asset Pipeline Refresh (id=7c54b1e9ccd10cc4c8fa86370589bd1f): Total: 0.042 seconds - Initiated by StopAssetImportingV2(NoUpdateAssetOptions)
Start importing Assets/NoSafeCircle/DoorPrototype/Art/Wizard/Source/PixelLab/feminine-dark/selected/walk/north/frame_005.png using Guid(d36459cb14d5b8a4e7c4b911970373a2) (TextureImporter) -> (artifact id: 'd8fcc769d10729a86949473850730c6d') in 0.0062726 seconds
Refreshing native plugins compatible for Editor in 2.22 ms, found 4 plugins.
Preloading 0 native plugins for Editor in 0.00 ms.
Asset Pipeline Refresh (id=a1d222951de57c84787ae619af9798bc): Total: 0.055 seconds - Initiated by StopAssetImportingV2(NoUpdateAssetOptions)
Start importing Assets/NoSafeCircle/DoorPrototype/Art/Wizard/Generated/Wizard_Feminine_Black_walk_north.anim using Guid(764f615fcec13bd438625b0e2b4d8fed) (NativeFormatImporter) -> (artifact id: '1619adc9d96def34c0e54b708c7d2e84') in 0.003111 seconds
Refreshing native plugins compatible for Editor in 2.49 ms, found 4 plugins.
Preloading 0 native plugins for Editor in 0.00 ms.
Asset Pipeline Refresh (id=08b2ac6fbd8318d44aea6021441e1fad): Total: 0.037 seconds - Initiated by StopAssetImportingV2(NoUpdateAssetOptions)
Start importing Assets/NoSafeCircle/DoorPrototype/Art/Wizard/Source/PixelLab/feminine-dark/selected/standing/north-east.png using Guid(a1217821b0169bb4a87454fdd117b348) (TextureImporter) -> (artifact id: 'cc17198cbb5cc3c43edb700ebcf2db2f') in 0.0089163 seconds
Refreshing native plugins compatible for Editor in 1.88 ms, found 4 plugins.
Preloading 0 native plugins for Editor in 0.00 ms.
Asset Pipeline Refresh (id=10e89420a3ef010479fe6d3416efd9d4): Total: 0.040 seconds - Initiated by StopAssetImportingV2(NoUpdateAssetOptions)
Start importing Assets/NoSafeCircle/DoorPrototype/Art/Wizard/Source/PixelLab/feminine-dark/selected/standing/north-east.png using Guid(a1217821b0169bb4a87454fdd117b348) (TextureImporter) -> (artifact id: 'cc17198cbb5cc3c43edb700ebcf2db2f') in 0.0047002 seconds
Refreshing native plugins compatible for Editor in 1.67 ms, found 4 plugins.
Preloading 0 native plugins for Editor in 0.00 ms.
Asset Pipeline Refresh (id=1fd0c45c2b040d041ac9ba15cf0550e0): Total: 0.026 seconds - Initiated by StopAssetImportingV2(NoUpdateAssetOptions)
Start importing Assets/NoSafeCircle/DoorPrototype/Art/Wizard/Generated/Wizard_Feminine_Black_idle_north-east.anim using Guid(6e96856c748dc8749a34e5d581109c72) (NativeFormatImporter) -> (artifact id: '1a71f74bbd4507ade701795058a82ee4') in 0.0014837 seconds
Refreshing native plugins compatible for Editor in 1.72 ms, found 4 plugins.
Preloading 0 native plugins for Editor in 0.00 ms.
Asset Pipeline Refresh (id=67522d57806ca1e4a83cca7439314c56): Total: 0.014 seconds - Initiated by StopAssetImportingV2(NoUpdateAssetOptions)
Start importing Assets/NoSafeCircle/DoorPrototype/Art/Wizard/Source/PixelLab/feminine-dark/selected/walk/north-east/frame_000.png using Guid(d462df5423f92c7419f5747437825c54) (TextureImporter) -> (artifact id: 'f13d5a1ab31994d3bfcd4ff510aaeefb') in 0.0036168 seconds
Refreshing native plugins compatible for Editor in 1.78 ms, found 4 plugins.
Preloading 0 native plugins for Editor in 0.00 ms.
Asset Pipeline Refresh (id=b44659c5cd2ab01408baccfc2ac30b19): Total: 0.017 seconds - Initiated by StopAssetImportingV2(NoUpdateAssetOptions)
Start importing Assets/NoSafeCircle/DoorPrototype/Art/Wizard/Source/PixelLab/feminine-dark/selected/walk/north-east/frame_000.png using Guid(d462df5423f92c7419f5747437825c54) (TextureImporter) -> (artifact id: 'f13d5a1ab31994d3bfcd4ff510aaeefb') in 0.0035409 seconds
Refreshing native plugins compatible for Editor in 1.73 ms, found 4 plugins.
Preloading 0 native plugins for Editor in 0.00 ms.
Asset Pipeline Refresh (id=e0432842d96c3ef40802da65b0637947): Total: 0.017 seconds - Initiated by StopAssetImportingV2(NoUpdateAssetOptions)
Start importing Assets/NoSafeCircle/DoorPrototype/Art/Wizard/Source/PixelLab/feminine-dark/selected/walk/north-east/frame_001.png using Guid(934c5236f2abf814bbbafe6d5feb2a49) (TextureImporter) -> (artifact id: '2bff87f6515d9bc9f87d22ed9719b75d') in 0.0044195 seconds
Refreshing native plugins compatible for Editor in 1.63 ms, found 4 plugins.
Preloading 0 native plugins for Editor in 0.00 ms.
Asset Pipeline Refresh (id=f61e90b6dbfbb774faa55d86c86f21bd): Total: 0.018 seconds - Initiated by StopAssetImportingV2(NoUpdateAssetOptions)
Start importing Assets/NoSafeCircle/DoorPrototype/Art/Wizard/Source/PixelLab/feminine-dark/selected/walk/north-east/frame_001.png using Guid(934c5236f2abf814bbbafe6d5feb2a49) (TextureImporter) -> (artifact id: '2bff87f6515d9bc9f87d22ed9719b75d') in 0.0036676 seconds
Refreshing native plugins compatible for Editor in 1.65 ms, found 4 plugins.
Preloading 0 native plugins for Editor in 0.00 ms.
Asset Pipeline Refresh (id=5fcc76403aa30304e8d486d3dd77e3da): Total: 0.019 seconds - Initiated by StopAssetImportingV2(NoUpdateAssetOptions)
Start importing Assets/NoSafeCircle/DoorPrototype/Art/Wizard/Source/PixelLab/feminine-dark/selected/walk/north-east/frame_002.png using Guid(5bbcf96f77eecea47b3a25f4a4c5cff2) (TextureImporter) -> (artifact id: '6474f174a1bca6a2d015e340f66d43fe') in 0.0040367 seconds
Refreshing native plugins compatible for Editor in 1.70 ms, found 4 plugins.
Preloading 0 native plugins for Editor in 0.00 ms.
Asset Pipeline Refresh (id=3b41ce3c1937303409a2d674a36784fc): Total: 0.018 seconds - Initiated by StopAssetImportingV2(NoUpdateAssetOptions)
Start importing Assets/NoSafeCircle/DoorPrototype/Art/Wizard/Source/PixelLab/feminine-dark/selected/walk/north-east/frame_002.png using Guid(5bbcf96f77eecea47b3a25f4a4c5cff2) (TextureImporter) -> (artifact id: '6474f174a1bca6a2d015e340f66d43fe') in 0.0039065 seconds
Refreshing native plugins compatible for Editor in 2.34 ms, found 4 plugins.
Preloading 0 native plugins for Editor in 0.00 ms.
Asset Pipeline Refresh (id=d74ccadf14f3f9f40b0bb5c6cf422b79): Total: 0.019 seconds - Initiated by StopAssetImportingV2(NoUpdateAssetOptions)
Start importing Assets/NoSafeCircle/DoorPrototype/Art/Wizard/Source/PixelLab/feminine-dark/selected/walk/north-east/frame_003.png using Guid(c43b36f333c165b4a8fe72630a574c70) (TextureImporter) -> (artifact id: 'bb4f869d36d51000d6ef6d4cf280384b') in 0.0053288 seconds
Refreshing native plugins compatible for Editor in 1.69 ms, found 4 plugins.
Preloading 0 native plugins for Editor in 0.00 ms.
Asset Pipeline Refresh (id=d44eee4f445772d42afdf75af3b51e5d): Total: 0.019 seconds - Initiated by StopAssetImportingV2(NoUpdateAssetOptions)
Start importing Assets/NoSafeCircle/DoorPrototype/Art/Wizard/Source/PixelLab/feminine-dark/selected/walk/north-east/frame_003.png using Guid(c43b36f333c165b4a8fe72630a574c70) (TextureImporter) -> (artifact id: 'bb4f869d36d51000d6ef6d4cf280384b') in 0.0036939 seconds
Refreshing native plugins compatible for Editor in 1.71 ms, found 4 plugins.
Preloading 0 native plugins for Editor in 0.00 ms.
Asset Pipeline Refresh (id=61fb071851780904394f133d366c5bbd): Total: 0.020 seconds - Initiated by StopAssetImportingV2(NoUpdateAssetOptions)
Start importing Assets/NoSafeCircle/DoorPrototype/Art/Wizard/Source/PixelLab/feminine-dark/selected/walk/north-east/frame_004.png using Guid(8aa232288451d3e46bd8d8a2871385a5) (TextureImporter) -> (artifact id: '4bb02c4ce38c67abd3a25ffc64dab86f') in 0.0046488 seconds
Refreshing native plugins compatible for Editor in 1.72 ms, found 4 plugins.
Preloading 0 native plugins for Editor in 0.00 ms.
Asset Pipeline Refresh (id=2aae844e04148d044a208923678ede54): Total: 0.018 seconds - Initiated by StopAssetImportingV2(NoUpdateAssetOptions)
Start importing Assets/NoSafeCircle/DoorPrototype/Art/Wizard/Source/PixelLab/feminine-dark/selected/walk/north-east/frame_004.png using Guid(8aa232288451d3e46bd8d8a2871385a5) (TextureImporter) -> (artifact id: '4bb02c4ce38c67abd3a25ffc64dab86f') in 0.00419 seconds
Refreshing native plugins compatible for Editor in 1.72 ms, found 4 plugins.
Preloading 0 native plugins for Editor in 0.00 ms.
Asset Pipeline Refresh (id=471af5832bb7b3140bc23b6882c3a079): Total: 0.018 seconds - Initiated by StopAssetImportingV2(NoUpdateAssetOptions)
Start importing Assets/NoSafeCircle/DoorPrototype/Art/Wizard/Source/PixelLab/feminine-dark/selected/walk/north-east/frame_005.png using Guid(a0894ac601da64545a9082c129c40dd1) (TextureImporter) -> (artifact id: 'd667d0616a0e91a424e92315897361ea') in 0.0041048 seconds
Refreshing native plugins compatible for Editor in 2.47 ms, found 4 plugins.
Preloading 0 native plugins for Editor in 0.00 ms.
Asset Pipeline Refresh (id=6cff35eae7832854a9a715f23cccef59): Total: 0.020 seconds - Initiated by StopAssetImportingV2(NoUpdateAssetOptions)
Start importing Assets/NoSafeCircle/DoorPrototype/Art/Wizard/Source/PixelLab/feminine-dark/selected/walk/north-east/frame_005.png using Guid(a0894ac601da64545a9082c129c40dd1) (TextureImporter) -> (artifact id: 'd667d0616a0e91a424e92315897361ea') in 0.0036027 seconds
Refreshing native plugins compatible for Editor in 1.69 ms, found 4 plugins.
Preloading 0 native plugins for Editor in 0.00 ms.
Asset Pipeline Refresh (id=589e27ef085a26f4c91f52305d56ca81): Total: 0.018 seconds - Initiated by StopAssetImportingV2(NoUpdateAssetOptions)
Start importing Assets/NoSafeCircle/DoorPrototype/Art/Wizard/Generated/Wizard_Feminine_Black_walk_north-east.anim using Guid(1431d10fec45c5641a6381d12aa09fd5) (NativeFormatImporter) -> (artifact id: 'f9cbf81ad735db7593eb5a1164b167ae') in 0.0021495 seconds
Refreshing native plugins compatible for Editor in 1.65 ms, found 4 plugins.
Preloading 0 native plugins for Editor in 0.00 ms.
Asset Pipeline Refresh (id=017f36a06eb38ce46b5411b390d82f05): Total: 0.015 seconds - Initiated by StopAssetImportingV2(NoUpdateAssetOptions)
Start importing Assets/NoSafeCircle/DoorPrototype/Art/Wizard/Source/PixelLab/feminine-dark/selected/standing/east.png using Guid(265f095eae845d544b4fe1e5d828a4c6) (TextureImporter) -> (artifact id: 'ae8733c5142b9ba0eef52c6c3c6c45dd') in 0.0049886 seconds
Refreshing native plugins compatible for Editor in 1.92 ms, found 4 plugins.
Preloading 0 native plugins for Editor in 0.00 ms.
Asset Pipeline Refresh (id=ad8869c418f46a64d9b75e97ae75abf0): Total: 0.020 seconds - Initiated by StopAssetImportingV2(NoUpdateAssetOptions)
Start importing Assets/NoSafeCircle/DoorPrototype/Art/Wizard/Source/PixelLab/feminine-dark/selected/standing/east.png using Guid(265f095eae845d544b4fe1e5d828a4c6) (TextureImporter) -> (artifact id: 'ae8733c5142b9ba0eef52c6c3c6c45dd') in 0.0048096 seconds
Refreshing native plugins compatible for Editor in 3.03 ms, found 4 plugins.
Preloading 0 native plugins for Editor in 0.00 ms.
Asset Pipeline Refresh (id=0a34184c40e740a4e88f610f108f5b6c): Total: 0.023 seconds - Initiated by StopAssetImportingV2(NoUpdateAssetOptions)
Start importing Assets/NoSafeCircle/DoorPrototype/Art/Wizard/Generated/Wizard_Feminine_Black_idle_east.anim using Guid(3490ebaa585fab94abcb613e7bf186a4) (NativeFormatImporter) -> (artifact id: 'b25eb9d9991cbc2be2b257a85ce237e9') in 0.0016054 seconds
Refreshing native plugins compatible for Editor in 1.64 ms, found 4 plugins.
Preloading 0 native plugins for Editor in 0.00 ms.
Asset Pipeline Refresh (id=7fdeedd8d4187cd40bd94d765397b07a): Total: 0.015 seconds - Initiated by StopAssetImportingV2(NoUpdateAssetOptions)
Start importing Assets/NoSafeCircle/DoorPrototype/Art/Wizard/Source/PixelLab/feminine-dark/selected/walk/east/frame_000.png using Guid(caa6394d11b396976d4c6dc79df16c6a) (TextureImporter) -> (artifact id: '3c1e8413e7bf0f65ed375ce14ba3e0ff') in 0.0038216 seconds
Refreshing native plugins compatible for Editor in 1.72 ms, found 4 plugins.
Preloading 0 native plugins for Editor in 0.00 ms.
Asset Pipeline Refresh (id=185f9199391a744468afdf55dd0ece17): Total: 0.019 seconds - Initiated by StopAssetImportingV2(NoUpdateAssetOptions)
Start importing Assets/NoSafeCircle/DoorPrototype/Art/Wizard/Source/PixelLab/feminine-dark/selected/walk/east/frame_000.png using Guid(caa6394d11b396976d4c6dc79df16c6a) (TextureImporter) -> (artifact id: '715eb4672953b2b63d3901a47e49dc92') in 0.0041154 seconds
Refreshing native plugins compatible for Editor in 1.62 ms, found 4 plugins.
Preloading 0 native plugins for Editor in 0.00 ms.
Asset Pipeline Refresh (id=432e9f6b09985be499c7ddfe01aa3b94): Total: 0.025 seconds - Initiated by StopAssetImportingV2(NoUpdateAssetOptions)
Start importing Assets/NoSafeCircle/DoorPrototype/Art/Wizard/Source/PixelLab/feminine-dark/selected/walk/east/frame_001.png using Guid(0c6887552c141a3498876fcacb316ace) (TextureImporter) -> (artifact id: 'c71baaf95f562938f18503489e01b27d') in 0.0046033 seconds
Refreshing native plugins compatible for Editor in 1.67 ms, found 4 plugins.
Preloading 0 native plugins for Editor in 0.00 ms.
Asset Pipeline Refresh (id=267a66072005a094987176030781bef6): Total: 0.020 seconds - Initiated by StopAssetImportingV2(NoUpdateAssetOptions)
Start importing Assets/NoSafeCircle/DoorPrototype/Art/Wizard/Source/PixelLab/feminine-dark/selected/walk/east/frame_001.png using Guid(0c6887552c141a3498876fcacb316ace) (TextureImporter) -> (artifact id: '3f3f813e578a9e58071b541c421d2d0d') in 0.0046777 seconds
Refreshing native plugins compatible for Editor in 1.71 ms, found 4 plugins.
Preloading 0 native plugins for Editor in 0.00 ms.
Asset Pipeline Refresh (id=79e66e7d62b16e845a3bba8d626f9c08): Total: 0.027 seconds - Initiated by StopAssetImportingV2(NoUpdateAssetOptions)
Start importing Assets/NoSafeCircle/DoorPrototype/Art/Wizard/Source/PixelLab/feminine-dark/selected/walk/east/frame_002.png using Guid(7690207c50300d550b62132ae5afaf53) (TextureImporter) -> (artifact id: '7fa39967b842d14f6815483e5808fc98') in 0.0044924 seconds
Refreshing native plugins compatible for Editor in 1.89 ms, found 4 plugins.
Preloading 0 native plugins for Editor in 0.00 ms.
Asset Pipeline Refresh (id=2928bca4c9001db4c9ca9ae916bb7112): Total: 0.024 seconds - Initiated by StopAssetImportingV2(NoUpdateAssetOptions)
Start importing Assets/NoSafeCircle/DoorPrototype/Art/Wizard/Source/PixelLab/feminine-dark/selected/walk/east/frame_002.png using Guid(7690207c50300d550b62132ae5afaf53) (TextureImporter) -> (artifact id: 'debb9c4f666844dae449a4d1bcee0b02') in 0.0057007 seconds
Refreshing native plugins compatible for Editor in 1.81 ms, found 4 plugins.
Preloading 0 native plugins for Editor in 0.00 ms.
Asset Pipeline Refresh (id=a6c68228898d53e4193a8c97b6b996bc): Total: 0.034 seconds - Initiated by StopAssetImportingV2(NoUpdateAssetOptions)
Start importing Assets/NoSafeCircle/DoorPrototype/Art/Wizard/Source/PixelLab/feminine-dark/selected/walk/east/frame_003.png using Guid(c3b7319eee3d6a50c41bc61c98290421) (TextureImporter) -> (artifact id: 'e73650506052d2625e2cfff37e86f656') in 0.0043446 seconds
Refreshing native plugins compatible for Editor in 1.75 ms, found 4 plugins.
Preloading 0 native plugins for Editor in 0.00 ms.
Asset Pipeline Refresh (id=13098f877cba7f7409a45e55b66b19f5): Total: 0.019 seconds - Initiated by StopAssetImportingV2(NoUpdateAssetOptions)
Start importing Assets/NoSafeCircle/DoorPrototype/Art/Wizard/Source/PixelLab/feminine-dark/selected/walk/east/frame_003.png using Guid(c3b7319eee3d6a50c41bc61c98290421) (TextureImporter) -> (artifact id: '85670ea6b1e37af2b5ab2c18b08c9465') in 0.0044098 seconds
Refreshing native plugins compatible for Editor in 1.75 ms, found 4 plugins.
Preloading 0 native plugins for Editor in 0.00 ms.
Asset Pipeline Refresh (id=a7cd8b5465f7abc46b2de14270a7dfad): Total: 0.026 seconds - Initiated by StopAssetImportingV2(NoUpdateAssetOptions)
Start importing Assets/NoSafeCircle/DoorPrototype/Art/Wizard/Source/PixelLab/feminine-dark/selected/walk/east/frame_004.png using Guid(5c4b5c93863ead4e2116cb6d49f60fcb) (TextureImporter) -> (artifact id: '9a2a0b5bbf46674ab2d523e8df1d2b63') in 0.004442 seconds
Refreshing native plugins compatible for Editor in 1.73 ms, found 4 plugins.
Preloading 0 native plugins for Editor in 0.00 ms.
Asset Pipeline Refresh (id=1849f04808799194a88380c6b872b6a1): Total: 0.021 seconds - Initiated by StopAssetImportingV2(NoUpdateAssetOptions)
Start importing Assets/NoSafeCircle/DoorPrototype/Art/Wizard/Source/PixelLab/feminine-dark/selected/walk/east/frame_004.png using Guid(5c4b5c93863ead4e2116cb6d49f60fcb) (TextureImporter) -> (artifact id: 'b176155e95d1a3c67a4db95cae5a5664') in 0.0041391 seconds
Refreshing native plugins compatible for Editor in 1.94 ms, found 4 plugins.
Preloading 0 native plugins for Editor in 0.00 ms.
Asset Pipeline Refresh (id=5875c7d3451a1dc4f8360efa33c80df9): Total: 0.024 seconds - Initiated by StopAssetImportingV2(NoUpdateAssetOptions)
Start importing Assets/NoSafeCircle/DoorPrototype/Art/Wizard/Source/PixelLab/feminine-dark/selected/walk/east/frame_005.png using Guid(b5e827319400f39bfca8531b9f07093b) (TextureImporter) -> (artifact id: '38f79f983e1efc7ae26ec9bcd46ed517') in 0.0059235 seconds
Refreshing native plugins compatible for Editor in 1.93 ms, found 4 plugins.
Preloading 0 native plugins for Editor in 0.00 ms.
Asset Pipeline Refresh (id=39b58a8e13d34bf4096e5326ee9d535c): Total: 0.020 seconds - Initiated by StopAssetImportingV2(NoUpdateAssetOptions)
Start importing Assets/NoSafeCircle/DoorPrototype/Art/Wizard/Source/PixelLab/feminine-dark/selected/walk/east/frame_005.png using Guid(b5e827319400f39bfca8531b9f07093b) (TextureImporter) -> (artifact id: '0d051eff3bf3c0e1d683cc782bce7037') in 0.0041737 seconds
Refreshing native plugins compatible for Editor in 1.72 ms, found 4 plugins.
Preloading 0 native plugins for Editor in 0.00 ms.
Asset Pipeline Refresh (id=bba3762f7b7cd1e49bdba52c10812a1d): Total: 0.028 seconds - Initiated by StopAssetImportingV2(NoUpdateAssetOptions)
Start importing Assets/NoSafeCircle/DoorPrototype/Art/Wizard/Generated/Wizard_Feminine_Black_walk_east.anim using Guid(68483bd57b0276240a8d985f9286a2c7) (NativeFormatImporter) -> (artifact id: '8b68dfc16ad193dff6886d1ea0918b93') in 0.0020538 seconds
Refreshing native plugins compatible for Editor in 1.85 ms, found 4 plugins.
Preloading 0 native plugins for Editor in 0.00 ms.
Asset Pipeline Refresh (id=b6ecf69dd64a03a489c0da8b1172f381): Total: 0.015 seconds - Initiated by StopAssetImportingV2(NoUpdateAssetOptions)
Start importing Assets/NoSafeCircle/DoorPrototype/Art/Wizard/Source/PixelLab/feminine-dark/selected/standing/south-east.png using Guid(69f3c2f3d7452fd41b949253110967be) (TextureImporter) -> (artifact id: 'ee6467e97aa63a1a751ef6096fb9ecf6') in 0.0051461 seconds
Refreshing native plugins compatible for Editor in 2.09 ms, found 4 plugins.
Preloading 0 native plugins for Editor in 0.00 ms.
Asset Pipeline Refresh (id=af1e8bdf57f523f4e9386fed464fe580): Total: 0.022 seconds - Initiated by StopAssetImportingV2(NoUpdateAssetOptions)
Start importing Assets/NoSafeCircle/DoorPrototype/Art/Wizard/Source/PixelLab/feminine-dark/selected/standing/south-east.png using Guid(69f3c2f3d7452fd41b949253110967be) (TextureImporter) -> (artifact id: 'ee6467e97aa63a1a751ef6096fb9ecf6') in 0.0049022 seconds
Refreshing native plugins compatible for Editor in 1.63 ms, found 4 plugins.
Preloading 0 native plugins for Editor in 0.00 ms.
Asset Pipeline Refresh (id=122430d06ccaa6741af8713a8fd09087): Total: 0.020 seconds - Initiated by StopAssetImportingV2(NoUpdateAssetOptions)
Start importing Assets/NoSafeCircle/DoorPrototype/Art/Wizard/Generated/Wizard_Feminine_Black_idle_south-east.anim using Guid(0dd27da7f0277cd4a8bd40abecd08b59) (NativeFormatImporter) -> (artifact id: 'f74c149ccf15f37feca4abdfe2df5319') in 0.0015669 seconds
Refreshing native plugins compatible for Editor in 1.75 ms, found 4 plugins.
Preloading 0 native plugins for Editor in 0.00 ms.
Asset Pipeline Refresh (id=f5c573aa3030d274f8b8eb6fecc8b4fc): Total: 0.015 seconds - Initiated by StopAssetImportingV2(NoUpdateAssetOptions)
Start importing Assets/NoSafeCircle/DoorPrototype/Art/Wizard/Source/PixelLab/feminine-dark/selected/walk/south-east/frame_000.png using Guid(42dd774045ddbc744be866ab33da0f8d) (TextureImporter) -> (artifact id: 'a3239d0431e581d4577e8bccf53ad2fd') in 0.0035606 seconds
Refreshing native plugins compatible for Editor in 1.87 ms, found 4 plugins.
Preloading 0 native plugins for Editor in 0.00 ms.
Asset Pipeline Refresh (id=32f4c031340a4294f877e42b16473c94): Total: 0.020 seconds - Initiated by StopAssetImportingV2(NoUpdateAssetOptions)
Start importing Assets/NoSafeCircle/DoorPrototype/Art/Wizard/Source/PixelLab/feminine-dark/selected/walk/south-east/frame_000.png using Guid(42dd774045ddbc744be866ab33da0f8d) (TextureImporter) -> (artifact id: 'a3239d0431e581d4577e8bccf53ad2fd') in 0.0037464 seconds
Refreshing native plugins compatible for Editor in 1.69 ms, found 4 plugins.
Preloading 0 native plugins for Editor in 0.00 ms.
Asset Pipeline Refresh (id=b7d9d388fdfeae1418f061a7f3af01b4): Total: 0.019 seconds - Initiated by StopAssetImportingV2(NoUpdateAssetOptions)
Start importing Assets/NoSafeCircle/DoorPrototype/Art/Wizard/Source/PixelLab/feminine-dark/selected/walk/south-east/frame_001.png using Guid(f44a7393b774d5442ba1251cde6646cf) (TextureImporter) -> (artifact id: '066f6762edd18106cb16804e84376107') in 0.0043004 seconds
Refreshing native plugins compatible for Editor in 1.69 ms, found 4 plugins.
Preloading 0 native plugins for Editor in 0.00 ms.
Asset Pipeline Refresh (id=6ebc6fc8297e5ac44a3b6b75390d2716): Total: 0.018 seconds - Initiated by StopAssetImportingV2(NoUpdateAssetOptions)
Start importing Assets/NoSafeCircle/DoorPrototype/Art/Wizard/Source/PixelLab/feminine-dark/selected/walk/south-east/frame_001.png using Guid(f44a7393b774d5442ba1251cde6646cf) (TextureImporter) -> (artifact id: '066f6762edd18106cb16804e84376107') in 0.0037876 seconds
Refreshing native plugins compatible for Editor in 1.71 ms, found 4 plugins.
Preloading 0 native plugins for Editor in 0.00 ms.
Asset Pipeline Refresh (id=7a215d8ea059586449d4cfda26152605): Total: 0.019 seconds - Initiated by StopAssetImportingV2(NoUpdateAssetOptions)
Start importing Assets/NoSafeCircle/DoorPrototype/Art/Wizard/Source/PixelLab/feminine-dark/selected/walk/south-east/frame_002.png using Guid(aa283dd44f6c7fb46b54a6f6ea040ed0) (TextureImporter) -> (artifact id: 'ab68743bd16e61737db72f4de7e2d179') in 0.0043794 seconds
Refreshing native plugins compatible for Editor in 1.65 ms, found 4 plugins.
Preloading 0 native plugins for Editor in 0.00 ms.
Asset Pipeline Refresh (id=4549e4c1401f6fd4584f24677c5b349a): Total: 0.018 seconds - Initiated by StopAssetImportingV2(NoUpdateAssetOptions)
Start importing Assets/NoSafeCircle/DoorPrototype/Art/Wizard/Source/PixelLab/feminine-dark/selected/walk/south-east/frame_002.png using Guid(aa283dd44f6c7fb46b54a6f6ea040ed0) (TextureImporter) -> (artifact id: 'ab68743bd16e61737db72f4de7e2d179') in 0.0042893 seconds
Refreshing native plugins compatible for Editor in 1.80 ms, found 4 plugins.
Preloading 0 native plugins for Editor in 0.00 ms.
Asset Pipeline Refresh (id=4bc0cb5263c5a82459c6444d849d1b5e): Total: 0.020 seconds - Initiated by StopAssetImportingV2(NoUpdateAssetOptions)
Start importing Assets/NoSafeCircle/DoorPrototype/Art/Wizard/Source/PixelLab/feminine-dark/selected/walk/south-east/frame_003.png using Guid(a7fff011355f1f84a8b447804a104b20) (TextureImporter) -> (artifact id: '0d5d7b742fd6a74cb336f77d784db00e') in 0.0042142 seconds
Refreshing native plugins compatible for Editor in 1.70 ms, found 4 plugins.
Preloading 0 native plugins for Editor in 0.00 ms.
Asset Pipeline Refresh (id=ad4b9d832456c8446acb7b6f8da6f4d2): Total: 0.018 seconds - Initiated by StopAssetImportingV2(NoUpdateAssetOptions)
Start importing Assets/NoSafeCircle/DoorPrototype/Art/Wizard/Source/PixelLab/feminine-dark/selected/walk/south-east/frame_003.png using Guid(a7fff011355f1f84a8b447804a104b20) (TextureImporter) -> (artifact id: '0d5d7b742fd6a74cb336f77d784db00e') in 0.0038135 seconds
Refreshing native plugins compatible for Editor in 1.77 ms, found 4 plugins.
Preloading 0 native plugins for Editor in 0.00 ms.
Asset Pipeline Refresh (id=ee17b24bb12415d4e90073e587cb2413): Total: 0.020 seconds - Initiated by StopAssetImportingV2(NoUpdateAssetOptions)
Start importing Assets/NoSafeCircle/DoorPrototype/Art/Wizard/Source/PixelLab/feminine-dark/selected/walk/south-east/frame_004.png using Guid(01492cb486f6c914583ea38853044689) (TextureImporter) -> (artifact id: '0d4c4b23ef0390350af5b38e425a11d3') in 0.0053195 seconds
Refreshing native plugins compatible for Editor in 1.63 ms, found 4 plugins.
Preloading 0 native plugins for Editor in 0.00 ms.
Asset Pipeline Refresh (id=ba73d3432d5006f4192890ea64194d6a): Total: 0.018 seconds - Initiated by StopAssetImportingV2(NoUpdateAssetOptions)
Start importing Assets/NoSafeCircle/DoorPrototype/Art/Wizard/Source/PixelLab/feminine-dark/selected/walk/south-east/frame_004.png using Guid(01492cb486f6c914583ea38853044689) (TextureImporter) -> (artifact id: '0d4c4b23ef0390350af5b38e425a11d3') in 0.0034285 seconds
Refreshing native plugins compatible for Editor in 1.67 ms, found 4 plugins.
Preloading 0 native plugins for Editor in 0.00 ms.
Asset Pipeline Refresh (id=eb29fa04ac6b2194297f541e6d3656d7): Total: 0.018 seconds - Initiated by StopAssetImportingV2(NoUpdateAssetOptions)
Start importing Assets/NoSafeCircle/DoorPrototype/Art/Wizard/Source/PixelLab/feminine-dark/selected/walk/south-east/frame_005.png using Guid(7171027cf4425fe4a94f7642fc6e9771) (TextureImporter) -> (artifact id: '0c35c354159a8f6500b3e1acb99e1336') in 0.0042189 seconds
Refreshing native plugins compatible for Editor in 2.06 ms, found 4 plugins.
Preloading 0 native plugins for Editor in 0.00 ms.
Asset Pipeline Refresh (id=f8b340f26957e3849a51dec37a876cd6): Total: 0.019 seconds - Initiated by StopAssetImportingV2(NoUpdateAssetOptions)
Start importing Assets/NoSafeCircle/DoorPrototype/Art/Wizard/Source/PixelLab/feminine-dark/selected/walk/south-east/frame_005.png using Guid(7171027cf4425fe4a94f7642fc6e9771) (TextureImporter) -> (artifact id: '0c35c354159a8f6500b3e1acb99e1336') in 0.0037291 seconds
Refreshing native plugins compatible for Editor in 1.69 ms, found 4 plugins.
Preloading 0 native plugins for Editor in 0.00 ms.
Asset Pipeline Refresh (id=d68bfb090f2128f4983dfa35a57d4470): Total: 0.018 seconds - Initiated by StopAssetImportingV2(NoUpdateAssetOptions)
Start importing Assets/NoSafeCircle/DoorPrototype/Art/Wizard/Generated/Wizard_Feminine_Black_walk_south-east.anim using Guid(ed25b7f324d907c43bae3068122da65f) (NativeFormatImporter) -> (artifact id: '76e74549ba772f794f594a21d489763e') in 0.0023278 seconds
Refreshing native plugins compatible for Editor in 1.65 ms, found 4 plugins.
Preloading 0 native plugins for Editor in 0.00 ms.
Asset Pipeline Refresh (id=62dfc9b08d8a71c4baf9a7c1b86d3161): Total: 0.016 seconds - Initiated by StopAssetImportingV2(NoUpdateAssetOptions)
Start importing Assets/NoSafeCircle/DoorPrototype/Art/Wizard/Source/PixelLab/feminine-dark/selected/standing/south.png using Guid(395f313db6b829b4e98b7bb95d03047b) (TextureImporter) -> (artifact id: 'd3c15594e4a8572e716e80ecbb874809') in 0.0053476 seconds
Refreshing native plugins compatible for Editor in 1.83 ms, found 4 plugins.
Preloading 0 native plugins for Editor in 0.00 ms.
Asset Pipeline Refresh (id=93ba55a547c1bb449a0f8c1ed58cc94a): Total: 0.021 seconds - Initiated by StopAssetImportingV2(NoUpdateAssetOptions)
Start importing Assets/NoSafeCircle/DoorPrototype/Art/Wizard/Source/PixelLab/feminine-dark/selected/standing/south.png using Guid(395f313db6b829b4e98b7bb95d03047b) (TextureImporter) -> (artifact id: 'd3c15594e4a8572e716e80ecbb874809') in 0.0049013 seconds
Refreshing native plugins compatible for Editor in 1.61 ms, found 4 plugins.
Preloading 0 native plugins for Editor in 0.00 ms.
Asset Pipeline Refresh (id=6f2c86f09d2b44642a3784bf2630cd3d): Total: 0.021 seconds - Initiated by StopAssetImportingV2(NoUpdateAssetOptions)
Start importing Assets/NoSafeCircle/DoorPrototype/Art/Wizard/Generated/Wizard_Feminine_Black_idle_south.anim using Guid(2f791514911e0e84bae351af8dc1dd24) (NativeFormatImporter) -> (artifact id: '7bb05739a4addcfc7f8a718bc467709b') in 0.0016527 seconds
Refreshing native plugins compatible for Editor in 1.62 ms, found 4 plugins.
Preloading 0 native plugins for Editor in 0.00 ms.
Asset Pipeline Refresh (id=76b2bd2277738e344871b8837af35f9a): Total: 0.015 seconds - Initiated by StopAssetImportingV2(NoUpdateAssetOptions)
Start importing Assets/NoSafeCircle/DoorPrototype/Art/Wizard/Source/PixelLab/feminine-dark/selected/walk/south/frame_000.png using Guid(501b73d8dd45af768a2da0bffe8beb5f) (TextureImporter) -> (artifact id: '22599dafa262c7f153d4ecd20bd43556') in 0.0040678 seconds
Refreshing native plugins compatible for Editor in 2.96 ms, found 4 plugins.
Preloading 0 native plugins for Editor in 0.00 ms.
Asset Pipeline Refresh (id=b07e5529a7b70f849a580a24e2d63b6c): Total: 0.019 seconds - Initiated by StopAssetImportingV2(NoUpdateAssetOptions)
Start importing Assets/NoSafeCircle/DoorPrototype/Art/Wizard/Source/PixelLab/feminine-dark/selected/walk/south/frame_000.png using Guid(501b73d8dd45af768a2da0bffe8beb5f) (TextureImporter) -> (artifact id: 'a780f8444cb7b81f4da8c942b0957278') in 0.0038328 seconds
Refreshing native plugins compatible for Editor in 1.65 ms, found 4 plugins.
Preloading 0 native plugins for Editor in 0.00 ms.
Asset Pipeline Refresh (id=13320d8819019524d9a35f653d06fe95): Total: 0.024 seconds - Initiated by StopAssetImportingV2(NoUpdateAssetOptions)
Start importing Assets/NoSafeCircle/DoorPrototype/Art/Wizard/Source/PixelLab/feminine-dark/selected/walk/south/frame_001.png using Guid(3cc54bcb32ceb70fdfe3d97b2ed85928) (TextureImporter) -> (artifact id: 'e55b16e04ce527d16029d0315f0b7365') in 0.0044972 seconds
Refreshing native plugins compatible for Editor in 1.62 ms, found 4 plugins.
Preloading 0 native plugins for Editor in 0.00 ms.
Asset Pipeline Refresh (id=698de114f49fc5440a5d06bd11ce5319): Total: 0.019 seconds - Initiated by StopAssetImportingV2(NoUpdateAssetOptions)
Start importing Assets/NoSafeCircle/DoorPrototype/Art/Wizard/Source/PixelLab/feminine-dark/selected/walk/south/frame_001.png using Guid(3cc54bcb32ceb70fdfe3d97b2ed85928) (TextureImporter) -> (artifact id: 'ab5162fdbb23621781ce7864d0ebabfd') in 0.0044369 seconds
Refreshing native plugins compatible for Editor in 1.60 ms, found 4 plugins.
Preloading 0 native plugins for Editor in 0.00 ms.
Asset Pipeline Refresh (id=61c8be97f26e0ff4ba61195a7b94dbbb): Total: 0.026 seconds - Initiated by StopAssetImportingV2(NoUpdateAssetOptions)
Start importing Assets/NoSafeCircle/DoorPrototype/Art/Wizard/Source/PixelLab/feminine-dark/selected/walk/south/frame_002.png using Guid(88323dab49fbb3a60ab21e993a394084) (TextureImporter) -> (artifact id: '521c920030fffb9a4dfa6ca6915af292') in 0.0046767 seconds
Refreshing native plugins compatible for Editor in 1.63 ms, found 4 plugins.
Preloading 0 native plugins for Editor in 0.00 ms.
Asset Pipeline Refresh (id=680b62edb8cb7cf4da49c45076f2c00c): Total: 0.028 seconds - Initiated by StopAssetImportingV2(NoUpdateAssetOptions)
Start importing Assets/NoSafeCircle/DoorPrototype/Art/Wizard/Source/PixelLab/feminine-dark/selected/walk/south/frame_002.png using Guid(88323dab49fbb3a60ab21e993a394084) (TextureImporter) -> (artifact id: '6ee286073cd22b60e56923b5cb9d3c43') in 0.0057922 seconds
Refreshing native plugins compatible for Editor in 1.62 ms, found 4 plugins.
Preloading 0 native plugins for Editor in 0.00 ms.
Asset Pipeline Refresh (id=814d2bb0f4104064ea54f0dde32f5188): Total: 0.025 seconds - Initiated by StopAssetImportingV2(NoUpdateAssetOptions)
Start importing Assets/NoSafeCircle/DoorPrototype/Art/Wizard/Source/PixelLab/feminine-dark/selected/walk/south/frame_003.png using Guid(3320b02af2c0f0e0111cc9e00357f894) (TextureImporter) -> (artifact id: '4f6266a55bd04d467b1cacd8129781a8') in 0.0043873 seconds
Refreshing native plugins compatible for Editor in 1.81 ms, found 4 plugins.
Preloading 0 native plugins for Editor in 0.00 ms.
Asset Pipeline Refresh (id=a4dd0bc4bfafd5d419aa76a295ea2a76): Total: 0.018 seconds - Initiated by StopAssetImportingV2(NoUpdateAssetOptions)
Start importing Assets/NoSafeCircle/DoorPrototype/Art/Wizard/Source/PixelLab/feminine-dark/selected/walk/south/frame_003.png using Guid(3320b02af2c0f0e0111cc9e00357f894) (TextureImporter) -> (artifact id: 'cc59cc483a8e820d4bcf1a4d91cc5d34') in 0.0042527 seconds
Refreshing native plugins compatible for Editor in 1.88 ms, found 4 plugins.
Preloading 0 native plugins for Editor in 0.00 ms.
Asset Pipeline Refresh (id=2301f3f12c2201a499c1fd048bc346f5): Total: 0.024 seconds - Initiated by StopAssetImportingV2(NoUpdateAssetOptions)
Start importing Assets/NoSafeCircle/DoorPrototype/Art/Wizard/Source/PixelLab/feminine-dark/selected/walk/south/frame_004.png using Guid(bf21332aedec8bc2bdf449fc1ca1538c) (TextureImporter) -> (artifact id: '8a8d83257d9baadb9ddeec4827165e1c') in 0.0041515 seconds
Refreshing native plugins compatible for Editor in 2.12 ms, found 4 plugins.
Preloading 0 native plugins for Editor in 0.00 ms.
Asset Pipeline Refresh (id=e97d35932c2501c42a0025399a3f1333): Total: 0.019 seconds - Initiated by StopAssetImportingV2(NoUpdateAssetOptions)
Start importing Assets/NoSafeCircle/DoorPrototype/Art/Wizard/Source/PixelLab/feminine-dark/selected/walk/south/frame_004.png using Guid(bf21332aedec8bc2bdf449fc1ca1538c) (TextureImporter) -> (artifact id: '88414e7154b92c9a15a330aad2f691bd') in 0.004161 seconds
Refreshing native plugins compatible for Editor in 1.62 ms, found 4 plugins.
Preloading 0 native plugins for Editor in 0.00 ms.
Asset Pipeline Refresh (id=ac31fd8e1292a4d4a8643a2d20403299): Total: 0.025 seconds - Initiated by StopAssetImportingV2(NoUpdateAssetOptions)
Start importing Assets/NoSafeCircle/DoorPrototype/Art/Wizard/Source/PixelLab/feminine-dark/selected/walk/south/frame_005.png using Guid(35b9c6e957612454b7446ee4d28e1895) (TextureImporter) -> (artifact id: '6df4bd19b29e4b2cc8bd74a5a6ea3bb0') in 0.0042838 seconds
Refreshing native plugins compatible for Editor in 1.96 ms, found 4 plugins.
Preloading 0 native plugins for Editor in 0.00 ms.
Asset Pipeline Refresh (id=ab9b61bb55ab49b4db43bff625ffe421): Total: 0.018 seconds - Initiated by StopAssetImportingV2(NoUpdateAssetOptions)
Start importing Assets/NoSafeCircle/DoorPrototype/Art/Wizard/Source/PixelLab/feminine-dark/selected/walk/south/frame_005.png using Guid(35b9c6e957612454b7446ee4d28e1895) (TextureImporter) -> (artifact id: '2da7a96440588c1b232f31e158a96255') in 0.0056698 seconds
Refreshing native plugins compatible for Editor in 2.60 ms, found 4 plugins.
Preloading 0 native plugins for Editor in 0.00 ms.
Asset Pipeline Refresh (id=13b21d368ab15834ea2ee2957b81c7f2): Total: 0.030 seconds - Initiated by StopAssetImportingV2(NoUpdateAssetOptions)
Start importing Assets/NoSafeCircle/DoorPrototype/Art/Wizard/Generated/Wizard_Feminine_Black_walk_south.anim using Guid(f0ec46e2d5b59ff40a7dcdca73eee7cc) (NativeFormatImporter) -> (artifact id: '0bc9680230b5cebc87459ffc38ec35ce') in 0.0031106 seconds
Refreshing native plugins compatible for Editor in 1.82 ms, found 4 plugins.
Preloading 0 native plugins for Editor in 0.00 ms.
Asset Pipeline Refresh (id=6a25ece6442ff1b4f9b8b77ce0fbc407): Total: 0.018 seconds - Initiated by StopAssetImportingV2(NoUpdateAssetOptions)
Start importing Assets/NoSafeCircle/DoorPrototype/Art/Wizard/Source/PixelLab/feminine-dark/selected/standing/south-west.png using Guid(d340bd93ea196354289606025f38f94d) (TextureImporter) -> (artifact id: 'f837691b8466871cabcca2d15ba6c6af') in 0.0054146 seconds
Refreshing native plugins compatible for Editor in 1.97 ms, found 4 plugins.
Preloading 0 native plugins for Editor in 0.00 ms.
Asset Pipeline Refresh (id=60081c12fa3fc984caf5076837a6418a): Total: 0.022 seconds - Initiated by StopAssetImportingV2(NoUpdateAssetOptions)
Start importing Assets/NoSafeCircle/DoorPrototype/Art/Wizard/Source/PixelLab/feminine-dark/selected/standing/south-west.png using Guid(d340bd93ea196354289606025f38f94d) (TextureImporter) -> (artifact id: 'f837691b8466871cabcca2d15ba6c6af') in 0.0050098 seconds
Refreshing native plugins compatible for Editor in 1.66 ms, found 4 plugins.
Preloading 0 native plugins for Editor in 0.00 ms.
Asset Pipeline Refresh (id=67bb1084996a202438ea2ce79f88ad89): Total: 0.022 seconds - Initiated by StopAssetImportingV2(NoUpdateAssetOptions)
Start importing Assets/NoSafeCircle/DoorPrototype/Art/Wizard/Generated/Wizard_Feminine_Black_idle_south-west.anim using Guid(bf261637b1d7d8d4ab5e51947309c429) (NativeFormatImporter) -> (artifact id: '217744601dc286ec5ea7ac1422d9783a') in 0.0018259 seconds
Refreshing native plugins compatible for Editor in 1.78 ms, found 4 plugins.
Preloading 0 native plugins for Editor in 0.00 ms.
Asset Pipeline Refresh (id=c8353a538e4eede4a86c469dafe56a31): Total: 0.020 seconds - Initiated by StopAssetImportingV2(NoUpdateAssetOptions)
Start importing Assets/NoSafeCircle/DoorPrototype/Art/Wizard/Source/PixelLab/feminine-dark/selected/walk/south-west/frame_000.png using Guid(e6869e02dfb3c8245b1f25e335eccc30) (TextureImporter) -> (artifact id: '017f6055c5bd8e23b9e8d9f8558efd73') in 0.0035339 seconds
Refreshing native plugins compatible for Editor in 1.71 ms, found 4 plugins.
Preloading 0 native plugins for Editor in 0.00 ms.
Asset Pipeline Refresh (id=1baade28262311346a0f21d6c24d629e): Total: 0.018 seconds - Initiated by StopAssetImportingV2(NoUpdateAssetOptions)
Start importing Assets/NoSafeCircle/DoorPrototype/Art/Wizard/Source/PixelLab/feminine-dark/selected/walk/south-west/frame_000.png using Guid(e6869e02dfb3c8245b1f25e335eccc30) (TextureImporter) -> (artifact id: '017f6055c5bd8e23b9e8d9f8558efd73') in 0.0035951 seconds
Refreshing native plugins compatible for Editor in 1.65 ms, found 4 plugins.
Preloading 0 native plugins for Editor in 0.00 ms.
Asset Pipeline Refresh (id=87e4a01aeb767514d8af3553aeac694a): Total: 0.021 seconds - Initiated by StopAssetImportingV2(NoUpdateAssetOptions)
Start importing Assets/NoSafeCircle/DoorPrototype/Art/Wizard/Source/PixelLab/feminine-dark/selected/walk/south-west/frame_001.png using Guid(20b8291cd2748074f8e43235b7bd74ae) (TextureImporter) -> (artifact id: '2f49cfa8b705ba78624ee29c9d6be903') in 0.0043317 seconds
Refreshing native plugins compatible for Editor in 1.62 ms, found 4 plugins.
Preloading 0 native plugins for Editor in 0.00 ms.
Asset Pipeline Refresh (id=4779db9765ce81e40819f2a44c3b5e27): Total: 0.018 seconds - Initiated by StopAssetImportingV2(NoUpdateAssetOptions)
Start importing Assets/NoSafeCircle/DoorPrototype/Art/Wizard/Source/PixelLab/feminine-dark/selected/walk/south-west/frame_001.png using Guid(20b8291cd2748074f8e43235b7bd74ae) (TextureImporter) -> (artifact id: '2f49cfa8b705ba78624ee29c9d6be903') in 0.0038725 seconds
Refreshing native plugins compatible for Editor in 3.32 ms, found 4 plugins.
Preloading 0 native plugins for Editor in 0.00 ms.
Asset Pipeline Refresh (id=9d1451ddea956c14a9f0bca7b81f97cc): Total: 0.023 seconds - Initiated by StopAssetImportingV2(NoUpdateAssetOptions)
Start importing Assets/NoSafeCircle/DoorPrototype/Art/Wizard/Source/PixelLab/feminine-dark/selected/walk/south-west/frame_002.png using Guid(05e3fc8b77328f840b0fce4d8257eff1) (TextureImporter) -> (artifact id: '5797e5084779a3e33d0e3b9a561fb9c3') in 0.0046679 seconds
Refreshing native plugins compatible for Editor in 1.71 ms, found 4 plugins.
Preloading 0 native plugins for Editor in 0.00 ms.
Asset Pipeline Refresh (id=c6d36831cafee8a48a6af37634d0db6b): Total: 0.018 seconds - Initiated by StopAssetImportingV2(NoUpdateAssetOptions)
Start importing Assets/NoSafeCircle/DoorPrototype/Art/Wizard/Source/PixelLab/feminine-dark/selected/walk/south-west/frame_002.png using Guid(05e3fc8b77328f840b0fce4d8257eff1) (TextureImporter) -> (artifact id: '5797e5084779a3e33d0e3b9a561fb9c3') in 0.004068 seconds
Refreshing native plugins compatible for Editor in 2.05 ms, found 4 plugins.
Preloading 0 native plugins for Editor in 0.00 ms.
Asset Pipeline Refresh (id=c9486802b3d04c9409b318327c7431c5): Total: 0.018 seconds - Initiated by StopAssetImportingV2(NoUpdateAssetOptions)
Start importing Assets/NoSafeCircle/DoorPrototype/Art/Wizard/Source/PixelLab/feminine-dark/selected/walk/south-west/frame_003.png using Guid(892244fe00fae7b43a37a0eea50191ef) (TextureImporter) -> (artifact id: 'aab1e82c90bcd1db8501f10c7ce75945') in 0.0041093 seconds
Refreshing native plugins compatible for Editor in 3.50 ms, found 4 plugins.
Preloading 0 native plugins for Editor in 0.00 ms.
Asset Pipeline Refresh (id=047ee10ac24bd964a979cfd6fa4d842b): Total: 0.019 seconds - Initiated by StopAssetImportingV2(NoUpdateAssetOptions)
Start importing Assets/NoSafeCircle/DoorPrototype/Art/Wizard/Source/PixelLab/feminine-dark/selected/walk/south-west/frame_003.png using Guid(892244fe00fae7b43a37a0eea50191ef) (TextureImporter) -> (artifact id: 'aab1e82c90bcd1db8501f10c7ce75945') in 0.0036379 seconds
Refreshing native plugins compatible for Editor in 1.72 ms, found 4 plugins.
Preloading 0 native plugins for Editor in 0.00 ms.
Asset Pipeline Refresh (id=efeda04f511b3144da7ca944d0837cd1): Total: 0.018 seconds - Initiated by StopAssetImportingV2(NoUpdateAssetOptions)
Start importing Assets/NoSafeCircle/DoorPrototype/Art/Wizard/Source/PixelLab/feminine-dark/selected/walk/south-west/frame_004.png using Guid(6e335674cfa970648b41c4e47a1e9937) (TextureImporter) -> (artifact id: '8085a9e913bce88de6f52d1d0de71db5') in 0.0048881 seconds
Refreshing native plugins compatible for Editor in 1.60 ms, found 4 plugins.
Preloading 0 native plugins for Editor in 0.00 ms.
Asset Pipeline Refresh (id=16c5c1de4f77f574d9035a2327adac27): Total: 0.020 seconds - Initiated by StopAssetImportingV2(NoUpdateAssetOptions)
Start importing Assets/NoSafeCircle/DoorPrototype/Art/Wizard/Source/PixelLab/feminine-dark/selected/walk/south-west/frame_004.png using Guid(6e335674cfa970648b41c4e47a1e9937) (TextureImporter) -> (artifact id: '8085a9e913bce88de6f52d1d0de71db5') in 0.0038473 seconds
Refreshing native plugins compatible for Editor in 1.76 ms, found 4 plugins.
Preloading 0 native plugins for Editor in 0.00 ms.
Asset Pipeline Refresh (id=f5d0711c4334acf4095a725735a1ec50): Total: 0.018 seconds - Initiated by StopAssetImportingV2(NoUpdateAssetOptions)
Start importing Assets/NoSafeCircle/DoorPrototype/Art/Wizard/Source/PixelLab/feminine-dark/selected/walk/south-west/frame_005.png using Guid(68e7669fb892bb94eb46a71acf7b786d) (TextureImporter) -> (artifact id: '356b1f5ba076c6d5a6398cad7978c967') in 0.004202 seconds
Refreshing native plugins compatible for Editor in 1.99 ms, found 4 plugins.
Preloading 0 native plugins for Editor in 0.00 ms.
Asset Pipeline Refresh (id=ef56d480fd6e06d46a953c29df2d9c0f): Total: 0.019 seconds - Initiated by StopAssetImportingV2(NoUpdateAssetOptions)
Start importing Assets/NoSafeCircle/DoorPrototype/Art/Wizard/Source/PixelLab/feminine-dark/selected/walk/south-west/frame_005.png using Guid(68e7669fb892bb94eb46a71acf7b786d) (TextureImporter) -> (artifact id: '356b1f5ba076c6d5a6398cad7978c967') in 0.0037426 seconds
Refreshing native plugins compatible for Editor in 1.64 ms, found 4 plugins.
Preloading 0 native plugins for Editor in 0.00 ms.
Asset Pipeline Refresh (id=2b22778c60a9f7744b7bed2c0236bb7c): Total: 0.018 seconds - Initiated by StopAssetImportingV2(NoUpdateAssetOptions)
Start importing Assets/NoSafeCircle/DoorPrototype/Art/Wizard/Generated/Wizard_Feminine_Black_walk_south-west.anim using Guid(14b171285160a5e4f8a497ce88dac2e5) (NativeFormatImporter) -> (artifact id: '420cb8efab5266cf5e97e5e4e8fabda9') in 0.0020787 seconds
Refreshing native plugins compatible for Editor in 1.68 ms, found 4 plugins.
Preloading 0 native plugins for Editor in 0.00 ms.
Asset Pipeline Refresh (id=5c529ad5dcfa2eb4bac813538ef01f06): Total: 0.015 seconds - Initiated by StopAssetImportingV2(NoUpdateAssetOptions)
Start importing Assets/NoSafeCircle/DoorPrototype/Art/Wizard/Source/PixelLab/feminine-dark/selected/standing/west.png using Guid(6cc81d4fd67acb649b32359d6fc7cd2e) (TextureImporter) -> (artifact id: 'd02b0a988451053004fce71b6b6f9812') in 0.0061732 seconds
Refreshing native plugins compatible for Editor in 3.44 ms, found 4 plugins.
Preloading 0 native plugins for Editor in 0.00 ms.
Asset Pipeline Refresh (id=5dc9bc88cfceafa479b35465310eac6a): Total: 0.025 seconds - Initiated by StopAssetImportingV2(NoUpdateAssetOptions)
Start importing Assets/NoSafeCircle/DoorPrototype/Art/Wizard/Source/PixelLab/feminine-dark/selected/standing/west.png using Guid(6cc81d4fd67acb649b32359d6fc7cd2e) (TextureImporter) -> (artifact id: 'd02b0a988451053004fce71b6b6f9812') in 0.005102 seconds
Refreshing native plugins compatible for Editor in 1.64 ms, found 4 plugins.
Preloading 0 native plugins for Editor in 0.00 ms.
Asset Pipeline Refresh (id=a8cbd3ea4b856704780e73d83a3b8b22): Total: 0.022 seconds - Initiated by StopAssetImportingV2(NoUpdateAssetOptions)
Start importing Assets/NoSafeCircle/DoorPrototype/Art/Wizard/Generated/Wizard_Feminine_Black_idle_west.anim using Guid(78cf5e541bb26c54e80172835e0b0f72) (NativeFormatImporter) -> (artifact id: '50058c696da1bc35e86dbc0fa1a193df') in 0.0016853 seconds
Refreshing native plugins compatible for Editor in 1.69 ms, found 4 plugins.
Preloading 0 native plugins for Editor in 0.00 ms.
Asset Pipeline Refresh (id=568c152db2d624d4ba5cb1515666df2d): Total: 0.015 seconds - Initiated by StopAssetImportingV2(NoUpdateAssetOptions)
Start importing Assets/NoSafeCircle/DoorPrototype/Art/Wizard/Source/PixelLab/feminine-dark/selected/walk/west/frame_000.png using Guid(c08a2ca86a7880e693b66f46a1e3a6dc) (TextureImporter) -> (artifact id: '8d47acd73895b97e684cb1a4e6a378d0') in 0.003718 seconds
Refreshing native plugins compatible for Editor in 1.95 ms, found 4 plugins.
Preloading 0 native plugins for Editor in 0.00 ms.
Asset Pipeline Refresh (id=85b8c33bbd4018e4484f4389a137a809): Total: 0.017 seconds - Initiated by StopAssetImportingV2(NoUpdateAssetOptions)
Start importing Assets/NoSafeCircle/DoorPrototype/Art/Wizard/Source/PixelLab/feminine-dark/selected/walk/west/frame_000.png using Guid(c08a2ca86a7880e693b66f46a1e3a6dc) (TextureImporter) -> (artifact id: 'fb057411bd98f09263303ec4c4303f70') in 0.0038188 seconds
Refreshing native plugins compatible for Editor in 1.69 ms, found 4 plugins.
Preloading 0 native plugins for Editor in 0.00 ms.
Asset Pipeline Refresh (id=7a3ac18be9168e44dafc5263a0cd781d): Total: 0.025 seconds - Initiated by StopAssetImportingV2(NoUpdateAssetOptions)
Start importing Assets/NoSafeCircle/DoorPrototype/Art/Wizard/Source/PixelLab/feminine-dark/selected/walk/west/frame_001.png using Guid(d1b15f425e0cc73926dc586e168bbb7f) (TextureImporter) -> (artifact id: '2ac92f40c48c9c0dc846a63342ba7679') in 0.0043787 seconds
Refreshing native plugins compatible for Editor in 1.66 ms, found 4 plugins.
Preloading 0 native plugins for Editor in 0.00 ms.
Asset Pipeline Refresh (id=cf4849e062559734fb734fdb8d57d918): Total: 0.019 seconds - Initiated by StopAssetImportingV2(NoUpdateAssetOptions)
Start importing Assets/NoSafeCircle/DoorPrototype/Art/Wizard/Source/PixelLab/feminine-dark/selected/walk/west/frame_001.png using Guid(d1b15f425e0cc73926dc586e168bbb7f) (TextureImporter) -> (artifact id: '5c82981843acfb68c5c0363258092b95') in 0.0049412 seconds
Refreshing native plugins compatible for Editor in 1.92 ms, found 4 plugins.
Preloading 0 native plugins for Editor in 0.00 ms.
Asset Pipeline Refresh (id=a6318ee871bee514b9b23f115664a8d5): Total: 0.032 seconds - Initiated by StopAssetImportingV2(NoUpdateAssetOptions)
Start importing Assets/NoSafeCircle/DoorPrototype/Art/Wizard/Source/PixelLab/feminine-dark/selected/walk/west/frame_002.png using Guid(15cebd780f294290758e202739728ec9) (TextureImporter) -> (artifact id: '16e9f873a79605443a973a1b19fb89e2') in 0.004089 seconds
Refreshing native plugins compatible for Editor in 1.87 ms, found 4 plugins.
Preloading 0 native plugins for Editor in 0.00 ms.
Asset Pipeline Refresh (id=eb0fdbe5058d6ff49a3d75b44693b3ae): Total: 0.019 seconds - Initiated by StopAssetImportingV2(NoUpdateAssetOptions)
Start importing Assets/NoSafeCircle/DoorPrototype/Art/Wizard/Source/PixelLab/feminine-dark/selected/walk/west/frame_002.png using Guid(15cebd780f294290758e202739728ec9) (TextureImporter) -> (artifact id: '52ea068cd3fe479b01cea8c15129e46e') in 0.0038239 seconds
Refreshing native plugins compatible for Editor in 1.62 ms, found 4 plugins.
Preloading 0 native plugins for Editor in 0.00 ms.
Asset Pipeline Refresh (id=10080ab9ed73160458db9ca69c72e85e): Total: 0.024 seconds - Initiated by StopAssetImportingV2(NoUpdateAssetOptions)
Start importing Assets/NoSafeCircle/DoorPrototype/Art/Wizard/Source/PixelLab/feminine-dark/selected/walk/west/frame_003.png using Guid(f9cf3354fa3469425fc6bfadd8a71e9a) (TextureImporter) -> (artifact id: '74ead352858cd27a46e22421e8365fb9') in 0.0037868 seconds
Refreshing native plugins compatible for Editor in 1.65 ms, found 4 plugins.
Preloading 0 native plugins for Editor in 0.00 ms.
Asset Pipeline Refresh (id=5c1f0acb00c7dec4ca9da7e703552f62): Total: 0.017 seconds - Initiated by StopAssetImportingV2(NoUpdateAssetOptions)
Start importing Assets/NoSafeCircle/DoorPrototype/Art/Wizard/Source/PixelLab/feminine-dark/selected/walk/west/frame_003.png using Guid(f9cf3354fa3469425fc6bfadd8a71e9a) (TextureImporter) -> (artifact id: '21803a8ec59f50b2616bb027f4b1ae71') in 0.0037279 seconds
Refreshing native plugins compatible for Editor in 1.67 ms, found 4 plugins.
Preloading 0 native plugins for Editor in 0.00 ms.
Asset Pipeline Refresh (id=09c20c073beddaf4abddf6c4ac16a40f): Total: 0.024 seconds - Initiated by StopAssetImportingV2(NoUpdateAssetOptions)
Start importing Assets/NoSafeCircle/DoorPrototype/Art/Wizard/Source/PixelLab/feminine-dark/selected/walk/west/frame_004.png using Guid(eadf7956539eedbcb50b748d4a30f310) (TextureImporter) -> (artifact id: '6c4620fdb90191be474646cf5dbcf5b0') in 0.0043515 seconds
Refreshing native plugins compatible for Editor in 1.72 ms, found 4 plugins.
Preloading 0 native plugins for Editor in 0.00 ms.
Asset Pipeline Refresh (id=cfd5b3058abb9db4d8e96421f0498834): Total: 0.019 seconds - Initiated by StopAssetImportingV2(NoUpdateAssetOptions)
Start importing Assets/NoSafeCircle/DoorPrototype/Art/Wizard/Source/PixelLab/feminine-dark/selected/walk/west/frame_004.png using Guid(eadf7956539eedbcb50b748d4a30f310) (TextureImporter) -> (artifact id: 'f954737b54bf15ab2bc5a766b59d5573') in 0.0042043 seconds
Refreshing native plugins compatible for Editor in 1.65 ms, found 4 plugins.
Preloading 0 native plugins for Editor in 0.00 ms.
Asset Pipeline Refresh (id=12817566467d178488134e13103c0b15): Total: 0.026 seconds - Initiated by StopAssetImportingV2(NoUpdateAssetOptions)
Start importing Assets/NoSafeCircle/DoorPrototype/Art/Wizard/Source/PixelLab/feminine-dark/selected/walk/west/frame_005.png using Guid(f8334a35d4b88ac9b5883c63f9b3b98a) (TextureImporter) -> (artifact id: 'b3f6e6437a0889412b1865096b266548') in 0.004272 seconds
Refreshing native plugins compatible for Editor in 1.67 ms, found 4 plugins.
Preloading 0 native plugins for Editor in 0.00 ms.
Asset Pipeline Refresh (id=76df19d79af796b4cbdcccd37e05c122): Total: 0.018 seconds - Initiated by StopAssetImportingV2(NoUpdateAssetOptions)
Start importing Assets/NoSafeCircle/DoorPrototype/Art/Wizard/Source/PixelLab/feminine-dark/selected/walk/west/frame_005.png using Guid(f8334a35d4b88ac9b5883c63f9b3b98a) (TextureImporter) -> (artifact id: '33d786f5d3cd4399fc97e9183692dbb8') in 0.0041642 seconds
Refreshing native plugins compatible for Editor in 1.72 ms, found 4 plugins.
Preloading 0 native plugins for Editor in 0.00 ms.
Asset Pipeline Refresh (id=2404a3322e2292f499a4d0c56013413c): Total: 0.024 seconds - Initiated by StopAssetImportingV2(NoUpdateAssetOptions)
Start importing Assets/NoSafeCircle/DoorPrototype/Art/Wizard/Generated/Wizard_Feminine_Black_walk_west.anim using Guid(9848f7bbcb30c0f45a5809ebcaef580a) (NativeFormatImporter) -> (artifact id: '2223f0ea74626af5317bcfed75ac7788') in 0.0035788 seconds
Refreshing native plugins compatible for Editor in 1.79 ms, found 4 plugins.
Preloading 0 native plugins for Editor in 0.00 ms.
Asset Pipeline Refresh (id=e5c45401d4d69274fa0ba343ad9ba13f): Total: 0.018 seconds - Initiated by StopAssetImportingV2(NoUpdateAssetOptions)
Start importing Assets/NoSafeCircle/DoorPrototype/Art/Wizard/Source/PixelLab/feminine-dark/selected/standing/north-west.png using Guid(2769efd7b13347c4b8f686924823a27d) (TextureImporter) -> (artifact id: '13bfff9ddb194b4329aa7c38db0fe7ac') in 0.0053785 seconds
Refreshing native plugins compatible for Editor in 1.68 ms, found 4 plugins.
Preloading 0 native plugins for Editor in 0.00 ms.
Asset Pipeline Refresh (id=ba675c142bea1ba46a75df649aafd05d): Total: 0.023 seconds - Initiated by StopAssetImportingV2(NoUpdateAssetOptions)
Start importing Assets/NoSafeCircle/DoorPrototype/Art/Wizard/Source/PixelLab/feminine-dark/selected/standing/north-west.png using Guid(2769efd7b13347c4b8f686924823a27d) (TextureImporter) -> (artifact id: '13bfff9ddb194b4329aa7c38db0fe7ac') in 0.0060001 seconds
Refreshing native plugins compatible for Editor in 2.87 ms, found 4 plugins.
Preloading 0 native plugins for Editor in 0.00 ms.
Asset Pipeline Refresh (id=b8cb1bbf17c41604280854240d72d313): Total: 0.024 seconds - Initiated by StopAssetImportingV2(NoUpdateAssetOptions)
Start importing Assets/NoSafeCircle/DoorPrototype/Art/Wizard/Generated/Wizard_Feminine_Black_idle_north-west.anim using Guid(f361f02204528d1409ed0bb8ba3a11cf) (NativeFormatImporter) -> (artifact id: 'e0c0fe93ec292d37ff23e08ee10cd410') in 0.0016097 seconds
Refreshing native plugins compatible for Editor in 1.69 ms, found 4 plugins.
Preloading 0 native plugins for Editor in 0.00 ms.
Asset Pipeline Refresh (id=8a8d7666b5af5974c9a2264eada9f070): Total: 0.017 seconds - Initiated by StopAssetImportingV2(NoUpdateAssetOptions)
Start importing Assets/NoSafeCircle/DoorPrototype/Art/Wizard/Source/PixelLab/feminine-dark/selected/walk/north-west/frame_000.png using Guid(b2d5757cf9982f6438b0a0968e942f4e) (TextureImporter) -> (artifact id: '570b8613bbaf6d761663b5a3fab2abf2') in 0.0038969 seconds
Refreshing native plugins compatible for Editor in 1.74 ms, found 4 plugins.
Preloading 0 native plugins for Editor in 0.00 ms.
Asset Pipeline Refresh (id=2b30854b8e785c34a8ae757dcd37db19): Total: 0.019 seconds - Initiated by StopAssetImportingV2(NoUpdateAssetOptions)
Start importing Assets/NoSafeCircle/DoorPrototype/Art/Wizard/Source/PixelLab/feminine-dark/selected/walk/north-west/frame_000.png using Guid(b2d5757cf9982f6438b0a0968e942f4e) (TextureImporter) -> (artifact id: '570b8613bbaf6d761663b5a3fab2abf2') in 0.0037777 seconds
Refreshing native plugins compatible for Editor in 1.65 ms, found 4 plugins.
Preloading 0 native plugins for Editor in 0.00 ms.
Asset Pipeline Refresh (id=7ba51f107ae81054ba5f226cc6cd4b53): Total: 0.019 seconds - Initiated by StopAssetImportingV2(NoUpdateAssetOptions)
Start importing Assets/NoSafeCircle/DoorPrototype/Art/Wizard/Source/PixelLab/feminine-dark/selected/walk/north-west/frame_001.png using Guid(bacfb0912685f2c47be59332eecfb79f) (TextureImporter) -> (artifact id: '73504dcdd91efb77819539634f604906') in 0.0040553 seconds
Refreshing native plugins compatible for Editor in 1.70 ms, found 4 plugins.
Preloading 0 native plugins for Editor in 0.00 ms.
Asset Pipeline Refresh (id=b4c061a32c2df404cadb2829dc58d47f): Total: 0.021 seconds - Initiated by StopAssetImportingV2(NoUpdateAssetOptions)
Start importing Assets/NoSafeCircle/DoorPrototype/Art/Wizard/Source/PixelLab/feminine-dark/selected/walk/north-west/frame_001.png using Guid(bacfb0912685f2c47be59332eecfb79f) (TextureImporter) -> (artifact id: '73504dcdd91efb77819539634f604906') in 0.0036511 seconds
Refreshing native plugins compatible for Editor in 1.63 ms, found 4 plugins.
Preloading 0 native plugins for Editor in 0.00 ms.
Asset Pipeline Refresh (id=6958e4b39188c554ca6255116c03340b): Total: 0.017 seconds - Initiated by StopAssetImportingV2(NoUpdateAssetOptions)
Start importing Assets/NoSafeCircle/DoorPrototype/Art/Wizard/Source/PixelLab/feminine-dark/selected/walk/north-west/frame_002.png using Guid(43641314ffd78644bbb8d79a9776b84c) (TextureImporter) -> (artifact id: '6b12d9beffe5c499e84ced32d564a466') in 0.0058126 seconds
Refreshing native plugins compatible for Editor in 1.79 ms, found 4 plugins.
Preloading 0 native plugins for Editor in 0.00 ms.
Asset Pipeline Refresh (id=077588db2faa3d94aab6c468595b9d32): Total: 0.020 seconds - Initiated by StopAssetImportingV2(NoUpdateAssetOptions)
Start importing Assets/NoSafeCircle/DoorPrototype/Art/Wizard/Source/PixelLab/feminine-dark/selected/walk/north-west/frame_002.png using Guid(43641314ffd78644bbb8d79a9776b84c) (TextureImporter) -> (artifact id: '6b12d9beffe5c499e84ced32d564a466') in 0.003676 seconds
Refreshing native plugins compatible for Editor in 1.97 ms, found 4 plugins.
Preloading 0 native plugins for Editor in 0.00 ms.
Asset Pipeline Refresh (id=ca8dc5b58048a1543a3e86c1e0ea9fae): Total: 0.017 seconds - Initiated by StopAssetImportingV2(NoUpdateAssetOptions)
Start importing Assets/NoSafeCircle/DoorPrototype/Art/Wizard/Source/PixelLab/feminine-dark/selected/walk/north-west/frame_003.png using Guid(61e25e85aead3e74cb96a92501bf59ed) (TextureImporter) -> (artifact id: '36cb1416060f8d14e4b91fde83d805bb') in 0.0042758 seconds
Refreshing native plugins compatible for Editor in 1.67 ms, found 4 plugins.
Preloading 0 native plugins for Editor in 0.00 ms.
Asset Pipeline Refresh (id=bf1653e4628ebec4f92b11977e58a253): Total: 0.020 seconds - Initiated by StopAssetImportingV2(NoUpdateAssetOptions)
Start importing Assets/NoSafeCircle/DoorPrototype/Art/Wizard/Source/PixelLab/feminine-dark/selected/walk/north-west/frame_003.png using Guid(61e25e85aead3e74cb96a92501bf59ed) (TextureImporter) -> (artifact id: '36cb1416060f8d14e4b91fde83d805bb') in 0.0037782 seconds
Refreshing native plugins compatible for Editor in 1.71 ms, found 4 plugins.
Preloading 0 native plugins for Editor in 0.00 ms.
Asset Pipeline Refresh (id=14bcfdc433b324448b9ae3327e857cfa): Total: 0.018 seconds - Initiated by StopAssetImportingV2(NoUpdateAssetOptions)
Start importing Assets/NoSafeCircle/DoorPrototype/Art/Wizard/Source/PixelLab/feminine-dark/selected/walk/north-west/frame_004.png using Guid(cba25ac15602f0e4e823186fb93689ee) (TextureImporter) -> (artifact id: '18c07f9a86ea4367206ce07e07f9c020') in 0.0043067 seconds
Refreshing native plugins compatible for Editor in 1.58 ms, found 4 plugins.
Preloading 0 native plugins for Editor in 0.00 ms.
Asset Pipeline Refresh (id=ba1ff9859f307864c83d0cac40d90ea8): Total: 0.020 seconds - Initiated by StopAssetImportingV2(NoUpdateAssetOptions)
Start importing Assets/NoSafeCircle/DoorPrototype/Art/Wizard/Source/PixelLab/feminine-dark/selected/walk/north-west/frame_004.png using Guid(cba25ac15602f0e4e823186fb93689ee) (TextureImporter) -> (artifact id: '18c07f9a86ea4367206ce07e07f9c020') in 0.0037911 seconds
Refreshing native plugins compatible for Editor in 1.61 ms, found 4 plugins.
Preloading 0 native plugins for Editor in 0.00 ms.
Asset Pipeline Refresh (id=31237631c16bbef498a617fa260e0dc8): Total: 0.017 seconds - Initiated by StopAssetImportingV2(NoUpdateAssetOptions)
Start importing Assets/NoSafeCircle/DoorPrototype/Art/Wizard/Source/PixelLab/feminine-dark/selected/walk/north-west/frame_005.png using Guid(ee707e37c718b5746a0aa049cf661457) (TextureImporter) -> (artifact id: '857fe1122242a01f5b96c5a7e2ac70a8') in 0.0044864 seconds
Refreshing native plugins compatible for Editor in 1.62 ms, found 4 plugins.
Preloading 0 native plugins for Editor in 0.00 ms.
Asset Pipeline Refresh (id=953204752b5d2a34b8925905d9d353f9): Total: 0.018 seconds - Initiated by StopAssetImportingV2(NoUpdateAssetOptions)
Start importing Assets/NoSafeCircle/DoorPrototype/Art/Wizard/Source/PixelLab/feminine-dark/selected/walk/north-west/frame_005.png using Guid(ee707e37c718b5746a0aa049cf661457) (TextureImporter) -> (artifact id: '857fe1122242a01f5b96c5a7e2ac70a8') in 0.0040659 seconds
Refreshing native plugins compatible for Editor in 2.26 ms, found 4 plugins.
Preloading 0 native plugins for Editor in 0.00 ms.
Asset Pipeline Refresh (id=6a025d78e217994408ac4087c254d474): Total: 0.019 seconds - Initiated by StopAssetImportingV2(NoUpdateAssetOptions)
Start importing Assets/NoSafeCircle/DoorPrototype/Art/Wizard/Generated/Wizard_Feminine_Black_walk_north-west.anim using Guid(72332a3000f552f4f91ad3412153d01c) (NativeFormatImporter) -> (artifact id: 'a4cee882528f8335d008583b95f0119d') in 0.0028684 seconds
Refreshing native plugins compatible for Editor in 1.91 ms, found 4 plugins.
Preloading 0 native plugins for Editor in 0.00 ms.
Asset Pipeline Refresh (id=bc240a1a3fc4aea4f9a18a1d20ddcc7e): Total: 0.021 seconds - Initiated by StopAssetImportingV2(NoUpdateAssetOptions)
Start importing Assets/NoSafeCircle/DoorPrototype/Art/Wizard/Generated/WizardAnimator.controller using Guid(f3086ed4e66bdda44ae036148ba6f2e5) (NativeFormatImporter) -> (artifact id: '1df48ffbdfc14a6e9aa5fcea942f5f9c') in 0.0021444 seconds
Refreshing native plugins compatible for Editor in 1.66 ms, found 4 plugins.
Preloading 0 native plugins for Editor in 0.00 ms.
Asset Pipeline Refresh (id=d4f8e7dfcfd87624390ee4124ffd42be): Total: 0.016 seconds - Initiated by StopAssetImportingV2(NoUpdateAssetOptions)
Start importing Assets/Scenes/DoorPrototype.unity using Guid(92dbd0a3e6c18e245896a66c5120379d) (DefaultImporter) -> (artifact id: '3c75805e16e8866165518734c070334b') in 0.0010332 seconds
Refreshing native plugins compatible for Editor in 2.15 ms, found 4 plugins.
Preloading 0 native plugins for Editor in 0.00 ms.
Asset Pipeline Refresh (id=de3ea4280813c524ab201e464554a498): Total: 0.022 seconds - Initiated by StopAssetImportingV2(NoUpdateAssetOptions)
Asset Pipeline Refresh (id=0063d44af27799d4683b90dbaccb5782): Total: 0.014 seconds - Initiated by RefreshV2(NoUpdateAssetOptions)
Door Prototype scene built at Assets/Scenes/DoorPrototype.unity
UnityEngine.Debug:ExtractStackTraceNoAlloc (byte*,int,string)
UnityEngine.StackTraceUtility:ExtractStackTrace ()
UnityEngine.DebugLogHandler:Internal_Log (UnityEngine.LogType,UnityEngine.LogOption,string,UnityEngine.Object)
UnityEngine.DebugLogHandler:LogFormat (UnityEngine.LogType,UnityEngine.Object,string,object[])
UnityEngine.Logger:Log (UnityEngine.LogType,object)
UnityEngine.Debug:Log (object)
NoSafeCircle.DoorPrototype.Editor.DoorPrototypeSceneBuilder:Build () (at Assets/NoSafeCircle/DoorPrototype/Editor/DoorPrototypeSceneBuilder.cs:128)

(Filename: Assets/NoSafeCircle/DoorPrototype/Editor/DoorPrototypeSceneBuilder.cs Line: 128)

Batchmode quit successfully invoked - shutting down!
[Physics::Module] Cleanup current backned.
[Physics::Module] Id: 0xf2b8ea05
Input System module state changed to: ShutdownInProgress.
Input System polling thread exited.
Input System module state changed to: Shutdown.
[Licensing::IpcConnector] LicenseClient-VincentLiguori-notifications channel disconnected successfully.
[Licensing::IpcConnector] LicenseClient-VincentLiguori channel disconnected successfully.
AcceleratorClientConnectionCallback - disconnected - :0
Cleanup mono
abort_threads: Failed aborting id: 000000000000BA68, mono_thread_manage will ignore it

abort_threads: Failed aborting id: 000000000000A3A0, mono_thread_manage will ignore it

abort_threads: Failed aborting id: 000000000000BA68, mono_thread_manage will ignore it

abort_threads: Failed aborting id: 000000000000A3A0, mono_thread_manage will ignore it

debugger-agent: Unable to listen on 4692
Exiting batchmode successfully now!
Exiting without the bug reporter. Application will terminate with return code 0