[Licensing::Module] Trying to connect to existing licensing client channel...
[Licensing::IpcConnector] Successfully connected to: "LicenseClient-VincentLiguori" at "2026-09-17T22:26:06.0789208Z"
[Licensing::Client] Code 10 while verifying Licensing Client signature (process Id: 20808, path: "C:/Program Files/Unity Hub/UnityLicensingClient_V1/Unity.Licensing.Client.exe")
[Licensing::Module] LicensingClient has failed validation; ignoring
[Licensing::Client] Handshaking with LicensingClient:
  Version:                 1.18.3+d7ffd15
  Session Id:              90a28bb8c8cf48168c9ba8f92d0a5596
  Correlation Id:          caba55aecec506a970a81821478170bd
  External correlation Id: 524012920034291620
  Machine Id:              HxO4LzPDSZi5N+Qj55f7MhdwfeY=
[Licensing::Module] Successfully connected to LicensingClient on channel: "LicenseClient-VincentLiguori" (connect: 0.00s, validation: 0.01s, handshake: 0.08s)
[Licensing::IpcConnector] Successfully connected to: "LicenseClient-VincentLiguori-notifications" at "2026-09-17T22:26:06.1748147Z"
[Licensing::Module] Error: Access token is unavailable; failed to update
[Licensing::Client] Successfully resolved entitlement details
[Licensing::Module] Serial number assigned to: "37203-UnityPersXXXX"
[Licensing::Client] Successfully updated license, isAync: True, time: 0.01
Built from '6000.1/staging' branch; Version is '6000.1.8f1 (2a5b1522e5ab) revision 2775829'; Using compiler version '194234433'; Build Type 'Release'
OS: 'Windows 11  (10.0.26200) 64bit Professional' Language: 'en' Physical Memory: 64969 MB
[Licensing::Client] Successfully resolved entitlement details
BatchMode: 1, IsHumanControllingUs: 0, StartBugReporterOnCrash: 0, Is64bit: 1, IsPro: 0
Date: 2026-09-17T22:26:06Z

COMMAND LINE ARGUMENTS:
C:\Program Files\Unity\Hub\Editor\6000.1.8f1\Editor\Unity.exe
-batchmode
-quit
-projectPath
C:/nscrev/branch-verify
-executeMethod
NoSafeCircle.DoorPrototype.Editor.DoorPrototypeSceneBuilder.Build
-logFile
C:/nscrev/reports/leash-build1.log
Successfully changed project path to: C:/nscrev/branch-verify
C:/nscrev/branch-verify
[UnityMemory] Configuration Parameters - Can be set up in boot.config
    "memorysetup-allocator-temp-initial-block-size-main=262144"
    "memorysetup-allocator-temp-initial-block-size-worker=262144"
    "memorysetup-bucket-allocator-granularity=16"
    "memorysetup-bucket-allocator-bucket-count=8"
    "memorysetup-bucket-allocator-block-size=33554432"
    "memorysetup-bucket-allocator-block-count=8"
    "memorysetup-main-allocator-block-size=16777216"
    "memorysetup-thread-allocator-block-size=16777216"
    "memorysetup-gfx-main-allocator-block-size=16777216"
    "memorysetup-gfx-thread-allocator-block-size=16777216"
    "memorysetup-cache-allocator-block-size=4194304"
    "memorysetup-typetree-allocator-block-size=2097152"
    "memorysetup-profiler-bucket-allocator-granularity=16"
    "memorysetup-profiler-bucket-allocator-bucket-count=8"
    "memorysetup-profiler-bucket-allocator-block-size=33554432"
    "memorysetup-profiler-bucket-allocator-block-count=8"
    "memorysetup-profiler-allocator-block-size=16777216"
    "memorysetup-profiler-editor-allocator-block-size=1048576"
    "memorysetup-temp-allocator-size-main=16777216"
    "memorysetup-job-temp-allocator-block-size=2097152"
    "memorysetup-job-temp-allocator-block-size-background=1048576"
    "memorysetup-job-temp-allocator-reduction-small-platforms=262144"
    "memorysetup-temp-allocator-size-background-worker=32768"
    "memorysetup-temp-allocator-size-job-worker=262144"
    "memorysetup-temp-allocator-size-preload-manager=33554432"
    "memorysetup-temp-allocator-size-nav-mesh-worker=65536"
    "memorysetup-temp-allocator-size-audio-worker=65536"
    "memorysetup-temp-allocator-size-cloud-worker=32768"
    "memorysetup-temp-allocator-size-gi-baking-worker=262144"
    "memorysetup-temp-allocator-size-gi-baking-worker=262144"
    "memorysetup-temp-allocator-size-gi-baking-worker=262144"
    "memorysetup-temp-allocator-size-gi-baking-worker=262144"
    "memorysetup-temp-allocator-size-gi-baking-worker=262144"
    "memorysetup-temp-allocator-size-gfx=262144"
Player connection [26708]  Target information:

Player connection [26708]  * "[IP] 172.28.64.1 [Port] 55504 [Flags] 2 [Guid] 1871605032 [EditorId] 1871605032 [Version] 1048832 [Id] WindowsEditor(7,DESKTOP-6LMNLCK) [Debug] 1 [PackageName] WindowsEditor [ProjectName] Editor" 

Player connection [26708]  * "[IP] 192.168.1.196 [Port] 55504 [Flags] 2 [Guid] 1871605032 [EditorId] 1871605032 [Version] 1048832 [Id] WindowsEditor(7,DESKTOP-6LMNLCK) [Debug] 1 [PackageName] WindowsEditor [ProjectName] Editor" 

Player connection [26708] Host joined multi-casting on [225.0.0.222:54997]...
Player connection [26708] Host joined alternative multi-casting on [225.0.0.222:34997]...
Input System module state changed to: Initialized.
[Physics::Module] Initialized fallback backend.
[Physics::Module] Id: 0xdecafbad
[Package Manager] Connected to IPC stream "Upm-42068" after 0.3 seconds.
Library Redirect Path: Library/
[Package Manager] Restoring resolved packages state from cache
[Licensing::Client] Successfully resolved entitlement details
[Package Manager] Registered 56 packages:
  Packages from [https://packages.unity.com]:
    com.unity.ai.navigation@2.0.14 (location: C:\nscrev\branch-verify\Library\PackageCache\com.unity.ai.navigation@134dd6a3b97b)
    com.unity.collab-proxy@2.13.5 (location: C:\nscrev\branch-verify\Library\PackageCache\com.unity.collab-proxy@120d77864ebc)
    com.unity.inputsystem@1.14.0 (location: C:\nscrev\branch-verify\Library\PackageCache\com.unity.inputsystem@7fe8299111a7)
    com.unity.timeline@1.8.7 (location: C:\nscrev\branch-verify\Library\PackageCache\com.unity.timeline@c58b4ee65782)
    com.unity.visualscripting@1.9.7 (location: C:\nscrev\branch-verify\Library\PackageCache\com.unity.visualscripting@6279e2b7c485)
    com.unity.ide.visualstudio@2.0.23 (location: C:\nscrev\branch-verify\Library\PackageCache\com.unity.ide.visualstudio@198cdf337d13)
    com.unity.ide.rider@3.0.36 (location: C:\nscrev\branch-verify\Library\PackageCache\com.unity.ide.rider@4d374c7eb6db)
    com.unity.editorcoroutines@1.0.0 (location: C:\nscrev\branch-verify\Library\PackageCache\com.unity.editorcoroutines@7d48783e7b8c)
    com.unity.performance.profile-analyzer@1.2.3 (location: C:\nscrev\branch-verify\Library\PackageCache\com.unity.performance.profile-analyzer@a68e7bc84997)
    com.unity.testtools.codecoverage@1.2.6 (location: C:\nscrev\branch-verify\Library\PackageCache\com.unity.testtools.codecoverage@205a02cbcb39)
    com.unity.collections@2.6.8 (location: C:\nscrev\branch-verify\Library\PackageCache\com.unity.collections@84e8eb3fc12e)
    com.unity.settings-manager@2.1.0 (location: C:\nscrev\branch-verify\Library\PackageCache\com.unity.settings-manager@41738c275190)
    com.unity.burst@1.8.29 (location: C:\nscrev\branch-verify\Library\PackageCache\com.unity.burst@6bb9aca3ef38)
    com.unity.mathematics@1.3.2 (location: C:\nscrev\branch-verify\Library\PackageCache\com.unity.mathematics@8017b507cc74)
    com.unity.nuget.mono-cecil@1.11.6 (location: C:\nscrev\branch-verify\Library\PackageCache\com.unity.nuget.mono-cecil@ecb9724e46ff)
    com.unity.test-framework.performance@3.1.0 (location: C:\nscrev\branch-verify\Library\PackageCache\com.unity.test-framework.performance@92d1d09a72ed)
  Built-in packages:
    com.unity.2d.tilemap@1.0.0 (location: C:\nscrev\branch-verify\Library\PackageCache\com.unity.2d.tilemap@855769f9baae)
    com.unity.feature.development@1.0.2 (location: C:\nscrev\branch-verify\Library\PackageCache\com.unity.feature.development@767aadbc6eb7)
    com.unity.multiplayer.center@1.0.0 (location: C:\nscrev\branch-verify\Library\PackageCache\com.unity.multiplayer.center@f3fb577b3546)
    com.unity.ugui@2.0.0 (location: C:\nscrev\branch-verify\Library\PackageCache\com.unity.ugui@57cef44123c7)
    com.unity.modules.accessibility@1.0.0 (location: C:\Program Files\Unity\Hub\Editor\6000.1.8f1\Editor\Data\Resources\PackageManager\BuiltInPackages\com.unity.modules.accessibility)
    com.unity.modules.ai@1.0.0 (location: C:\Program Files\Unity\Hub\Editor\6000.1.8f1\Editor\Data\Resources\PackageManager\BuiltInPackages\com.unity.modules.ai)
    com.unity.modules.androidjni@1.0.0 (location: C:\Program Files\Unity\Hub\Editor\6000.1.8f1\Editor\Data\Resources\PackageManager\BuiltInPackages\com.unity.modules.androidjni)
    com.unity.modules.animation@1.0.0 (location: C:\Program Files\Unity\Hub\Editor\6000.1.8f1\Editor\Data\Resources\PackageManager\BuiltInPackages\com.unity.modules.animation)
    com.unity.modules.assetbundle@1.0.0 (location: C:\Program Files\Unity\Hub\Editor\6000.1.8f1\Editor\Data\Resources\PackageManager\BuiltInPackages\com.unity.modules.assetbundle)
    com.unity.modules.audio@1.0.0 (location: C:\Program Files\Unity\Hub\Editor\6000.1.8f1\Editor\Data\Resources\PackageManager\BuiltInPackages\com.unity.modules.audio)
    com.unity.modules.cloth@1.0.0 (location: C:\Program Files\Unity\Hub\Editor\6000.1.8f1\Editor\Data\Resources\PackageManager\BuiltInPackages\com.unity.modules.cloth)
    com.unity.modules.director@1.0.0 (location: C:\Program Files\Unity\Hub\Editor\6000.1.8f1\Editor\Data\Resources\PackageManager\BuiltInPackages\com.unity.modules.director)
    com.unity.modules.imageconversion@1.0.0 (location: C:\Program Files\Unity\Hub\Editor\6000.1.8f1\Editor\Data\Resources\PackageManager\BuiltInPackages\com.unity.modules.imageconversion)
    com.unity.modules.imgui@1.0.0 (location: C:\Program Files\Unity\Hub\Editor\6000.1.8f1\Editor\Data\Resources\PackageManager\BuiltInPackages\com.unity.modules.imgui)
    com.unity.modules.jsonserialize@1.0.0 (location: C:\Program Files\Unity\Hub\Editor\6000.1.8f1\Editor\Data\Resources\PackageManager\BuiltInPackages\com.unity.modules.jsonserialize)
    com.unity.modules.particlesystem@1.0.0 (location: C:\Program Files\Unity\Hub\Editor\6000.1.8f1\Editor\Data\Resources\PackageManager\BuiltInPackages\com.unity.modules.particlesystem)
    com.unity.modules.physics@1.0.0 (location: C:\Program Files\Unity\Hub\Editor\6000.1.8f1\Editor\Data\Resources\PackageManager\BuiltInPackages\com.unity.modules.physics)
    com.unity.modules.physics2d@1.0.0 (location: C:\Program Files\Unity\Hub\Editor\6000.1.8f1\Editor\Data\Resources\PackageManager\BuiltInPackages\com.unity.modules.physics2d)
    com.unity.modules.screencapture@1.0.0 (location: C:\Program Files\Unity\Hub\Editor\6000.1.8f1\Editor\Data\Resources\PackageManager\BuiltInPackages\com.unity.modules.screencapture)
    com.unity.modules.terrain@1.0.0 (location: C:\Program Files\Unity\Hub\Editor\6000.1.8f1\Editor\Data\Resources\PackageManager\BuiltInPackages\com.unity.modules.terrain)
    com.unity.modules.terrainphysics@1.0.0 (location: C:\Program Files\Unity\Hub\Editor\6000.1.8f1\Editor\Data\Resources\PackageManager\BuiltInPackages\com.unity.modules.terrainphysics)
    com.unity.modules.tilemap@1.0.0 (location: C:\Program Files\Unity\Hub\Editor\6000.1.8f1\Editor\Data\Resources\PackageManager\BuiltInPackages\com.unity.modules.tilemap)
    com.unity.modules.ui@1.0.0 (location: C:\Program Files\Unity\Hub\Editor\6000.1.8f1\Editor\Data\Resources\PackageManager\BuiltInPackages\com.unity.modules.ui)
    com.unity.modules.uielements@1.0.0 (location: C:\Program Files\Unity\Hub\Editor\6000.1.8f1\Editor\Data\Resources\PackageManager\BuiltInPackages\com.unity.modules.uielements)
    com.unity.modules.umbra@1.0.0 (location: C:\Program Files\Unity\Hub\Editor\6000.1.8f1\Editor\Data\Resources\PackageManager\BuiltInPackages\com.unity.modules.umbra)
    com.unity.modules.unityanalytics@1.0.0 (location: C:\Program Files\Unity\Hub\Editor\6000.1.8f1\Editor\Data\Resources\PackageManager\BuiltInPackages\com.unity.modules.unityanalytics)
    com.unity.modules.unitywebrequest@1.0.0 (location: C:\Program Files\Unity\Hub\Editor\6000.1.8f1\Editor\Data\Resources\PackageManager\BuiltInPackages\com.unity.modules.unitywebrequest)
    com.unity.modules.unitywebrequestassetbundle@1.0.0 (location: C:\Program Files\Unity\Hub\Editor\6000.1.8f1\Editor\Data\Resources\PackageManager\BuiltInPackages\com.unity.modules.unitywebrequestassetbundle)
    com.unity.modules.unitywebrequestaudio@1.0.0 (location: C:\Program Files\Unity\Hub\Editor\6000.1.8f1\Editor\Data\Resources\PackageManager\BuiltInPackages\com.unity.modules.unitywebrequestaudio)
    com.unity.modules.unitywebrequesttexture@1.0.0 (location: C:\Program Files\Unity\Hub\Editor\6000.1.8f1\Editor\Data\Resources\PackageManager\BuiltInPackages\com.unity.modules.unitywebrequesttexture)
    com.unity.modules.unitywebrequestwww@1.0.0 (location: C:\Program Files\Unity\Hub\Editor\6000.1.8f1\Editor\Data\Resources\PackageManager\BuiltInPackages\com.unity.modules.unitywebrequestwww)
    com.unity.modules.vehicles@1.0.0 (location: C:\Program Files\Unity\Hub\Editor\6000.1.8f1\Editor\Data\Resources\PackageManager\BuiltInPackages\com.unity.modules.vehicles)
    com.unity.modules.video@1.0.0 (location: C:\Program Files\Unity\Hub\Editor\6000.1.8f1\Editor\Data\Resources\PackageManager\BuiltInPackages\com.unity.modules.video)
    com.unity.modules.vr@1.0.0 (location: C:\Program Files\Unity\Hub\Editor\6000.1.8f1\Editor\Data\Resources\PackageManager\BuiltInPackages\com.unity.modules.vr)
    com.unity.modules.wind@1.0.0 (location: C:\Program Files\Unity\Hub\Editor\6000.1.8f1\Editor\Data\Resources\PackageManager\BuiltInPackages\com.unity.modules.wind)
    com.unity.modules.xr@1.0.0 (location: C:\Program Files\Unity\Hub\Editor\6000.1.8f1\Editor\Data\Resources\PackageManager\BuiltInPackages\com.unity.modules.xr)
    com.unity.modules.subsystems@1.0.0 (location: C:\Program Files\Unity\Hub\Editor\6000.1.8f1\Editor\Data\Resources\PackageManager\BuiltInPackages\com.unity.modules.subsystems)
    com.unity.modules.hierarchycore@1.0.0 (location: C:\Program Files\Unity\Hub\Editor\6000.1.8f1\Editor\Data\Resources\PackageManager\BuiltInPackages\com.unity.modules.hierarchycore)
    com.unity.test-framework@1.5.1 (location: C:\nscrev\branch-verify\Library\PackageCache\com.unity.test-framework@7056e7f856e9)
    com.unity.ext.nunit@2.0.5 (location: C:\nscrev\branch-verify\Library\PackageCache\com.unity.ext.nunit@031a54704bff)
[Physics::Module] Selected backend.
[Physics::Module] Name: PhysX
[Physics::Module] Id: 0xf2b8ea05
[Physics::Module] SDK Version: 4.1.2
[Physics::Module] Integration Version: 1.0.0
[Physics::Module] Threading Mode: Multi-Threaded
[Subsystems] No new subsystems found in resolved package list.
Package Manager log level set to [2]
[Package Manager] Done registering packages in 0.10 seconds
Refreshing native plugins compatible for Editor in 5.73 ms, found 4 plugins.
Preloading 0 native plugins for Editor in 0.00 ms.
Initialize engine version: 6000.1.8f1 (2a5b1522e5ab)
[Subsystems] Discovering subsystems at path C:/Program Files/Unity/Hub/Editor/6000.1.8f1/Editor/Data/Resources/UnitySubsystems
[Subsystems] Discovering subsystems at path C:/nscrev/branch-verify/Assets
GfxDevice: creating device client; kGfxThreadingModeNonThreaded
Direct3D:
    Version:         Direct3D 12 [level 12.1]
    Renderer:        NVIDIA GeForce RTX 4070 Laptop GPU (ID=0x2820)
    Vendor:          NVIDIA
    VRAM:            7948 MB
    App VRAM Budget: 7180 MB
    Driver:          32.0.15.9658
[Licensing::Client] Successfully resolved entitlement details
Initialize mono
Mono path[0] = 'C:/Program Files/Unity/Hub/Editor/6000.1.8f1/Editor/Data/Managed'
Mono path[1] = 'C:/Program Files/Unity/Hub/Editor/6000.1.8f1/Editor/Data/MonoBleedingEdge/lib/mono/unityjit-win32'
Mono config path = 'C:/Program Files/Unity/Hub/Editor/6000.1.8f1/Editor/Data/MonoBleedingEdge/etc'
Using monoOptions --debugger-agent=transport=dt_socket,embedding=1,server=y,suspend=n,address=127.0.0.1:56068
Using cacheserver namespaces - metadata:defaultmetadata, artifacts:defaultartifacts
Using cacheserver namespaces - metadata:defaultmetadata, artifacts:defaultartifacts
ImportWorker Server TCP listen port: 0
AcceleratorClientConnectionCallback - disconnected - :0
Begin MonoManager ReloadAssembly
Registering precompiled unity dll's ...
Register platform support module: C:/Program Files/Unity/Hub/Editor/6000.1.8f1/Editor/Data/PlaybackEngines/WebGLSupport/UnityEditor.WebGL.Extensions.dll
Register platform support module: C:/Program Files/Unity/Hub/Editor/6000.1.8f1/Editor/Data/PlaybackEngines/WindowsStandaloneSupport/UnityEditor.WindowsStandalone.Extensions.dll
Registered in 0.002078 seconds.
- Loaded All Assemblies, in  0.346 seconds
Native extension for WindowsStandalone target not found
Native extension for WebGL target not found
Mono: successfully reloaded assembly
- Finished resetting the current domain, in  0.337 seconds
Domain Reload Profiling: 682ms
	BeginReloadAssembly (112ms)
		ExecutionOrderSort (0ms)
		DisableScriptedObjects (0ms)
		BackupInstance (0ms)
		ReleaseScriptingObjects (0ms)
		CreateAndSetChildDomain (1ms)
	RebuildCommonClasses (33ms)
	RebuildNativeTypeToScriptingClass (10ms)
	initialDomainReloadingComplete (51ms)
	LoadAllAssembliesAndSetupDomain (137ms)
		LoadAssemblies (110ms)
		RebuildTransferFunctionScriptingTraits (0ms)
		AnalyzeDomain (134ms)
			TypeCache.Refresh (133ms)
				TypeCache.ScanAssembly (122ms)
			BuildScriptInfoCaches (0ms)
			ResolveRequiredComponents (1ms)
	FinalizeReload (338ms)
		ReleaseScriptCaches (0ms)
		RebuildScriptCaches (0ms)
		SetupLoadedEditorAssemblies (288ms)
			LogAssemblyErrors (0ms)
			InitializePlatformSupportModulesInManaged (50ms)
			SetLoadedEditorAssemblies (5ms)
			BeforeProcessingInitializeOnLoad (54ms)
			ProcessInitializeOnLoadAttributes (115ms)
			ProcessInitializeOnLoadMethodAttributes (65ms)
			AfterProcessingInitializeOnLoad (0ms)
			EditorAssembliesLoaded (0ms)
		ExecutionOrderSort2 (0ms)
		AwakeInstancesAfterBackupRestoration (0ms)
[Licensing::Client] Successfully resolved entitlement details
Application.AssetDatabase Initial Refresh Start
[ScriptCompilation] Requested script compilation because: Assetdatabase observed changes in script compilation related files
info: Microsoft.Hosting.Lifetime[14]
      Now listening on: http://localhost:80
info: Microsoft.Hosting.Lifetime[0]
      Application started. Press Ctrl+C to shut down.
info: Microsoft.Hosting.Lifetime[0]
      Hosting environment: Production
info: Microsoft.Hosting.Lifetime[0]
      Content root path: C:\nscrev\branch-verify\
info: Microsoft.AspNetCore.Hosting.Diagnostics[1]
      Request starting HTTP/2 POST http://ilpp/UnityILPP.PostProcessing/Ping application/grpc -
info: Microsoft.AspNetCore.Routing.EndpointMiddleware[0]
      Executing endpoint 'gRPC - /UnityILPP.PostProcessing/Ping'
info: Microsoft.AspNetCore.Routing.EndpointMiddleware[1]
      Executed endpoint 'gRPC - /UnityILPP.PostProcessing/Ping'
info: Microsoft.AspNetCore.Hosting.Diagnostics[2]
      Request finished HTTP/2 POST http://ilpp/UnityILPP.PostProcessing/Ping application/grpc - - 200 - application/grpc 37.0406ms
Starting: C:\Program Files\Unity\Hub\Editor\6000.1.8f1\Editor\Data\bee_backend.exe --ipc --defer-dag-verification --dagfile="Library/Bee/1900b0aEDbg.dag" --continue-on-failure --profile="Library/Bee/backend1.traceevents" ScriptAssemblies
WorkingDir: C:/nscrev/branch-verify
info: Microsoft.AspNetCore.Hosting.Diagnostics[1]
      Request starting HTTP/2 POST http://ilpp/UnityILPP.PostProcessing/ConfigurePostProcessors application/grpc -
info: Microsoft.AspNetCore.Routing.EndpointMiddleware[0]
      Executing endpoint 'gRPC - /UnityILPP.PostProcessing/ConfigurePostProcessors'
DisplayProgressbar: Compiling Scripts
warn: Unity.ILPP.Runner.PostProcessingAssemblyLoadContext[0]
      Assembly system.runtime.interopservices.windowsruntime has duplicate hint path. Ignoring "C:\Program Files\Unity\Hub\Editor\6000.1.8f1\Editor\Data\UnityReferenceAssemblies\unity-4.8-api\Facades\System.Runtime.InteropServices.WindowsRuntime.dll" in favor of "C:\Program Files\Unity\Hub\Editor\6000.1.8f1\Editor\Data\NetStandard\Extensions\2.0.0\System.Runtime.InteropServices.WindowsRuntime.dll"
warn: Unity.ILPP.Runner.PostProcessingAssemblyLoadContext[0]
      Assembly system.componentmodel.composition has duplicate hint path. Ignoring "C:\Program Files\Unity\Hub\Editor\6000.1.8f1\Editor\Data\UnityReferenceAssemblies\unity-4.8-api\System.ComponentModel.Composition.dll" in favor of "C:\Program Files\Unity\Hub\Editor\6000.1.8f1\Editor\Data\NetStandard\compat\2.1.0\shims\netfx\System.ComponentModel.Composition.dll"
info: Unity.ILPP.Runner.PostProcessingAssemblyLoadContext[0]
      Resolved Unity.Burst.Cecil, Version=0.11.6.0, Culture=neutral, PublicKeyToken=50cebf1cceb9d05e with Library\PackageCache\com.unity.burst@6bb9aca3ef38\Unity.Burst.CodeGen\Unity.Burst.Cecil.dll
info: Unity.ILPP.Runner.PostProcessingAssemblyLoadContext[0]
      Resolved Mono.Cecil, Version=0.11.5.0, Culture=neutral, PublicKeyToken=50cebf1cceb9d05e with Library\PackageCache\com.unity.nuget.mono-cecil@ecb9724e46ff\Mono.Cecil.dll
info: Microsoft.AspNetCore.Routing.EndpointMiddleware[1]
      Executed endpoint 'gRPC - /UnityILPP.PostProcessing/ConfigurePostProcessors'
info: Microsoft.AspNetCore.Hosting.Diagnostics[2]
      Request finished HTTP/2 POST http://ilpp/UnityILPP.PostProcessing/ConfigurePostProcessors application/grpc - - 200 - application/grpc 69.5859ms
info: Microsoft.AspNetCore.Hosting.Diagnostics[1]
      Request starting HTTP/2 POST http://ilpp/UnityILPP.PostProcessing/PostProcessAssembly application/grpc -
info: Microsoft.AspNetCore.Routing.EndpointMiddleware[0]
      Executing endpoint 'gRPC - /UnityILPP.PostProcessing/PostProcessAssembly'
info: Unity.ILPP.Runner.PostProcessingPipeline[0]
      Processing assembly Library/Bee/artifacts/1900b0aEDbg.dag/NoSafeCircle.DoorPrototype.Tests.Editor.dll, with 128 defines and 257 references
info: Unity.ILPP.Runner.PostProcessingPipeline[0]
      processors: Unity.Jobs.CodeGen.JobsILPostProcessor, zzzUnity.Burst.CodeGen.BurstILPostProcessor
info: Unity.ILPP.Runner.PostProcessingPipeline[0]
      running Unity.Jobs.CodeGen.JobsILPostProcessor
info: Unity.ILPP.Runner.PostProcessingPipeline[0]
      running zzzUnity.Burst.CodeGen.BurstILPostProcessor
info: Microsoft.AspNetCore.Routing.EndpointMiddleware[1]
      Executed endpoint 'gRPC - /UnityILPP.PostProcessing/PostProcessAssembly'
info: Microsoft.AspNetCore.Hosting.Diagnostics[2]
      Request finished HTTP/2 POST http://ilpp/UnityILPP.PostProcessing/PostProcessAssembly application/grpc - - 200 - application/grpc 17.5873ms
info: Microsoft.AspNetCore.Hosting.Diagnostics[1]
      Request starting HTTP/2 POST http://ilpp/UnityILPP.PostProcessing/PostProcessAssembly application/grpc -
info: Microsoft.AspNetCore.Routing.EndpointMiddleware[0]
      Executing endpoint 'gRPC - /UnityILPP.PostProcessing/PostProcessAssembly'
info: Unity.ILPP.Runner.PostProcessingPipeline[0]
      Processing assembly Library/Bee/artifacts/1900b0aEDbg.dag/Assembly-CSharp-firstpass.dll, with 130 defines and 288 references
info: Unity.ILPP.Runner.PostProcessingPipeline[0]
      processors: Unity.Jobs.CodeGen.JobsILPostProcessor, zzzUnity.Burst.CodeGen.BurstILPostProcessor
info: Unity.ILPP.Runner.PostProcessingPipeline[0]
      running Unity.Jobs.CodeGen.JobsILPostProcessor
info: Unity.ILPP.Runner.PostProcessingAssemblyLoadContext[0]
      Resolved Unity.Collections, Version=0.0.0.0, Culture=neutral, PublicKeyToken=null with Library\Bee\artifacts\1900b0aEDbg.dag\Unity.Collections.dll
info: Unity.ILPP.Runner.PostProcessingAssemblyLoadContext[0]
      Resolved UnityEditor.CoreModule, Version=0.0.0.0, Culture=neutral, PublicKeyToken=null with C:\Program Files\Unity\Hub\Editor\6000.1.8f1\Editor\Data\Managed\UnityEngine\UnityEditor.CoreModule.dll
info: Unity.ILPP.Runner.PostProcessingAssemblyLoadContext[0]
      Resolved UnityEngine.CoreModule, Version=0.0.0.0, Culture=neutral, PublicKeyToken=null with C:\Program Files\Unity\Hub\Editor\6000.1.8f1\Editor\Data\Managed\UnityEngine\UnityEngine.CoreModule.dll
info: Unity.ILPP.Runner.PostProcessingPipeline[0]
      running zzzUnity.Burst.CodeGen.BurstILPostProcessor
info: Unity.ILPP.Runner.PostProcessingAssemblyLoadContext[0]
      Resolved Unity.Burst.Cecil.Rocks, Version=0.11.6.0, Culture=neutral, PublicKeyToken=50cebf1cceb9d05e with Library\PackageCache\com.unity.burst@6bb9aca3ef38\Unity.Burst.CodeGen\Unity.Burst.Cecil.Rocks.dll
info: Microsoft.AspNetCore.Routing.EndpointMiddleware[1]
      Executed endpoint 'gRPC - /UnityILPP.PostProcessing/PostProcessAssembly'
info: Microsoft.AspNetCore.Hosting.Diagnostics[2]
      Request finished HTTP/2 POST http://ilpp/UnityILPP.PostProcessing/PostProcessAssembly application/grpc - - 200 - application/grpc 469.7960ms
ExitCode: 0 Duration: 1s671ms
[575/728    0s] ILPP-Configuration Library/ilpp-configuration.nevergeneratedoutput
[720/728    0s] Csc Library/Bee/artifacts/1900b0aEDbg.dag/NoSafeCircle.DoorPrototype.Tests.Editor.dll (+2 others)
[721/728    0s] ILPostProcess Library/Bee/artifacts/1900b0aEDbg.dag/post-processed/NoSafeCircle.DoorPrototype.Tests.Editor.dll (+pdb)
Processing assembly Library/Bee/artifacts/1900b0aEDbg.dag/NoSafeCircle.DoorPrototype.Tests.Editor.dll, with 128 defines and 257 references

processors: Unity.Jobs.CodeGen.JobsILPostProcessor, zzzUnity.Burst.CodeGen.BurstILPostProcessor

running Unity.Jobs.CodeGen.JobsILPostProcessor

running zzzUnity.Burst.CodeGen.BurstILPostProcessor
[722/728    0s] CopyFiles Library/ScriptAssemblies/NoSafeCircle.DoorPrototype.Tests.Editor.dll
[723/728    0s] CopyFiles Library/ScriptAssemblies/NoSafeCircle.DoorPrototype.Tests.Editor.pdb
[724/728    0s] Csc Library/Bee/artifacts/1900b0aEDbg.dag/Assembly-CSharp-firstpass.dll (+2 others)
[725/728    0s] ILPostProcess Library/Bee/artifacts/1900b0aEDbg.dag/post-processed/Assembly-CSharp-firstpass.dll (+pdb)
Processing assembly Library/Bee/artifacts/1900b0aEDbg.dag/Assembly-CSharp-firstpass.dll, with 130 defines and 288 references

processors: Unity.Jobs.CodeGen.JobsILPostProcessor, zzzUnity.Burst.CodeGen.BurstILPostProcessor

running Unity.Jobs.CodeGen.JobsILPostProcessor

running zzzUnity.Burst.CodeGen.BurstILPostProcessor
[726/728    0s] CopyFiles Library/ScriptAssemblies/Assembly-CSharp-firstpass.dll
[727/728    0s] CopyFiles Library/ScriptAssemblies/Assembly-CSharp-firstpass.pdb
*** Tundra build success (1.62 seconds), 9 items updated, 728 evaluated
AssetDatabase: script compilation time: 2.206877s
Begin MonoManager ReloadAssembly
- Loaded All Assemblies, in  1.142 seconds
Refreshing native plugins compatible for Editor in 2.24 ms, found 4 plugins.
Native extension for WindowsStandalone target not found
Native extension for WebGL target not found
Refreshing native plugins compatible for Editor in 2.87 ms, found 4 plugins.
Mono: successfully reloaded assembly
- Finished resetting the current domain, in  5.453 seconds
Domain Reload Profiling: 6590ms
	BeginReloadAssembly (340ms)
		ExecutionOrderSort (0ms)
		DisableScriptedObjects (16ms)
		BackupInstance (0ms)
		ReleaseScriptingObjects (0ms)
		CreateAndSetChildDomain (153ms)
	RebuildCommonClasses (32ms)
	RebuildNativeTypeToScriptingClass (12ms)
	initialDomainReloadingComplete (42ms)
	LoadAllAssembliesAndSetupDomain (710ms)
		LoadAssemblies (591ms)
		RebuildTransferFunctionScriptingTraits (0ms)
		AnalyzeDomain (237ms)
			TypeCache.Refresh (190ms)
				TypeCache.ScanAssembly (180ms)
			BuildScriptInfoCaches (38ms)
			ResolveRequiredComponents (6ms)
	FinalizeReload (5454ms)
		ReleaseScriptCaches (0ms)
		RebuildScriptCaches (0ms)
		SetupLoadedEditorAssemblies (5239ms)
			LogAssemblyErrors (0ms)
			InitializePlatformSupportModulesInManaged (35ms)
			SetLoadedEditorAssemblies (6ms)
			BeforeProcessingInitializeOnLoad (198ms)
			ProcessInitializeOnLoadAttributes (4932ms)
			ProcessInitializeOnLoadMethodAttributes (58ms)
			AfterProcessingInitializeOnLoad (9ms)
			EditorAssembliesLoaded (1ms)
		ExecutionOrderSort2 (0ms)
		AwakeInstancesAfterBackupRestoration (13ms)
Refreshing native plugins compatible for Editor in 2.02 ms, found 4 plugins.
Preloading 0 native plugins for Editor in 0.00 ms.
Asset Pipeline Refresh (id=d39f2495ee046c9429f5b4e689917732): Total: 10.106 seconds - Initiated by InitialRefreshV2(ForceSynchronousImport)
	Summary:
		Imports: total=0 (actual=0, local cache=0, cache server=0)
		Asset DB Process Time: managed=0 ms, native=6394 ms
		Asset DB Callback time: managed=236 ms, native=13 ms
		Scripting: domain reloads=1, domain reload time=1142 ms, compile time=2209 ms, other=111 ms
		Project Asset Count: scripts=1003, non-scripts=1661
		Asset File Changes: new=0, changed=1, moved=0, deleted=0
		Scan Filter Count: 0
	InvokeCustomDependenciesCallbacks: 0.001ms
	InvokePackagesCallback: 2.039ms
	ApplyChangesToAssetFolders: 0.557ms
	Scan: 382.460ms
	OnSourceAssetsModified: 1.510ms
	CategorizeAssetsWithTransientArtifact: 126.957ms
	ProcessAssetsWithTransientArtifactChanges: 62.252ms
	CategorizeAssets: 27.004ms
	ImportOutOfDateAssets: 5463.805ms (3254.230ms without children)
		CompileScripts: 2208.715ms
		ReloadNativeAssets: 0.001ms
		UnloadImportedAssets: 0.205ms
		EnsureUptoDateAssetsAreRegisteredWithGuidPM: 0.352ms
		InitializingProgressBar: 0.000ms
		PostProcessAllAssetNotificationsAddChangedAssets: 0.001ms
		OnDemandSchedulerStart: 0.302ms
	PostProcessAllAssets: 238.394ms
	Hotreload: 9.391ms
	GatherAllCurrentPrimaryArtifactRevisions: 0.001ms
	UnloadStreamsBegin: 0.344ms
	PersistCurrentRevisions: 0.838ms
	UnloadStreamsEnd: 0.001ms
	GenerateScriptTypeHashes: 1.634ms
	Untracked: 3790.811ms

Application.AssetDatabase Initial Refresh End
Launched and connected shader compiler UnityShaderCompiler.exe after 0.03 seconds
Scanning for USB devices : 49.504ms
Initializing Unity extensions:
[Licensing::Client] Successfully resolved entitlement details
[MODES] ModeService[none].Initialize
[MODES] ModeService[none].LoadModes
[MODES] Loading mode Default (0) for mode-current-id-NoSafeCircle
Unloading 3 Unused Serialized files (Serialized files now loaded: 0)
Unloading 5042 unused Assets / (1.4 MB). Loaded Objects now: 5543.
Memory consumption went from 140.2 MB to 138.8 MB.
Total: 8.808100 ms (FindLiveObjects: 0.361400 ms CreateObjectMapping: 0.193600 ms MarkObjects: 6.885200 ms  DeleteObjects: 1.366600 ms)

Opening scene 'Assets/Scenes/DoorPrototype.unity'
Unloading 8 Unused Serialized files (Serialized files now loaded: 0)
Loaded scene 'Assets/Scenes/DoorPrototype.unity'
	Deserialize:            37.861 ms
	Integration:            370.602 ms
	Integration of assets:  2.011 ms
	Thread Wait Time:       0.020 ms
	Total Operation Time:   410.494 ms
Unloading 2 unused Assets / (1.0 KB). Loaded Objects now: 7065.
Memory consumption went from 140.7 MB to 140.7 MB.
Total: 6.546700 ms (FindLiveObjects: 0.707900 ms CreateObjectMapping: 0.109200 ms MarkObjects: 5.690900 ms  DeleteObjects: 0.037200 ms)

Start importing Assets/NoSafeCircle/DoorPrototype/Generated/ArchitecturalTiles/FloorTile.asset using Guid(ef41a67a8bf6c9448b0f1e0732b60b4b) (NativeFormatImporter) -> (artifact id: '8b334d15e1336fd9e322154e8a630edd') in 0.0096952 seconds
Refreshing native plugins compatible for Editor in 3.14 ms, found 4 plugins.
Preloading 0 native plugins for Editor in 0.00 ms.
Asset Pipeline Refresh (id=c12d959dfcf1305468af237cd01609bb): Total: 0.050 seconds - Initiated by StopAssetImportingV2(NoUpdateAssetOptions)
Start importing Assets/NoSafeCircle/DoorPrototype/Generated/ArchitecturalTiles/WallTile.asset using Guid(4a2a3879e8507b543b68d9eef20db2a9) (NativeFormatImporter) -> (artifact id: '9889d248879caee1dcc9f51a81f4e5c8') in 0.0040678 seconds
Refreshing native plugins compatible for Editor in 1.99 ms, found 4 plugins.
Preloading 0 native plugins for Editor in 0.00 ms.
Asset Pipeline Refresh (id=21ce87a7d605db6469f6d7c9537c36a4): Total: 0.022 seconds - Initiated by StopAssetImportingV2(NoUpdateAssetOptions)
Start importing Assets/NoSafeCircle/DoorPrototype/Generated/ArchitecturalTiles/ArchitecturalBorderTile.asset using Guid(b6f0160d5f52f704b860d04529cf5d13) (NativeFormatImporter) -> (artifact id: '8f16ab88feb1039035acb4c2e6897446') in 0.0032313 seconds
Refreshing native plugins compatible for Editor in 2.25 ms, found 4 plugins.
Preloading 0 native plugins for Editor in 0.00 ms.
Asset Pipeline Refresh (id=2918c28ada320274da90411c07b164c7): Total: 0.020 seconds - Initiated by StopAssetImportingV2(NoUpdateAssetOptions)
Opening scene 'Assets/Scenes/Rooms/RuinedEntry.unity additively'
Loaded scene 'Assets/Scenes/Rooms/RuinedEntry.unity'
	Deserialize:            7.025 ms
	Integration:            3.441 ms
	Integration of assets:  0.004 ms
	Thread Wait Time:       0.030 ms
	Total Operation Time:   10.500 ms
Opening scene 'Assets/Scenes/Rooms/BoneArchive.unity additively'
Loaded scene 'Assets/Scenes/Rooms/BoneArchive.unity'
	Deserialize:            2.816 ms
	Integration:            0.377 ms
	Integration of assets:  0.023 ms
	Thread Wait Time:       0.017 ms
	Total Operation Time:   3.232 ms
Opening scene 'Assets/Scenes/Rooms/ChapelOfAsh.unity additively'
Loaded scene 'Assets/Scenes/Rooms/ChapelOfAsh.unity'
	Deserialize:            3.024 ms
	Integration:            0.386 ms
	Integration of assets:  0.020 ms
	Thread Wait Time:       0.014 ms
	Total Operation Time:   3.445 ms
Opening scene 'Assets/Scenes/Rooms/LowerVault.unity additively'
Loaded scene 'Assets/Scenes/Rooms/LowerVault.unity'
	Deserialize:            4.789 ms
	Integration:            0.904 ms
	Integration of assets:  0.046 ms
	Thread Wait Time:       0.019 ms
	Total Operation Time:   5.758 ms
Opening scene 'Assets/Scenes/Rooms/FinalRoom.unity additively'
Loaded scene 'Assets/Scenes/Rooms/FinalRoom.unity'
	Deserialize:            3.416 ms
	Integration:            0.400 ms
	Integration of assets:  0.029 ms
	Thread Wait Time:       0.016 ms
	Total Operation Time:   3.861 ms
Start importing Assets/NoSafeCircle/DoorPrototype/Art/Wizard/Source/PixelLab/masculine-light/selected/standing/north.png using Guid(91c375ee4e2b5704283a23738abe263d) (TextureImporter) -> (artifact id: '96448a2c792be8924e457b98214b93b2') in 0.0130085 seconds
Refreshing native plugins compatible for Editor in 4.05 ms, found 4 plugins.
Preloading 0 native plugins for Editor in 0.00 ms.
Asset Pipeline Refresh (id=0599a433c57348845bb6d28599b0959f): Total: 0.042 seconds - Initiated by StopAssetImportingV2(NoUpdateAssetOptions)
Start importing Assets/NoSafeCircle/DoorPrototype/Art/Wizard/Source/PixelLab/masculine-light/selected/standing/north.png using Guid(91c375ee4e2b5704283a23738abe263d) (TextureImporter) -> (artifact id: '96448a2c792be8924e457b98214b93b2') in 0.0049845 seconds
Refreshing native plugins compatible for Editor in 2.31 ms, found 4 plugins.
Preloading 0 native plugins for Editor in 0.00 ms.
Asset Pipeline Refresh (id=143ae0d01c459c24b9f739bb70fc28ad): Total: 0.023 seconds - Initiated by StopAssetImportingV2(NoUpdateAssetOptions)
Start importing Assets/NoSafeCircle/DoorPrototype/Art/Wizard/Source/PixelLab/masculine-light/selected/standing/north-east.png using Guid(5e344f0605b848f42982320da2ee30b0) (TextureImporter) -> (artifact id: 'ec982e4bc7fed084f720d63c08bf00ff') in 0.0069895 seconds
Refreshing native plugins compatible for Editor in 2.20 ms, found 4 plugins.
Preloading 0 native plugins for Editor in 0.00 ms.
Asset Pipeline Refresh (id=92af9c7f4a251a940990a6f5c65ce136): Total: 0.027 seconds - Initiated by StopAssetImportingV2(NoUpdateAssetOptions)
Start importing Assets/NoSafeCircle/DoorPrototype/Art/Wizard/Source/PixelLab/masculine-light/selected/standing/north-east.png using Guid(5e344f0605b848f42982320da2ee30b0) (TextureImporter) -> (artifact id: 'ec982e4bc7fed084f720d63c08bf00ff') in 0.0059949 seconds
Refreshing native plugins compatible for Editor in 2.30 ms, found 4 plugins.
Preloading 0 native plugins for Editor in 0.00 ms.
Asset Pipeline Refresh (id=9fae30da019a1ee4db7f503ca43b8625): Total: 0.027 seconds - Initiated by StopAssetImportingV2(NoUpdateAssetOptions)
Start importing Assets/NoSafeCircle/DoorPrototype/Art/Wizard/Source/PixelLab/masculine-light/selected/standing/east.png using Guid(855cc5850577ad643b9c96440c146d49) (TextureImporter) -> (artifact id: '7f0e84f20008e25dc5b67bc5f3c416a1') in 0.0068749 seconds
Refreshing native plugins compatible for Editor in 3.39 ms, found 4 plugins.
Preloading 0 native plugins for Editor in 0.00 ms.
Asset Pipeline Refresh (id=942e5eed98671c64291aa050f9d08652): Total: 0.024 seconds - Initiated by StopAssetImportingV2(NoUpdateAssetOptions)
Start importing Assets/NoSafeCircle/DoorPrototype/Art/Wizard/Source/PixelLab/masculine-light/selected/standing/east.png using Guid(855cc5850577ad643b9c96440c146d49) (TextureImporter) -> (artifact id: '7f0e84f20008e25dc5b67bc5f3c416a1') in 0.0050462 seconds
Refreshing native plugins compatible for Editor in 2.55 ms, found 4 plugins.
Preloading 0 native plugins for Editor in 0.00 ms.
Asset Pipeline Refresh (id=83bf481b06a028c4288fccb2cf060873): Total: 0.025 seconds - Initiated by StopAssetImportingV2(NoUpdateAssetOptions)
Start importing Assets/NoSafeCircle/DoorPrototype/Art/Wizard/Source/PixelLab/masculine-light/selected/standing/south-east.png using Guid(ba32e804c3c549e43aa53b4a61cad7be) (TextureImporter) -> (artifact id: 'ea93765076be854a0d811904ff9cb21e') in 0.0072197 seconds
Refreshing native plugins compatible for Editor in 2.21 ms, found 4 plugins.
Preloading 0 native plugins for Editor in 0.00 ms.
Asset Pipeline Refresh (id=0cb5eb529efed5d45a4f140807ef8c83): Total: 0.027 seconds - Initiated by StopAssetImportingV2(NoUpdateAssetOptions)
Start importing Assets/NoSafeCircle/DoorPrototype/Art/Wizard/Source/PixelLab/masculine-light/selected/standing/south-east.png using Guid(ba32e804c3c549e43aa53b4a61cad7be) (TextureImporter) -> (artifact id: 'ea93765076be854a0d811904ff9cb21e') in 0.0067261 seconds
Refreshing native plugins compatible for Editor in 2.11 ms, found 4 plugins.
Preloading 0 native plugins for Editor in 0.00 ms.
Asset Pipeline Refresh (id=33bc35bd7d6d0e74c984ddcb7d7b452a): Total: 0.028 seconds - Initiated by StopAssetImportingV2(NoUpdateAssetOptions)
Start importing Assets/NoSafeCircle/DoorPrototype/Art/Wizard/Source/PixelLab/masculine-light/selected/standing/south.png using Guid(afd38f6e75ecac9469a8b9b3c8c5d9cf) (TextureImporter) -> (artifact id: 'f7eb6b563561967fe09ab157fb12abe3') in 0.0064783 seconds
Refreshing native plugins compatible for Editor in 2.24 ms, found 4 plugins.
Preloading 0 native plugins for Editor in 0.00 ms.
Asset Pipeline Refresh (id=42611de535ea1cd4f9914d1453ff4d6d): Total: 0.024 seconds - Initiated by StopAssetImportingV2(NoUpdateAssetOptions)
Start importing Assets/NoSafeCircle/DoorPrototype/Art/Wizard/Source/PixelLab/masculine-light/selected/standing/south.png using Guid(afd38f6e75ecac9469a8b9b3c8c5d9cf) (TextureImporter) -> (artifact id: 'f7eb6b563561967fe09ab157fb12abe3') in 0.0043833 seconds
Refreshing native plugins compatible for Editor in 2.15 ms, found 4 plugins.
Preloading 0 native plugins for Editor in 0.00 ms.
Asset Pipeline Refresh (id=8ecf58f5476a71049b00d90035173de9): Total: 0.025 seconds - Initiated by StopAssetImportingV2(NoUpdateAssetOptions)
Start importing Assets/NoSafeCircle/DoorPrototype/Art/Wizard/Source/PixelLab/masculine-light/selected/standing/south-west.png using Guid(f1200e2de20b94f4e82a8b06bf3373e4) (TextureImporter) -> (artifact id: 'f06271d46522c0dc62f99fe3e8e175c7') in 0.0062944 seconds
Refreshing native plugins compatible for Editor in 2.13 ms, found 4 plugins.
Preloading 0 native plugins for Editor in 0.00 ms.
Asset Pipeline Refresh (id=8184870e40e3bcd4cbd2043014013e4b): Total: 0.026 seconds - Initiated by StopAssetImportingV2(NoUpdateAssetOptions)
Start importing Assets/NoSafeCircle/DoorPrototype/Art/Wizard/Source/PixelLab/masculine-light/selected/standing/south-west.png using Guid(f1200e2de20b94f4e82a8b06bf3373e4) (TextureImporter) -> (artifact id: 'f06271d46522c0dc62f99fe3e8e175c7') in 0.0052938 seconds
Refreshing native plugins compatible for Editor in 2.68 ms, found 4 plugins.
Preloading 0 native plugins for Editor in 0.00 ms.
Asset Pipeline Refresh (id=32c8267a5798d6342aee60506c16334d): Total: 0.022 seconds - Initiated by StopAssetImportingV2(NoUpdateAssetOptions)
Start importing Assets/NoSafeCircle/DoorPrototype/Art/Wizard/Source/PixelLab/masculine-light/selected/standing/west.png using Guid(fcab85bd8cb12954790ec61cad798011) (TextureImporter) -> (artifact id: '619a549616710f6f8c18f4ec9fe9cae1') in 0.0079539 seconds
Refreshing native plugins compatible for Editor in 2.90 ms, found 4 plugins.
Preloading 0 native plugins for Editor in 0.00 ms.
Asset Pipeline Refresh (id=a61678a4e68b701499c816819f36393e): Total: 0.025 seconds - Initiated by StopAssetImportingV2(NoUpdateAssetOptions)
Start importing Assets/NoSafeCircle/DoorPrototype/Art/Wizard/Source/PixelLab/masculine-light/selected/standing/west.png using Guid(fcab85bd8cb12954790ec61cad798011) (TextureImporter) -> (artifact id: '619a549616710f6f8c18f4ec9fe9cae1') in 0.0057133 seconds
Refreshing native plugins compatible for Editor in 2.15 ms, found 4 plugins.
Preloading 0 native plugins for Editor in 0.00 ms.
Asset Pipeline Refresh (id=38d9a5d9314fd0c4db3e8630fba6453e): Total: 0.028 seconds - Initiated by StopAssetImportingV2(NoUpdateAssetOptions)
Start importing Assets/NoSafeCircle/DoorPrototype/Art/Wizard/Source/PixelLab/masculine-light/selected/standing/north-west.png using Guid(90987ee35d8dc3942b6c07b1e7be561d) (TextureImporter) -> (artifact id: '936478f301bed31f876bed28e8f38b64') in 0.0059802 seconds
Refreshing native plugins compatible for Editor in 2.14 ms, found 4 plugins.
Preloading 0 native plugins for Editor in 0.00 ms.
Asset Pipeline Refresh (id=17dcbe285552b0043962542c8d67496e): Total: 0.021 seconds - Initiated by StopAssetImportingV2(NoUpdateAssetOptions)
Start importing Assets/NoSafeCircle/DoorPrototype/Art/Wizard/Source/PixelLab/masculine-light/selected/standing/north-west.png using Guid(90987ee35d8dc3942b6c07b1e7be561d) (TextureImporter) -> (artifact id: '936478f301bed31f876bed28e8f38b64') in 0.0043039 seconds
Refreshing native plugins compatible for Editor in 2.41 ms, found 4 plugins.
Preloading 0 native plugins for Editor in 0.00 ms.
Asset Pipeline Refresh (id=8477d4a3801949444abe89ce5bf9f7e2): Total: 0.021 seconds - Initiated by StopAssetImportingV2(NoUpdateAssetOptions)
Start importing Assets/NoSafeCircle/DoorPrototype/Art/Wizard/Source/PixelLab/masculine-light/selected/standing/north.png using Guid(91c375ee4e2b5704283a23738abe263d) (TextureImporter) -> (artifact id: '96448a2c792be8924e457b98214b93b2') in 0.0064775 seconds
Refreshing native plugins compatible for Editor in 3.17 ms, found 4 plugins.
Preloading 0 native plugins for Editor in 0.00 ms.
Asset Pipeline Refresh (id=81ebaba6f17765045bf29e723aae7f48): Total: 0.025 seconds - Initiated by StopAssetImportingV2(NoUpdateAssetOptions)
Start importing Assets/NoSafeCircle/DoorPrototype/Art/Wizard/Source/PixelLab/masculine-light/selected/standing/north.png using Guid(91c375ee4e2b5704283a23738abe263d) (TextureImporter) -> (artifact id: '96448a2c792be8924e457b98214b93b2') in 0.0063449 seconds
Refreshing native plugins compatible for Editor in 2.10 ms, found 4 plugins.
Preloading 0 native plugins for Editor in 0.00 ms.
Asset Pipeline Refresh (id=ea119ba896ca5344e90deeca5f65982d): Total: 0.024 seconds - Initiated by StopAssetImportingV2(NoUpdateAssetOptions)
Start importing Assets/NoSafeCircle/DoorPrototype/Art/Wizard/Generated/Wizard_Masculine_White_idle_north.anim using Guid(216d2ed55c73b3d44be8c802857d0ad4) (NativeFormatImporter) -> (artifact id: '9364c9fc051448dd1055bb46334dfd88') in 0.0021491 seconds
Refreshing native plugins compatible for Editor in 2.10 ms, found 4 plugins.
Preloading 0 native plugins for Editor in 0.00 ms.
Asset Pipeline Refresh (id=b5552728af6bb0344b2936047194469f): Total: 0.017 seconds - Initiated by StopAssetImportingV2(NoUpdateAssetOptions)
Start importing Assets/NoSafeCircle/DoorPrototype/Art/Wizard/Source/PixelLab/masculine-light/selected/walk/north/frame_000.png using Guid(5c6239b09a01ecae426d1622ae9b4750) (TextureImporter) -> (artifact id: '4502f224e713f39fc1a5251918dd3276') in 0.0050356 seconds
Refreshing native plugins compatible for Editor in 3.04 ms, found 4 plugins.
Preloading 0 native plugins for Editor in 0.00 ms.
Asset Pipeline Refresh (id=50a7bc5bbd84c6c46be23f8b12242421): Total: 0.023 seconds - Initiated by StopAssetImportingV2(NoUpdateAssetOptions)
Start importing Assets/NoSafeCircle/DoorPrototype/Art/Wizard/Source/PixelLab/masculine-light/selected/walk/north/frame_000.png using Guid(5c6239b09a01ecae426d1622ae9b4750) (TextureImporter) -> (artifact id: '7cb9bbe8d3aa084d9d580b44b1a94212') in 0.0064495 seconds
Refreshing native plugins compatible for Editor in 2.40 ms, found 4 plugins.
Preloading 0 native plugins for Editor in 0.00 ms.
Asset Pipeline Refresh (id=0270566ad5034374397086e4c7904fd4): Total: 0.040 seconds - Initiated by StopAssetImportingV2(NoUpdateAssetOptions)
Start importing Assets/NoSafeCircle/DoorPrototype/Art/Wizard/Source/PixelLab/masculine-light/selected/walk/north/frame_001.png using Guid(5c49559a87b50be50a7f345f4c08c036) (TextureImporter) -> (artifact id: '39049382fb3bf298a64a502462cd3500') in 0.0092208 seconds
Refreshing native plugins compatible for Editor in 2.98 ms, found 4 plugins.
Preloading 0 native plugins for Editor in 0.00 ms.
Asset Pipeline Refresh (id=b7318e5bfb8ef8e46a2a4502bafd4aa1): Total: 0.043 seconds - Initiated by StopAssetImportingV2(NoUpdateAssetOptions)
Start importing Assets/NoSafeCircle/DoorPrototype/Art/Wizard/Source/PixelLab/masculine-light/selected/walk/north/frame_001.png using Guid(5c49559a87b50be50a7f345f4c08c036) (TextureImporter) -> (artifact id: 'e1442ef9a8e9be3eb84a5ae82ba10801') in 0.0073362 seconds
Refreshing native plugins compatible for Editor in 3.58 ms, found 4 plugins.
Preloading 0 native plugins for Editor in 0.00 ms.
Asset Pipeline Refresh (id=94e6cb7854d0a5e49a7bb5d93168ca4e): Total: 0.046 seconds - Initiated by StopAssetImportingV2(NoUpdateAssetOptions)
Start importing Assets/NoSafeCircle/DoorPrototype/Art/Wizard/Source/PixelLab/masculine-light/selected/walk/north/frame_002.png using Guid(0831741a5a6c4af16e8da6fbbd132f03) (TextureImporter) -> (artifact id: '483e49e427f5f7869960ddc5b019d81a') in 0.0158383 seconds
Refreshing native plugins compatible for Editor in 3.23 ms, found 4 plugins.
Preloading 0 native plugins for Editor in 0.00 ms.
Asset Pipeline Refresh (id=b186544f57a5d66438a40f51b5f8601b): Total: 0.035 seconds - Initiated by StopAssetImportingV2(NoUpdateAssetOptions)
Start importing Assets/NoSafeCircle/DoorPrototype/Art/Wizard/Source/PixelLab/masculine-light/selected/walk/north/frame_002.png using Guid(0831741a5a6c4af16e8da6fbbd132f03) (TextureImporter) -> (artifact id: 'b15f7344e2db31e0b38fffa37cec3c77') in 0.0046172 seconds
Refreshing native plugins compatible for Editor in 2.20 ms, found 4 plugins.
Preloading 0 native plugins for Editor in 0.00 ms.
Asset Pipeline Refresh (id=5bcd447d360457944afb2ac0450ea5ed): Total: 0.032 seconds - Initiated by StopAssetImportingV2(NoUpdateAssetOptions)
Start importing Assets/NoSafeCircle/DoorPrototype/Art/Wizard/Source/PixelLab/masculine-light/selected/walk/north/frame_003.png using Guid(2602cb7b2885a6fd54c19c4f1fbe2519) (TextureImporter) -> (artifact id: '74b2f81206777713c4fabaef1b670779') in 0.0077062 seconds
Refreshing native plugins compatible for Editor in 2.47 ms, found 4 plugins.
Preloading 0 native plugins for Editor in 0.00 ms.
Asset Pipeline Refresh (id=164df28f88db25940a927399de76ff86): Total: 0.024 seconds - Initiated by StopAssetImportingV2(NoUpdateAssetOptions)
Start importing Assets/NoSafeCircle/DoorPrototype/Art/Wizard/Source/PixelLab/masculine-light/selected/walk/north/frame_003.png using Guid(2602cb7b2885a6fd54c19c4f1fbe2519) (TextureImporter) -> (artifact id: 'ed2c1ce7db5662452c9b27ca9ee8f3ca') in 0.0053279 seconds
Refreshing native plugins compatible for Editor in 2.14 ms, found 4 plugins.
Preloading 0 native plugins for Editor in 0.00 ms.
Asset Pipeline Refresh (id=a9d9b5b26c5eb154c838e5bcd7de5f21): Total: 0.031 seconds - Initiated by StopAssetImportingV2(NoUpdateAssetOptions)
Start importing Assets/NoSafeCircle/DoorPrototype/Art/Wizard/Source/PixelLab/masculine-light/selected/walk/north/frame_004.png using Guid(9373deb7810e826bb15177e7d51a8d2c) (TextureImporter) -> (artifact id: '8bc6da18574173a44bbd3f0fab5a581f') in 0.0064948 seconds
Refreshing native plugins compatible for Editor in 2.14 ms, found 4 plugins.
Preloading 0 native plugins for Editor in 0.00 ms.
Asset Pipeline Refresh (id=819b371e34463a24a8c75a0745935f16): Total: 0.022 seconds - Initiated by StopAssetImportingV2(NoUpdateAssetOptions)
Start importing Assets/NoSafeCircle/DoorPrototype/Art/Wizard/Source/PixelLab/masculine-light/selected/walk/north/frame_004.png using Guid(9373deb7810e826bb15177e7d51a8d2c) (TextureImporter) -> (artifact id: '7fc61f6c30d677229741b5d5ea793158') in 0.0042675 seconds
Refreshing native plugins compatible for Editor in 2.40 ms, found 4 plugins.
Preloading 0 native plugins for Editor in 0.00 ms.
Asset Pipeline Refresh (id=a3cca5cc7e44b024f83b1e4c366b4d49): Total: 0.028 seconds - Initiated by StopAssetImportingV2(NoUpdateAssetOptions)
Start importing Assets/NoSafeCircle/DoorPrototype/Art/Wizard/Source/PixelLab/masculine-light/selected/walk/north/frame_005.png using Guid(d11f41b338ca90ee7952ba16dc3c003d) (TextureImporter) -> (artifact id: '2c774b3948a716336658b5472ce17339') in 0.0080509 seconds
Refreshing native plugins compatible for Editor in 3.79 ms, found 4 plugins.
Preloading 0 native plugins for Editor in 0.00 ms.
Asset Pipeline Refresh (id=774a0110950c78a43acd3334fabbf5b4): Total: 0.026 seconds - Initiated by StopAssetImportingV2(NoUpdateAssetOptions)
Start importing Assets/NoSafeCircle/DoorPrototype/Art/Wizard/Source/PixelLab/masculine-light/selected/walk/north/frame_005.png using Guid(d11f41b338ca90ee7952ba16dc3c003d) (TextureImporter) -> (artifact id: 'ee1dc21d87ca80dfab1dfce649c527a1') in 0.0051005 seconds
Refreshing native plugins compatible for Editor in 1.97 ms, found 4 plugins.
Preloading 0 native plugins for Editor in 0.00 ms.
Asset Pipeline Refresh (id=ec19e3e2eeeb5b9449f2bdcd17c5dd2c): Total: 0.030 seconds - Initiated by StopAssetImportingV2(NoUpdateAssetOptions)
Start importing Assets/NoSafeCircle/DoorPrototype/Art/Wizard/Generated/Wizard_Masculine_White_walk_north.anim using Guid(efae5caf1424ae34491d1750174eb78d) (NativeFormatImporter) -> (artifact id: '235a32b1ea3debddb673db621db42adc') in 0.0078721 seconds
Refreshing native plugins compatible for Editor in 2.03 ms, found 4 plugins.
Preloading 0 native plugins for Editor in 0.00 ms.
Asset Pipeline Refresh (id=a04b7b4d8b52e1b4ebabebf4f702a5ca): Total: 0.027 seconds - Initiated by StopAssetImportingV2(NoUpdateAssetOptions)
Start importing Assets/NoSafeCircle/DoorPrototype/Art/Wizard/Source/PixelLab/masculine-light/selected/standing/north-east.png using Guid(5e344f0605b848f42982320da2ee30b0) (TextureImporter) -> (artifact id: 'ec982e4bc7fed084f720d63c08bf00ff') in 0.0100728 seconds
Refreshing native plugins compatible for Editor in 2.25 ms, found 4 plugins.
Preloading 0 native plugins for Editor in 0.00 ms.
Asset Pipeline Refresh (id=94b7eda165ba59d47908c5ab3097280f): Total: 0.034 seconds - Initiated by StopAssetImportingV2(NoUpdateAssetOptions)
Start importing Assets/NoSafeCircle/DoorPrototype/Art/Wizard/Source/PixelLab/masculine-light/selected/standing/north-east.png using Guid(5e344f0605b848f42982320da2ee30b0) (TextureImporter) -> (artifact id: 'ec982e4bc7fed084f720d63c08bf00ff') in 0.0125213 seconds
Refreshing native plugins compatible for Editor in 2.26 ms, found 4 plugins.
Preloading 0 native plugins for Editor in 0.00 ms.
Asset Pipeline Refresh (id=aa9a34cdbfe0bc4489770bf49d74af47): Total: 0.034 seconds - Initiated by StopAssetImportingV2(NoUpdateAssetOptions)
Start importing Assets/NoSafeCircle/DoorPrototype/Art/Wizard/Generated/Wizard_Masculine_White_idle_north-east.anim using Guid(b6d115ade9e83434da82a9731846674f) (NativeFormatImporter) -> (artifact id: '373a432c1b03ba084be089112e83d65d') in 0.0024396 seconds
Refreshing native plugins compatible for Editor in 2.26 ms, found 4 plugins.
Preloading 0 native plugins for Editor in 0.00 ms.
Asset Pipeline Refresh (id=6434150d23aa3ed4eaba1beb583b6adb): Total: 0.022 seconds - Initiated by StopAssetImportingV2(NoUpdateAssetOptions)
Start importing Assets/NoSafeCircle/DoorPrototype/Art/Wizard/Source/PixelLab/masculine-light/selected/walk/north-east/frame_000.png using Guid(91d5e512fe9f09e468cc7cf22a015977) (TextureImporter) -> (artifact id: '40cdb1afa5e1776a400fc7aca53845e5') in 0.0057177 seconds
Refreshing native plugins compatible for Editor in 2.10 ms, found 4 plugins.
Preloading 0 native plugins for Editor in 0.00 ms.
Asset Pipeline Refresh (id=401d7457695b8bb49aa8b9960354d12b): Total: 0.023 seconds - Initiated by StopAssetImportingV2(NoUpdateAssetOptions)
Start importing Assets/NoSafeCircle/DoorPrototype/Art/Wizard/Source/PixelLab/masculine-light/selected/walk/north-east/frame_000.png using Guid(91d5e512fe9f09e468cc7cf22a015977) (TextureImporter) -> (artifact id: '40cdb1afa5e1776a400fc7aca53845e5') in 0.0044391 seconds
Refreshing native plugins compatible for Editor in 2.58 ms, found 4 plugins.
Preloading 0 native plugins for Editor in 0.00 ms.
Asset Pipeline Refresh (id=629b81c4c47d981479d329a5cd6cad7d): Total: 0.023 seconds - Initiated by StopAssetImportingV2(NoUpdateAssetOptions)
Start importing Assets/NoSafeCircle/DoorPrototype/Art/Wizard/Source/PixelLab/masculine-light/selected/walk/north-east/frame_001.png using Guid(888094d9c0dcb964ead2060e7aa59107) (TextureImporter) -> (artifact id: '19b4d9bfbfc3a1d8232849879874326e') in 0.0067113 seconds
Refreshing native plugins compatible for Editor in 2.25 ms, found 4 plugins.
Preloading 0 native plugins for Editor in 0.00 ms.
Asset Pipeline Refresh (id=3e7cf81419984a74b85cad1a601199d2): Total: 0.021 seconds - Initiated by StopAssetImportingV2(NoUpdateAssetOptions)
Start importing Assets/NoSafeCircle/DoorPrototype/Art/Wizard/Source/PixelLab/masculine-light/selected/walk/north-east/frame_001.png using Guid(888094d9c0dcb964ead2060e7aa59107) (TextureImporter) -> (artifact id: '19b4d9bfbfc3a1d8232849879874326e') in 0.0052782 seconds
Refreshing native plugins compatible for Editor in 4.17 ms, found 4 plugins.
Preloading 0 native plugins for Editor in 0.00 ms.
Asset Pipeline Refresh (id=87036625f9b04a845b4a351eb3374525): Total: 0.026 seconds - Initiated by StopAssetImportingV2(NoUpdateAssetOptions)
Start importing Assets/NoSafeCircle/DoorPrototype/Art/Wizard/Source/PixelLab/masculine-light/selected/walk/north-east/frame_002.png using Guid(c67a1a0ffa7f2ce4b85b1c50f5eef908) (TextureImporter) -> (artifact id: '46183cf7e9e3e169c96ddd8c256255e8') in 0.0118124 seconds
Refreshing native plugins compatible for Editor in 7.20 ms, found 4 plugins.
Preloading 0 native plugins for Editor in 0.00 ms.
Asset Pipeline Refresh (id=04885b28d9e105040a63445c7efee311): Total: 0.042 seconds - Initiated by StopAssetImportingV2(NoUpdateAssetOptions)
Start importing Assets/NoSafeCircle/DoorPrototype/Art/Wizard/Source/PixelLab/masculine-light/selected/walk/north-east/frame_002.png using Guid(c67a1a0ffa7f2ce4b85b1c50f5eef908) (TextureImporter) -> (artifact id: '46183cf7e9e3e169c96ddd8c256255e8') in 0.0077337 seconds
Refreshing native plugins compatible for Editor in 9.09 ms, found 4 plugins.
Preloading 0 native plugins for Editor in 0.00 ms.
Asset Pipeline Refresh (id=18c6b7a4472705142be4a934ec1060af): Total: 0.058 seconds - Initiated by StopAssetImportingV2(NoUpdateAssetOptions)
Start importing Assets/NoSafeCircle/DoorPrototype/Art/Wizard/Source/PixelLab/masculine-light/selected/walk/north-east/frame_003.png using Guid(897b32c0fc082a34386df214b8f891b8) (TextureImporter) -> (artifact id: 'cd454be6138c68275ec6e3cc82ab666f') in 0.0071275 seconds
Refreshing native plugins compatible for Editor in 3.06 ms, found 4 plugins.
Preloading 0 native plugins for Editor in 0.00 ms.
Asset Pipeline Refresh (id=a9c6b0fffa2054049ad8d95504a2e5da): Total: 0.025 seconds - Initiated by StopAssetImportingV2(NoUpdateAssetOptions)
Start importing Assets/NoSafeCircle/DoorPrototype/Art/Wizard/Source/PixelLab/masculine-light/selected/walk/north-east/frame_003.png using Guid(897b32c0fc082a34386df214b8f891b8) (TextureImporter) -> (artifact id: 'cd454be6138c68275ec6e3cc82ab666f') in 0.0043166 seconds
Refreshing native plugins compatible for Editor in 3.42 ms, found 4 plugins.
Preloading 0 native plugins for Editor in 0.00 ms.
Asset Pipeline Refresh (id=c58b16d29d6625e4d89a02f936d3d233): Total: 0.026 seconds - Initiated by StopAssetImportingV2(NoUpdateAssetOptions)
Start importing Assets/NoSafeCircle/DoorPrototype/Art/Wizard/Source/PixelLab/masculine-light/selected/walk/north-east/frame_004.png using Guid(9909792c548ef4d44830f41f491c679d) (TextureImporter) -> (artifact id: 'a83e6c0c3dc0ddb03dfed1c1bda24f09') in 0.0076967 seconds
Refreshing native plugins compatible for Editor in 3.45 ms, found 4 plugins.
Preloading 0 native plugins for Editor in 0.00 ms.
Asset Pipeline Refresh (id=3ee588c82b380d141b18b19959a3b3b5): Total: 0.029 seconds - Initiated by StopAssetImportingV2(NoUpdateAssetOptions)
Start importing Assets/NoSafeCircle/DoorPrototype/Art/Wizard/Source/PixelLab/masculine-light/selected/walk/north-east/frame_004.png using Guid(9909792c548ef4d44830f41f491c679d) (TextureImporter) -> (artifact id: 'a83e6c0c3dc0ddb03dfed1c1bda24f09') in 0.005637 seconds
Refreshing native plugins compatible for Editor in 3.80 ms, found 4 plugins.
Preloading 0 native plugins for Editor in 0.00 ms.
Asset Pipeline Refresh (id=c5d732e9ce8f4ae4f9c42238c966b616): Total: 0.033 seconds - Initiated by StopAssetImportingV2(NoUpdateAssetOptions)
Start importing Assets/NoSafeCircle/DoorPrototype/Art/Wizard/Source/PixelLab/masculine-light/selected/walk/north-east/frame_005.png using Guid(8937b18c2e140c844821069cc5bed355) (TextureImporter) -> (artifact id: 'cac96c4cdc42bd061ae0d1068dfea2e4') in 0.0617198 seconds
Refreshing native plugins compatible for Editor in 10.62 ms, found 4 plugins.
Preloading 0 native plugins for Editor in 0.00 ms.
Asset Pipeline Refresh (id=6505e9d3b6dfb5d43b34437dee903506): Total: 0.095 seconds - Initiated by StopAssetImportingV2(NoUpdateAssetOptions)
Start importing Assets/NoSafeCircle/DoorPrototype/Art/Wizard/Source/PixelLab/masculine-light/selected/walk/north-east/frame_005.png using Guid(8937b18c2e140c844821069cc5bed355) (TextureImporter) -> (artifact id: 'cac96c4cdc42bd061ae0d1068dfea2e4') in 0.0050684 seconds
Refreshing native plugins compatible for Editor in 3.27 ms, found 4 plugins.
Preloading 0 native plugins for Editor in 0.00 ms.
Asset Pipeline Refresh (id=610bfbcb9af021b44a88ea983eb72d7e): Total: 0.042 seconds - Initiated by StopAssetImportingV2(NoUpdateAssetOptions)
Start importing Assets/NoSafeCircle/DoorPrototype/Art/Wizard/Generated/Wizard_Masculine_White_walk_north-east.anim using Guid(edec638159a30d14d89e481308982594) (NativeFormatImporter) -> (artifact id: '7119a38167ae67ab7f69ea5332241d95') in 0.0039991 seconds
Refreshing native plugins compatible for Editor in 3.34 ms, found 4 plugins.
Preloading 0 native plugins for Editor in 0.00 ms.
Asset Pipeline Refresh (id=6472b9353569437439e4a9218d6b3814): Total: 0.028 seconds - Initiated by StopAssetImportingV2(NoUpdateAssetOptions)
Start importing Assets/NoSafeCircle/DoorPrototype/Art/Wizard/Source/PixelLab/masculine-light/selected/standing/east.png using Guid(855cc5850577ad643b9c96440c146d49) (TextureImporter) -> (artifact id: '7f0e84f20008e25dc5b67bc5f3c416a1') in 0.0069384 seconds
Refreshing native plugins compatible for Editor in 3.09 ms, found 4 plugins.
Preloading 0 native plugins for Editor in 0.00 ms.
Asset Pipeline Refresh (id=aff0e8e4dabba2b42b1318f1523eb72a): Total: 0.030 seconds - Initiated by StopAssetImportingV2(NoUpdateAssetOptions)
Start importing Assets/NoSafeCircle/DoorPrototype/Art/Wizard/Source/PixelLab/masculine-light/selected/standing/east.png using Guid(855cc5850577ad643b9c96440c146d49) (TextureImporter) -> (artifact id: '7f0e84f20008e25dc5b67bc5f3c416a1') in 0.030064 seconds
Refreshing native plugins compatible for Editor in 5.20 ms, found 4 plugins.
Preloading 0 native plugins for Editor in 0.00 ms.
Asset Pipeline Refresh (id=addded2a224206949a3f228531daa5fe): Total: 0.053 seconds - Initiated by StopAssetImportingV2(NoUpdateAssetOptions)
Start importing Assets/NoSafeCircle/DoorPrototype/Art/Wizard/Generated/Wizard_Masculine_White_idle_east.anim using Guid(9349e3fc966a2e14ab81806b744a95ec) (NativeFormatImporter) -> (artifact id: 'c5b5dfc8cd098f8a960e88d01fcf9ece') in 0.0039482 seconds
Refreshing native plugins compatible for Editor in 2.86 ms, found 4 plugins.
Preloading 0 native plugins for Editor in 0.00 ms.
Asset Pipeline Refresh (id=b67847410789dd4449194c32c1717779): Total: 0.030 seconds - Initiated by StopAssetImportingV2(NoUpdateAssetOptions)
Start importing Assets/NoSafeCircle/DoorPrototype/Art/Wizard/Source/PixelLab/masculine-light/selected/walk/east/frame_000.png using Guid(0a6827740383f74169ae3252042981dc) (TextureImporter) -> (artifact id: 'fa190c08d665a1af5335c7277845e2f6') in 0.0075512 seconds
Refreshing native plugins compatible for Editor in 4.12 ms, found 4 plugins.
Preloading 0 native plugins for Editor in 0.00 ms.
Asset Pipeline Refresh (id=99918923dc90c8740a18c6ce5ccfb52a): Total: 0.041 seconds - Initiated by StopAssetImportingV2(NoUpdateAssetOptions)
Start importing Assets/NoSafeCircle/DoorPrototype/Art/Wizard/Source/PixelLab/masculine-light/selected/walk/east/frame_000.png using Guid(0a6827740383f74169ae3252042981dc) (TextureImporter) -> (artifact id: '99bd7ff5bdc38b0c6b70fc2ca6b18a75') in 0.0065183 seconds
Refreshing native plugins compatible for Editor in 4.18 ms, found 4 plugins.
Preloading 0 native plugins for Editor in 0.00 ms.
Asset Pipeline Refresh (id=d35e4858d1726f24abfc37aedc50c223): Total: 0.051 seconds - Initiated by StopAssetImportingV2(NoUpdateAssetOptions)
Start importing Assets/NoSafeCircle/DoorPrototype/Art/Wizard/Source/PixelLab/masculine-light/selected/walk/east/frame_001.png using Guid(632e0f62e13c18590b49441cc7938ae7) (TextureImporter) -> (artifact id: '030889c35416960585ae143785e036a0') in 0.0901275 seconds
Refreshing native plugins compatible for Editor in 4.37 ms, found 4 plugins.
Preloading 0 native plugins for Editor in 0.00 ms.
Asset Pipeline Refresh (id=2b4e0726976f0b642872dbb156d85c76): Total: 0.115 seconds - Initiated by StopAssetImportingV2(NoUpdateAssetOptions)
Start importing Assets/NoSafeCircle/DoorPrototype/Art/Wizard/Source/PixelLab/masculine-light/selected/walk/east/frame_001.png using Guid(632e0f62e13c18590b49441cc7938ae7) (TextureImporter) -> (artifact id: 'e968a5dd9f5919caadb677a95f739dbc') in 0.0056593 seconds
Refreshing native plugins compatible for Editor in 2.29 ms, found 4 plugins.
Preloading 0 native plugins for Editor in 0.00 ms.
Asset Pipeline Refresh (id=c4605f09a81ffda419f38f7dfb4a1ac3): Total: 0.039 seconds - Initiated by StopAssetImportingV2(NoUpdateAssetOptions)
Start importing Assets/NoSafeCircle/DoorPrototype/Art/Wizard/Source/PixelLab/masculine-light/selected/walk/east/frame_002.png using Guid(e90fe5bbf32dc2a3eeaa1fb0017055d9) (TextureImporter) -> (artifact id: 'c7eacd17ca47bf656d350aa8b18aece4') in 0.0058792 seconds
Refreshing native plugins compatible for Editor in 2.23 ms, found 4 plugins.
Preloading 0 native plugins for Editor in 0.00 ms.
Asset Pipeline Refresh (id=f99bdfccf6462b3439b38285842691fc): Total: 0.021 seconds - Initiated by StopAssetImportingV2(NoUpdateAssetOptions)
Start importing Assets/NoSafeCircle/DoorPrototype/Art/Wizard/Source/PixelLab/masculine-light/selected/walk/east/frame_002.png using Guid(e90fe5bbf32dc2a3eeaa1fb0017055d9) (TextureImporter) -> (artifact id: '11c1cb04f52aa9e4a59acc2f336521ad') in 0.0052852 seconds
Refreshing native plugins compatible for Editor in 2.10 ms, found 4 plugins.
Preloading 0 native plugins for Editor in 0.00 ms.
Asset Pipeline Refresh (id=1cfb5e732a4f62646a76e2aec6c9eb46): Total: 0.033 seconds - Initiated by StopAssetImportingV2(NoUpdateAssetOptions)
Start importing Assets/NoSafeCircle/DoorPrototype/Art/Wizard/Source/PixelLab/masculine-light/selected/walk/east/frame_003.png using Guid(109978b9253d08d0e8f75c8045608ba8) (TextureImporter) -> (artifact id: '6bff7c82279d4150b0e7d1a056a5782c') in 0.0082771 seconds
Refreshing native plugins compatible for Editor in 2.35 ms, found 4 plugins.
Preloading 0 native plugins for Editor in 0.00 ms.
Asset Pipeline Refresh (id=f3d96fd31e568664888bf7321b11af82): Total: 0.027 seconds - Initiated by StopAssetImportingV2(NoUpdateAssetOptions)
Start importing Assets/NoSafeCircle/DoorPrototype/Art/Wizard/Source/PixelLab/masculine-light/selected/walk/east/frame_003.png using Guid(109978b9253d08d0e8f75c8045608ba8) (TextureImporter) -> (artifact id: 'b97e1791c679d560c83cc57c474b986c') in 0.0041425 seconds
Refreshing native plugins compatible for Editor in 2.21 ms, found 4 plugins.
Preloading 0 native plugins for Editor in 0.00 ms.
Asset Pipeline Refresh (id=46c55e3f4efb8b34f84956c517248235): Total: 0.036 seconds - Initiated by StopAssetImportingV2(NoUpdateAssetOptions)
Start importing Assets/NoSafeCircle/DoorPrototype/Art/Wizard/Source/PixelLab/masculine-light/selected/walk/east/frame_004.png using Guid(b449f990b84026fef386128f140df1bc) (TextureImporter) -> (artifact id: '5db8b8b19100ca61d1a8f829af57d055') in 0.0062384 seconds
Refreshing native plugins compatible for Editor in 2.28 ms, found 4 plugins.
Preloading 0 native plugins for Editor in 0.00 ms.
Asset Pipeline Refresh (id=23524b037df94bb45b871ef67587e6f2): Total: 0.021 seconds - Initiated by StopAssetImportingV2(NoUpdateAssetOptions)
Start importing Assets/NoSafeCircle/DoorPrototype/Art/Wizard/Source/PixelLab/masculine-light/selected/walk/east/frame_004.png using Guid(b449f990b84026fef386128f140df1bc) (TextureImporter) -> (artifact id: 'b3cb7e17a1a3c181ec4527f174e030f6') in 0.0039261 seconds
Refreshing native plugins compatible for Editor in 3.51 ms, found 4 plugins.
Preloading 0 native plugins for Editor in 0.00 ms.
Asset Pipeline Refresh (id=2af159b4732a09a42802c9163edb8904): Total: 0.026 seconds - Initiated by StopAssetImportingV2(NoUpdateAssetOptions)
Start importing Assets/NoSafeCircle/DoorPrototype/Art/Wizard/Source/PixelLab/masculine-light/selected/walk/east/frame_005.png using Guid(ea4aaa9d2ada0820cd94fe760195dbd7) (TextureImporter) -> (artifact id: 'ede35b4586b789544fd2363eafde04f9') in 0.0060823 seconds
Refreshing native plugins compatible for Editor in 3.42 ms, found 4 plugins.
Preloading 0 native plugins for Editor in 0.00 ms.
Asset Pipeline Refresh (id=559212db82957e84b8dd2854216b142f): Total: 0.026 seconds - Initiated by StopAssetImportingV2(NoUpdateAssetOptions)
Start importing Assets/NoSafeCircle/DoorPrototype/Art/Wizard/Source/PixelLab/masculine-light/selected/walk/east/frame_005.png using Guid(ea4aaa9d2ada0820cd94fe760195dbd7) (TextureImporter) -> (artifact id: 'bd76370cec5cf43cee12d260972b18a6') in 0.0042438 seconds
Refreshing native plugins compatible for Editor in 2.26 ms, found 4 plugins.
Preloading 0 native plugins for Editor in 0.00 ms.
Asset Pipeline Refresh (id=8c13bb4b2cf996640bd8356716f3e889): Total: 0.030 seconds - Initiated by StopAssetImportingV2(NoUpdateAssetOptions)
Start importing Assets/NoSafeCircle/DoorPrototype/Art/Wizard/Generated/Wizard_Masculine_White_walk_east.anim using Guid(1f3d82e87f8c22d4094052bb1a9997ca) (NativeFormatImporter) -> (artifact id: '0714e58e01e2615a4e24d9dee518335a') in 0.0032207 seconds
Refreshing native plugins compatible for Editor in 3.39 ms, found 4 plugins.
Preloading 0 native plugins for Editor in 0.00 ms.
Asset Pipeline Refresh (id=d7832e284c1ae0546936ab4a62e4a3c8): Total: 0.022 seconds - Initiated by StopAssetImportingV2(NoUpdateAssetOptions)
Start importing Assets/NoSafeCircle/DoorPrototype/Art/Wizard/Source/PixelLab/masculine-light/selected/standing/south-east.png using Guid(ba32e804c3c549e43aa53b4a61cad7be) (TextureImporter) -> (artifact id: 'ea93765076be854a0d811904ff9cb21e') in 0.0072953 seconds
Refreshing native plugins compatible for Editor in 5.31 ms, found 4 plugins.
Preloading 0 native plugins for Editor in 0.00 ms.
Asset Pipeline Refresh (id=f0cc202aa65a9784883d8ece3ce28820): Total: 0.030 seconds - Initiated by StopAssetImportingV2(NoUpdateAssetOptions)
Start importing Assets/NoSafeCircle/DoorPrototype/Art/Wizard/Source/PixelLab/masculine-light/selected/standing/south-east.png using Guid(ba32e804c3c549e43aa53b4a61cad7be) (TextureImporter) -> (artifact id: 'ea93765076be854a0d811904ff9cb21e') in 0.0069638 seconds
Refreshing native plugins compatible for Editor in 2.80 ms, found 4 plugins.
Preloading 0 native plugins for Editor in 0.00 ms.
Asset Pipeline Refresh (id=3918098d7c7910745b74fb6b430efe1c): Total: 0.043 seconds - Initiated by StopAssetImportingV2(NoUpdateAssetOptions)
Start importing Assets/NoSafeCircle/DoorPrototype/Art/Wizard/Generated/Wizard_Masculine_White_idle_south-east.anim using Guid(7f5e5cd45c65ffc4faa8d0f76ea96f2b) (NativeFormatImporter) -> (artifact id: '59106973e8be89c405788fd3e3b2db8e') in 0.0023047 seconds
Refreshing native plugins compatible for Editor in 3.67 ms, found 4 plugins.
Preloading 0 native plugins for Editor in 0.00 ms.
Asset Pipeline Refresh (id=e133b24229fafb546b9fd733b944af40): Total: 0.024 seconds - Initiated by StopAssetImportingV2(NoUpdateAssetOptions)
Start importing Assets/NoSafeCircle/DoorPrototype/Art/Wizard/Source/PixelLab/masculine-light/selected/walk/south-east/frame_000.png using Guid(1e573675621ad8743903439c37931a93) (TextureImporter) -> (artifact id: '1c036f50ef3b427b43b96ae3268fae90') in 0.0080119 seconds
Refreshing native plugins compatible for Editor in 2.49 ms, found 4 plugins.
Preloading 0 native plugins for Editor in 0.00 ms.
Asset Pipeline Refresh (id=072d250a008c8644e801c1830f9834eb): Total: 0.026 seconds - Initiated by StopAssetImportingV2(NoUpdateAssetOptions)
Start importing Assets/NoSafeCircle/DoorPrototype/Art/Wizard/Source/PixelLab/masculine-light/selected/walk/south-east/frame_000.png using Guid(1e573675621ad8743903439c37931a93) (TextureImporter) -> (artifact id: '1c036f50ef3b427b43b96ae3268fae90') in 0.006524 seconds
Refreshing native plugins compatible for Editor in 3.72 ms, found 4 plugins.
Preloading 0 native plugins for Editor in 0.00 ms.
Asset Pipeline Refresh (id=b3eaa2fda48e220408c68f857886ee64): Total: 0.027 seconds - Initiated by StopAssetImportingV2(NoUpdateAssetOptions)
Start importing Assets/NoSafeCircle/DoorPrototype/Art/Wizard/Source/PixelLab/masculine-light/selected/walk/south-east/frame_001.png using Guid(0ec515a094b891441b0973e954904585) (TextureImporter) -> (artifact id: '2d9c8f6fc7fcba899f9c23a30f5923ad') in 0.0075957 seconds
Refreshing native plugins compatible for Editor in 2.32 ms, found 4 plugins.
Preloading 0 native plugins for Editor in 0.00 ms.
Asset Pipeline Refresh (id=14323bdb701308a469616cd1bf556178): Total: 0.026 seconds - Initiated by StopAssetImportingV2(NoUpdateAssetOptions)
Start importing Assets/NoSafeCircle/DoorPrototype/Art/Wizard/Source/PixelLab/masculine-light/selected/walk/south-east/frame_001.png using Guid(0ec515a094b891441b0973e954904585) (TextureImporter) -> (artifact id: '2d9c8f6fc7fcba899f9c23a30f5923ad') in 0.005551 seconds
Refreshing native plugins compatible for Editor in 2.58 ms, found 4 plugins.
Preloading 0 native plugins for Editor in 0.00 ms.
Asset Pipeline Refresh (id=a255d945f52950e42b071d1c780acef6): Total: 0.027 seconds - Initiated by StopAssetImportingV2(NoUpdateAssetOptions)
Start importing Assets/NoSafeCircle/DoorPrototype/Art/Wizard/Source/PixelLab/masculine-light/selected/walk/south-east/frame_002.png using Guid(24d9cf5c851b6ff40b80b312942c9ed4) (TextureImporter) -> (artifact id: 'a4570b662a74537cd75950102029ce85') in 0.0548109 seconds
Refreshing native plugins compatible for Editor in 3.56 ms, found 4 plugins.
Preloading 0 native plugins for Editor in 0.00 ms.
Asset Pipeline Refresh (id=f72682e99ea05aa4f985383a456aa7c3): Total: 0.076 seconds - Initiated by StopAssetImportingV2(NoUpdateAssetOptions)
Start importing Assets/NoSafeCircle/DoorPrototype/Art/Wizard/Source/PixelLab/masculine-light/selected/walk/south-east/frame_002.png using Guid(24d9cf5c851b6ff40b80b312942c9ed4) (TextureImporter) -> (artifact id: 'a4570b662a74537cd75950102029ce85') in 0.0061242 seconds
Refreshing native plugins compatible for Editor in 2.18 ms, found 4 plugins.
Preloading 0 native plugins for Editor in 0.00 ms.
Asset Pipeline Refresh (id=77a2c852b1a92384aa09adb866e90d83): Total: 0.026 seconds - Initiated by StopAssetImportingV2(NoUpdateAssetOptions)
Start importing Assets/NoSafeCircle/DoorPrototype/Art/Wizard/Source/PixelLab/masculine-light/selected/walk/south-east/frame_003.png using Guid(61b4925b9e5b5904bb9c5590d1765130) (TextureImporter) -> (artifact id: '81dbeef909d70edc2ec154ce4611e378') in 0.006105 seconds
Refreshing native plugins compatible for Editor in 2.36 ms, found 4 plugins.
Preloading 0 native plugins for Editor in 0.00 ms.
Asset Pipeline Refresh (id=94abf3d8bc3eb2f4099df2aa8d1b8498): Total: 0.023 seconds - Initiated by StopAssetImportingV2(NoUpdateAssetOptions)
Start importing Assets/NoSafeCircle/DoorPrototype/Art/Wizard/Source/PixelLab/masculine-light/selected/walk/south-east/frame_003.png using Guid(61b4925b9e5b5904bb9c5590d1765130) (TextureImporter) -> (artifact id: '81dbeef909d70edc2ec154ce4611e378') in 0.0044527 seconds
Refreshing native plugins compatible for Editor in 3.86 ms, found 4 plugins.
Preloading 0 native plugins for Editor in 0.00 ms.
Asset Pipeline Refresh (id=2972d3d63ebdd564ba5d3eb53dd38622): Total: 0.022 seconds - Initiated by StopAssetImportingV2(NoUpdateAssetOptions)
Start importing Assets/NoSafeCircle/DoorPrototype/Art/Wizard/Source/PixelLab/masculine-light/selected/walk/south-east/frame_004.png using Guid(7df496d852adbe5499e42bfb29a57f7e) (TextureImporter) -> (artifact id: '9302cf07b1d46733fddb195c5f6fb3bf') in 0.0067541 seconds
Refreshing native plugins compatible for Editor in 2.27 ms, found 4 plugins.
Preloading 0 native plugins for Editor in 0.00 ms.
Asset Pipeline Refresh (id=49bacc58e3261264db87301b4a2244ed): Total: 0.022 seconds - Initiated by StopAssetImportingV2(NoUpdateAssetOptions)
Start importing Assets/NoSafeCircle/DoorPrototype/Art/Wizard/Source/PixelLab/masculine-light/selected/walk/south-east/frame_004.png using Guid(7df496d852adbe5499e42bfb29a57f7e) (TextureImporter) -> (artifact id: '9302cf07b1d46733fddb195c5f6fb3bf') in 0.0040971 seconds
Refreshing native plugins compatible for Editor in 2.29 ms, found 4 plugins.
Preloading 0 native plugins for Editor in 0.00 ms.
Asset Pipeline Refresh (id=e8a0f6a6c450d9c42b0bb9191f02e969): Total: 0.021 seconds - Initiated by StopAssetImportingV2(NoUpdateAssetOptions)
Start importing Assets/NoSafeCircle/DoorPrototype/Art/Wizard/Source/PixelLab/masculine-light/selected/walk/south-east/frame_005.png using Guid(b9bef793cc514e44cac2d8b1591b9ab1) (TextureImporter) -> (artifact id: '12ac33b488b764ecd1cb133014cb3353') in 0.0070717 seconds
Refreshing native plugins compatible for Editor in 2.36 ms, found 4 plugins.
Preloading 0 native plugins for Editor in 0.00 ms.
Asset Pipeline Refresh (id=06b96ec707de58d4e8194e41ee8fe346): Total: 0.024 seconds - Initiated by StopAssetImportingV2(NoUpdateAssetOptions)
Start importing Assets/NoSafeCircle/DoorPrototype/Art/Wizard/Source/PixelLab/masculine-light/selected/walk/south-east/frame_005.png using Guid(b9bef793cc514e44cac2d8b1591b9ab1) (TextureImporter) -> (artifact id: '12ac33b488b764ecd1cb133014cb3353') in 0.0048035 seconds
Refreshing native plugins compatible for Editor in 3.40 ms, found 4 plugins.
Preloading 0 native plugins for Editor in 0.00 ms.
Asset Pipeline Refresh (id=0acfc077720573a4289ced16311f3e38): Total: 0.029 seconds - Initiated by StopAssetImportingV2(NoUpdateAssetOptions)
Start importing Assets/NoSafeCircle/DoorPrototype/Art/Wizard/Generated/Wizard_Masculine_White_walk_south-east.anim using Guid(0b68bfc7a44c82e4b848f1456189e6aa) (NativeFormatImporter) -> (artifact id: '041faf5b642c04b998838c7232bfca03') in 0.0029257 seconds
Refreshing native plugins compatible for Editor in 2.21 ms, found 4 plugins.
Preloading 0 native plugins for Editor in 0.00 ms.
Asset Pipeline Refresh (id=9f12f14a7e20a5848bf7e20ba91fa2f1): Total: 0.020 seconds - Initiated by StopAssetImportingV2(NoUpdateAssetOptions)
Start importing Assets/NoSafeCircle/DoorPrototype/Art/Wizard/Source/PixelLab/masculine-light/selected/standing/south.png using Guid(afd38f6e75ecac9469a8b9b3c8c5d9cf) (TextureImporter) -> (artifact id: 'f7eb6b563561967fe09ab157fb12abe3') in 0.0070688 seconds
Refreshing native plugins compatible for Editor in 2.33 ms, found 4 plugins.
Preloading 0 native plugins for Editor in 0.00 ms.
Asset Pipeline Refresh (id=4ec9f31981b770947b2d3b5cb9517f23): Total: 0.023 seconds - Initiated by StopAssetImportingV2(NoUpdateAssetOptions)
Start importing Assets/NoSafeCircle/DoorPrototype/Art/Wizard/Source/PixelLab/masculine-light/selected/standing/south.png using Guid(afd38f6e75ecac9469a8b9b3c8c5d9cf) (TextureImporter) -> (artifact id: 'f7eb6b563561967fe09ab157fb12abe3') in 0.1132537 seconds
Refreshing native plugins compatible for Editor in 4.41 ms, found 4 plugins.
Preloading 0 native plugins for Editor in 0.00 ms.
Asset Pipeline Refresh (id=6c23a5478c331d6468e2f0719c9df83c): Total: 0.149 seconds - Initiated by StopAssetImportingV2(NoUpdateAssetOptions)
Start importing Assets/NoSafeCircle/DoorPrototype/Art/Wizard/Generated/Wizard_Masculine_White_idle_south.anim using Guid(e6940e8055c98c64588eead07458811b) (NativeFormatImporter) -> (artifact id: '26cea38a24aed5bd4733eb41876556b2') in 0.0034696 seconds
Refreshing native plugins compatible for Editor in 3.19 ms, found 4 plugins.
Preloading 0 native plugins for Editor in 0.00 ms.
Asset Pipeline Refresh (id=0afb8a55ba287d341a65434b18b532cf): Total: 0.027 seconds - Initiated by StopAssetImportingV2(NoUpdateAssetOptions)
Start importing Assets/NoSafeCircle/DoorPrototype/Art/Wizard/Source/PixelLab/masculine-light/selected/walk/south/frame_000.png using Guid(e460031589239c24b88cbe765d425ba7) (TextureImporter) -> (artifact id: '254c2226f9c172cde10100848003b910') in 0.004776 seconds
Refreshing native plugins compatible for Editor in 2.92 ms, found 4 plugins.
Preloading 0 native plugins for Editor in 0.00 ms.
Asset Pipeline Refresh (id=fd7ace56b8d23884793eccaed4db9072): Total: 0.022 seconds - Initiated by StopAssetImportingV2(NoUpdateAssetOptions)
Start importing Assets/NoSafeCircle/DoorPrototype/Art/Wizard/Source/PixelLab/masculine-light/selected/walk/south/frame_000.png using Guid(e460031589239c24b88cbe765d425ba7) (TextureImporter) -> (artifact id: '42e1c90d4962704f696b130909a71d91') in 0.0043201 seconds
Refreshing native plugins compatible for Editor in 3.73 ms, found 4 plugins.
Preloading 0 native plugins for Editor in 0.00 ms.
Asset Pipeline Refresh (id=fd5bf83159da7b24cb9aed1e9053e569): Total: 0.033 seconds - Initiated by StopAssetImportingV2(NoUpdateAssetOptions)
Start importing Assets/NoSafeCircle/DoorPrototype/Art/Wizard/Source/PixelLab/masculine-light/selected/walk/south/frame_001.png using Guid(230f16d2029fb92f384fbbc1c3f21b9e) (TextureImporter) -> (artifact id: 'c4c38519a45e107262a159e8806c0ba4') in 0.008016 seconds
Refreshing native plugins compatible for Editor in 2.73 ms, found 4 plugins.
Preloading 0 native plugins for Editor in 0.00 ms.
Asset Pipeline Refresh (id=005eee013c34e2e46a6becb699052c92): Total: 0.031 seconds - Initiated by StopAssetImportingV2(NoUpdateAssetOptions)
Start importing Assets/NoSafeCircle/DoorPrototype/Art/Wizard/Source/PixelLab/masculine-light/selected/walk/south/frame_001.png using Guid(230f16d2029fb92f384fbbc1c3f21b9e) (TextureImporter) -> (artifact id: 'c3745360952e6f74dfd3a05337bd6bf6') in 0.0042737 seconds
Refreshing native plugins compatible for Editor in 3.81 ms, found 4 plugins.
Preloading 0 native plugins for Editor in 0.00 ms.
Asset Pipeline Refresh (id=883e06997e8f0af448159cc508139fba): Total: 0.036 seconds - Initiated by StopAssetImportingV2(NoUpdateAssetOptions)
Start importing Assets/NoSafeCircle/DoorPrototype/Art/Wizard/Source/PixelLab/masculine-light/selected/walk/south/frame_002.png using Guid(a1cb13cd419e4ba982b5d89a633fa9e1) (TextureImporter) -> (artifact id: '0ae25a47c82ea95bf88c946070618412') in 0.0076471 seconds
Refreshing native plugins compatible for Editor in 3.70 ms, found 4 plugins.
Preloading 0 native plugins for Editor in 0.00 ms.
Asset Pipeline Refresh (id=aa2b7b900ac550e409fa7c32da5867a9): Total: 0.032 seconds - Initiated by StopAssetImportingV2(NoUpdateAssetOptions)
Start importing Assets/NoSafeCircle/DoorPrototype/Art/Wizard/Source/PixelLab/masculine-light/selected/walk/south/frame_002.png using Guid(a1cb13cd419e4ba982b5d89a633fa9e1) (TextureImporter) -> (artifact id: '63ad28669b7ae0bed0b19242a35e80dc') in 0.0047324 seconds
Refreshing native plugins compatible for Editor in 2.42 ms, found 4 plugins.
Preloading 0 native plugins for Editor in 0.00 ms.
Asset Pipeline Refresh (id=c2cad2346e35a6b4bac769bdfff77368): Total: 0.037 seconds - Initiated by StopAssetImportingV2(NoUpdateAssetOptions)
Start importing Assets/NoSafeCircle/DoorPrototype/Art/Wizard/Source/PixelLab/masculine-light/selected/walk/south/frame_003.png using Guid(b8159ccaca67c0797b7e8a51ad4ec9d2) (TextureImporter) -> (artifact id: '0bc592ae52f211bbfec7585343b3b035') in 0.005879 seconds
Refreshing native plugins compatible for Editor in 2.20 ms, found 4 plugins.
Preloading 0 native plugins for Editor in 0.00 ms.
Asset Pipeline Refresh (id=9eab82d54c608604cb30a6da42013044): Total: 0.024 seconds - Initiated by StopAssetImportingV2(NoUpdateAssetOptions)
Start importing Assets/NoSafeCircle/DoorPrototype/Art/Wizard/Source/PixelLab/masculine-light/selected/walk/south/frame_003.png using Guid(b8159ccaca67c0797b7e8a51ad4ec9d2) (TextureImporter) -> (artifact id: 'c683fe85571029669f41fe3b5249f27a') in 0.0051993 seconds
Refreshing native plugins compatible for Editor in 2.19 ms, found 4 plugins.
Preloading 0 native plugins for Editor in 0.00 ms.
Asset Pipeline Refresh (id=b8e8f82283ee695499700a3659e02698): Total: 0.034 seconds - Initiated by StopAssetImportingV2(NoUpdateAssetOptions)
Start importing Assets/NoSafeCircle/DoorPrototype/Art/Wizard/Source/PixelLab/masculine-light/selected/walk/south/frame_004.png using Guid(fe6dd92acc59c495c707e4cafdeb07b2) (TextureImporter) -> (artifact id: 'bb0a3f79b5cee3799c874be787c55ac1') in 0.0057141 seconds
Refreshing native plugins compatible for Editor in 2.27 ms, found 4 plugins.
Preloading 0 native plugins for Editor in 0.00 ms.
Asset Pipeline Refresh (id=28c0d2e500c10df4589f04998b15dc03): Total: 0.020 seconds - Initiated by StopAssetImportingV2(NoUpdateAssetOptions)
Start importing Assets/NoSafeCircle/DoorPrototype/Art/Wizard/Source/PixelLab/masculine-light/selected/walk/south/frame_004.png using Guid(fe6dd92acc59c495c707e4cafdeb07b2) (TextureImporter) -> (artifact id: 'b8973c7401385cf90eac25035ef86776') in 0.0044172 seconds
Refreshing native plugins compatible for Editor in 2.06 ms, found 4 plugins.
Preloading 0 native plugins for Editor in 0.00 ms.
Asset Pipeline Refresh (id=bd47375fc952d9d47b8738a0a1a0b601): Total: 0.028 seconds - Initiated by StopAssetImportingV2(NoUpdateAssetOptions)
Start importing Assets/NoSafeCircle/DoorPrototype/Art/Wizard/Source/PixelLab/masculine-light/selected/walk/south/frame_005.png using Guid(ca3d04fe73bf4d95f271161b9d6def20) (TextureImporter) -> (artifact id: 'b2769067539c2c2461099e84ce86fadb') in 0.0066018 seconds
Refreshing native plugins compatible for Editor in 2.59 ms, found 4 plugins.
Preloading 0 native plugins for Editor in 0.00 ms.
Asset Pipeline Refresh (id=7ed852a989fdfc849a0517bf5acf2a55): Total: 0.022 seconds - Initiated by StopAssetImportingV2(NoUpdateAssetOptions)
Start importing Assets/NoSafeCircle/DoorPrototype/Art/Wizard/Source/PixelLab/masculine-light/selected/walk/south/frame_005.png using Guid(ca3d04fe73bf4d95f271161b9d6def20) (TextureImporter) -> (artifact id: 'ce2ed048bcbf582377bc63b020a01851') in 0.0051069 seconds
Refreshing native plugins compatible for Editor in 2.40 ms, found 4 plugins.
Preloading 0 native plugins for Editor in 0.00 ms.
Asset Pipeline Refresh (id=7bc2e9007d6af474a971d23d48425583): Total: 0.031 seconds - Initiated by StopAssetImportingV2(NoUpdateAssetOptions)
Start importing Assets/NoSafeCircle/DoorPrototype/Art/Wizard/Generated/Wizard_Masculine_White_walk_south.anim using Guid(f905ead907e56374db43be94602d741f) (NativeFormatImporter) -> (artifact id: 'd592f121670a42c145d85524a6b7fc25') in 0.0040253 seconds
Refreshing native plugins compatible for Editor in 3.46 ms, found 4 plugins.
Preloading 0 native plugins for Editor in 0.00 ms.
Asset Pipeline Refresh (id=4d97aec6a53fa954087f757dbf5d4f67): Total: 0.021 seconds - Initiated by StopAssetImportingV2(NoUpdateAssetOptions)
Start importing Assets/NoSafeCircle/DoorPrototype/Art/Wizard/Source/PixelLab/masculine-light/selected/standing/south-west.png using Guid(f1200e2de20b94f4e82a8b06bf3373e4) (TextureImporter) -> (artifact id: 'f06271d46522c0dc62f99fe3e8e175c7') in 0.0661088 seconds
Refreshing native plugins compatible for Editor in 2.34 ms, found 4 plugins.
Preloading 0 native plugins for Editor in 0.00 ms.
Asset Pipeline Refresh (id=19fc05aaed0fdf94dbaa429e83a8f230): Total: 0.097 seconds - Initiated by StopAssetImportingV2(NoUpdateAssetOptions)
Start importing Assets/NoSafeCircle/DoorPrototype/Art/Wizard/Source/PixelLab/masculine-light/selected/standing/south-west.png using Guid(f1200e2de20b94f4e82a8b06bf3373e4) (TextureImporter) -> (artifact id: 'f06271d46522c0dc62f99fe3e8e175c7') in 0.0271374 seconds
Refreshing native plugins compatible for Editor in 3.54 ms, found 4 plugins.
Preloading 0 native plugins for Editor in 0.00 ms.
Asset Pipeline Refresh (id=d9d8d434b3a1da941ae7afed11fd4727): Total: 0.052 seconds - Initiated by StopAssetImportingV2(NoUpdateAssetOptions)
Start importing Assets/NoSafeCircle/DoorPrototype/Art/Wizard/Generated/Wizard_Masculine_White_idle_south-west.anim using Guid(b90d4c633bbf42942b6a77f242096ff0) (NativeFormatImporter) -> (artifact id: 'e852358f1cc5ccdb8683f4a1a50fd0f3') in 0.0025937 seconds
Refreshing native plugins compatible for Editor in 2.77 ms, found 4 plugins.
Preloading 0 native plugins for Editor in 0.00 ms.
Asset Pipeline Refresh (id=94ca4438efc269a4f99ff83d33d84e10): Total: 0.020 seconds - Initiated by StopAssetImportingV2(NoUpdateAssetOptions)
Start importing Assets/NoSafeCircle/DoorPrototype/Art/Wizard/Source/PixelLab/masculine-light/selected/walk/south-west/frame_000.png using Guid(da3d4fdcfebd8584ea6768eae4fa7e40) (TextureImporter) -> (artifact id: '5a59c9eb93da21aada5636c6f167b215') in 0.005554 seconds
Refreshing native plugins compatible for Editor in 3.48 ms, found 4 plugins.
Preloading 0 native plugins for Editor in 0.00 ms.
Asset Pipeline Refresh (id=6035244a0b5709949b63d4e662aabb41): Total: 0.023 seconds - Initiated by StopAssetImportingV2(NoUpdateAssetOptions)
Start importing Assets/NoSafeCircle/DoorPrototype/Art/Wizard/Source/PixelLab/masculine-light/selected/walk/south-west/frame_000.png using Guid(da3d4fdcfebd8584ea6768eae4fa7e40) (TextureImporter) -> (artifact id: '5a59c9eb93da21aada5636c6f167b215') in 0.0042206 seconds
Refreshing native plugins compatible for Editor in 3.36 ms, found 4 plugins.
Preloading 0 native plugins for Editor in 0.00 ms.
Asset Pipeline Refresh (id=7fdb6249dfdbe1a4e9b81dbe2e95a457): Total: 0.023 seconds - Initiated by StopAssetImportingV2(NoUpdateAssetOptions)
Start importing Assets/NoSafeCircle/DoorPrototype/Art/Wizard/Source/PixelLab/masculine-light/selected/walk/south-west/frame_001.png using Guid(f99519450cc37d1488712b0da934c9b3) (TextureImporter) -> (artifact id: '4437c42bca06bb7dfc23d0fa5e354fcc') in 0.0059342 seconds
Refreshing native plugins compatible for Editor in 2.36 ms, found 4 plugins.
Preloading 0 native plugins for Editor in 0.00 ms.
Asset Pipeline Refresh (id=fa53c7a29339a264ea27a2ff6fa3eda0): Total: 0.023 seconds - Initiated by StopAssetImportingV2(NoUpdateAssetOptions)
Start importing Assets/NoSafeCircle/DoorPrototype/Art/Wizard/Source/PixelLab/masculine-light/selected/walk/south-west/frame_001.png using Guid(f99519450cc37d1488712b0da934c9b3) (TextureImporter) -> (artifact id: '4437c42bca06bb7dfc23d0fa5e354fcc') in 0.0043451 seconds
Refreshing native plugins compatible for Editor in 3.17 ms, found 4 plugins.
Preloading 0 native plugins for Editor in 0.00 ms.
Asset Pipeline Refresh (id=9cf21acd1d5b6ae4da8222009b0e3037): Total: 0.025 seconds - Initiated by StopAssetImportingV2(NoUpdateAssetOptions)
Start importing Assets/NoSafeCircle/DoorPrototype/Art/Wizard/Source/PixelLab/masculine-light/selected/walk/south-west/frame_002.png using Guid(6f02ea9a9b30ff04abb3c12ab5178eff) (TextureImporter) -> (artifact id: 'be7425f9d7d14665b4a723316a2e1c3a') in 0.0072669 seconds
Refreshing native plugins compatible for Editor in 3.42 ms, found 4 plugins.
Preloading 0 native plugins for Editor in 0.00 ms.
Asset Pipeline Refresh (id=46904f59af79e91439b0be2c5459b291): Total: 0.024 seconds - Initiated by StopAssetImportingV2(NoUpdateAssetOptions)
Start importing Assets/NoSafeCircle/DoorPrototype/Art/Wizard/Source/PixelLab/masculine-light/selected/walk/south-west/frame_002.png using Guid(6f02ea9a9b30ff04abb3c12ab5178eff) (TextureImporter) -> (artifact id: 'be7425f9d7d14665b4a723316a2e1c3a') in 0.0039845 seconds
Refreshing native plugins compatible for Editor in 2.19 ms, found 4 plugins.
Preloading 0 native plugins for Editor in 0.00 ms.
Asset Pipeline Refresh (id=993d0354c04724a4ea3c39e5f0894c66): Total: 0.020 seconds - Initiated by StopAssetImportingV2(NoUpdateAssetOptions)
Start importing Assets/NoSafeCircle/DoorPrototype/Art/Wizard/Source/PixelLab/masculine-light/selected/walk/south-west/frame_003.png using Guid(43a7f5ed54226fe43b29a94dc9a90148) (TextureImporter) -> (artifact id: '23f80cc9ca80e6054b098320aa0534a9') in 0.0061105 seconds
Refreshing native plugins compatible for Editor in 3.38 ms, found 4 plugins.
Preloading 0 native plugins for Editor in 0.00 ms.
Asset Pipeline Refresh (id=a5c0f19bcdfe4144182caadd618eee18): Total: 0.023 seconds - Initiated by StopAssetImportingV2(NoUpdateAssetOptions)
Start importing Assets/NoSafeCircle/DoorPrototype/Art/Wizard/Source/PixelLab/masculine-light/selected/walk/south-west/frame_003.png using Guid(43a7f5ed54226fe43b29a94dc9a90148) (TextureImporter) -> (artifact id: '23f80cc9ca80e6054b098320aa0534a9') in 0.0052022 seconds
Refreshing native plugins compatible for Editor in 3.98 ms, found 4 plugins.
Preloading 0 native plugins for Editor in 0.00 ms.
Asset Pipeline Refresh (id=575694a6d7d9fd040807254dd3e01139): Total: 0.024 seconds - Initiated by StopAssetImportingV2(NoUpdateAssetOptions)
Start importing Assets/NoSafeCircle/DoorPrototype/Art/Wizard/Source/PixelLab/masculine-light/selected/walk/south-west/frame_004.png using Guid(51532264872e0e84293f263e959c1e57) (TextureImporter) -> (artifact id: '1fd8da0564eb8dd06a80e1de1fb4c560') in 0.0065765 seconds
Refreshing native plugins compatible for Editor in 3.60 ms, found 4 plugins.
Preloading 0 native plugins for Editor in 0.00 ms.
Asset Pipeline Refresh (id=fdf6740a6945d3e44988b36b39777f44): Total: 0.027 seconds - Initiated by StopAssetImportingV2(NoUpdateAssetOptions)
Start importing Assets/NoSafeCircle/DoorPrototype/Art/Wizard/Source/PixelLab/masculine-light/selected/walk/south-west/frame_004.png using Guid(51532264872e0e84293f263e959c1e57) (TextureImporter) -> (artifact id: '1fd8da0564eb8dd06a80e1de1fb4c560') in 0.0044395 seconds
Refreshing native plugins compatible for Editor in 2.10 ms, found 4 plugins.
Preloading 0 native plugins for Editor in 0.00 ms.
Asset Pipeline Refresh (id=9dd782d43876c604c9528ee7f570fc8e): Total: 0.019 seconds - Initiated by StopAssetImportingV2(NoUpdateAssetOptions)
Start importing Assets/NoSafeCircle/DoorPrototype/Art/Wizard/Source/PixelLab/masculine-light/selected/walk/south-west/frame_005.png using Guid(e442009237360244fb731295b9de2ce1) (TextureImporter) -> (artifact id: 'b4b85a90a8558c9f22d994a981b275da') in 0.0099262 seconds
Refreshing native plugins compatible for Editor in 2.27 ms, found 4 plugins.
Preloading 0 native plugins for Editor in 0.00 ms.
Asset Pipeline Refresh (id=9f4b1bd6e95930e4bac8f7d8a33ee0a1): Total: 0.029 seconds - Initiated by StopAssetImportingV2(NoUpdateAssetOptions)
Start importing Assets/NoSafeCircle/DoorPrototype/Art/Wizard/Source/PixelLab/masculine-light/selected/walk/south-west/frame_005.png using Guid(e442009237360244fb731295b9de2ce1) (TextureImporter) -> (artifact id: 'b4b85a90a8558c9f22d994a981b275da') in 0.0053043 seconds
Refreshing native plugins compatible for Editor in 2.27 ms, found 4 plugins.
Preloading 0 native plugins for Editor in 0.00 ms.
Asset Pipeline Refresh (id=5612379d944ac384bb4c9d400ab0eb2a): Total: 0.022 seconds - Initiated by StopAssetImportingV2(NoUpdateAssetOptions)
Start importing Assets/NoSafeCircle/DoorPrototype/Art/Wizard/Generated/Wizard_Masculine_White_walk_south-west.anim using Guid(30506471e884bf54fa863b663748012e) (NativeFormatImporter) -> (artifact id: '73f2f654271ffa2e7abdb200a7f3e118') in 0.0035015 seconds
Refreshing native plugins compatible for Editor in 3.29 ms, found 4 plugins.
Preloading 0 native plugins for Editor in 0.00 ms.
Asset Pipeline Refresh (id=7ae75887e885a5748b280e063e85157c): Total: 0.025 seconds - Initiated by StopAssetImportingV2(NoUpdateAssetOptions)
Start importing Assets/NoSafeCircle/DoorPrototype/Art/Wizard/Source/PixelLab/masculine-light/selected/standing/west.png using Guid(fcab85bd8cb12954790ec61cad798011) (TextureImporter) -> (artifact id: '619a549616710f6f8c18f4ec9fe9cae1') in 0.0112435 seconds
Refreshing native plugins compatible for Editor in 2.41 ms, found 4 plugins.
Preloading 0 native plugins for Editor in 0.00 ms.
Asset Pipeline Refresh (id=b94269856699dfd4ab985698b6cfdf16): Total: 0.034 seconds - Initiated by StopAssetImportingV2(NoUpdateAssetOptions)
Start importing Assets/NoSafeCircle/DoorPrototype/Art/Wizard/Source/PixelLab/masculine-light/selected/standing/west.png using Guid(fcab85bd8cb12954790ec61cad798011) (TextureImporter) -> (artifact id: '619a549616710f6f8c18f4ec9fe9cae1') in 0.0052776 seconds
Refreshing native plugins compatible for Editor in 3.77 ms, found 4 plugins.
Preloading 0 native plugins for Editor in 0.00 ms.
Asset Pipeline Refresh (id=746249cf1f27d1647b986375db780eb0): Total: 0.024 seconds - Initiated by StopAssetImportingV2(NoUpdateAssetOptions)
Start importing Assets/NoSafeCircle/DoorPrototype/Art/Wizard/Generated/Wizard_Masculine_White_idle_west.anim using Guid(898376da8b2862d40abdf3312a9d0b7d) (NativeFormatImporter) -> (artifact id: 'ec5844c91c9d1ca0c7b2e42c684a930e') in 0.0020223 seconds
Refreshing native plugins compatible for Editor in 2.28 ms, found 4 plugins.
Preloading 0 native plugins for Editor in 0.00 ms.
Asset Pipeline Refresh (id=3c46a5fc4adc5f445ad41555b38a8bc9): Total: 0.018 seconds - Initiated by StopAssetImportingV2(NoUpdateAssetOptions)
Start importing Assets/NoSafeCircle/DoorPrototype/Art/Wizard/Source/PixelLab/masculine-light/selected/walk/west/frame_000.png using Guid(68a9f5e18b89d98b132a7387ddb82b8f) (TextureImporter) -> (artifact id: '06451d0ac3fe107add4caf1f403aba36') in 0.0058137 seconds
Refreshing native plugins compatible for Editor in 2.64 ms, found 4 plugins.
Preloading 0 native plugins for Editor in 0.00 ms.
Asset Pipeline Refresh (id=80ad22fa5ba839c4babdde85164efbad): Total: 0.024 seconds - Initiated by StopAssetImportingV2(NoUpdateAssetOptions)
Start importing Assets/NoSafeCircle/DoorPrototype/Art/Wizard/Source/PixelLab/masculine-light/selected/walk/west/frame_000.png using Guid(68a9f5e18b89d98b132a7387ddb82b8f) (TextureImporter) -> (artifact id: '472598731803f07a0c3405fa14500fa5') in 0.0055406 seconds
Refreshing native plugins compatible for Editor in 3.27 ms, found 4 plugins.
Preloading 0 native plugins for Editor in 0.00 ms.
Asset Pipeline Refresh (id=644ab9bf9316d414c91bdcb91c8f797c): Total: 0.033 seconds - Initiated by StopAssetImportingV2(NoUpdateAssetOptions)
Start importing Assets/NoSafeCircle/DoorPrototype/Art/Wizard/Source/PixelLab/masculine-light/selected/walk/west/frame_001.png using Guid(c0c81357b05d21eb347e22a32cdffa20) (TextureImporter) -> (artifact id: 'd3dc1e9cbe84bfa8000a630b27e7ab53') in 0.0062028 seconds
Refreshing native plugins compatible for Editor in 2.93 ms, found 4 plugins.
Preloading 0 native plugins for Editor in 0.00 ms.
Asset Pipeline Refresh (id=b1d6dba6073851647987f10eb3255b36): Total: 0.022 seconds - Initiated by StopAssetImportingV2(NoUpdateAssetOptions)
Start importing Assets/NoSafeCircle/DoorPrototype/Art/Wizard/Source/PixelLab/masculine-light/selected/walk/west/frame_001.png using Guid(c0c81357b05d21eb347e22a32cdffa20) (TextureImporter) -> (artifact id: '80133c436d6f649424696dfb917d2d4e') in 0.0055731 seconds
Refreshing native plugins compatible for Editor in 3.46 ms, found 4 plugins.
Preloading 0 native plugins for Editor in 0.00 ms.
Asset Pipeline Refresh (id=5750c722d16193f4c99c442a4b17e8a9): Total: 0.033 seconds - Initiated by StopAssetImportingV2(NoUpdateAssetOptions)
Start importing Assets/NoSafeCircle/DoorPrototype/Art/Wizard/Source/PixelLab/masculine-light/selected/walk/west/frame_002.png using Guid(3dbb7e5a45ee3dded30f73cc578f2738) (TextureImporter) -> (artifact id: 'e32c3d47f1f776172c8a3e2977f921a9') in 0.0267204 seconds
Refreshing native plugins compatible for Editor in 4.78 ms, found 4 plugins.
Preloading 0 native plugins for Editor in 0.00 ms.
Asset Pipeline Refresh (id=13fdd9ed4e731c94c926367ee503ace4): Total: 0.048 seconds - Initiated by StopAssetImportingV2(NoUpdateAssetOptions)
Start importing Assets/NoSafeCircle/DoorPrototype/Art/Wizard/Source/PixelLab/masculine-light/selected/walk/west/frame_002.png using Guid(3dbb7e5a45ee3dded30f73cc578f2738) (TextureImporter) -> (artifact id: '42ac701c2f06bb65fc06fd311a5e79f5') in 0.0039195 seconds
Refreshing native plugins compatible for Editor in 2.78 ms, found 4 plugins.
Preloading 0 native plugins for Editor in 0.00 ms.
Asset Pipeline Refresh (id=d7e8d873ba5c96543a9c8f1dec367678): Total: 0.037 seconds - Initiated by StopAssetImportingV2(NoUpdateAssetOptions)
Start importing Assets/NoSafeCircle/DoorPrototype/Art/Wizard/Source/PixelLab/masculine-light/selected/walk/west/frame_003.png using Guid(e41f248459d4ae59975cc78239f7b20c) (TextureImporter) -> (artifact id: '87004d31a09694b7d1148225c4881991') in 0.0055334 seconds
Refreshing native plugins compatible for Editor in 2.46 ms, found 4 plugins.
Preloading 0 native plugins for Editor in 0.00 ms.
Asset Pipeline Refresh (id=89c3f8da52b668b46971d0576986125e): Total: 0.026 seconds - Initiated by StopAssetImportingV2(NoUpdateAssetOptions)
Start importing Assets/NoSafeCircle/DoorPrototype/Art/Wizard/Source/PixelLab/masculine-light/selected/walk/west/frame_003.png using Guid(e41f248459d4ae59975cc78239f7b20c) (TextureImporter) -> (artifact id: 'b8e913298f9ae24d0cd3efadd781f1cc') in 0.0052403 seconds
Refreshing native plugins compatible for Editor in 2.74 ms, found 4 plugins.
Preloading 0 native plugins for Editor in 0.00 ms.
Asset Pipeline Refresh (id=a4b10427b41e4d043a8a1013719c9da9): Total: 0.033 seconds - Initiated by StopAssetImportingV2(NoUpdateAssetOptions)
Start importing Assets/NoSafeCircle/DoorPrototype/Art/Wizard/Source/PixelLab/masculine-light/selected/walk/west/frame_004.png using Guid(3a69ff0a640213c3644a40ed60250934) (TextureImporter) -> (artifact id: 'cce21d6344eb9479f023fa72dd4da3ad') in 0.0061825 seconds
Refreshing native plugins compatible for Editor in 2.81 ms, found 4 plugins.
Preloading 0 native plugins for Editor in 0.00 ms.
Asset Pipeline Refresh (id=fae8984023ddc2648bf69c524a70cd13): Total: 0.025 seconds - Initiated by StopAssetImportingV2(NoUpdateAssetOptions)
Start importing Assets/NoSafeCircle/DoorPrototype/Art/Wizard/Source/PixelLab/masculine-light/selected/walk/west/frame_004.png using Guid(3a69ff0a640213c3644a40ed60250934) (TextureImporter) -> (artifact id: 'ebd0a3559235a0b2f0fd2ed1f837201b') in 0.0044085 seconds
Refreshing native plugins compatible for Editor in 3.61 ms, found 4 plugins.
Preloading 0 native plugins for Editor in 0.00 ms.
Asset Pipeline Refresh (id=c017d2ce3831f19458b7069742a409ca): Total: 0.029 seconds - Initiated by StopAssetImportingV2(NoUpdateAssetOptions)
Start importing Assets/NoSafeCircle/DoorPrototype/Art/Wizard/Source/PixelLab/masculine-light/selected/walk/west/frame_005.png using Guid(9a5d1644e38fcfc51966cfba42c3797c) (TextureImporter) -> (artifact id: '3a094f299d3da22e5efdf3c6ae3ff003') in 0.0098334 seconds
Refreshing native plugins compatible for Editor in 4.08 ms, found 4 plugins.
Preloading 0 native plugins for Editor in 0.00 ms.
Asset Pipeline Refresh (id=f83cf40a95153664bbc6d28f547988b7): Total: 0.032 seconds - Initiated by StopAssetImportingV2(NoUpdateAssetOptions)
Start importing Assets/NoSafeCircle/DoorPrototype/Art/Wizard/Source/PixelLab/masculine-light/selected/walk/west/frame_005.png using Guid(9a5d1644e38fcfc51966cfba42c3797c) (TextureImporter) -> (artifact id: '4c5730d53990b809a25c82a5eefd774a') in 0.0047985 seconds
Refreshing native plugins compatible for Editor in 2.94 ms, found 4 plugins.
Preloading 0 native plugins for Editor in 0.00 ms.
Asset Pipeline Refresh (id=f5bdeb0933da087418191db124f7696d): Total: 0.029 seconds - Initiated by StopAssetImportingV2(NoUpdateAssetOptions)
Start importing Assets/NoSafeCircle/DoorPrototype/Art/Wizard/Generated/Wizard_Masculine_White_walk_west.anim using Guid(2c593440929c9da4690ea44feb838fa5) (NativeFormatImporter) -> (artifact id: '920e3e693d35fb0227d3bb4f18bb0713') in 0.0029238 seconds
Refreshing native plugins compatible for Editor in 4.11 ms, found 4 plugins.
Preloading 0 native plugins for Editor in 0.00 ms.
Asset Pipeline Refresh (id=0a8baa833e8dab040a73eec2c6af6373): Total: 0.021 seconds - Initiated by StopAssetImportingV2(NoUpdateAssetOptions)
Start importing Assets/NoSafeCircle/DoorPrototype/Art/Wizard/Source/PixelLab/masculine-light/selected/standing/north-west.png using Guid(90987ee35d8dc3942b6c07b1e7be561d) (TextureImporter) -> (artifact id: '936478f301bed31f876bed28e8f38b64') in 0.0064261 seconds
Refreshing native plugins compatible for Editor in 4.12 ms, found 4 plugins.
Preloading 0 native plugins for Editor in 0.00 ms.
Asset Pipeline Refresh (id=627a23aaf973dce4c8cee35505dfa45d): Total: 0.029 seconds - Initiated by StopAssetImportingV2(NoUpdateAssetOptions)
Start importing Assets/NoSafeCircle/DoorPrototype/Art/Wizard/Source/PixelLab/masculine-light/selected/standing/north-west.png using Guid(90987ee35d8dc3942b6c07b1e7be561d) (TextureImporter) -> (artifact id: '936478f301bed31f876bed28e8f38b64') in 0.022296 seconds
Refreshing native plugins compatible for Editor in 2.84 ms, found 4 plugins.
Preloading 0 native plugins for Editor in 0.00 ms.
Asset Pipeline Refresh (id=d4f4bd0e046bd854988969bbc43c5e45): Total: 0.041 seconds - Initiated by StopAssetImportingV2(NoUpdateAssetOptions)
Start importing Assets/NoSafeCircle/DoorPrototype/Art/Wizard/Generated/Wizard_Masculine_White_idle_north-west.anim using Guid(7652da59edab6324ea7b4b4a155a0f23) (NativeFormatImporter) -> (artifact id: 'ce27b6416f14268e491e9a4db222dbe0') in 0.0021942 seconds
Refreshing native plugins compatible for Editor in 2.20 ms, found 4 plugins.
Preloading 0 native plugins for Editor in 0.00 ms.
Asset Pipeline Refresh (id=c05fc6bccb5e83f4c89734635e098fa5): Total: 0.019 seconds - Initiated by StopAssetImportingV2(NoUpdateAssetOptions)
Start importing Assets/NoSafeCircle/DoorPrototype/Art/Wizard/Source/PixelLab/masculine-light/selected/walk/north-west/frame_000.png using Guid(677b1a2b1ee5cdf478a4d802aaaeb8c9) (TextureImporter) -> (artifact id: 'cc16f980874a5033006e6bb3a4e2c672') in 0.0069521 seconds
Refreshing native plugins compatible for Editor in 2.22 ms, found 4 plugins.
Preloading 0 native plugins for Editor in 0.00 ms.
Asset Pipeline Refresh (id=5f44b2fa47e811c4ba00780ca48245c5): Total: 0.024 seconds - Initiated by StopAssetImportingV2(NoUpdateAssetOptions)
Start importing Assets/NoSafeCircle/DoorPrototype/Art/Wizard/Source/PixelLab/masculine-light/selected/walk/north-west/frame_000.png using Guid(677b1a2b1ee5cdf478a4d802aaaeb8c9) (TextureImporter) -> (artifact id: 'cc16f980874a5033006e6bb3a4e2c672') in 0.0039706 seconds
Refreshing native plugins compatible for Editor in 3.18 ms, found 4 plugins.
Preloading 0 native plugins for Editor in 0.00 ms.
Asset Pipeline Refresh (id=d51974cebaf24ec478790b854398a081): Total: 0.023 seconds - Initiated by StopAssetImportingV2(NoUpdateAssetOptions)
Start importing Assets/NoSafeCircle/DoorPrototype/Art/Wizard/Source/PixelLab/masculine-light/selected/walk/north-west/frame_001.png using Guid(30043e147cb157e48b727d6a625138d1) (TextureImporter) -> (artifact id: '05e5be27b30cccf9c9bbcc20ff4187f6') in 0.006316 seconds
Refreshing native plugins compatible for Editor in 3.51 ms, found 4 plugins.
Preloading 0 native plugins for Editor in 0.00 ms.
Asset Pipeline Refresh (id=2053357e0b0ab4b40811c5a249ec06d8): Total: 0.025 seconds - Initiated by StopAssetImportingV2(NoUpdateAssetOptions)
Start importing Assets/NoSafeCircle/DoorPrototype/Art/Wizard/Source/PixelLab/masculine-light/selected/walk/north-west/frame_001.png using Guid(30043e147cb157e48b727d6a625138d1) (TextureImporter) -> (artifact id: '05e5be27b30cccf9c9bbcc20ff4187f6') in 0.005108 seconds
Refreshing native plugins compatible for Editor in 3.04 ms, found 4 plugins.
Preloading 0 native plugins for Editor in 0.00 ms.
Asset Pipeline Refresh (id=484d4962aed340548b6032e01d8cd1a9): Total: 0.022 seconds - Initiated by StopAssetImportingV2(NoUpdateAssetOptions)
Start importing Assets/NoSafeCircle/DoorPrototype/Art/Wizard/Source/PixelLab/masculine-light/selected/walk/north-west/frame_002.png using Guid(da876a2dd1ddfaf4784e8508e2b85b2d) (TextureImporter) -> (artifact id: '1eb79f1aa0eb8deb525a1eb379b001f4') in 0.0089915 seconds
Refreshing native plugins compatible for Editor in 2.43 ms, found 4 plugins.
Preloading 0 native plugins for Editor in 0.00 ms.
Asset Pipeline Refresh (id=1d54a7501a22bf8499e6f431ce0673ec): Total: 0.029 seconds - Initiated by StopAssetImportingV2(NoUpdateAssetOptions)
Start importing Assets/NoSafeCircle/DoorPrototype/Art/Wizard/Source/PixelLab/masculine-light/selected/walk/north-west/frame_002.png using Guid(da876a2dd1ddfaf4784e8508e2b85b2d) (TextureImporter) -> (artifact id: '1eb79f1aa0eb8deb525a1eb379b001f4') in 0.0045732 seconds
Refreshing native plugins compatible for Editor in 2.28 ms, found 4 plugins.
Preloading 0 native plugins for Editor in 0.00 ms.
Asset Pipeline Refresh (id=d007583bb5a52b745a873dd05fa7ec45): Total: 0.022 seconds - Initiated by StopAssetImportingV2(NoUpdateAssetOptions)
Start importing Assets/NoSafeCircle/DoorPrototype/Art/Wizard/Source/PixelLab/masculine-light/selected/walk/north-west/frame_003.png using Guid(cb165ba370e93d24faa19fb73c65d3a2) (TextureImporter) -> (artifact id: '2b0a4dd0b3604b5d6a87d4e4b16f2bd5') in 0.0066667 seconds
Refreshing native plugins compatible for Editor in 3.63 ms, found 4 plugins.
Preloading 0 native plugins for Editor in 0.00 ms.
Asset Pipeline Refresh (id=3d5cacb50082d2e49a239a51eafdd069): Total: 0.027 seconds - Initiated by StopAssetImportingV2(NoUpdateAssetOptions)
Start importing Assets/NoSafeCircle/DoorPrototype/Art/Wizard/Source/PixelLab/masculine-light/selected/walk/north-west/frame_003.png using Guid(cb165ba370e93d24faa19fb73c65d3a2) (TextureImporter) -> (artifact id: '2b0a4dd0b3604b5d6a87d4e4b16f2bd5') in 0.0064082 seconds
Refreshing native plugins compatible for Editor in 4.51 ms, found 4 plugins.
Preloading 0 native plugins for Editor in 0.00 ms.
Asset Pipeline Refresh (id=59ca71157c2998f44bee76797e39bb9b): Total: 0.027 seconds - Initiated by StopAssetImportingV2(NoUpdateAssetOptions)
Start importing Assets/NoSafeCircle/DoorPrototype/Art/Wizard/Source/PixelLab/masculine-light/selected/walk/north-west/frame_004.png using Guid(955aecbdbcf09294f8ff3f95ba81899e) (TextureImporter) -> (artifact id: 'fc062a63e110c77d2f55121c77ca9711') in 0.0086653 seconds
Refreshing native plugins compatible for Editor in 2.40 ms, found 4 plugins.
Preloading 0 native plugins for Editor in 0.00 ms.
Asset Pipeline Refresh (id=e29de1086194f434a813537dbebf563a): Total: 0.031 seconds - Initiated by StopAssetImportingV2(NoUpdateAssetOptions)
Start importing Assets/NoSafeCircle/DoorPrototype/Art/Wizard/Source/PixelLab/masculine-light/selected/walk/north-west/frame_004.png using Guid(955aecbdbcf09294f8ff3f95ba81899e) (TextureImporter) -> (artifact id: 'fc062a63e110c77d2f55121c77ca9711') in 0.0054014 seconds
Refreshing native plugins compatible for Editor in 2.89 ms, found 4 plugins.
Preloading 0 native plugins for Editor in 0.00 ms.
Asset Pipeline Refresh (id=de9daf97f98b0ed448ae1c1cb6d5046e): Total: 0.024 seconds - Initiated by StopAssetImportingV2(NoUpdateAssetOptions)
Start importing Assets/NoSafeCircle/DoorPrototype/Art/Wizard/Source/PixelLab/masculine-light/selected/walk/north-west/frame_005.png using Guid(8ebb18bbc00d6374f9dfab5a847428c8) (TextureImporter) -> (artifact id: '18f1118577269af583895f67a501391e') in 0.0087926 seconds
Refreshing native plugins compatible for Editor in 5.31 ms, found 4 plugins.
Preloading 0 native plugins for Editor in 0.00 ms.
Asset Pipeline Refresh (id=2e31259ddc700a242910cf51d0cfb5be): Total: 0.032 seconds - Initiated by StopAssetImportingV2(NoUpdateAssetOptions)
Start importing Assets/NoSafeCircle/DoorPrototype/Art/Wizard/Source/PixelLab/masculine-light/selected/walk/north-west/frame_005.png using Guid(8ebb18bbc00d6374f9dfab5a847428c8) (TextureImporter) -> (artifact id: '18f1118577269af583895f67a501391e') in 0.006373 seconds
Refreshing native plugins compatible for Editor in 7.02 ms, found 4 plugins.
Preloading 0 native plugins for Editor in 0.00 ms.
Asset Pipeline Refresh (id=d736ced07666dfa45b7d09723c9422ec): Total: 0.036 seconds - Initiated by StopAssetImportingV2(NoUpdateAssetOptions)
Start importing Assets/NoSafeCircle/DoorPrototype/Art/Wizard/Generated/Wizard_Masculine_White_walk_north-west.anim using Guid(9e420108d6d789c42829311a3496c981) (NativeFormatImporter) -> (artifact id: 'f34e4fd597a1bff633b2946854850c78') in 0.0061802 seconds
Refreshing native plugins compatible for Editor in 4.80 ms, found 4 plugins.
Preloading 0 native plugins for Editor in 0.00 ms.
Asset Pipeline Refresh (id=c06d197a4568ddf4cb60b7356ca686d1): Total: 0.040 seconds - Initiated by StopAssetImportingV2(NoUpdateAssetOptions)
Start importing Assets/NoSafeCircle/DoorPrototype/Art/Wizard/Source/PixelLab/masculine-dark/selected/standing/north.png using Guid(72f11a7679e395346ab124f06174e442) (TextureImporter) -> (artifact id: '70da063f657aff1db63217a637ab83ac') in 0.0094617 seconds
Refreshing native plugins compatible for Editor in 4.79 ms, found 4 plugins.
Preloading 0 native plugins for Editor in 0.00 ms.
Asset Pipeline Refresh (id=1b114da505d7cbe4ca186ac95d32da09): Total: 0.036 seconds - Initiated by StopAssetImportingV2(NoUpdateAssetOptions)
Start importing Assets/NoSafeCircle/DoorPrototype/Art/Wizard/Source/PixelLab/masculine-dark/selected/standing/north.png using Guid(72f11a7679e395346ab124f06174e442) (TextureImporter) -> (artifact id: '70da063f657aff1db63217a637ab83ac') in 0.0060988 seconds
Refreshing native plugins compatible for Editor in 3.30 ms, found 4 plugins.
Preloading 0 native plugins for Editor in 0.00 ms.
Asset Pipeline Refresh (id=026c731189680004d9a53857bbd19bc8): Total: 0.026 seconds - Initiated by StopAssetImportingV2(NoUpdateAssetOptions)
Start importing Assets/NoSafeCircle/DoorPrototype/Art/Wizard/Source/PixelLab/masculine-dark/selected/standing/north-east.png using Guid(6735524043016474aa7448c28d5f2ed0) (TextureImporter) -> (artifact id: 'f5c99ddaabf9faaf203cd15b18007110') in 0.0144656 seconds
Refreshing native plugins compatible for Editor in 3.31 ms, found 4 plugins.
Preloading 0 native plugins for Editor in 0.00 ms.
Asset Pipeline Refresh (id=b2a49cb64e6adac48bbcd18e6957e534): Total: 0.039 seconds - Initiated by StopAssetImportingV2(NoUpdateAssetOptions)
Start importing Assets/NoSafeCircle/DoorPrototype/Art/Wizard/Source/PixelLab/masculine-dark/selected/standing/north-east.png using Guid(6735524043016474aa7448c28d5f2ed0) (TextureImporter) -> (artifact id: 'f5c99ddaabf9faaf203cd15b18007110') in 0.0048963 seconds
Refreshing native plugins compatible for Editor in 4.56 ms, found 4 plugins.
Preloading 0 native plugins for Editor in 0.00 ms.
Asset Pipeline Refresh (id=f3f0f38125024dc47b93a862242eb35f): Total: 0.026 seconds - Initiated by StopAssetImportingV2(NoUpdateAssetOptions)
Start importing Assets/NoSafeCircle/DoorPrototype/Art/Wizard/Source/PixelLab/masculine-dark/selected/standing/east.png using Guid(23c96c0551a1d5d41aba5a67067caf55) (TextureImporter) -> (artifact id: '8be7e17aaf3c7d7a4ccc79bfb73e5a5a') in 0.0104913 seconds
Refreshing native plugins compatible for Editor in 4.06 ms, found 4 plugins.
Preloading 0 native plugins for Editor in 0.00 ms.
Asset Pipeline Refresh (id=f9c1d7edc0f652b458e58783ac5a0c46): Total: 0.029 seconds - Initiated by StopAssetImportingV2(NoUpdateAssetOptions)
Start importing Assets/NoSafeCircle/DoorPrototype/Art/Wizard/Source/PixelLab/masculine-dark/selected/standing/east.png using Guid(23c96c0551a1d5d41aba5a67067caf55) (TextureImporter) -> (artifact id: '8be7e17aaf3c7d7a4ccc79bfb73e5a5a') in 0.0040046 seconds
Refreshing native plugins compatible for Editor in 2.73 ms, found 4 plugins.
Preloading 0 native plugins for Editor in 0.00 ms.
Asset Pipeline Refresh (id=2fa0ceef9633b83418e0131c4e15316e): Total: 0.021 seconds - Initiated by StopAssetImportingV2(NoUpdateAssetOptions)
Start importing Assets/NoSafeCircle/DoorPrototype/Art/Wizard/Source/PixelLab/masculine-dark/selected/standing/south-east.png using Guid(64d787ff2e602f6429731e96dfa9db4d) (TextureImporter) -> (artifact id: 'c4f537e47a5d7dc109882aa8871726f7') in 0.0059478 seconds
Refreshing native plugins compatible for Editor in 2.55 ms, found 4 plugins.
Preloading 0 native plugins for Editor in 0.00 ms.
Asset Pipeline Refresh (id=5a01985865597134786857535f1e88d3): Total: 0.024 seconds - Initiated by StopAssetImportingV2(NoUpdateAssetOptions)
Start importing Assets/NoSafeCircle/DoorPrototype/Art/Wizard/Source/PixelLab/masculine-dark/selected/standing/south-east.png using Guid(64d787ff2e602f6429731e96dfa9db4d) (TextureImporter) -> (artifact id: 'c4f537e47a5d7dc109882aa8871726f7') in 0.004939 seconds
Refreshing native plugins compatible for Editor in 3.76 ms, found 4 plugins.
Preloading 0 native plugins for Editor in 0.00 ms.
Asset Pipeline Refresh (id=8ab9ad5eedf5a0943a3d4cab619e2723): Total: 0.024 seconds - Initiated by StopAssetImportingV2(NoUpdateAssetOptions)
Start importing Assets/NoSafeCircle/DoorPrototype/Art/Wizard/Source/PixelLab/masculine-dark/selected/standing/south.png using Guid(e4176867d0e8e284d9cc11f06e1338df) (TextureImporter) -> (artifact id: '304b0fcfe56d81fab628df5211f0f7e1') in 0.0057849 seconds
Refreshing native plugins compatible for Editor in 3.04 ms, found 4 plugins.
Preloading 0 native plugins for Editor in 0.00 ms.
Asset Pipeline Refresh (id=5de8c1ee9a469a245a68205653c425da): Total: 0.022 seconds - Initiated by StopAssetImportingV2(NoUpdateAssetOptions)
Start importing Assets/NoSafeCircle/DoorPrototype/Art/Wizard/Source/PixelLab/masculine-dark/selected/standing/south.png using Guid(e4176867d0e8e284d9cc11f06e1338df) (TextureImporter) -> (artifact id: '304b0fcfe56d81fab628df5211f0f7e1') in 0.0047811 seconds
Refreshing native plugins compatible for Editor in 4.67 ms, found 4 plugins.
Preloading 0 native plugins for Editor in 0.00 ms.
Asset Pipeline Refresh (id=ee664a4ab3ccec644a281480f8190cad): Total: 0.029 seconds - Initiated by StopAssetImportingV2(NoUpdateAssetOptions)
Start importing Assets/NoSafeCircle/DoorPrototype/Art/Wizard/Source/PixelLab/masculine-dark/selected/standing/south-west.png using Guid(9beca6eb733e13b47adf2a5ef994fc16) (TextureImporter) -> (artifact id: 'f535571f993a89e9404f7172871e0f78') in 0.007052 seconds
Refreshing native plugins compatible for Editor in 2.43 ms, found 4 plugins.
Preloading 0 native plugins for Editor in 0.00 ms.
Asset Pipeline Refresh (id=f17c8becada3d454c846111110ccf25f): Total: 0.029 seconds - Initiated by StopAssetImportingV2(NoUpdateAssetOptions)
Start importing Assets/NoSafeCircle/DoorPrototype/Art/Wizard/Source/PixelLab/masculine-dark/selected/standing/south-west.png using Guid(9beca6eb733e13b47adf2a5ef994fc16) (TextureImporter) -> (artifact id: 'f535571f993a89e9404f7172871e0f78') in 0.0052211 seconds
Refreshing native plugins compatible for Editor in 2.34 ms, found 4 plugins.
Preloading 0 native plugins for Editor in 0.00 ms.
Asset Pipeline Refresh (id=f2c286aef9a90fd408d61744891d1bbb): Total: 0.026 seconds - Initiated by StopAssetImportingV2(NoUpdateAssetOptions)
Start importing Assets/NoSafeCircle/DoorPrototype/Art/Wizard/Source/PixelLab/masculine-dark/selected/standing/west.png using Guid(73a6621521f4b884db960ca03998e8fe) (TextureImporter) -> (artifact id: '7adf28fff782a222e54fa235543ff0b0') in 0.0281636 seconds
Refreshing native plugins compatible for Editor in 2.38 ms, found 4 plugins.
Preloading 0 native plugins for Editor in 0.00 ms.
Asset Pipeline Refresh (id=754f5134090853c40bcc52457bc0ea7b): Total: 0.050 seconds - Initiated by StopAssetImportingV2(NoUpdateAssetOptions)
Start importing Assets/NoSafeCircle/DoorPrototype/Art/Wizard/Source/PixelLab/masculine-dark/selected/standing/west.png using Guid(73a6621521f4b884db960ca03998e8fe) (TextureImporter) -> (artifact id: '7adf28fff782a222e54fa235543ff0b0') in 0.0039335 seconds
Refreshing native plugins compatible for Editor in 3.12 ms, found 4 plugins.
Preloading 0 native plugins for Editor in 0.00 ms.
Asset Pipeline Refresh (id=170d327a90690144fb464f2425df8315): Total: 0.024 seconds - Initiated by StopAssetImportingV2(NoUpdateAssetOptions)
Start importing Assets/NoSafeCircle/DoorPrototype/Art/Wizard/Source/PixelLab/masculine-dark/selected/standing/north-west.png using Guid(e75263b3690bab04b8176ae917d18d88) (TextureImporter) -> (artifact id: '0535b61d9380e4f2bc865a11da9ebc76') in 0.0076875 seconds
Refreshing native plugins compatible for Editor in 3.87 ms, found 4 plugins.
Preloading 0 native plugins for Editor in 0.00 ms.
Asset Pipeline Refresh (id=897f31683d7f4844593dd8b197dccc61): Total: 0.030 seconds - Initiated by StopAssetImportingV2(NoUpdateAssetOptions)
Start importing Assets/NoSafeCircle/DoorPrototype/Art/Wizard/Source/PixelLab/masculine-dark/selected/standing/north-west.png using Guid(e75263b3690bab04b8176ae917d18d88) (TextureImporter) -> (artifact id: '0535b61d9380e4f2bc865a11da9ebc76') in 0.0060759 seconds
Refreshing native plugins compatible for Editor in 3.85 ms, found 4 plugins.
Preloading 0 native plugins for Editor in 0.00 ms.
Asset Pipeline Refresh (id=beaf7bbd8cdd51a44bc0b51d67d1f70e): Total: 0.028 seconds - Initiated by StopAssetImportingV2(NoUpdateAssetOptions)
Start importing Assets/NoSafeCircle/DoorPrototype/Art/Wizard/Source/PixelLab/masculine-dark/selected/standing/north.png using Guid(72f11a7679e395346ab124f06174e442) (TextureImporter) -> (artifact id: '70da063f657aff1db63217a637ab83ac') in 0.0050215 seconds
Refreshing native plugins compatible for Editor in 2.53 ms, found 4 plugins.
Preloading 0 native plugins for Editor in 0.00 ms.
Asset Pipeline Refresh (id=32576f7dbc62fc142bde4104d084c902): Total: 0.021 seconds - Initiated by StopAssetImportingV2(NoUpdateAssetOptions)
Start importing Assets/NoSafeCircle/DoorPrototype/Art/Wizard/Source/PixelLab/masculine-dark/selected/standing/north.png using Guid(72f11a7679e395346ab124f06174e442) (TextureImporter) -> (artifact id: '70da063f657aff1db63217a637ab83ac') in 0.0050633 seconds
Refreshing native plugins compatible for Editor in 2.46 ms, found 4 plugins.
Preloading 0 native plugins for Editor in 0.00 ms.
Asset Pipeline Refresh (id=e7df66b0e57fcca498b3f28346d73fe2): Total: 0.024 seconds - Initiated by StopAssetImportingV2(NoUpdateAssetOptions)
Start importing Assets/NoSafeCircle/DoorPrototype/Art/Wizard/Generated/Wizard_Masculine_Black_idle_north.anim using Guid(683bbd32ba5874a4f9b06b392297e801) (NativeFormatImporter) -> (artifact id: '69dbbf24cfc8fc4a25e51e45a285ddf1') in 0.0019327 seconds
Refreshing native plugins compatible for Editor in 2.14 ms, found 4 plugins.
Preloading 0 native plugins for Editor in 0.00 ms.
Asset Pipeline Refresh (id=d1b370fe74ff4d44fa4ae13ab4858d2c): Total: 0.019 seconds - Initiated by StopAssetImportingV2(NoUpdateAssetOptions)
Start importing Assets/NoSafeCircle/DoorPrototype/Art/Wizard/Source/PixelLab/masculine-dark/selected/walk/north/frame_000.png using Guid(6a3bbb844579377da96602a46b5588a7) (TextureImporter) -> (artifact id: '57da8394de79548823098cc07c8f0126') in 0.0052963 seconds
Refreshing native plugins compatible for Editor in 2.37 ms, found 4 plugins.
Preloading 0 native plugins for Editor in 0.00 ms.
Asset Pipeline Refresh (id=fdd017acd4e6f3041b69b37ada9c4e1a): Total: 0.021 seconds - Initiated by StopAssetImportingV2(NoUpdateAssetOptions)
Start importing Assets/NoSafeCircle/DoorPrototype/Art/Wizard/Source/PixelLab/masculine-dark/selected/walk/north/frame_000.png using Guid(6a3bbb844579377da96602a46b5588a7) (TextureImporter) -> (artifact id: 'c1bdc84c04188c64c7aecad0ef289dd0') in 0.0039506 seconds
Refreshing native plugins compatible for Editor in 3.60 ms, found 4 plugins.
Preloading 0 native plugins for Editor in 0.00 ms.
Asset Pipeline Refresh (id=af7081924cb75d54fb6cb25c230e1201): Total: 0.030 seconds - Initiated by StopAssetImportingV2(NoUpdateAssetOptions)
Start importing Assets/NoSafeCircle/DoorPrototype/Art/Wizard/Source/PixelLab/masculine-dark/selected/walk/north/frame_001.png using Guid(95705046e869e5860fba582291172320) (TextureImporter) -> (artifact id: '850b30c364c52bdc4e1249d6b6345d3e') in 0.0066562 seconds
Refreshing native plugins compatible for Editor in 3.34 ms, found 4 plugins.
Preloading 0 native plugins for Editor in 0.00 ms.
Asset Pipeline Refresh (id=197720596b2ec4b428736191f152ca71): Total: 0.029 seconds - Initiated by StopAssetImportingV2(NoUpdateAssetOptions)
Start importing Assets/NoSafeCircle/DoorPrototype/Art/Wizard/Source/PixelLab/masculine-dark/selected/walk/north/frame_001.png using Guid(95705046e869e5860fba582291172320) (TextureImporter) -> (artifact id: '8f589dd42129e00c7e8c7cca26c72e9a') in 0.0054096 seconds
Refreshing native plugins compatible for Editor in 3.65 ms, found 4 plugins.
Preloading 0 native plugins for Editor in 0.00 ms.
Asset Pipeline Refresh (id=9e8e9d4452896f347929ffdb2f2ac71f): Total: 0.039 seconds - Initiated by StopAssetImportingV2(NoUpdateAssetOptions)
Start importing Assets/NoSafeCircle/DoorPrototype/Art/Wizard/Source/PixelLab/masculine-dark/selected/walk/north/frame_002.png using Guid(77871f0448f876e87b236c0896909c77) (TextureImporter) -> (artifact id: '4c33d5495ed22059ac24d37ac0e206cb') in 0.0067647 seconds
Refreshing native plugins compatible for Editor in 3.50 ms, found 4 plugins.
Preloading 0 native plugins for Editor in 0.00 ms.
Asset Pipeline Refresh (id=10a50dcb11cbe6042ab784eef0ef6970): Total: 0.027 seconds - Initiated by StopAssetImportingV2(NoUpdateAssetOptions)
Start importing Assets/NoSafeCircle/DoorPrototype/Art/Wizard/Source/PixelLab/masculine-dark/selected/walk/north/frame_002.png using Guid(77871f0448f876e87b236c0896909c77) (TextureImporter) -> (artifact id: '7357071d20808be3f33b304529729b4b') in 0.0043051 seconds
Refreshing native plugins compatible for Editor in 3.22 ms, found 4 plugins.
Preloading 0 native plugins for Editor in 0.00 ms.
Asset Pipeline Refresh (id=1e63f5a661c64fa4c9c7c562f69e2fd1): Total: 0.034 seconds - Initiated by StopAssetImportingV2(NoUpdateAssetOptions)
Start importing Assets/NoSafeCircle/DoorPrototype/Art/Wizard/Source/PixelLab/masculine-dark/selected/walk/north/frame_003.png using Guid(d8c2cf21cabc006295d8de2f667b51c9) (TextureImporter) -> (artifact id: '8e52935e5ebd67f025443ab8270d54ce') in 0.0071403 seconds
Refreshing native plugins compatible for Editor in 3.36 ms, found 4 plugins.
Preloading 0 native plugins for Editor in 0.00 ms.
Asset Pipeline Refresh (id=bc6efbf4f083005428f15c067cdf3422): Total: 0.025 seconds - Initiated by StopAssetImportingV2(NoUpdateAssetOptions)
Start importing Assets/NoSafeCircle/DoorPrototype/Art/Wizard/Source/PixelLab/masculine-dark/selected/walk/north/frame_003.png using Guid(d8c2cf21cabc006295d8de2f667b51c9) (TextureImporter) -> (artifact id: 'c55def55d82437c6221c90e3c350ccff') in 0.0052257 seconds
Refreshing native plugins compatible for Editor in 2.33 ms, found 4 plugins.
Preloading 0 native plugins for Editor in 0.00 ms.
Asset Pipeline Refresh (id=4ff3ccef20066d046ba5816c32d6b528): Total: 0.036 seconds - Initiated by StopAssetImportingV2(NoUpdateAssetOptions)
Start importing Assets/NoSafeCircle/DoorPrototype/Art/Wizard/Source/PixelLab/masculine-dark/selected/walk/north/frame_004.png using Guid(38172d193e0363be0faee65153a02786) (TextureImporter) -> (artifact id: '230bad346dce19470e2831372c7dada6') in 0.0072002 seconds
Refreshing native plugins compatible for Editor in 3.54 ms, found 4 plugins.
Preloading 0 native plugins for Editor in 0.00 ms.
Asset Pipeline Refresh (id=37cbc903ade1fe6448b012a6e489c0ee): Total: 0.026 seconds - Initiated by StopAssetImportingV2(NoUpdateAssetOptions)
Start importing Assets/NoSafeCircle/DoorPrototype/Art/Wizard/Source/PixelLab/masculine-dark/selected/walk/north/frame_004.png using Guid(38172d193e0363be0faee65153a02786) (TextureImporter) -> (artifact id: 'bab9a8e865f93aca9072fbf81ac1f5a4') in 0.0048307 seconds
Refreshing native plugins compatible for Editor in 2.95 ms, found 4 plugins.
Preloading 0 native plugins for Editor in 0.00 ms.
Asset Pipeline Refresh (id=16fd38021f394b34bbc9fa27781f7176): Total: 0.032 seconds - Initiated by StopAssetImportingV2(NoUpdateAssetOptions)
Start importing Assets/NoSafeCircle/DoorPrototype/Art/Wizard/Source/PixelLab/masculine-dark/selected/walk/north/frame_005.png using Guid(ff7984ab1e399b9c62eadb536de94164) (TextureImporter) -> (artifact id: '85b6cc87723dfc7658ab2f7810b3750a') in 0.0066127 seconds
Refreshing native plugins compatible for Editor in 2.21 ms, found 4 plugins.
Preloading 0 native plugins for Editor in 0.00 ms.
Asset Pipeline Refresh (id=9a92b51444bfd8f4db4947544f1cc256): Total: 0.022 seconds - Initiated by StopAssetImportingV2(NoUpdateAssetOptions)
Start importing Assets/NoSafeCircle/DoorPrototype/Art/Wizard/Source/PixelLab/masculine-dark/selected/walk/north/frame_005.png using Guid(ff7984ab1e399b9c62eadb536de94164) (TextureImporter) -> (artifact id: 'd875ef199cbd70726cd39d45b1a42b17') in 0.0042568 seconds
Refreshing native plugins compatible for Editor in 3.89 ms, found 4 plugins.
Preloading 0 native plugins for Editor in 0.00 ms.
Asset Pipeline Refresh (id=182d79173619c24418d66287ab234d01): Total: 0.030 seconds - Initiated by StopAssetImportingV2(NoUpdateAssetOptions)
Start importing Assets/NoSafeCircle/DoorPrototype/Art/Wizard/Generated/Wizard_Masculine_Black_walk_north.anim using Guid(631dafa328e2a9c4dbfc13279528c926) (NativeFormatImporter) -> (artifact id: '0068c8758eb3a29d47d7a592f6a6e41e') in 0.0029697 seconds
Refreshing native plugins compatible for Editor in 2.49 ms, found 4 plugins.
Preloading 0 native plugins for Editor in 0.00 ms.
Asset Pipeline Refresh (id=178497db6ec5dd0479fc6e41961c25cc): Total: 0.020 seconds - Initiated by StopAssetImportingV2(NoUpdateAssetOptions)
Start importing Assets/NoSafeCircle/DoorPrototype/Art/Wizard/Source/PixelLab/masculine-dark/selected/standing/north-east.png using Guid(6735524043016474aa7448c28d5f2ed0) (TextureImporter) -> (artifact id: 'f5c99ddaabf9faaf203cd15b18007110') in 0.0054057 seconds
Refreshing native plugins compatible for Editor in 3.70 ms, found 4 plugins.
Preloading 0 native plugins for Editor in 0.00 ms.
Asset Pipeline Refresh (id=97fff854437a79548b4a5dd193e82bd0): Total: 0.029 seconds - Initiated by StopAssetImportingV2(NoUpdateAssetOptions)
Start importing Assets/NoSafeCircle/DoorPrototype/Art/Wizard/Source/PixelLab/masculine-dark/selected/standing/north-east.png using Guid(6735524043016474aa7448c28d5f2ed0) (TextureImporter) -> (artifact id: 'f5c99ddaabf9faaf203cd15b18007110') in 0.0051539 seconds
Refreshing native plugins compatible for Editor in 2.15 ms, found 4 plugins.
Preloading 0 native plugins for Editor in 0.00 ms.
Asset Pipeline Refresh (id=e92563c2a1cfcf140b3f31d6a7371b1a): Total: 0.023 seconds - Initiated by StopAssetImportingV2(NoUpdateAssetOptions)
Start importing Assets/NoSafeCircle/DoorPrototype/Art/Wizard/Generated/Wizard_Masculine_Black_idle_north-east.anim using Guid(ee4ee09f1862ff143b0c7acc9bc465fb) (NativeFormatImporter) -> (artifact id: 'c0cc517b4168dcf52ef4f7b1a8de6582') in 0.0025289 seconds
Refreshing native plugins compatible for Editor in 2.41 ms, found 4 plugins.
Preloading 0 native plugins for Editor in 0.00 ms.
Asset Pipeline Refresh (id=21d34218f838a0e409cafaf4de493b2a): Total: 0.019 seconds - Initiated by StopAssetImportingV2(NoUpdateAssetOptions)
Start importing Assets/NoSafeCircle/DoorPrototype/Art/Wizard/Source/PixelLab/masculine-dark/selected/walk/north-east/frame_000.png using Guid(d18508177a5df8945802a980a3a39443) (TextureImporter) -> (artifact id: '97e0fee8b69302ff38b043da0959ba60') in 0.0056394 seconds
Refreshing native plugins compatible for Editor in 3.84 ms, found 4 plugins.
Preloading 0 native plugins for Editor in 0.00 ms.
Asset Pipeline Refresh (id=f2d67e9153d71fc448a3c39f92e4da47): Total: 0.024 seconds - Initiated by StopAssetImportingV2(NoUpdateAssetOptions)
Start importing Assets/NoSafeCircle/DoorPrototype/Art/Wizard/Source/PixelLab/masculine-dark/selected/walk/north-east/frame_000.png using Guid(d18508177a5df8945802a980a3a39443) (TextureImporter) -> (artifact id: '97e0fee8b69302ff38b043da0959ba60') in 0.0042781 seconds
Refreshing native plugins compatible for Editor in 2.41 ms, found 4 plugins.
Preloading 0 native plugins for Editor in 0.00 ms.
Asset Pipeline Refresh (id=d84605e6890a4ba468db47e37a25825e): Total: 0.025 seconds - Initiated by StopAssetImportingV2(NoUpdateAssetOptions)
Start importing Assets/NoSafeCircle/DoorPrototype/Art/Wizard/Source/PixelLab/masculine-dark/selected/walk/north-east/frame_001.png using Guid(0826798e86f0dda4b942b7af1afdf792) (TextureImporter) -> (artifact id: 'f3066f3a81ed923dfb30240230af63ed') in 0.0061802 seconds
Refreshing native plugins compatible for Editor in 3.88 ms, found 4 plugins.
Preloading 0 native plugins for Editor in 0.00 ms.
Asset Pipeline Refresh (id=da5869cd450d0684283c21ca93d75a4a): Total: 0.028 seconds - Initiated by StopAssetImportingV2(NoUpdateAssetOptions)
Start importing Assets/NoSafeCircle/DoorPrototype/Art/Wizard/Source/PixelLab/masculine-dark/selected/walk/north-east/frame_001.png using Guid(0826798e86f0dda4b942b7af1afdf792) (TextureImporter) -> (artifact id: 'f3066f3a81ed923dfb30240230af63ed') in 0.003782 seconds
Refreshing native plugins compatible for Editor in 4.03 ms, found 4 plugins.
Preloading 0 native plugins for Editor in 0.00 ms.
Asset Pipeline Refresh (id=7955446910e22114d96074563a01043e): Total: 0.024 seconds - Initiated by StopAssetImportingV2(NoUpdateAssetOptions)
Start importing Assets/NoSafeCircle/DoorPrototype/Art/Wizard/Source/PixelLab/masculine-dark/selected/walk/north-east/frame_002.png using Guid(c7b9af4f539ff884cb9b7506b2656bf3) (TextureImporter) -> (artifact id: '51b114470f6bcdd71d2e8a846b68d052') in 0.0070059 seconds
Refreshing native plugins compatible for Editor in 2.59 ms, found 4 plugins.
Preloading 0 native plugins for Editor in 0.00 ms.
Asset Pipeline Refresh (id=34d516e38f6bd5346923b112eb8eb984): Total: 0.024 seconds - Initiated by StopAssetImportingV2(NoUpdateAssetOptions)
Start importing Assets/NoSafeCircle/DoorPrototype/Art/Wizard/Source/PixelLab/masculine-dark/selected/walk/north-east/frame_002.png using Guid(c7b9af4f539ff884cb9b7506b2656bf3) (TextureImporter) -> (artifact id: '51b114470f6bcdd71d2e8a846b68d052') in 0.0045716 seconds
Refreshing native plugins compatible for Editor in 3.19 ms, found 4 plugins.
Preloading 0 native plugins for Editor in 0.00 ms.
Asset Pipeline Refresh (id=6abb3245d623d09439ea587f82901eba): Total: 0.027 seconds - Initiated by StopAssetImportingV2(NoUpdateAssetOptions)
Start importing Assets/NoSafeCircle/DoorPrototype/Art/Wizard/Source/PixelLab/masculine-dark/selected/walk/north-east/frame_003.png using Guid(39854119ecb0c1041bb4e73b9d3a0b02) (TextureImporter) -> (artifact id: '580e5ae66b20fcd98f10eaee9e751405') in 0.0093885 seconds
Refreshing native plugins compatible for Editor in 3.98 ms, found 4 plugins.
Preloading 0 native plugins for Editor in 0.00 ms.
Asset Pipeline Refresh (id=12ef7c3e329f13c45b4c0a76b25a9729): Total: 0.029 seconds - Initiated by StopAssetImportingV2(NoUpdateAssetOptions)
Start importing Assets/NoSafeCircle/DoorPrototype/Art/Wizard/Source/PixelLab/masculine-dark/selected/walk/north-east/frame_003.png using Guid(39854119ecb0c1041bb4e73b9d3a0b02) (TextureImporter) -> (artifact id: '580e5ae66b20fcd98f10eaee9e751405') in 0.0046528 seconds
Refreshing native plugins compatible for Editor in 4.08 ms, found 4 plugins.
Preloading 0 native plugins for Editor in 0.00 ms.
Asset Pipeline Refresh (id=32ce5512d81082840a9bfd4a834ec3d1): Total: 0.023 seconds - Initiated by StopAssetImportingV2(NoUpdateAssetOptions)
Start importing Assets/NoSafeCircle/DoorPrototype/Art/Wizard/Source/PixelLab/masculine-dark/selected/walk/north-east/frame_004.png using Guid(41b4dfae49e90d74fb4b4db60ffd8869) (TextureImporter) -> (artifact id: 'f2ecc5a75ed0fe7366cc4184abed2561') in 0.0078084 seconds
Refreshing native plugins compatible for Editor in 2.38 ms, found 4 plugins.
Preloading 0 native plugins for Editor in 0.00 ms.
Asset Pipeline Refresh (id=dc9efc0b82ddcf24cb97d6a5349d5b5d): Total: 0.024 seconds - Initiated by StopAssetImportingV2(NoUpdateAssetOptions)
Start importing Assets/NoSafeCircle/DoorPrototype/Art/Wizard/Source/PixelLab/masculine-dark/selected/walk/north-east/frame_004.png using Guid(41b4dfae49e90d74fb4b4db60ffd8869) (TextureImporter) -> (artifact id: 'f2ecc5a75ed0fe7366cc4184abed2561') in 0.0048128 seconds
Refreshing native plugins compatible for Editor in 3.07 ms, found 4 plugins.
Preloading 0 native plugins for Editor in 0.00 ms.
Asset Pipeline Refresh (id=9eb0480f244b5f0479f140da2056524e): Total: 0.025 seconds - Initiated by StopAssetImportingV2(NoUpdateAssetOptions)
Start importing Assets/NoSafeCircle/DoorPrototype/Art/Wizard/Source/PixelLab/masculine-dark/selected/walk/north-east/frame_005.png using Guid(d6dfb9c438a72c0429ebba391e201ec5) (TextureImporter) -> (artifact id: '62e97aabe7d90a77e18e82a1cdd57aa6') in 0.0072235 seconds
Refreshing native plugins compatible for Editor in 2.85 ms, found 4 plugins.
Preloading 0 native plugins for Editor in 0.00 ms.
Asset Pipeline Refresh (id=6d186335f5357674b84b5449d947b254): Total: 0.024 seconds - Initiated by StopAssetImportingV2(NoUpdateAssetOptions)
Start importing Assets/NoSafeCircle/DoorPrototype/Art/Wizard/Source/PixelLab/masculine-dark/selected/walk/north-east/frame_005.png using Guid(d6dfb9c438a72c0429ebba391e201ec5) (TextureImporter) -> (artifact id: '62e97aabe7d90a77e18e82a1cdd57aa6') in 0.0054404 seconds
Refreshing native plugins compatible for Editor in 2.41 ms, found 4 plugins.
Preloading 0 native plugins for Editor in 0.00 ms.
Asset Pipeline Refresh (id=ff852dbbb6ac3f84c8cfcd14efcfb00c): Total: 0.021 seconds - Initiated by StopAssetImportingV2(NoUpdateAssetOptions)
Start importing Assets/NoSafeCircle/DoorPrototype/Art/Wizard/Generated/Wizard_Masculine_Black_walk_north-east.anim using Guid(2a7e815becc7a98438a2be5a2def5b1f) (NativeFormatImporter) -> (artifact id: 'cd6ea1d0f98508c0ed703852c6fe8ba9') in 0.0077336 seconds
Refreshing native plugins compatible for Editor in 2.31 ms, found 4 plugins.
Preloading 0 native plugins for Editor in 0.00 ms.
Asset Pipeline Refresh (id=9ed33e047b7ff9d459fb5e49824f57dc): Total: 0.028 seconds - Initiated by StopAssetImportingV2(NoUpdateAssetOptions)
Start importing Assets/NoSafeCircle/DoorPrototype/Art/Wizard/Source/PixelLab/masculine-dark/selected/standing/east.png using Guid(23c96c0551a1d5d41aba5a67067caf55) (TextureImporter) -> (artifact id: '8be7e17aaf3c7d7a4ccc79bfb73e5a5a') in 0.0057497 seconds
Refreshing native plugins compatible for Editor in 2.57 ms, found 4 plugins.
Preloading 0 native plugins for Editor in 0.00 ms.
Asset Pipeline Refresh (id=0128eac90efaa1b45b5c77d96bc77e4f): Total: 0.025 seconds - Initiated by StopAssetImportingV2(NoUpdateAssetOptions)
Start importing Assets/NoSafeCircle/DoorPrototype/Art/Wizard/Source/PixelLab/masculine-dark/selected/standing/east.png using Guid(23c96c0551a1d5d41aba5a67067caf55) (TextureImporter) -> (artifact id: '8be7e17aaf3c7d7a4ccc79bfb73e5a5a') in 0.00457 seconds
Refreshing native plugins compatible for Editor in 2.86 ms, found 4 plugins.
Preloading 0 native plugins for Editor in 0.00 ms.
Asset Pipeline Refresh (id=64c0dada60e88cf4696b4c746f6ec310): Total: 0.022 seconds - Initiated by StopAssetImportingV2(NoUpdateAssetOptions)
Start importing Assets/NoSafeCircle/DoorPrototype/Art/Wizard/Generated/Wizard_Masculine_Black_idle_east.anim using Guid(c9c0dcf08d9389145948d37bd041600e) (NativeFormatImporter) -> (artifact id: '790b6fed0863f054301b35d05129e543') in 0.0025957 seconds
Refreshing native plugins compatible for Editor in 2.48 ms, found 4 plugins.
Preloading 0 native plugins for Editor in 0.00 ms.
Asset Pipeline Refresh (id=56f7afcd67ccb8b40bbe4287e9751e44): Total: 0.022 seconds - Initiated by StopAssetImportingV2(NoUpdateAssetOptions)
Start importing Assets/NoSafeCircle/DoorPrototype/Art/Wizard/Source/PixelLab/masculine-dark/selected/walk/east/frame_000.png using Guid(270880e4f023510773eb505c7776ba8a) (TextureImporter) -> (artifact id: '0baa01b0a08f879f174e1c3967aefe3d') in 0.0058834 seconds
Refreshing native plugins compatible for Editor in 2.66 ms, found 4 plugins.
Preloading 0 native plugins for Editor in 0.00 ms.
Asset Pipeline Refresh (id=120011a63d181ea4c9fbc7071587ca8b): Total: 0.026 seconds - Initiated by StopAssetImportingV2(NoUpdateAssetOptions)
Start importing Assets/NoSafeCircle/DoorPrototype/Art/Wizard/Source/PixelLab/masculine-dark/selected/walk/east/frame_000.png using Guid(270880e4f023510773eb505c7776ba8a) (TextureImporter) -> (artifact id: '0c0a7d0ce1c199bd3248f9c26b60bb91') in 0.0048706 seconds
Refreshing native plugins compatible for Editor in 2.68 ms, found 4 plugins.
Preloading 0 native plugins for Editor in 0.00 ms.
Asset Pipeline Refresh (id=7f6867fc0e7bb384c83d055ecf8d99cc): Total: 0.033 seconds - Initiated by StopAssetImportingV2(NoUpdateAssetOptions)
Start importing Assets/NoSafeCircle/DoorPrototype/Art/Wizard/Source/PixelLab/masculine-dark/selected/walk/east/frame_001.png using Guid(7f64c7a4d4737e80a1f30a7ff0b204c3) (TextureImporter) -> (artifact id: '11dd0fe16061b84af9a9faed587e9a0e') in 0.0087669 seconds
Refreshing native plugins compatible for Editor in 2.28 ms, found 4 plugins.
Preloading 0 native plugins for Editor in 0.00 ms.
Asset Pipeline Refresh (id=2557ebc2b8db7724cb776aa8614fd261): Total: 0.029 seconds - Initiated by StopAssetImportingV2(NoUpdateAssetOptions)
Start importing Assets/NoSafeCircle/DoorPrototype/Art/Wizard/Source/PixelLab/masculine-dark/selected/walk/east/frame_001.png using Guid(7f64c7a4d4737e80a1f30a7ff0b204c3) (TextureImporter) -> (artifact id: '82d81adb0f0cb40eff1e464c51805042') in 0.0061238 seconds
Refreshing native plugins compatible for Editor in 2.28 ms, found 4 plugins.
Preloading 0 native plugins for Editor in 0.00 ms.
Asset Pipeline Refresh (id=f06834f8cc9793a46896d0872668c69d): Total: 0.038 seconds - Initiated by StopAssetImportingV2(NoUpdateAssetOptions)
Start importing Assets/NoSafeCircle/DoorPrototype/Art/Wizard/Source/PixelLab/masculine-dark/selected/walk/east/frame_002.png using Guid(bfeb63adea4ec5ea230708fceebde858) (TextureImporter) -> (artifact id: 'ca3d59cb8dac460ea50de651a6439366') in 0.0063421 seconds
Refreshing native plugins compatible for Editor in 2.17 ms, found 4 plugins.
Preloading 0 native plugins for Editor in 0.00 ms.
Asset Pipeline Refresh (id=3a87b672790f1c44a9ea7df20596766b): Total: 0.022 seconds - Initiated by StopAssetImportingV2(NoUpdateAssetOptions)
Start importing Assets/NoSafeCircle/DoorPrototype/Art/Wizard/Source/PixelLab/masculine-dark/selected/walk/east/frame_002.png using Guid(bfeb63adea4ec5ea230708fceebde858) (TextureImporter) -> (artifact id: 'df76784b2d4c73f665b1deb96ccf5e21') in 0.0044087 seconds
Refreshing native plugins compatible for Editor in 2.25 ms, found 4 plugins.
Preloading 0 native plugins for Editor in 0.00 ms.
Asset Pipeline Refresh (id=219a4a721b0a8c84a90d084faf8654f3): Total: 0.036 seconds - Initiated by StopAssetImportingV2(NoUpdateAssetOptions)
Start importing Assets/NoSafeCircle/DoorPrototype/Art/Wizard/Source/PixelLab/masculine-dark/selected/walk/east/frame_003.png using Guid(cb02cfafb49fe3d83478ecb0521de5a0) (TextureImporter) -> (artifact id: 'c8c0bddbd123bbb23b7cb051d72394b6') in 0.0057979 seconds
Refreshing native plugins compatible for Editor in 3.15 ms, found 4 plugins.
Preloading 0 native plugins for Editor in 0.00 ms.
Asset Pipeline Refresh (id=30233569c4593a64d98bdd1bb31fb26a): Total: 0.028 seconds - Initiated by StopAssetImportingV2(NoUpdateAssetOptions)
Start importing Assets/NoSafeCircle/DoorPrototype/Art/Wizard/Source/PixelLab/masculine-dark/selected/walk/east/frame_003.png using Guid(cb02cfafb49fe3d83478ecb0521de5a0) (TextureImporter) -> (artifact id: 'ee118037600673ca8368c049336373f1') in 0.0047775 seconds
Refreshing native plugins compatible for Editor in 3.32 ms, found 4 plugins.
Preloading 0 native plugins for Editor in 0.00 ms.
Asset Pipeline Refresh (id=e9c8f286152bfb54fa8d971d83d3f7a5): Total: 0.038 seconds - Initiated by StopAssetImportingV2(NoUpdateAssetOptions)
Start importing Assets/NoSafeCircle/DoorPrototype/Art/Wizard/Source/PixelLab/masculine-dark/selected/walk/east/frame_004.png using Guid(e869c0daf33679eb136e820d0943b065) (TextureImporter) -> (artifact id: '912735476b44171b2a564e84df682133') in 0.0102167 seconds
Refreshing native plugins compatible for Editor in 3.06 ms, found 4 plugins.
Preloading 0 native plugins for Editor in 0.00 ms.
Asset Pipeline Refresh (id=c9ace93869e407e45ae17197dbac9b94): Total: 0.029 seconds - Initiated by StopAssetImportingV2(NoUpdateAssetOptions)
Start importing Assets/NoSafeCircle/DoorPrototype/Art/Wizard/Source/PixelLab/masculine-dark/selected/walk/east/frame_004.png using Guid(e869c0daf33679eb136e820d0943b065) (TextureImporter) -> (artifact id: 'c90c28507788de80674132de92c5a56c') in 0.0053106 seconds
Refreshing native plugins compatible for Editor in 4.13 ms, found 4 plugins.
Preloading 0 native plugins for Editor in 0.00 ms.
Asset Pipeline Refresh (id=2bccb5eb1d6b5f74aa7199b805360eac): Total: 0.038 seconds - Initiated by StopAssetImportingV2(NoUpdateAssetOptions)
Start importing Assets/NoSafeCircle/DoorPrototype/Art/Wizard/Source/PixelLab/masculine-dark/selected/walk/east/frame_005.png using Guid(3045dbbcc801dc63d16eb6a3833be6be) (TextureImporter) -> (artifact id: 'bb5529e75b7766dce5e46a3e3cdc33d2') in 0.0235295 seconds
Refreshing native plugins compatible for Editor in 3.74 ms, found 4 plugins.
Preloading 0 native plugins for Editor in 0.00 ms.
Asset Pipeline Refresh (id=d1575ca4e1d329b4cae8116f341e71b5): Total: 0.054 seconds - Initiated by StopAssetImportingV2(NoUpdateAssetOptions)
Start importing Assets/NoSafeCircle/DoorPrototype/Art/Wizard/Source/PixelLab/masculine-dark/selected/walk/east/frame_005.png using Guid(3045dbbcc801dc63d16eb6a3833be6be) (TextureImporter) -> (artifact id: 'a4a69defc816748b9dfb02bff18289c7') in 0.004793 seconds
Refreshing native plugins compatible for Editor in 4.59 ms, found 4 plugins.
Preloading 0 native plugins for Editor in 0.00 ms.
Asset Pipeline Refresh (id=6a9f707ab3c839349a3a9c3f68d75516): Total: 0.042 seconds - Initiated by StopAssetImportingV2(NoUpdateAssetOptions)
Start importing Assets/NoSafeCircle/DoorPrototype/Art/Wizard/Generated/Wizard_Masculine_Black_walk_east.anim using Guid(696c85db90968bf4da1bd53e32e01832) (NativeFormatImporter) -> (artifact id: '9a921bcadf5dbd34b945a8a88a193333') in 0.0092141 seconds
Refreshing native plugins compatible for Editor in 4.44 ms, found 4 plugins.
Preloading 0 native plugins for Editor in 0.00 ms.
Asset Pipeline Refresh (id=606bd0f2fd4398144b5aadee766f88dd): Total: 0.034 seconds - Initiated by StopAssetImportingV2(NoUpdateAssetOptions)
Start importing Assets/NoSafeCircle/DoorPrototype/Art/Wizard/Source/PixelLab/masculine-dark/selected/standing/south-east.png using Guid(64d787ff2e602f6429731e96dfa9db4d) (TextureImporter) -> (artifact id: 'c4f537e47a5d7dc109882aa8871726f7') in 0.0185226 seconds
Refreshing native plugins compatible for Editor in 4.35 ms, found 4 plugins.
Preloading 0 native plugins for Editor in 0.00 ms.
Asset Pipeline Refresh (id=c9d6cf656ba828b48a3045d67b17faca): Total: 0.046 seconds - Initiated by StopAssetImportingV2(NoUpdateAssetOptions)
Start importing Assets/NoSafeCircle/DoorPrototype/Art/Wizard/Source/PixelLab/masculine-dark/selected/standing/south-east.png using Guid(64d787ff2e602f6429731e96dfa9db4d) (TextureImporter) -> (artifact id: 'c4f537e47a5d7dc109882aa8871726f7') in 0.0055087 seconds
Refreshing native plugins compatible for Editor in 3.96 ms, found 4 plugins.
Preloading 0 native plugins for Editor in 0.00 ms.
Asset Pipeline Refresh (id=bddef41088e0f05498549715f16ed5be): Total: 0.030 seconds - Initiated by StopAssetImportingV2(NoUpdateAssetOptions)
Start importing Assets/NoSafeCircle/DoorPrototype/Art/Wizard/Generated/Wizard_Masculine_Black_idle_south-east.anim using Guid(0d5325e7f66e52449aaf29755541897e) (NativeFormatImporter) -> (artifact id: 'f8930b24d6c82f10967c34f6f97470cc') in 0.0043043 seconds
Refreshing native plugins compatible for Editor in 4.55 ms, found 4 plugins.
Preloading 0 native plugins for Editor in 0.00 ms.
Asset Pipeline Refresh (id=e706274652e8bc740b0c3131ed1c712f): Total: 0.032 seconds - Initiated by StopAssetImportingV2(NoUpdateAssetOptions)
Start importing Assets/NoSafeCircle/DoorPrototype/Art/Wizard/Source/PixelLab/masculine-dark/selected/walk/south-east/frame_000.png using Guid(adc4b8054a61e4e4893fc433ef941c71) (TextureImporter) -> (artifact id: 'a97b6bd64098823f8fa13cfa0e0635b2') in 0.0079719 seconds
Refreshing native plugins compatible for Editor in 4.44 ms, found 4 plugins.
Preloading 0 native plugins for Editor in 0.00 ms.
Asset Pipeline Refresh (id=7ad24c4bfc327ff4a95acd0cc06ee878): Total: 0.031 seconds - Initiated by StopAssetImportingV2(NoUpdateAssetOptions)
Start importing Assets/NoSafeCircle/DoorPrototype/Art/Wizard/Source/PixelLab/masculine-dark/selected/walk/south-east/frame_000.png using Guid(adc4b8054a61e4e4893fc433ef941c71) (TextureImporter) -> (artifact id: 'a97b6bd64098823f8fa13cfa0e0635b2') in 0.0064216 seconds
Refreshing native plugins compatible for Editor in 3.83 ms, found 4 plugins.
Preloading 0 native plugins for Editor in 0.00 ms.
Asset Pipeline Refresh (id=4a5cb31cd81c65d41b14ee1a502d9062): Total: 0.032 seconds - Initiated by StopAssetImportingV2(NoUpdateAssetOptions)
Start importing Assets/NoSafeCircle/DoorPrototype/Art/Wizard/Source/PixelLab/masculine-dark/selected/walk/south-east/frame_001.png using Guid(4ecf7752526a894489c9c07a9dc2653c) (TextureImporter) -> (artifact id: '6c71c01d29c400d03de271afe0e7cbb0') in 0.0092504 seconds
Refreshing native plugins compatible for Editor in 4.13 ms, found 4 plugins.
Preloading 0 native plugins for Editor in 0.00 ms.
Asset Pipeline Refresh (id=b60ff22dd648456438f6b9ba4cffcc65): Total: 0.028 seconds - Initiated by StopAssetImportingV2(NoUpdateAssetOptions)
Start importing Assets/NoSafeCircle/DoorPrototype/Art/Wizard/Source/PixelLab/masculine-dark/selected/walk/south-east/frame_001.png using Guid(4ecf7752526a894489c9c07a9dc2653c) (TextureImporter) -> (artifact id: '6c71c01d29c400d03de271afe0e7cbb0') in 0.0043368 seconds
Refreshing native plugins compatible for Editor in 4.05 ms, found 4 plugins.
Preloading 0 native plugins for Editor in 0.00 ms.
Asset Pipeline Refresh (id=a3196a07595b78b47bf1f725145c1bb4): Total: 0.029 seconds - Initiated by StopAssetImportingV2(NoUpdateAssetOptions)
Start importing Assets/NoSafeCircle/DoorPrototype/Art/Wizard/Source/PixelLab/masculine-dark/selected/walk/south-east/frame_002.png using Guid(68e154ea28a89aa49b8057aaaac53c80) (TextureImporter) -> (artifact id: '4d08e965f21a303935ae2238710a2dbc') in 0.0249052 seconds
Refreshing native plugins compatible for Editor in 3.88 ms, found 4 plugins.
Preloading 0 native plugins for Editor in 0.00 ms.
Asset Pipeline Refresh (id=e4d8eb1d1403439449fb9be771425572): Total: 0.042 seconds - Initiated by StopAssetImportingV2(NoUpdateAssetOptions)
Start importing Assets/NoSafeCircle/DoorPrototype/Art/Wizard/Source/PixelLab/masculine-dark/selected/walk/south-east/frame_002.png using Guid(68e154ea28a89aa49b8057aaaac53c80) (TextureImporter) -> (artifact id: '4d08e965f21a303935ae2238710a2dbc') in 0.0042434 seconds
Refreshing native plugins compatible for Editor in 4.25 ms, found 4 plugins.
Preloading 0 native plugins for Editor in 0.00 ms.
Asset Pipeline Refresh (id=668c486af3ccfc14ba21df00edecfd03): Total: 0.026 seconds - Initiated by StopAssetImportingV2(NoUpdateAssetOptions)
Start importing Assets/NoSafeCircle/DoorPrototype/Art/Wizard/Source/PixelLab/masculine-dark/selected/walk/south-east/frame_003.png using Guid(87a4a0fa52cebf648a80fd84985db7e9) (TextureImporter) -> (artifact id: 'b6248b94d8ebe1daa0e3ab88887caed7') in 0.0066371 seconds
Refreshing native plugins compatible for Editor in 2.19 ms, found 4 plugins.
Preloading 0 native plugins for Editor in 0.00 ms.
Asset Pipeline Refresh (id=2a7336025add08c49bd23c8171b4557a): Total: 0.025 seconds - Initiated by StopAssetImportingV2(NoUpdateAssetOptions)
Start importing Assets/NoSafeCircle/DoorPrototype/Art/Wizard/Source/PixelLab/masculine-dark/selected/walk/south-east/frame_003.png using Guid(87a4a0fa52cebf648a80fd84985db7e9) (TextureImporter) -> (artifact id: 'b6248b94d8ebe1daa0e3ab88887caed7') in 0.0047861 seconds
Refreshing native plugins compatible for Editor in 2.49 ms, found 4 plugins.
Preloading 0 native plugins for Editor in 0.00 ms.
Asset Pipeline Refresh (id=c74e28bb92282474b8ff05d46fc65f1a): Total: 0.025 seconds - Initiated by StopAssetImportingV2(NoUpdateAssetOptions)
Start importing Assets/NoSafeCircle/DoorPrototype/Art/Wizard/Source/PixelLab/masculine-dark/selected/walk/south-east/frame_004.png using Guid(db930ddbd3fa09548baa788dc43bee27) (TextureImporter) -> (artifact id: 'b8306f84b9890d33c6d1c04fa3f4bf4c') in 0.0060212 seconds
Refreshing native plugins compatible for Editor in 2.22 ms, found 4 plugins.
Preloading 0 native plugins for Editor in 0.00 ms.
Asset Pipeline Refresh (id=16367e9192c870b43897aa558f9991dd): Total: 0.022 seconds - Initiated by StopAssetImportingV2(NoUpdateAssetOptions)
Start importing Assets/NoSafeCircle/DoorPrototype/Art/Wizard/Source/PixelLab/masculine-dark/selected/walk/south-east/frame_004.png using Guid(db930ddbd3fa09548baa788dc43bee27) (TextureImporter) -> (artifact id: 'b8306f84b9890d33c6d1c04fa3f4bf4c') in 0.0041078 seconds
Refreshing native plugins compatible for Editor in 3.96 ms, found 4 plugins.
Preloading 0 native plugins for Editor in 0.00 ms.
Asset Pipeline Refresh (id=b20b1a1718d1d214b9a4b85c2a3e29d2): Total: 0.022 seconds - Initiated by StopAssetImportingV2(NoUpdateAssetOptions)
Start importing Assets/NoSafeCircle/DoorPrototype/Art/Wizard/Source/PixelLab/masculine-dark/selected/walk/south-east/frame_005.png using Guid(c3ba11f3d98a06944af95355c90ab0dc) (TextureImporter) -> (artifact id: '56c06f31d87e7d7f968dda54ee749a16') in 0.0097674 seconds
Refreshing native plugins compatible for Editor in 4.13 ms, found 4 plugins.
Preloading 0 native plugins for Editor in 0.00 ms.
Asset Pipeline Refresh (id=906cf73bdea66af43a705eda22b41626): Total: 0.028 seconds - Initiated by StopAssetImportingV2(NoUpdateAssetOptions)
Start importing Assets/NoSafeCircle/DoorPrototype/Art/Wizard/Source/PixelLab/masculine-dark/selected/walk/south-east/frame_005.png using Guid(c3ba11f3d98a06944af95355c90ab0dc) (TextureImporter) -> (artifact id: '56c06f31d87e7d7f968dda54ee749a16') in 0.0045929 seconds
Refreshing native plugins compatible for Editor in 3.86 ms, found 4 plugins.
Preloading 0 native plugins for Editor in 0.00 ms.
Asset Pipeline Refresh (id=30dabde3eb688bf4898f605d0f05d21b): Total: 0.023 seconds - Initiated by StopAssetImportingV2(NoUpdateAssetOptions)
Start importing Assets/NoSafeCircle/DoorPrototype/Art/Wizard/Generated/Wizard_Masculine_Black_walk_south-east.anim using Guid(468e8b10a6a848c4f9dfa20eb126eb05) (NativeFormatImporter) -> (artifact id: '930376f2bb818c0ac0ceec507ae994c4') in 0.0027802 seconds
Refreshing native plugins compatible for Editor in 2.37 ms, found 4 plugins.
Preloading 0 native plugins for Editor in 0.00 ms.
Asset Pipeline Refresh (id=6b6601e57fde0ba4c8564198df7387ff): Total: 0.024 seconds - Initiated by StopAssetImportingV2(NoUpdateAssetOptions)
Start importing Assets/NoSafeCircle/DoorPrototype/Art/Wizard/Source/PixelLab/masculine-dark/selected/standing/south.png using Guid(e4176867d0e8e284d9cc11f06e1338df) (TextureImporter) -> (artifact id: '304b0fcfe56d81fab628df5211f0f7e1') in 0.0065781 seconds
Refreshing native plugins compatible for Editor in 2.71 ms, found 4 plugins.
Preloading 0 native plugins for Editor in 0.00 ms.
Asset Pipeline Refresh (id=152260f5bca43e549b61d9e0a7525f99): Total: 0.028 seconds - Initiated by StopAssetImportingV2(NoUpdateAssetOptions)
Start importing Assets/NoSafeCircle/DoorPrototype/Art/Wizard/Source/PixelLab/masculine-dark/selected/standing/south.png using Guid(e4176867d0e8e284d9cc11f06e1338df) (TextureImporter) -> (artifact id: '304b0fcfe56d81fab628df5211f0f7e1') in 0.0046219 seconds
Refreshing native plugins compatible for Editor in 3.43 ms, found 4 plugins.
Preloading 0 native plugins for Editor in 0.00 ms.
Asset Pipeline Refresh (id=02357ab8afe7c2840a1eb966df97893e): Total: 0.026 seconds - Initiated by StopAssetImportingV2(NoUpdateAssetOptions)
Start importing Assets/NoSafeCircle/DoorPrototype/Art/Wizard/Generated/Wizard_Masculine_Black_idle_south.anim using Guid(8d71b76561a4c8344b95246b8bc3a810) (NativeFormatImporter) -> (artifact id: 'c7cf71e55491cce549bdc458403ca759') in 0.0030377 seconds
Refreshing native plugins compatible for Editor in 2.35 ms, found 4 plugins.
Preloading 0 native plugins for Editor in 0.00 ms.
Asset Pipeline Refresh (id=01e0ce02e1ab60045b6aee3741e08cb5): Total: 0.018 seconds - Initiated by StopAssetImportingV2(NoUpdateAssetOptions)
Start importing Assets/NoSafeCircle/DoorPrototype/Art/Wizard/Source/PixelLab/masculine-dark/selected/walk/south/frame_000.png using Guid(2e7e3884040ecbeb6353a78b14185e16) (TextureImporter) -> (artifact id: '9546f45ad1a391718d7ec5686410208f') in 0.0052279 seconds
Refreshing native plugins compatible for Editor in 3.78 ms, found 4 plugins.
Preloading 0 native plugins for Editor in 0.00 ms.
Asset Pipeline Refresh (id=cc7aa566c7e60b44d88a2be1fe41b03b): Total: 0.022 seconds - Initiated by StopAssetImportingV2(NoUpdateAssetOptions)
Start importing Assets/NoSafeCircle/DoorPrototype/Art/Wizard/Source/PixelLab/masculine-dark/selected/walk/south/frame_000.png using Guid(2e7e3884040ecbeb6353a78b14185e16) (TextureImporter) -> (artifact id: '3fbb0337b43c257e45fe8b79c266fda8') in 0.0058479 seconds
Refreshing native plugins compatible for Editor in 3.19 ms, found 4 plugins.
Preloading 0 native plugins for Editor in 0.00 ms.
Asset Pipeline Refresh (id=53d4dc856e346d947a5f813bf8b932e7): Total: 0.035 seconds - Initiated by StopAssetImportingV2(NoUpdateAssetOptions)
Start importing Assets/NoSafeCircle/DoorPrototype/Art/Wizard/Source/PixelLab/masculine-dark/selected/walk/south/frame_001.png using Guid(8afc64595dd27c9bfbb60547e5274a6a) (TextureImporter) -> (artifact id: 'db2dd03af79d61472087049e4b81565d') in 0.05399 seconds
Refreshing native plugins compatible for Editor in 3.04 ms, found 4 plugins.
Preloading 0 native plugins for Editor in 0.00 ms.
Asset Pipeline Refresh (id=63af0aa93c98b35448e16dc33bb72120): Total: 0.073 seconds - Initiated by StopAssetImportingV2(NoUpdateAssetOptions)
Start importing Assets/NoSafeCircle/DoorPrototype/Art/Wizard/Source/PixelLab/masculine-dark/selected/walk/south/frame_001.png using Guid(8afc64595dd27c9bfbb60547e5274a6a) (TextureImporter) -> (artifact id: '585e20f365c869f5864da6bb00feed53') in 0.005356 seconds
Refreshing native plugins compatible for Editor in 2.76 ms, found 4 plugins.
Preloading 0 native plugins for Editor in 0.00 ms.
Asset Pipeline Refresh (id=d2d0f9779a2e58343adfbc4fe9a71111): Total: 0.034 seconds - Initiated by StopAssetImportingV2(NoUpdateAssetOptions)
Start importing Assets/NoSafeCircle/DoorPrototype/Art/Wizard/Source/PixelLab/masculine-dark/selected/walk/south/frame_002.png using Guid(d34c027d35a30a988f3e1d6e15c8c6e2) (TextureImporter) -> (artifact id: '1b4f88645c1f63783b88ba2579703bfd') in 0.1110991 seconds
Refreshing native plugins compatible for Editor in 3.91 ms, found 4 plugins.
Preloading 0 native plugins for Editor in 0.00 ms.
Asset Pipeline Refresh (id=419da171a36b53946bd7b3ea6a251b14): Total: 0.132 seconds - Initiated by StopAssetImportingV2(NoUpdateAssetOptions)
Start importing Assets/NoSafeCircle/DoorPrototype/Art/Wizard/Source/PixelLab/masculine-dark/selected/walk/south/frame_002.png using Guid(d34c027d35a30a988f3e1d6e15c8c6e2) (TextureImporter) -> (artifact id: '3a8f6fd4db869660fb36a019662ee58c') in 0.0044278 seconds
Refreshing native plugins compatible for Editor in 2.25 ms, found 4 plugins.
Preloading 0 native plugins for Editor in 0.00 ms.
Asset Pipeline Refresh (id=7659ee93a08d1064894fa1bbfe355406): Total: 0.028 seconds - Initiated by StopAssetImportingV2(NoUpdateAssetOptions)
Start importing Assets/NoSafeCircle/DoorPrototype/Art/Wizard/Source/PixelLab/masculine-dark/selected/walk/south/frame_003.png using Guid(1b0ff1660e930c0b34ccdab93264aaf2) (TextureImporter) -> (artifact id: 'c26de52aecc2007a6c5158dd6a22f015') in 0.0104894 seconds
Refreshing native plugins compatible for Editor in 3.30 ms, found 4 plugins.
Preloading 0 native plugins for Editor in 0.00 ms.
Asset Pipeline Refresh (id=4df2a10258e96a84d95b8f22375cb8f0): Total: 0.030 seconds - Initiated by StopAssetImportingV2(NoUpdateAssetOptions)
Start importing Assets/NoSafeCircle/DoorPrototype/Art/Wizard/Source/PixelLab/masculine-dark/selected/walk/south/frame_003.png using Guid(1b0ff1660e930c0b34ccdab93264aaf2) (TextureImporter) -> (artifact id: '8327ac2fcb94b8995faec65084f02ced') in 0.0054264 seconds
Refreshing native plugins compatible for Editor in 3.04 ms, found 4 plugins.
Preloading 0 native plugins for Editor in 0.00 ms.
Asset Pipeline Refresh (id=d861d4c0eac9d8040a70e60a6ad0fa94): Total: 0.031 seconds - Initiated by StopAssetImportingV2(NoUpdateAssetOptions)
Start importing Assets/NoSafeCircle/DoorPrototype/Art/Wizard/Source/PixelLab/masculine-dark/selected/walk/south/frame_004.png using Guid(0820813ff9b01f44ad21488c5c8529ab) (TextureImporter) -> (artifact id: 'c58e877328f5dd3b13606fd483fd5e65') in 0.018907 seconds
Refreshing native plugins compatible for Editor in 3.13 ms, found 4 plugins.
Preloading 0 native plugins for Editor in 0.00 ms.
Asset Pipeline Refresh (id=89b1ae359bd92434f8d9702741c70907): Total: 0.039 seconds - Initiated by StopAssetImportingV2(NoUpdateAssetOptions)
Start importing Assets/NoSafeCircle/DoorPrototype/Art/Wizard/Source/PixelLab/masculine-dark/selected/walk/south/frame_004.png using Guid(0820813ff9b01f44ad21488c5c8529ab) (TextureImporter) -> (artifact id: '123cf84626b93332b774dc90dc3a5eb1') in 0.0044867 seconds
Refreshing native plugins compatible for Editor in 3.85 ms, found 4 plugins.
Preloading 0 native plugins for Editor in 0.00 ms.
Asset Pipeline Refresh (id=7f3384e04997ea9439ce46047bda0f7c): Total: 0.033 seconds - Initiated by StopAssetImportingV2(NoUpdateAssetOptions)
Start importing Assets/NoSafeCircle/DoorPrototype/Art/Wizard/Source/PixelLab/masculine-dark/selected/walk/south/frame_005.png using Guid(50cbf2857b24fe11f963b2b35be72f8c) (TextureImporter) -> (artifact id: 'a4364063924e7ace7ded97bac7c87401') in 0.0417326 seconds
Refreshing native plugins compatible for Editor in 3.13 ms, found 4 plugins.
Preloading 0 native plugins for Editor in 0.00 ms.
Asset Pipeline Refresh (id=f5ed83d1fe934db4ba24140a243123b5): Total: 0.061 seconds - Initiated by StopAssetImportingV2(NoUpdateAssetOptions)
Start importing Assets/NoSafeCircle/DoorPrototype/Art/Wizard/Source/PixelLab/masculine-dark/selected/walk/south/frame_005.png using Guid(50cbf2857b24fe11f963b2b35be72f8c) (TextureImporter) -> (artifact id: 'c3f11070242a375b5545434e4beba0a7') in 0.0056192 seconds
Refreshing native plugins compatible for Editor in 2.13 ms, found 4 plugins.
Preloading 0 native plugins for Editor in 0.00 ms.
Asset Pipeline Refresh (id=669e19719ad653944844b3e2795b52f6): Total: 0.033 seconds - Initiated by StopAssetImportingV2(NoUpdateAssetOptions)
Start importing Assets/NoSafeCircle/DoorPrototype/Art/Wizard/Generated/Wizard_Masculine_Black_walk_south.anim using Guid(4a7ea61968d7a3f4e8b596ddf55152b0) (NativeFormatImporter) -> (artifact id: '7d11dfe31e8e11164e24f755fec9cf06') in 0.0241732 seconds
Refreshing native plugins compatible for Editor in 2.38 ms, found 4 plugins.
Preloading 0 native plugins for Editor in 0.00 ms.
Asset Pipeline Refresh (id=14df3f050c8611a4ab782903db1c4c79): Total: 0.043 seconds - Initiated by StopAssetImportingV2(NoUpdateAssetOptions)
Start importing Assets/NoSafeCircle/DoorPrototype/Art/Wizard/Source/PixelLab/masculine-dark/selected/standing/south-west.png using Guid(9beca6eb733e13b47adf2a5ef994fc16) (TextureImporter) -> (artifact id: 'f535571f993a89e9404f7172871e0f78') in 0.0124545 seconds
Refreshing native plugins compatible for Editor in 3.90 ms, found 4 plugins.
Preloading 0 native plugins for Editor in 0.00 ms.
Asset Pipeline Refresh (id=deb896f25b9c547428c3102cd3b618b2): Total: 0.061 seconds - Initiated by StopAssetImportingV2(NoUpdateAssetOptions)
Start importing Assets/NoSafeCircle/DoorPrototype/Art/Wizard/Source/PixelLab/masculine-dark/selected/standing/south-west.png using Guid(9beca6eb733e13b47adf2a5ef994fc16) (TextureImporter) -> (artifact id: 'f535571f993a89e9404f7172871e0f78') in 0.0289156 seconds
Refreshing native plugins compatible for Editor in 4.05 ms, found 4 plugins.
Preloading 0 native plugins for Editor in 0.00 ms.
Asset Pipeline Refresh (id=d6a2d7f149025ae4a859f58fbf2007af): Total: 0.057 seconds - Initiated by StopAssetImportingV2(NoUpdateAssetOptions)
Start importing Assets/NoSafeCircle/DoorPrototype/Art/Wizard/Generated/Wizard_Masculine_Black_idle_south-west.anim using Guid(c25f1674d3647dc48af767d514f21035) (NativeFormatImporter) -> (artifact id: 'a9b4cc3a1c2a905d28dc80391fd6148f') in 0.0033214 seconds
Refreshing native plugins compatible for Editor in 2.63 ms, found 4 plugins.
Preloading 0 native plugins for Editor in 0.00 ms.
Asset Pipeline Refresh (id=42e3b11074317b843a346e242eb82b9d): Total: 0.026 seconds - Initiated by StopAssetImportingV2(NoUpdateAssetOptions)
Start importing Assets/NoSafeCircle/DoorPrototype/Art/Wizard/Source/PixelLab/masculine-dark/selected/walk/south-west/frame_000.png using Guid(776f5c35d81166b44ab22e18dc0146a5) (TextureImporter) -> (artifact id: '66ed380b191e0083940989d17523b553') in 0.0063868 seconds
Refreshing native plugins compatible for Editor in 3.16 ms, found 4 plugins.
Preloading 0 native plugins for Editor in 0.00 ms.
Asset Pipeline Refresh (id=b9b5cec168fd0034d9760f4474293f50): Total: 0.027 seconds - Initiated by StopAssetImportingV2(NoUpdateAssetOptions)
Start importing Assets/NoSafeCircle/DoorPrototype/Art/Wizard/Source/PixelLab/masculine-dark/selected/walk/south-west/frame_000.png using Guid(776f5c35d81166b44ab22e18dc0146a5) (TextureImporter) -> (artifact id: '66ed380b191e0083940989d17523b553') in 0.0041673 seconds
Refreshing native plugins compatible for Editor in 2.22 ms, found 4 plugins.
Preloading 0 native plugins for Editor in 0.00 ms.
Asset Pipeline Refresh (id=accfce9bd3772d247baed77b8d5ccc28): Total: 0.023 seconds - Initiated by StopAssetImportingV2(NoUpdateAssetOptions)
Start importing Assets/NoSafeCircle/DoorPrototype/Art/Wizard/Source/PixelLab/masculine-dark/selected/walk/south-west/frame_001.png using Guid(2cd3b109b7aec9740aa8c8908862f1c9) (TextureImporter) -> (artifact id: '88e3613c0665f217ee32930e5e467f0e') in 0.0204208 seconds
Refreshing native plugins compatible for Editor in 2.19 ms, found 4 plugins.
Preloading 0 native plugins for Editor in 0.00 ms.
Asset Pipeline Refresh (id=c42aabcda693ea74eb796d1f4ac5d970): Total: 0.036 seconds - Initiated by StopAssetImportingV2(NoUpdateAssetOptions)
Start importing Assets/NoSafeCircle/DoorPrototype/Art/Wizard/Source/PixelLab/masculine-dark/selected/walk/south-west/frame_001.png using Guid(2cd3b109b7aec9740aa8c8908862f1c9) (TextureImporter) -> (artifact id: '88e3613c0665f217ee32930e5e467f0e') in 0.0061378 seconds
Refreshing native plugins compatible for Editor in 2.57 ms, found 4 plugins.
Preloading 0 native plugins for Editor in 0.00 ms.
Asset Pipeline Refresh (id=d99d501136f9834478c7b1165ad67934): Total: 0.022 seconds - Initiated by StopAssetImportingV2(NoUpdateAssetOptions)
Start importing Assets/NoSafeCircle/DoorPrototype/Art/Wizard/Source/PixelLab/masculine-dark/selected/walk/south-west/frame_002.png using Guid(c40791ff841863a419cdc5ee365aa963) (TextureImporter) -> (artifact id: 'ab140908fb4c1e1ad4bd6e59dbbebdc6') in 0.0380754 seconds
Refreshing native plugins compatible for Editor in 2.72 ms, found 4 plugins.
Preloading 0 native plugins for Editor in 0.00 ms.
Asset Pipeline Refresh (id=92c047fc9b9c24844a727dc99bcdf5bf): Total: 0.060 seconds - Initiated by StopAssetImportingV2(NoUpdateAssetOptions)
Start importing Assets/NoSafeCircle/DoorPrototype/Art/Wizard/Source/PixelLab/masculine-dark/selected/walk/south-west/frame_002.png using Guid(c40791ff841863a419cdc5ee365aa963) (TextureImporter) -> (artifact id: 'ab140908fb4c1e1ad4bd6e59dbbebdc6') in 0.0060154 seconds
Refreshing native plugins compatible for Editor in 2.25 ms, found 4 plugins.
Preloading 0 native plugins for Editor in 0.00 ms.
Asset Pipeline Refresh (id=f4fcc8d5d081c664a9bb4503bdb53b92): Total: 0.026 seconds - Initiated by StopAssetImportingV2(NoUpdateAssetOptions)
Start importing Assets/NoSafeCircle/DoorPrototype/Art/Wizard/Source/PixelLab/masculine-dark/selected/walk/south-west/frame_003.png using Guid(d637417f30449724dafcf42e356b1f56) (TextureImporter) -> (artifact id: '1edaf77155634effcf6738d518e9b9e7') in 0.0508708 seconds
Refreshing native plugins compatible for Editor in 2.62 ms, found 4 plugins.
Preloading 0 native plugins for Editor in 0.00 ms.
Asset Pipeline Refresh (id=48c7d2a37c8b66542aa78f2fe9c20ece): Total: 0.073 seconds - Initiated by StopAssetImportingV2(NoUpdateAssetOptions)
Start importing Assets/NoSafeCircle/DoorPrototype/Art/Wizard/Source/PixelLab/masculine-dark/selected/walk/south-west/frame_003.png using Guid(d637417f30449724dafcf42e356b1f56) (TextureImporter) -> (artifact id: '1edaf77155634effcf6738d518e9b9e7') in 0.0041548 seconds
Refreshing native plugins compatible for Editor in 2.70 ms, found 4 plugins.
Preloading 0 native plugins for Editor in 0.00 ms.
Asset Pipeline Refresh (id=9a519a3c5b1302d45b8b3c16f3a20646): Total: 0.023 seconds - Initiated by StopAssetImportingV2(NoUpdateAssetOptions)
Start importing Assets/NoSafeCircle/DoorPrototype/Art/Wizard/Source/PixelLab/masculine-dark/selected/walk/south-west/frame_004.png using Guid(5c5d970a282cced45a93a2cac9cee61f) (TextureImporter) -> (artifact id: '0ae2238ac0dd4f5c4e817dfac2d26586') in 0.0584612 seconds
Refreshing native plugins compatible for Editor in 2.50 ms, found 4 plugins.
Preloading 0 native plugins for Editor in 0.00 ms.
Asset Pipeline Refresh (id=abcb53be0af94ba449b48d2b7080f339): Total: 0.075 seconds - Initiated by StopAssetImportingV2(NoUpdateAssetOptions)
Start importing Assets/NoSafeCircle/DoorPrototype/Art/Wizard/Source/PixelLab/masculine-dark/selected/walk/south-west/frame_004.png using Guid(5c5d970a282cced45a93a2cac9cee61f) (TextureImporter) -> (artifact id: '0ae2238ac0dd4f5c4e817dfac2d26586') in 0.0042347 seconds
Refreshing native plugins compatible for Editor in 3.21 ms, found 4 plugins.
Preloading 0 native plugins for Editor in 0.00 ms.
Asset Pipeline Refresh (id=9cc9debecf88fdc4199f812cc602c246): Total: 0.023 seconds - Initiated by StopAssetImportingV2(NoUpdateAssetOptions)
Start importing Assets/NoSafeCircle/DoorPrototype/Art/Wizard/Source/PixelLab/masculine-dark/selected/walk/south-west/frame_005.png using Guid(1445c2a3f84863d4b807f983659fcfb0) (TextureImporter) -> (artifact id: '81fb035ef66af4ad84f36308b75b0fb2') in 0.1221687 seconds
Refreshing native plugins compatible for Editor in 3.71 ms, found 4 plugins.
Preloading 0 native plugins for Editor in 0.00 ms.
Asset Pipeline Refresh (id=b3fd8e577bc5cc542a0aeaeab3d0ae12): Total: 0.144 seconds - Initiated by StopAssetImportingV2(NoUpdateAssetOptions)
Start importing Assets/NoSafeCircle/DoorPrototype/Art/Wizard/Source/PixelLab/masculine-dark/selected/walk/south-west/frame_005.png using Guid(1445c2a3f84863d4b807f983659fcfb0) (TextureImporter) -> (artifact id: '81fb035ef66af4ad84f36308b75b0fb2') in 0.0045166 seconds
Refreshing native plugins compatible for Editor in 3.10 ms, found 4 plugins.
Preloading 0 native plugins for Editor in 0.00 ms.
Asset Pipeline Refresh (id=e8883e5cb26811744967d629dc3515ee): Total: 0.022 seconds - Initiated by StopAssetImportingV2(NoUpdateAssetOptions)
Start importing Assets/NoSafeCircle/DoorPrototype/Art/Wizard/Generated/Wizard_Masculine_Black_walk_south-west.anim using Guid(72ae457a93eb234459c3362196a53f69) (NativeFormatImporter) -> (artifact id: 'a4dbe88908005c57969dbcf188d6a23f') in 0.0569276 seconds
Refreshing native plugins compatible for Editor in 2.34 ms, found 4 plugins.
Preloading 0 native plugins for Editor in 0.00 ms.
Asset Pipeline Refresh (id=d90c4984e2193a3458e05e5179898089): Total: 0.077 seconds - Initiated by StopAssetImportingV2(NoUpdateAssetOptions)
Start importing Assets/NoSafeCircle/DoorPrototype/Art/Wizard/Source/PixelLab/masculine-dark/selected/standing/west.png using Guid(73a6621521f4b884db960ca03998e8fe) (TextureImporter) -> (artifact id: '7adf28fff782a222e54fa235543ff0b0') in 0.1341529 seconds
Refreshing native plugins compatible for Editor in 4.36 ms, found 4 plugins.
Preloading 0 native plugins for Editor in 0.00 ms.
Asset Pipeline Refresh (id=f8a78ce6edea0004b8d29be0aa85b7c9): Total: 0.248 seconds - Initiated by StopAssetImportingV2(NoUpdateAssetOptions)
Start importing Assets/NoSafeCircle/DoorPrototype/Art/Wizard/Source/PixelLab/masculine-dark/selected/standing/west.png using Guid(73a6621521f4b884db960ca03998e8fe) (TextureImporter) -> (artifact id: '7adf28fff782a222e54fa235543ff0b0') in 0.0110525 seconds
Refreshing native plugins compatible for Editor in 3.65 ms, found 4 plugins.
Preloading 0 native plugins for Editor in 0.00 ms.
Asset Pipeline Refresh (id=dff371a53e85c9c4988f4fe88de594ea): Total: 0.052 seconds - Initiated by StopAssetImportingV2(NoUpdateAssetOptions)
Start importing Assets/NoSafeCircle/DoorPrototype/Art/Wizard/Generated/Wizard_Masculine_Black_idle_west.anim using Guid(c45b838879a92644c8ea0eca25129aaf) (NativeFormatImporter) -> (artifact id: '894753abff800f125d1e0bd586898049') in 0.0019732 seconds
Refreshing native plugins compatible for Editor in 2.33 ms, found 4 plugins.
Preloading 0 native plugins for Editor in 0.00 ms.
Asset Pipeline Refresh (id=c2cf1cbfb1bfeca4c83b7f6964bac173): Total: 0.023 seconds - Initiated by StopAssetImportingV2(NoUpdateAssetOptions)
Start importing Assets/NoSafeCircle/DoorPrototype/Art/Wizard/Source/PixelLab/masculine-dark/selected/walk/west/frame_000.png using Guid(406a33f1039036d8f903542c3ff0931d) (TextureImporter) -> (artifact id: '96d0e0130959fc430ae4cf0161bffb5e') in 0.0048607 seconds
Refreshing native plugins compatible for Editor in 2.73 ms, found 4 plugins.
Preloading 0 native plugins for Editor in 0.00 ms.
Asset Pipeline Refresh (id=2ccc5568c188b9e47896f49fe2864468): Total: 0.031 seconds - Initiated by StopAssetImportingV2(NoUpdateAssetOptions)
Start importing Assets/NoSafeCircle/DoorPrototype/Art/Wizard/Source/PixelLab/masculine-dark/selected/walk/west/frame_000.png using Guid(406a33f1039036d8f903542c3ff0931d) (TextureImporter) -> (artifact id: 'b0b860b7216b8d90ef9fc62f15c40ea9') in 0.0036688 seconds
Refreshing native plugins compatible for Editor in 2.89 ms, found 4 plugins.
Preloading 0 native plugins for Editor in 0.00 ms.
Asset Pipeline Refresh (id=f17da451dce28d443a7dde6ef63e9e47): Total: 0.049 seconds - Initiated by StopAssetImportingV2(NoUpdateAssetOptions)
Start importing Assets/NoSafeCircle/DoorPrototype/Art/Wizard/Source/PixelLab/masculine-dark/selected/walk/west/frame_001.png using Guid(e19a72f5dc58d02c35a833eb49b127d2) (TextureImporter) -> (artifact id: 'b14dd06b28fba3c3b25bb86b34efd6de') in 0.0203199 seconds
Refreshing native plugins compatible for Editor in 3.87 ms, found 4 plugins.
Preloading 0 native plugins for Editor in 0.00 ms.
Asset Pipeline Refresh (id=4ef3864dcff0e274ca75b9796e80d906): Total: 0.045 seconds - Initiated by StopAssetImportingV2(NoUpdateAssetOptions)
Start importing Assets/NoSafeCircle/DoorPrototype/Art/Wizard/Source/PixelLab/masculine-dark/selected/walk/west/frame_001.png using Guid(e19a72f5dc58d02c35a833eb49b127d2) (TextureImporter) -> (artifact id: 'ed715ec4621128fb7384187db4e8fd27') in 0.0044207 seconds
Refreshing native plugins compatible for Editor in 3.04 ms, found 4 plugins.
Preloading 0 native plugins for Editor in 0.00 ms.
Asset Pipeline Refresh (id=3511cb1d551094e4c8296a6394dc1059): Total: 0.029 seconds - Initiated by StopAssetImportingV2(NoUpdateAssetOptions)
Start importing Assets/NoSafeCircle/DoorPrototype/Art/Wizard/Source/PixelLab/masculine-dark/selected/walk/west/frame_002.png using Guid(610c0ce4bb33582a32ff09768acb0653) (TextureImporter) -> (artifact id: 'a6f6febb4f09497e1170631b3d679d38') in 0.035778 seconds
Refreshing native plugins compatible for Editor in 2.45 ms, found 4 plugins.
Preloading 0 native plugins for Editor in 0.00 ms.
Asset Pipeline Refresh (id=6fe6ba7976ed4764e8d05e2dd1be25e9): Total: 0.053 seconds - Initiated by StopAssetImportingV2(NoUpdateAssetOptions)
Start importing Assets/NoSafeCircle/DoorPrototype/Art/Wizard/Source/PixelLab/masculine-dark/selected/walk/west/frame_002.png using Guid(610c0ce4bb33582a32ff09768acb0653) (TextureImporter) -> (artifact id: '67621e6fb1031a6b49bd43ba957299c3') in 0.005393 seconds
Refreshing native plugins compatible for Editor in 3.93 ms, found 4 plugins.
Preloading 0 native plugins for Editor in 0.00 ms.
Asset Pipeline Refresh (id=d67e704e342f3be408841aecb31927f0): Total: 0.032 seconds - Initiated by StopAssetImportingV2(NoUpdateAssetOptions)
Start importing Assets/NoSafeCircle/DoorPrototype/Art/Wizard/Source/PixelLab/masculine-dark/selected/walk/west/frame_003.png using Guid(daa82697d89b247fb7fb9cdccb98ac1d) (TextureImporter) -> (artifact id: '5ce001a0647feabb5e603c84dbe560fd') in 0.053475 seconds
Refreshing native plugins compatible for Editor in 4.68 ms, found 4 plugins.
Preloading 0 native plugins for Editor in 0.00 ms.
Asset Pipeline Refresh (id=3fc729cea5695e7419e8932b44740d96): Total: 0.076 seconds - Initiated by StopAssetImportingV2(NoUpdateAssetOptions)
Start importing Assets/NoSafeCircle/DoorPrototype/Art/Wizard/Source/PixelLab/masculine-dark/selected/walk/west/frame_003.png using Guid(daa82697d89b247fb7fb9cdccb98ac1d) (TextureImporter) -> (artifact id: 'ef5c1c6ee19dd615381e4d9174640dce') in 0.0051206 seconds
Refreshing native plugins compatible for Editor in 3.21 ms, found 4 plugins.
Preloading 0 native plugins for Editor in 0.00 ms.
Asset Pipeline Refresh (id=8e62fc7cd6b9e7941bfc7d18dbf16f86): Total: 0.036 seconds - Initiated by StopAssetImportingV2(NoUpdateAssetOptions)
Start importing Assets/NoSafeCircle/DoorPrototype/Art/Wizard/Source/PixelLab/masculine-dark/selected/walk/west/frame_004.png using Guid(7a1a9d29eb53e33c17c9498195bad446) (TextureImporter) -> (artifact id: '32edfa74e3332afe8231fefae594b500') in 0.0127851 seconds
Refreshing native plugins compatible for Editor in 3.38 ms, found 4 plugins.
Preloading 0 native plugins for Editor in 0.00 ms.
Asset Pipeline Refresh (id=e45937d10b27e4d4f9d19d67add5edec): Total: 0.032 seconds - Initiated by StopAssetImportingV2(NoUpdateAssetOptions)
Start importing Assets/NoSafeCircle/DoorPrototype/Art/Wizard/Source/PixelLab/masculine-dark/selected/walk/west/frame_004.png using Guid(7a1a9d29eb53e33c17c9498195bad446) (TextureImporter) -> (artifact id: 'f2ccfec16bfc3d5ba46aef8d0c6563d0') in 0.0045822 seconds
Refreshing native plugins compatible for Editor in 2.28 ms, found 4 plugins.
Preloading 0 native plugins for Editor in 0.00 ms.
Asset Pipeline Refresh (id=49a233e14802fb24db1b5c4db075fe7d): Total: 0.032 seconds - Initiated by StopAssetImportingV2(NoUpdateAssetOptions)
Start importing Assets/NoSafeCircle/DoorPrototype/Art/Wizard/Source/PixelLab/masculine-dark/selected/walk/west/frame_005.png using Guid(1f15844ac48192cc77a6759f789cf408) (TextureImporter) -> (artifact id: '2d0585db1c7904ab262e186820f18dfb') in 0.0185488 seconds
Refreshing native plugins compatible for Editor in 4.04 ms, found 4 plugins.
Preloading 0 native plugins for Editor in 0.00 ms.
Asset Pipeline Refresh (id=04c0db5aafa3135409f4c7dd8099b52a): Total: 0.040 seconds - Initiated by StopAssetImportingV2(NoUpdateAssetOptions)
Start importing Assets/NoSafeCircle/DoorPrototype/Art/Wizard/Source/PixelLab/masculine-dark/selected/walk/west/frame_005.png using Guid(1f15844ac48192cc77a6759f789cf408) (TextureImporter) -> (artifact id: 'ecf84556795e658db6b064e86d8cfcc4') in 0.0047793 seconds
Refreshing native plugins compatible for Editor in 2.34 ms, found 4 plugins.
Preloading 0 native plugins for Editor in 0.00 ms.
Asset Pipeline Refresh (id=d5dbb2172bdc404438a485c5346be810): Total: 0.033 seconds - Initiated by StopAssetImportingV2(NoUpdateAssetOptions)
Start importing Assets/NoSafeCircle/DoorPrototype/Art/Wizard/Generated/Wizard_Masculine_Black_walk_west.anim using Guid(48dfce476ebe0834c9251f773ef241fb) (NativeFormatImporter) -> (artifact id: '894d7bf3c0ff63f30a62af1470edd2b8') in 0.0056074 seconds
Refreshing native plugins compatible for Editor in 2.20 ms, found 4 plugins.
Preloading 0 native plugins for Editor in 0.00 ms.
Asset Pipeline Refresh (id=523fb5c9aa4d9ef489228b123d7a9f18): Total: 0.021 seconds - Initiated by StopAssetImportingV2(NoUpdateAssetOptions)
Start importing Assets/NoSafeCircle/DoorPrototype/Art/Wizard/Source/PixelLab/masculine-dark/selected/standing/north-west.png using Guid(e75263b3690bab04b8176ae917d18d88) (TextureImporter) -> (artifact id: '0535b61d9380e4f2bc865a11da9ebc76') in 0.0139322 seconds
Refreshing native plugins compatible for Editor in 3.73 ms, found 4 plugins.
Preloading 0 native plugins for Editor in 0.00 ms.
Asset Pipeline Refresh (id=fa354c32ad1931f488206bbdba49635a): Total: 0.055 seconds - Initiated by StopAssetImportingV2(NoUpdateAssetOptions)
Start importing Assets/NoSafeCircle/DoorPrototype/Art/Wizard/Source/PixelLab/masculine-dark/selected/standing/north-west.png using Guid(e75263b3690bab04b8176ae917d18d88) (TextureImporter) -> (artifact id: '0535b61d9380e4f2bc865a11da9ebc76') in 0.0132235 seconds
Refreshing native plugins compatible for Editor in 2.59 ms, found 4 plugins.
Preloading 0 native plugins for Editor in 0.00 ms.
Asset Pipeline Refresh (id=eaaf6cfab4a13e44d9a586b72ec5b6c8): Total: 0.066 seconds - Initiated by StopAssetImportingV2(NoUpdateAssetOptions)
Start importing Assets/NoSafeCircle/DoorPrototype/Art/Wizard/Generated/Wizard_Masculine_Black_idle_north-west.anim using Guid(d8d7214b5b33c7d45b473512f6a6b552) (NativeFormatImporter) -> (artifact id: 'c5174fedb345871cf9928c56649a7f4f') in 0.0026845 seconds
Refreshing native plugins compatible for Editor in 2.89 ms, found 4 plugins.
Preloading 0 native plugins for Editor in 0.00 ms.
Asset Pipeline Refresh (id=50428123923972143bab78212269d03a): Total: 0.021 seconds - Initiated by StopAssetImportingV2(NoUpdateAssetOptions)
Start importing Assets/NoSafeCircle/DoorPrototype/Art/Wizard/Source/PixelLab/masculine-dark/selected/walk/north-west/frame_000.png using Guid(59be03f1f8ed05044b44945bfb672c37) (TextureImporter) -> (artifact id: '44704bbcafc84cd6aa59d280537cb82e') in 0.0065125 seconds
Refreshing native plugins compatible for Editor in 2.52 ms, found 4 plugins.
Preloading 0 native plugins for Editor in 0.00 ms.
Asset Pipeline Refresh (id=c7be07f56ce35cc45a8303be51edd565): Total: 0.023 seconds - Initiated by StopAssetImportingV2(NoUpdateAssetOptions)
Start importing Assets/NoSafeCircle/DoorPrototype/Art/Wizard/Source/PixelLab/masculine-dark/selected/walk/north-west/frame_000.png using Guid(59be03f1f8ed05044b44945bfb672c37) (TextureImporter) -> (artifact id: '44704bbcafc84cd6aa59d280537cb82e') in 0.0043741 seconds
Refreshing native plugins compatible for Editor in 3.34 ms, found 4 plugins.
Preloading 0 native plugins for Editor in 0.00 ms.
Asset Pipeline Refresh (id=640d6482ad5cb0e48bd04ccaa48490c4): Total: 0.024 seconds - Initiated by StopAssetImportingV2(NoUpdateAssetOptions)
Start importing Assets/NoSafeCircle/DoorPrototype/Art/Wizard/Source/PixelLab/masculine-dark/selected/walk/north-west/frame_001.png using Guid(ac8d39179fc68a0498b9c8efc35d1ea6) (TextureImporter) -> (artifact id: '857174a8c0a1c0a5ba4bf61ba72f8459') in 0.0204386 seconds
Refreshing native plugins compatible for Editor in 2.34 ms, found 4 plugins.
Preloading 0 native plugins for Editor in 0.00 ms.
Asset Pipeline Refresh (id=4d395e932e1f2694a810ba9bc11351f2): Total: 0.037 seconds - Initiated by StopAssetImportingV2(NoUpdateAssetOptions)
Start importing Assets/NoSafeCircle/DoorPrototype/Art/Wizard/Source/PixelLab/masculine-dark/selected/walk/north-west/frame_001.png using Guid(ac8d39179fc68a0498b9c8efc35d1ea6) (TextureImporter) -> (artifact id: '857174a8c0a1c0a5ba4bf61ba72f8459') in 0.0042826 seconds
Refreshing native plugins compatible for Editor in 2.50 ms, found 4 plugins.
Preloading 0 native plugins for Editor in 0.00 ms.
Asset Pipeline Refresh (id=a36936c5ec0bc684287fe484198a005b): Total: 0.024 seconds - Initiated by StopAssetImportingV2(NoUpdateAssetOptions)
Start importing Assets/NoSafeCircle/DoorPrototype/Art/Wizard/Source/PixelLab/masculine-dark/selected/walk/north-west/frame_002.png using Guid(47ac16eb16a35744190743cc30f44756) (TextureImporter) -> (artifact id: '7e63b6b83adf1f9873f0ddd8fe15d7e4') in 0.0216809 seconds
Refreshing native plugins compatible for Editor in 2.36 ms, found 4 plugins.
Preloading 0 native plugins for Editor in 0.00 ms.
Asset Pipeline Refresh (id=72947b44197b41e49a921f8543d00e01): Total: 0.038 seconds - Initiated by StopAssetImportingV2(NoUpdateAssetOptions)
Start importing Assets/NoSafeCircle/DoorPrototype/Art/Wizard/Source/PixelLab/masculine-dark/selected/walk/north-west/frame_002.png using Guid(47ac16eb16a35744190743cc30f44756) (TextureImporter) -> (artifact id: '7e63b6b83adf1f9873f0ddd8fe15d7e4') in 0.0052626 seconds
Refreshing native plugins compatible for Editor in 3.09 ms, found 4 plugins.
Preloading 0 native plugins for Editor in 0.00 ms.
Asset Pipeline Refresh (id=ff0b587fa4a545a47ac58dd2e9b3703c): Total: 0.022 seconds - Initiated by StopAssetImportingV2(NoUpdateAssetOptions)
Start importing Assets/NoSafeCircle/DoorPrototype/Art/Wizard/Source/PixelLab/masculine-dark/selected/walk/north-west/frame_003.png using Guid(bd77fb88b248f494c9d5619b0b04fd2e) (TextureImporter) -> (artifact id: '433c65ccb349397a2f13b45686316954') in 0.0174732 seconds
Refreshing native plugins compatible for Editor in 2.14 ms, found 4 plugins.
Preloading 0 native plugins for Editor in 0.00 ms.
Asset Pipeline Refresh (id=65091b4b4e4778a49bcdb09fb2e7edd7): Total: 0.032 seconds - Initiated by StopAssetImportingV2(NoUpdateAssetOptions)
Start importing Assets/NoSafeCircle/DoorPrototype/Art/Wizard/Source/PixelLab/masculine-dark/selected/walk/north-west/frame_003.png using Guid(bd77fb88b248f494c9d5619b0b04fd2e) (TextureImporter) -> (artifact id: '433c65ccb349397a2f13b45686316954') in 0.0045399 seconds
Refreshing native plugins compatible for Editor in 2.54 ms, found 4 plugins.
Preloading 0 native plugins for Editor in 0.00 ms.
Asset Pipeline Refresh (id=53d24778472f89a40b241ee53e8d621d): Total: 0.020 seconds - Initiated by StopAssetImportingV2(NoUpdateAssetOptions)
Start importing Assets/NoSafeCircle/DoorPrototype/Art/Wizard/Source/PixelLab/masculine-dark/selected/walk/north-west/frame_004.png using Guid(68823b30a08d2a84c80a7e2d2c377c51) (TextureImporter) -> (artifact id: '1f8adf1fa82cb527aeed37c09002c511') in 0.0318462 seconds
Refreshing native plugins compatible for Editor in 2.34 ms, found 4 plugins.
Preloading 0 native plugins for Editor in 0.00 ms.
Asset Pipeline Refresh (id=6b7f83cf45b548c42bb9ba23623974d8): Total: 0.047 seconds - Initiated by StopAssetImportingV2(NoUpdateAssetOptions)
Start importing Assets/NoSafeCircle/DoorPrototype/Art/Wizard/Source/PixelLab/masculine-dark/selected/walk/north-west/frame_004.png using Guid(68823b30a08d2a84c80a7e2d2c377c51) (TextureImporter) -> (artifact id: '1f8adf1fa82cb527aeed37c09002c511') in 0.0046977 seconds
Refreshing native plugins compatible for Editor in 2.20 ms, found 4 plugins.
Preloading 0 native plugins for Editor in 0.00 ms.
Asset Pipeline Refresh (id=44685c285b24e8b46adcfdaad26c9aba): Total: 0.020 seconds - Initiated by StopAssetImportingV2(NoUpdateAssetOptions)
Start importing Assets/NoSafeCircle/DoorPrototype/Art/Wizard/Source/PixelLab/masculine-dark/selected/walk/north-west/frame_005.png using Guid(cbfaa1dec76a34840905881d83fcf717) (TextureImporter) -> (artifact id: '1d9b88969f326e7e83a00a6421d439ae') in 0.0250435 seconds
Refreshing native plugins compatible for Editor in 3.34 ms, found 4 plugins.
Preloading 0 native plugins for Editor in 0.00 ms.
Asset Pipeline Refresh (id=82de8d7748cf8d1458cf7f06840d47fc): Total: 0.043 seconds - Initiated by StopAssetImportingV2(NoUpdateAssetOptions)
Start importing Assets/NoSafeCircle/DoorPrototype/Art/Wizard/Source/PixelLab/masculine-dark/selected/walk/north-west/frame_005.png using Guid(cbfaa1dec76a34840905881d83fcf717) (TextureImporter) -> (artifact id: '1d9b88969f326e7e83a00a6421d439ae') in 0.0041043 seconds
Refreshing native plugins compatible for Editor in 3.39 ms, found 4 plugins.
Preloading 0 native plugins for Editor in 0.00 ms.
Asset Pipeline Refresh (id=2cd6bea085b9d7e47a261a9e02984806): Total: 0.020 seconds - Initiated by StopAssetImportingV2(NoUpdateAssetOptions)
Start importing Assets/NoSafeCircle/DoorPrototype/Art/Wizard/Generated/Wizard_Masculine_Black_walk_north-west.anim using Guid(ffa34882f71fcbf4b8faf50c3d8281e4) (NativeFormatImporter) -> (artifact id: 'b5e48767b478eb5011ac9f89ddb4579b') in 0.0478438 seconds
Refreshing native plugins compatible for Editor in 3.20 ms, found 4 plugins.
Preloading 0 native plugins for Editor in 0.00 ms.
Asset Pipeline Refresh (id=47a1ca6275f46ac48893ca05ed931c91): Total: 0.065 seconds - Initiated by StopAssetImportingV2(NoUpdateAssetOptions)
Start importing Assets/NoSafeCircle/DoorPrototype/Art/Wizard/Source/PixelLab/feminine-light/selected/standing/north.png using Guid(ac9b52e1340fb394787642749536edb3) (TextureImporter) -> (artifact id: '805d1a789f89d8b3ad352598bc5abcc0') in 0.0054875 seconds
Refreshing native plugins compatible for Editor in 2.47 ms, found 4 plugins.
Preloading 0 native plugins for Editor in 0.00 ms.
Asset Pipeline Refresh (id=c213b7d9bb2bcc74cb6e7d8294018fcb): Total: 0.021 seconds - Initiated by StopAssetImportingV2(NoUpdateAssetOptions)
Start importing Assets/NoSafeCircle/DoorPrototype/Art/Wizard/Source/PixelLab/feminine-light/selected/standing/north.png using Guid(ac9b52e1340fb394787642749536edb3) (TextureImporter) -> (artifact id: '805d1a789f89d8b3ad352598bc5abcc0') in 0.0038406 seconds
Refreshing native plugins compatible for Editor in 2.41 ms, found 4 plugins.
Preloading 0 native plugins for Editor in 0.00 ms.
Asset Pipeline Refresh (id=44030bd4fc09eb640bc8c1885a3f1e9b): Total: 0.020 seconds - Initiated by StopAssetImportingV2(NoUpdateAssetOptions)
Start importing Assets/NoSafeCircle/DoorPrototype/Art/Wizard/Source/PixelLab/feminine-light/selected/standing/north-east.png using Guid(3a29d5ea152c58241a5bc6cb67a3a543) (TextureImporter) -> (artifact id: 'b77f64c4cb088159b43826e211c4bbd9') in 0.0107645 seconds
Refreshing native plugins compatible for Editor in 2.95 ms, found 4 plugins.
Preloading 0 native plugins for Editor in 0.00 ms.
Asset Pipeline Refresh (id=dac05cf4fb319a84fae195c9250bb23c): Total: 0.031 seconds - Initiated by StopAssetImportingV2(NoUpdateAssetOptions)
Start importing Assets/NoSafeCircle/DoorPrototype/Art/Wizard/Source/PixelLab/feminine-light/selected/standing/north-east.png using Guid(3a29d5ea152c58241a5bc6cb67a3a543) (TextureImporter) -> (artifact id: 'b77f64c4cb088159b43826e211c4bbd9') in 0.0045586 seconds
Refreshing native plugins compatible for Editor in 2.52 ms, found 4 plugins.
Preloading 0 native plugins for Editor in 0.00 ms.
Asset Pipeline Refresh (id=53fc55a9eb4929d41a8b24ecfe8e58fa): Total: 0.021 seconds - Initiated by StopAssetImportingV2(NoUpdateAssetOptions)
Start importing Assets/NoSafeCircle/DoorPrototype/Art/Wizard/Source/PixelLab/feminine-light/selected/standing/east.png using Guid(bc7e4d4b177892d468986d5ff6f53ba4) (TextureImporter) -> (artifact id: 'b6216376bd6583f03583b438ec5d7c3e') in 0.0223869 seconds
Refreshing native plugins compatible for Editor in 2.61 ms, found 4 plugins.
Preloading 0 native plugins for Editor in 0.00 ms.
Asset Pipeline Refresh (id=b3ccd74d65431424b8d2cb57a5e042ad): Total: 0.039 seconds - Initiated by StopAssetImportingV2(NoUpdateAssetOptions)
Start importing Assets/NoSafeCircle/DoorPrototype/Art/Wizard/Source/PixelLab/feminine-light/selected/standing/east.png using Guid(bc7e4d4b177892d468986d5ff6f53ba4) (TextureImporter) -> (artifact id: 'b6216376bd6583f03583b438ec5d7c3e') in 0.0049323 seconds
Refreshing native plugins compatible for Editor in 3.07 ms, found 4 plugins.
Preloading 0 native plugins for Editor in 0.00 ms.
Asset Pipeline Refresh (id=f5e530e7eb1914f42a00a1a5ce511845): Total: 0.022 seconds - Initiated by StopAssetImportingV2(NoUpdateAssetOptions)
Start importing Assets/NoSafeCircle/DoorPrototype/Art/Wizard/Source/PixelLab/feminine-light/selected/standing/south-east.png using Guid(1fb2dac316457be4bada3f5a5606f7df) (TextureImporter) -> (artifact id: '80e18e1cbc3415aefe5362a168679a27') in 0.0185565 seconds
Refreshing native plugins compatible for Editor in 2.75 ms, found 4 plugins.
Preloading 0 native plugins for Editor in 0.00 ms.
Asset Pipeline Refresh (id=f88efb7a27ced79498267d31d28a3cf5): Total: 0.038 seconds - Initiated by StopAssetImportingV2(NoUpdateAssetOptions)
Start importing Assets/NoSafeCircle/DoorPrototype/Art/Wizard/Source/PixelLab/feminine-light/selected/standing/south-east.png using Guid(1fb2dac316457be4bada3f5a5606f7df) (TextureImporter) -> (artifact id: '80e18e1cbc3415aefe5362a168679a27') in 0.0039883 seconds
Refreshing native plugins compatible for Editor in 2.43 ms, found 4 plugins.
Preloading 0 native plugins for Editor in 0.00 ms.
Asset Pipeline Refresh (id=37330f23836ff8a409224ed052bf68f6): Total: 0.020 seconds - Initiated by StopAssetImportingV2(NoUpdateAssetOptions)
Start importing Assets/NoSafeCircle/DoorPrototype/Art/Wizard/Source/PixelLab/feminine-light/selected/standing/south.png using Guid(910f6f5068b180b4d8ff24012fa1b10e) (TextureImporter) -> (artifact id: '7baebb4b1f364d7c80b0f04c338f02ed') in 0.0198924 seconds
Refreshing native plugins compatible for Editor in 2.64 ms, found 4 plugins.
Preloading 0 native plugins for Editor in 0.00 ms.
Asset Pipeline Refresh (id=e7fa7c871224f974a8a52dc041887353): Total: 0.035 seconds - Initiated by StopAssetImportingV2(NoUpdateAssetOptions)
Start importing Assets/NoSafeCircle/DoorPrototype/Art/Wizard/Source/PixelLab/feminine-light/selected/standing/south.png using Guid(910f6f5068b180b4d8ff24012fa1b10e) (TextureImporter) -> (artifact id: '7baebb4b1f364d7c80b0f04c338f02ed') in 0.0059577 seconds
Refreshing native plugins compatible for Editor in 2.73 ms, found 4 plugins.
Preloading 0 native plugins for Editor in 0.00 ms.
Asset Pipeline Refresh (id=2fc4dafa796ea934e90c5d164198e83a): Total: 0.022 seconds - Initiated by StopAssetImportingV2(NoUpdateAssetOptions)
Start importing Assets/NoSafeCircle/DoorPrototype/Art/Wizard/Source/PixelLab/feminine-light/selected/standing/south-west.png using Guid(69675d2f21dcbf0408dc56b39566ad44) (TextureImporter) -> (artifact id: 'f5a27cd1e8f0e484b4b02d22cff5531b') in 0.0191947 seconds
Refreshing native plugins compatible for Editor in 2.50 ms, found 4 plugins.
Preloading 0 native plugins for Editor in 0.00 ms.
Asset Pipeline Refresh (id=ee5dff28929a6c9468bafc54cb8bb3a6): Total: 0.035 seconds - Initiated by StopAssetImportingV2(NoUpdateAssetOptions)
Start importing Assets/NoSafeCircle/DoorPrototype/Art/Wizard/Source/PixelLab/feminine-light/selected/standing/south-west.png using Guid(69675d2f21dcbf0408dc56b39566ad44) (TextureImporter) -> (artifact id: 'f5a27cd1e8f0e484b4b02d22cff5531b') in 0.0052304 seconds
Refreshing native plugins compatible for Editor in 3.15 ms, found 4 plugins.
Preloading 0 native plugins for Editor in 0.00 ms.
Asset Pipeline Refresh (id=63155a04234dc184e8d2f2961d570c81): Total: 0.021 seconds - Initiated by StopAssetImportingV2(NoUpdateAssetOptions)
Start importing Assets/NoSafeCircle/DoorPrototype/Art/Wizard/Source/PixelLab/feminine-light/selected/standing/west.png using Guid(d3e076e1e7bf71646827412177215b56) (TextureImporter) -> (artifact id: 'ae6fb8b685348deb580dda82a386ea5a') in 0.0110234 seconds
Refreshing native plugins compatible for Editor in 2.38 ms, found 4 plugins.
Preloading 0 native plugins for Editor in 0.00 ms.
Asset Pipeline Refresh (id=35dadcf2d923e9b479501ceaf91145d1): Total: 0.028 seconds - Initiated by StopAssetImportingV2(NoUpdateAssetOptions)
Start importing Assets/NoSafeCircle/DoorPrototype/Art/Wizard/Source/PixelLab/feminine-light/selected/standing/west.png using Guid(d3e076e1e7bf71646827412177215b56) (TextureImporter) -> (artifact id: 'ae6fb8b685348deb580dda82a386ea5a') in 0.0041642 seconds
Refreshing native plugins compatible for Editor in 2.45 ms, found 4 plugins.
Preloading 0 native plugins for Editor in 0.00 ms.
Asset Pipeline Refresh (id=c0c4e65615d3cbd44b7e8fe791f5e869): Total: 0.021 seconds - Initiated by StopAssetImportingV2(NoUpdateAssetOptions)
Start importing Assets/NoSafeCircle/DoorPrototype/Art/Wizard/Source/PixelLab/feminine-light/selected/standing/north-west.png using Guid(d70b4b3e3697fc74a8819908aa834e8e) (TextureImporter) -> (artifact id: 'c6b5da2033b1fbe53d368542f9be588e') in 0.0233218 seconds
Refreshing native plugins compatible for Editor in 3.46 ms, found 4 plugins.
Preloading 0 native plugins for Editor in 0.00 ms.
Asset Pipeline Refresh (id=cdd857d0634415f459b815a1051c823c): Total: 0.041 seconds - Initiated by StopAssetImportingV2(NoUpdateAssetOptions)
Start importing Assets/NoSafeCircle/DoorPrototype/Art/Wizard/Source/PixelLab/feminine-light/selected/standing/north-west.png using Guid(d70b4b3e3697fc74a8819908aa834e8e) (TextureImporter) -> (artifact id: 'c6b5da2033b1fbe53d368542f9be588e') in 0.0047112 seconds
Refreshing native plugins compatible for Editor in 3.17 ms, found 4 plugins.
Preloading 0 native plugins for Editor in 0.00 ms.
Asset Pipeline Refresh (id=a5d4927de0d5b7348b26d8059fa17a32): Total: 0.024 seconds - Initiated by StopAssetImportingV2(NoUpdateAssetOptions)
Start importing Assets/NoSafeCircle/DoorPrototype/Art/Wizard/Source/PixelLab/feminine-light/selected/standing/north.png using Guid(ac9b52e1340fb394787642749536edb3) (TextureImporter) -> (artifact id: '805d1a789f89d8b3ad352598bc5abcc0') in 0.0192989 seconds
Refreshing native plugins compatible for Editor in 3.21 ms, found 4 plugins.
Preloading 0 native plugins for Editor in 0.00 ms.
Asset Pipeline Refresh (id=0b28ef8541d37b74a901c1a8f57ec51c): Total: 0.040 seconds - Initiated by StopAssetImportingV2(NoUpdateAssetOptions)
Start importing Assets/NoSafeCircle/DoorPrototype/Art/Wizard/Source/PixelLab/feminine-light/selected/standing/north.png using Guid(ac9b52e1340fb394787642749536edb3) (TextureImporter) -> (artifact id: '805d1a789f89d8b3ad352598bc5abcc0') in 0.027625 seconds
Refreshing native plugins compatible for Editor in 2.43 ms, found 4 plugins.
Preloading 0 native plugins for Editor in 0.00 ms.
Asset Pipeline Refresh (id=ab3de09e05a840e45984d052eec78295): Total: 0.047 seconds - Initiated by StopAssetImportingV2(NoUpdateAssetOptions)
Start importing Assets/NoSafeCircle/DoorPrototype/Art/Wizard/Generated/Wizard_Feminine_White_idle_north.anim using Guid(8f679078579149b48a2128104bb7663f) (NativeFormatImporter) -> (artifact id: 'fb8a44971639503e814668c04974b745') in 0.0023697 seconds
Refreshing native plugins compatible for Editor in 2.47 ms, found 4 plugins.
Preloading 0 native plugins for Editor in 0.00 ms.
Asset Pipeline Refresh (id=65ea3a3ffece6e7439d0456a435e1f52): Total: 0.019 seconds - Initiated by StopAssetImportingV2(NoUpdateAssetOptions)
Start importing Assets/NoSafeCircle/DoorPrototype/Art/Wizard/Source/PixelLab/feminine-light/selected/walk/north/frame_000.png using Guid(8f56513754d165c53a842e08cafb77e6) (TextureImporter) -> (artifact id: 'cb16e456ecbe0e4c4826edc3c40b618a') in 0.0065045 seconds
Refreshing native plugins compatible for Editor in 2.98 ms, found 4 plugins.
Preloading 0 native plugins for Editor in 0.00 ms.
Asset Pipeline Refresh (id=38f07f6c1741c474fa1d6b72f7130524): Total: 0.024 seconds - Initiated by StopAssetImportingV2(NoUpdateAssetOptions)
Start importing Assets/NoSafeCircle/DoorPrototype/Art/Wizard/Source/PixelLab/feminine-light/selected/walk/north/frame_000.png using Guid(8f56513754d165c53a842e08cafb77e6) (TextureImporter) -> (artifact id: '780b8147b479f14512c966666c23a719') in 0.004008 seconds
Refreshing native plugins compatible for Editor in 2.35 ms, found 4 plugins.
Preloading 0 native plugins for Editor in 0.00 ms.
Asset Pipeline Refresh (id=c8e2efcc828f4f6429966494ec5a23cd): Total: 0.028 seconds - Initiated by StopAssetImportingV2(NoUpdateAssetOptions)
Start importing Assets/NoSafeCircle/DoorPrototype/Art/Wizard/Source/PixelLab/feminine-light/selected/walk/north/frame_001.png using Guid(7ccbdc5a0bb5aee56c09d9c5724bbb76) (TextureImporter) -> (artifact id: 'ca270c27b045133c3a9d908aa9fb109c') in 0.0174228 seconds
Refreshing native plugins compatible for Editor in 2.16 ms, found 4 plugins.
Preloading 0 native plugins for Editor in 0.00 ms.
Asset Pipeline Refresh (id=95586b2dfde5250408b5b68e252a6d29): Total: 0.032 seconds - Initiated by StopAssetImportingV2(NoUpdateAssetOptions)
Start importing Assets/NoSafeCircle/DoorPrototype/Art/Wizard/Source/PixelLab/feminine-light/selected/walk/north/frame_001.png using Guid(7ccbdc5a0bb5aee56c09d9c5724bbb76) (TextureImporter) -> (artifact id: '51af6deb58659b1988960136ff65dadb') in 0.0041362 seconds
Refreshing native plugins compatible for Editor in 3.75 ms, found 4 plugins.
Preloading 0 native plugins for Editor in 0.00 ms.
Asset Pipeline Refresh (id=c9d73a35f2bb0294f98250daa1b0a6e9): Total: 0.030 seconds - Initiated by StopAssetImportingV2(NoUpdateAssetOptions)
Start importing Assets/NoSafeCircle/DoorPrototype/Art/Wizard/Source/PixelLab/feminine-light/selected/walk/north/frame_002.png using Guid(4be1834258c82b62a4598171a4744683) (TextureImporter) -> (artifact id: 'f3e2234ccb7dd4fe41e2761ecbe92651') in 0.0087095 seconds
Refreshing native plugins compatible for Editor in 2.80 ms, found 4 plugins.
Preloading 0 native plugins for Editor in 0.00 ms.
Asset Pipeline Refresh (id=bc7180ce66ee54a459a6d444f6235840): Total: 0.025 seconds - Initiated by StopAssetImportingV2(NoUpdateAssetOptions)
Start importing Assets/NoSafeCircle/DoorPrototype/Art/Wizard/Source/PixelLab/feminine-light/selected/walk/north/frame_002.png using Guid(4be1834258c82b62a4598171a4744683) (TextureImporter) -> (artifact id: 'bf79cdae96a4e24d48c94962c87e85c5') in 0.0039773 seconds
Refreshing native plugins compatible for Editor in 3.29 ms, found 4 plugins.
Preloading 0 native plugins for Editor in 0.00 ms.
Asset Pipeline Refresh (id=71dbe4747c5fdf745b69b504ec5bd367): Total: 0.030 seconds - Initiated by StopAssetImportingV2(NoUpdateAssetOptions)
Start importing Assets/NoSafeCircle/DoorPrototype/Art/Wizard/Source/PixelLab/feminine-light/selected/walk/north/frame_003.png using Guid(1309b5a52bc3aeafb472d5ee8aa189e3) (TextureImporter) -> (artifact id: '1476b7c3568840c56e0e1d6a5786770c') in 0.0530179 seconds
Refreshing native plugins compatible for Editor in 3.23 ms, found 4 plugins.
Preloading 0 native plugins for Editor in 0.00 ms.
Asset Pipeline Refresh (id=83c1412d67f3c1b418a56910cbdd1572): Total: 0.068 seconds - Initiated by StopAssetImportingV2(NoUpdateAssetOptions)
Start importing Assets/NoSafeCircle/DoorPrototype/Art/Wizard/Source/PixelLab/feminine-light/selected/walk/north/frame_003.png using Guid(1309b5a52bc3aeafb472d5ee8aa189e3) (TextureImporter) -> (artifact id: '77158b1135033ff41a21fce58ad86094') in 0.0043954 seconds
Refreshing native plugins compatible for Editor in 2.73 ms, found 4 plugins.
Preloading 0 native plugins for Editor in 0.00 ms.
Asset Pipeline Refresh (id=4e4f49ab0dbcae244a136f50540f3bdd): Total: 0.028 seconds - Initiated by StopAssetImportingV2(NoUpdateAssetOptions)
Start importing Assets/NoSafeCircle/DoorPrototype/Art/Wizard/Source/PixelLab/feminine-light/selected/walk/north/frame_004.png using Guid(37d06f8586efe085d7fe78e1f646065b) (TextureImporter) -> (artifact id: 'c24250a2456084938f0b8a5544ebb313') in 0.0520139 seconds
Refreshing native plugins compatible for Editor in 3.42 ms, found 4 plugins.
Preloading 0 native plugins for Editor in 0.00 ms.
Asset Pipeline Refresh (id=7511dfbe3257a6e44890c9a4e986f3b5): Total: 0.069 seconds - Initiated by StopAssetImportingV2(NoUpdateAssetOptions)
Start importing Assets/NoSafeCircle/DoorPrototype/Art/Wizard/Source/PixelLab/feminine-light/selected/walk/north/frame_004.png using Guid(37d06f8586efe085d7fe78e1f646065b) (TextureImporter) -> (artifact id: '2fca366bf5162af4690bb763ad3cd178') in 0.0043435 seconds
Refreshing native plugins compatible for Editor in 2.72 ms, found 4 plugins.
Preloading 0 native plugins for Editor in 0.00 ms.
Asset Pipeline Refresh (id=a797ce976aa89634984c93d48e624377): Total: 0.028 seconds - Initiated by StopAssetImportingV2(NoUpdateAssetOptions)
Start importing Assets/NoSafeCircle/DoorPrototype/Art/Wizard/Source/PixelLab/feminine-light/selected/walk/north/frame_005.png using Guid(fdb46698409cb4e0bd71f5deb4f20ab7) (TextureImporter) -> (artifact id: '5a568e42e36a14a826ded9ae4c87086e') in 0.0091782 seconds
Refreshing native plugins compatible for Editor in 2.28 ms, found 4 plugins.
Preloading 0 native plugins for Editor in 0.00 ms.
Asset Pipeline Refresh (id=23f435c74e5aa9c4aaf0e2a20f4e36b6): Total: 0.033 seconds - Initiated by StopAssetImportingV2(NoUpdateAssetOptions)
Start importing Assets/NoSafeCircle/DoorPrototype/Art/Wizard/Source/PixelLab/feminine-light/selected/walk/north/frame_005.png using Guid(fdb46698409cb4e0bd71f5deb4f20ab7) (TextureImporter) -> (artifact id: 'ef6b3bb2810240990d9f375766d912ce') in 0.0038969 seconds
Refreshing native plugins compatible for Editor in 2.46 ms, found 4 plugins.
Preloading 0 native plugins for Editor in 0.00 ms.
Asset Pipeline Refresh (id=70bc61280f1e6684880cb41e1860c133): Total: 0.027 seconds - Initiated by StopAssetImportingV2(NoUpdateAssetOptions)
Start importing Assets/NoSafeCircle/DoorPrototype/Art/Wizard/Generated/Wizard_Feminine_White_walk_north.anim using Guid(0885cfca7928f8c48b184792d5156e07) (NativeFormatImporter) -> (artifact id: '3c48d6b44696776186d37637cd94c1e3') in 0.0030025 seconds
Refreshing native plugins compatible for Editor in 2.23 ms, found 4 plugins.
Preloading 0 native plugins for Editor in 0.00 ms.
Asset Pipeline Refresh (id=b277e10e74f2b754bb85306844c7ffb1): Total: 0.018 seconds - Initiated by StopAssetImportingV2(NoUpdateAssetOptions)
Start importing Assets/NoSafeCircle/DoorPrototype/Art/Wizard/Source/PixelLab/feminine-light/selected/standing/north-east.png using Guid(3a29d5ea152c58241a5bc6cb67a3a543) (TextureImporter) -> (artifact id: 'b77f64c4cb088159b43826e211c4bbd9') in 0.0099271 seconds
Refreshing native plugins compatible for Editor in 3.01 ms, found 4 plugins.
Preloading 0 native plugins for Editor in 0.00 ms.
Asset Pipeline Refresh (id=4e778566bfb122a4086833c9711502b4): Total: 0.028 seconds - Initiated by StopAssetImportingV2(NoUpdateAssetOptions)
Start importing Assets/NoSafeCircle/DoorPrototype/Art/Wizard/Source/PixelLab/feminine-light/selected/standing/north-east.png using Guid(3a29d5ea152c58241a5bc6cb67a3a543) (TextureImporter) -> (artifact id: 'b77f64c4cb088159b43826e211c4bbd9') in 0.0047678 seconds
Refreshing native plugins compatible for Editor in 2.45 ms, found 4 plugins.
Preloading 0 native plugins for Editor in 0.00 ms.
Asset Pipeline Refresh (id=a18d98af8cf493d4dbda4ce2cde73655): Total: 0.021 seconds - Initiated by StopAssetImportingV2(NoUpdateAssetOptions)
Start importing Assets/NoSafeCircle/DoorPrototype/Art/Wizard/Generated/Wizard_Feminine_White_idle_north-east.anim using Guid(e42d5fa15071bc84c9a2bc0955fc584b) (NativeFormatImporter) -> (artifact id: '5f0ec9375b368b165ad93878248f0c52') in 0.0027836 seconds
Refreshing native plugins compatible for Editor in 2.31 ms, found 4 plugins.
Preloading 0 native plugins for Editor in 0.00 ms.
Asset Pipeline Refresh (id=428249d5a8421bd46a35e41d6df72751): Total: 0.019 seconds - Initiated by StopAssetImportingV2(NoUpdateAssetOptions)
Start importing Assets/NoSafeCircle/DoorPrototype/Art/Wizard/Source/PixelLab/feminine-light/selected/walk/north-east/frame_000.png using Guid(05b72720e1db8df41b83f320b6c2ce8f) (TextureImporter) -> (artifact id: '208ed1611fbef3bead5c62e1e714640b') in 0.0061241 seconds
Refreshing native plugins compatible for Editor in 3.67 ms, found 4 plugins.
Preloading 0 native plugins for Editor in 0.00 ms.
Asset Pipeline Refresh (id=1e1148d5e0cc6174caea450eeca72257): Total: 0.026 seconds - Initiated by StopAssetImportingV2(NoUpdateAssetOptions)
Start importing Assets/NoSafeCircle/DoorPrototype/Art/Wizard/Source/PixelLab/feminine-light/selected/walk/north-east/frame_000.png using Guid(05b72720e1db8df41b83f320b6c2ce8f) (TextureImporter) -> (artifact id: '208ed1611fbef3bead5c62e1e714640b') in 0.0048018 seconds
Refreshing native plugins compatible for Editor in 3.51 ms, found 4 plugins.
Preloading 0 native plugins for Editor in 0.00 ms.
Asset Pipeline Refresh (id=1e7cd5c648dada444abb432afa1f258d): Total: 0.024 seconds - Initiated by StopAssetImportingV2(NoUpdateAssetOptions)
Start importing Assets/NoSafeCircle/DoorPrototype/Art/Wizard/Source/PixelLab/feminine-light/selected/walk/north-east/frame_001.png using Guid(0b38e0a077dc3b1408029a0f19061d3d) (TextureImporter) -> (artifact id: '639264ced225248c3ae1874a0a19d09a') in 0.0080689 seconds
Refreshing native plugins compatible for Editor in 4.23 ms, found 4 plugins.
Preloading 0 native plugins for Editor in 0.00 ms.
Asset Pipeline Refresh (id=faab9dc4c85c52d4ab2fd976d8888f0c): Total: 0.030 seconds - Initiated by StopAssetImportingV2(NoUpdateAssetOptions)
Start importing Assets/NoSafeCircle/DoorPrototype/Art/Wizard/Source/PixelLab/feminine-light/selected/walk/north-east/frame_001.png using Guid(0b38e0a077dc3b1408029a0f19061d3d) (TextureImporter) -> (artifact id: '639264ced225248c3ae1874a0a19d09a') in 0.0058336 seconds
Refreshing native plugins compatible for Editor in 2.92 ms, found 4 plugins.
Preloading 0 native plugins for Editor in 0.00 ms.
Asset Pipeline Refresh (id=5a0677c6d5106ec479387f71f3ee066b): Total: 0.027 seconds - Initiated by StopAssetImportingV2(NoUpdateAssetOptions)
Start importing Assets/NoSafeCircle/DoorPrototype/Art/Wizard/Source/PixelLab/feminine-light/selected/walk/north-east/frame_002.png using Guid(55a241624c68fcd45a57295365306560) (TextureImporter) -> (artifact id: '0d2a77a015fe29daf1be9e68b5ae375b') in 0.0086884 seconds
Refreshing native plugins compatible for Editor in 2.41 ms, found 4 plugins.
Preloading 0 native plugins for Editor in 0.00 ms.
Asset Pipeline Refresh (id=20bb07b4a202212418090da650f1d19b): Total: 0.024 seconds - Initiated by StopAssetImportingV2(NoUpdateAssetOptions)
Start importing Assets/NoSafeCircle/DoorPrototype/Art/Wizard/Source/PixelLab/feminine-light/selected/walk/north-east/frame_002.png using Guid(55a241624c68fcd45a57295365306560) (TextureImporter) -> (artifact id: '0d2a77a015fe29daf1be9e68b5ae375b') in 0.0047851 seconds
Refreshing native plugins compatible for Editor in 3.40 ms, found 4 plugins.
Preloading 0 native plugins for Editor in 0.00 ms.
Asset Pipeline Refresh (id=276f7da9925b7d1429c2d8dd503dcaae): Total: 0.027 seconds - Initiated by StopAssetImportingV2(NoUpdateAssetOptions)
Start importing Assets/NoSafeCircle/DoorPrototype/Art/Wizard/Source/PixelLab/feminine-light/selected/walk/north-east/frame_003.png using Guid(1bf1f3a6449a11a4aacaef706b06cae9) (TextureImporter) -> (artifact id: '5ffa5d227f9b81d826ce534e5f436be4') in 0.00738 seconds
Refreshing native plugins compatible for Editor in 3.91 ms, found 4 plugins.
Preloading 0 native plugins for Editor in 0.00 ms.
Asset Pipeline Refresh (id=28625cc6eaca69c40b86c917999ea766): Total: 0.025 seconds - Initiated by StopAssetImportingV2(NoUpdateAssetOptions)
Start importing Assets/NoSafeCircle/DoorPrototype/Art/Wizard/Source/PixelLab/feminine-light/selected/walk/north-east/frame_003.png using Guid(1bf1f3a6449a11a4aacaef706b06cae9) (TextureImporter) -> (artifact id: '5ffa5d227f9b81d826ce534e5f436be4') in 0.0045122 seconds
Refreshing native plugins compatible for Editor in 2.23 ms, found 4 plugins.
Preloading 0 native plugins for Editor in 0.00 ms.
Asset Pipeline Refresh (id=6207243c249dcfd4d96bcdd2532e9a07): Total: 0.022 seconds - Initiated by StopAssetImportingV2(NoUpdateAssetOptions)
Start importing Assets/NoSafeCircle/DoorPrototype/Art/Wizard/Source/PixelLab/feminine-light/selected/walk/north-east/frame_004.png using Guid(03aa8d83ae4e8ea40881b62cef75f623) (TextureImporter) -> (artifact id: 'b4ee58f8d7918e29dca1bedaf2ed8c38') in 0.0081711 seconds
Refreshing native plugins compatible for Editor in 4.34 ms, found 4 plugins.
Preloading 0 native plugins for Editor in 0.00 ms.
Asset Pipeline Refresh (id=5ee9beb3a8f168b4fa819c97b5b84e30): Total: 0.028 seconds - Initiated by StopAssetImportingV2(NoUpdateAssetOptions)
Start importing Assets/NoSafeCircle/DoorPrototype/Art/Wizard/Source/PixelLab/feminine-light/selected/walk/north-east/frame_004.png using Guid(03aa8d83ae4e8ea40881b62cef75f623) (TextureImporter) -> (artifact id: 'b4ee58f8d7918e29dca1bedaf2ed8c38') in 0.003857 seconds
Refreshing native plugins compatible for Editor in 2.16 ms, found 4 plugins.
Preloading 0 native plugins for Editor in 0.00 ms.
Asset Pipeline Refresh (id=8009d7ea28e90a042975d480beec505e): Total: 0.023 seconds - Initiated by StopAssetImportingV2(NoUpdateAssetOptions)
Start importing Assets/NoSafeCircle/DoorPrototype/Art/Wizard/Source/PixelLab/feminine-light/selected/walk/north-east/frame_005.png using Guid(1e60c61dcabe1a243a7d6d7b823bdee0) (TextureImporter) -> (artifact id: '089f6eb04871c6b6ddbd6615afa53524') in 0.0059664 seconds
Refreshing native plugins compatible for Editor in 2.30 ms, found 4 plugins.
Preloading 0 native plugins for Editor in 0.00 ms.
Asset Pipeline Refresh (id=b1cf8b21d8983e141870ea7a1bab7187): Total: 0.021 seconds - Initiated by StopAssetImportingV2(NoUpdateAssetOptions)
Start importing Assets/NoSafeCircle/DoorPrototype/Art/Wizard/Source/PixelLab/feminine-light/selected/walk/north-east/frame_005.png using Guid(1e60c61dcabe1a243a7d6d7b823bdee0) (TextureImporter) -> (artifact id: '089f6eb04871c6b6ddbd6615afa53524') in 0.0039198 seconds
Refreshing native plugins compatible for Editor in 2.11 ms, found 4 plugins.
Preloading 0 native plugins for Editor in 0.00 ms.
Asset Pipeline Refresh (id=f43b5a723ec17e3458c6e98cbc4843b9): Total: 0.020 seconds - Initiated by StopAssetImportingV2(NoUpdateAssetOptions)
Start importing Assets/NoSafeCircle/DoorPrototype/Art/Wizard/Generated/Wizard_Feminine_White_walk_north-east.anim using Guid(8082b591b68e5ef4a89905d20d9d0c4c) (NativeFormatImporter) -> (artifact id: '2a2ef3a424614781db0d0c7796065477') in 0.0028239 seconds
Refreshing native plugins compatible for Editor in 2.24 ms, found 4 plugins.
Preloading 0 native plugins for Editor in 0.00 ms.
Asset Pipeline Refresh (id=98359512477037743870b2862f0b6231): Total: 0.020 seconds - Initiated by StopAssetImportingV2(NoUpdateAssetOptions)
Start importing Assets/NoSafeCircle/DoorPrototype/Art/Wizard/Source/PixelLab/feminine-light/selected/standing/east.png using Guid(bc7e4d4b177892d468986d5ff6f53ba4) (TextureImporter) -> (artifact id: 'b6216376bd6583f03583b438ec5d7c3e') in 0.0043991 seconds
Refreshing native plugins compatible for Editor in 3.06 ms, found 4 plugins.
Preloading 0 native plugins for Editor in 0.00 ms.
Asset Pipeline Refresh (id=beb5bb1380c86494fb7c8eea27ff7f3c): Total: 0.020 seconds - Initiated by StopAssetImportingV2(NoUpdateAssetOptions)
Start importing Assets/NoSafeCircle/DoorPrototype/Art/Wizard/Source/PixelLab/feminine-light/selected/standing/east.png using Guid(bc7e4d4b177892d468986d5ff6f53ba4) (TextureImporter) -> (artifact id: 'b6216376bd6583f03583b438ec5d7c3e') in 0.0044024 seconds
Refreshing native plugins compatible for Editor in 2.51 ms, found 4 plugins.
Preloading 0 native plugins for Editor in 0.00 ms.
Asset Pipeline Refresh (id=12dbf2cf18fe8dc42abf61ba054d5d85): Total: 0.022 seconds - Initiated by StopAssetImportingV2(NoUpdateAssetOptions)
Start importing Assets/NoSafeCircle/DoorPrototype/Art/Wizard/Generated/Wizard_Feminine_White_idle_east.anim using Guid(fb77f2f728e731e4eaa594b8adc9e1a5) (NativeFormatImporter) -> (artifact id: 'b6ffd52f3d4bc17c3f5f3b831ff84d6d') in 0.0032354 seconds
Refreshing native plugins compatible for Editor in 2.23 ms, found 4 plugins.
Preloading 0 native plugins for Editor in 0.00 ms.
Asset Pipeline Refresh (id=f734cce105e2b0c4b9e041af3b594baa): Total: 0.018 seconds - Initiated by StopAssetImportingV2(NoUpdateAssetOptions)
Start importing Assets/NoSafeCircle/DoorPrototype/Art/Wizard/Source/PixelLab/feminine-light/selected/walk/east/frame_000.png using Guid(3463b566e314abdb58429e9a227a8cbc) (TextureImporter) -> (artifact id: '8151fd02e0202a7bdd90a74c9c576cb5') in 0.0049667 seconds
Refreshing native plugins compatible for Editor in 2.53 ms, found 4 plugins.
Preloading 0 native plugins for Editor in 0.00 ms.
Asset Pipeline Refresh (id=a88bc11b97fea5b4dbf4d987c050daa8): Total: 0.020 seconds - Initiated by StopAssetImportingV2(NoUpdateAssetOptions)
Start importing Assets/NoSafeCircle/DoorPrototype/Art/Wizard/Source/PixelLab/feminine-light/selected/walk/east/frame_000.png using Guid(3463b566e314abdb58429e9a227a8cbc) (TextureImporter) -> (artifact id: '8c6b7a27278fe0009ee848f8ab9317cd') in 0.0044594 seconds
Refreshing native plugins compatible for Editor in 2.72 ms, found 4 plugins.
Preloading 0 native plugins for Editor in 0.00 ms.
Asset Pipeline Refresh (id=5b016a0e0258923409ec2e356ae084e8): Total: 0.029 seconds - Initiated by StopAssetImportingV2(NoUpdateAssetOptions)
Start importing Assets/NoSafeCircle/DoorPrototype/Art/Wizard/Source/PixelLab/feminine-light/selected/walk/east/frame_001.png using Guid(eecb1542390e0e97a12677a8902b3318) (TextureImporter) -> (artifact id: 'c6a12a5abd77e7f5261d17b0697bf830') in 0.0066366 seconds
Refreshing native plugins compatible for Editor in 2.74 ms, found 4 plugins.
Preloading 0 native plugins for Editor in 0.00 ms.
Asset Pipeline Refresh (id=e609e94ea8c984942bfba97f7508db6f): Total: 0.021 seconds - Initiated by StopAssetImportingV2(NoUpdateAssetOptions)
Start importing Assets/NoSafeCircle/DoorPrototype/Art/Wizard/Source/PixelLab/feminine-light/selected/walk/east/frame_001.png using Guid(eecb1542390e0e97a12677a8902b3318) (TextureImporter) -> (artifact id: 'c62fcb63e886e0924497f900193a1be9') in 0.0047858 seconds
Refreshing native plugins compatible for Editor in 2.32 ms, found 4 plugins.
Preloading 0 native plugins for Editor in 0.00 ms.
Asset Pipeline Refresh (id=d85381b24dbb9d346a3559630fb66be1): Total: 0.030 seconds - Initiated by StopAssetImportingV2(NoUpdateAssetOptions)
Start importing Assets/NoSafeCircle/DoorPrototype/Art/Wizard/Source/PixelLab/feminine-light/selected/walk/east/frame_002.png using Guid(6b35729f5df238e5b12c1bea369c29cc) (TextureImporter) -> (artifact id: '0ea8ad244ac5cae8028754f438fe58a6') in 0.0059367 seconds
Refreshing native plugins compatible for Editor in 2.73 ms, found 4 plugins.
Preloading 0 native plugins for Editor in 0.00 ms.
Asset Pipeline Refresh (id=5cc4c1c9935a0a643b63af53b341abec): Total: 0.022 seconds - Initiated by StopAssetImportingV2(NoUpdateAssetOptions)
Start importing Assets/NoSafeCircle/DoorPrototype/Art/Wizard/Source/PixelLab/feminine-light/selected/walk/east/frame_002.png using Guid(6b35729f5df238e5b12c1bea369c29cc) (TextureImporter) -> (artifact id: 'fde348b4309bdbb4ba5bedf24946f0d1') in 0.0044515 seconds
Refreshing native plugins compatible for Editor in 2.39 ms, found 4 plugins.
Preloading 0 native plugins for Editor in 0.00 ms.
Asset Pipeline Refresh (id=b1ad381de27810941b4534b7eb33f68f): Total: 0.030 seconds - Initiated by StopAssetImportingV2(NoUpdateAssetOptions)
Start importing Assets/NoSafeCircle/DoorPrototype/Art/Wizard/Source/PixelLab/feminine-light/selected/walk/east/frame_003.png using Guid(754639718611e7a62c979efb305c5a11) (TextureImporter) -> (artifact id: '7973e81e9b0df6652c274fd3c22e1a60') in 0.0057249 seconds
Refreshing native plugins compatible for Editor in 2.15 ms, found 4 plugins.
Preloading 0 native plugins for Editor in 0.00 ms.
Asset Pipeline Refresh (id=130e816fdab8a8c448243898cc4ce09e): Total: 0.020 seconds - Initiated by StopAssetImportingV2(NoUpdateAssetOptions)
Start importing Assets/NoSafeCircle/DoorPrototype/Art/Wizard/Source/PixelLab/feminine-light/selected/walk/east/frame_003.png using Guid(754639718611e7a62c979efb305c5a11) (TextureImporter) -> (artifact id: 'b39df205499d2efd77d655dc22fa132b') in 0.0039342 seconds
Refreshing native plugins compatible for Editor in 3.11 ms, found 4 plugins.
Preloading 0 native plugins for Editor in 0.00 ms.
Asset Pipeline Refresh (id=272b769c34b68e64990122e1a4191795): Total: 0.031 seconds - Initiated by StopAssetImportingV2(NoUpdateAssetOptions)
Start importing Assets/NoSafeCircle/DoorPrototype/Art/Wizard/Source/PixelLab/feminine-light/selected/walk/east/frame_004.png using Guid(13dc2d8e253e9fae0d02c0e50596d4c3) (TextureImporter) -> (artifact id: '98053682c13d2044e2bf21d647ae98f4') in 0.0053055 seconds
Refreshing native plugins compatible for Editor in 3.37 ms, found 4 plugins.
Preloading 0 native plugins for Editor in 0.00 ms.
Asset Pipeline Refresh (id=4223f049e8f3b6441940c6697ed26aa9): Total: 0.025 seconds - Initiated by StopAssetImportingV2(NoUpdateAssetOptions)
Start importing Assets/NoSafeCircle/DoorPrototype/Art/Wizard/Source/PixelLab/feminine-light/selected/walk/east/frame_004.png using Guid(13dc2d8e253e9fae0d02c0e50596d4c3) (TextureImporter) -> (artifact id: 'bda40a4e5f6e76e8bfdd4b55fdc6627e') in 0.0056232 seconds
Refreshing native plugins compatible for Editor in 2.18 ms, found 4 plugins.
Preloading 0 native plugins for Editor in 0.00 ms.
Asset Pipeline Refresh (id=74da103c9875f1b4f8b0f1d95a46694d): Total: 0.033 seconds - Initiated by StopAssetImportingV2(NoUpdateAssetOptions)
Start importing Assets/NoSafeCircle/DoorPrototype/Art/Wizard/Source/PixelLab/feminine-light/selected/walk/east/frame_005.png using Guid(5ffc0e6d610a53c770f68c70a07ef9b2) (TextureImporter) -> (artifact id: '49193da0659a21c1df8fedfde1d8d7aa') in 0.006786 seconds
Refreshing native plugins compatible for Editor in 2.92 ms, found 4 plugins.
Preloading 0 native plugins for Editor in 0.00 ms.
Asset Pipeline Refresh (id=f758d689d0f17b945832d890d6adb363): Total: 0.022 seconds - Initiated by StopAssetImportingV2(NoUpdateAssetOptions)
Start importing Assets/NoSafeCircle/DoorPrototype/Art/Wizard/Source/PixelLab/feminine-light/selected/walk/east/frame_005.png using Guid(5ffc0e6d610a53c770f68c70a07ef9b2) (TextureImporter) -> (artifact id: '1d126802f91fb792c33c24f13d1a4a9a') in 0.00408 seconds
Refreshing native plugins compatible for Editor in 2.82 ms, found 4 plugins.
Preloading 0 native plugins for Editor in 0.00 ms.
Asset Pipeline Refresh (id=009af120e9ffe6446becab49248115e5): Total: 0.029 seconds - Initiated by StopAssetImportingV2(NoUpdateAssetOptions)
Start importing Assets/NoSafeCircle/DoorPrototype/Art/Wizard/Generated/Wizard_Feminine_White_walk_east.anim using Guid(5256882748978af49933c0816bea7bbf) (NativeFormatImporter) -> (artifact id: '85f43794a527ca52d5d6475e7759ae1d') in 0.0027048 seconds
Refreshing native plugins compatible for Editor in 2.22 ms, found 4 plugins.
Preloading 0 native plugins for Editor in 0.00 ms.
Asset Pipeline Refresh (id=6bc3734e72c18914e80dfd785d0eae7c): Total: 0.018 seconds - Initiated by StopAssetImportingV2(NoUpdateAssetOptions)
Start importing Assets/NoSafeCircle/DoorPrototype/Art/Wizard/Source/PixelLab/feminine-light/selected/standing/south-east.png using Guid(1fb2dac316457be4bada3f5a5606f7df) (TextureImporter) -> (artifact id: '80e18e1cbc3415aefe5362a168679a27') in 0.0045202 seconds
Refreshing native plugins compatible for Editor in 2.25 ms, found 4 plugins.
Preloading 0 native plugins for Editor in 0.00 ms.
Asset Pipeline Refresh (id=c55da1d79a7a80d4789a03f9020b8ae5): Total: 0.019 seconds - Initiated by StopAssetImportingV2(NoUpdateAssetOptions)
Start importing Assets/NoSafeCircle/DoorPrototype/Art/Wizard/Source/PixelLab/feminine-light/selected/standing/south-east.png using Guid(1fb2dac316457be4bada3f5a5606f7df) (TextureImporter) -> (artifact id: '80e18e1cbc3415aefe5362a168679a27') in 0.0045493 seconds
Refreshing native plugins compatible for Editor in 2.52 ms, found 4 plugins.
Preloading 0 native plugins for Editor in 0.00 ms.
Asset Pipeline Refresh (id=3172597eda1b5cf48bf8669e637b8139): Total: 0.020 seconds - Initiated by StopAssetImportingV2(NoUpdateAssetOptions)
Start importing Assets/NoSafeCircle/DoorPrototype/Art/Wizard/Generated/Wizard_Feminine_White_idle_south-east.anim using Guid(bbda5a9de6368bb45a82e03ca9d6d1db) (NativeFormatImporter) -> (artifact id: 'c573a7bc336f5f1c25fc0192f6db25a9') in 0.0024242 seconds
Refreshing native plugins compatible for Editor in 2.68 ms, found 4 plugins.
Preloading 0 native plugins for Editor in 0.00 ms.
Asset Pipeline Refresh (id=6602f05d9b2f6cf4b9164fe6a2665e0b): Total: 0.020 seconds - Initiated by StopAssetImportingV2(NoUpdateAssetOptions)
Start importing Assets/NoSafeCircle/DoorPrototype/Art/Wizard/Source/PixelLab/feminine-light/selected/walk/south-east/frame_000.png using Guid(976a04156ad0de54d8d7002c8f52312b) (TextureImporter) -> (artifact id: '5d693dfef4c81979ad85a24d42f5ec3b') in 0.0057994 seconds
Refreshing native plugins compatible for Editor in 2.79 ms, found 4 plugins.
Preloading 0 native plugins for Editor in 0.00 ms.
Asset Pipeline Refresh (id=459734b838740094daf190d8f31eec77): Total: 0.021 seconds - Initiated by StopAssetImportingV2(NoUpdateAssetOptions)
Start importing Assets/NoSafeCircle/DoorPrototype/Art/Wizard/Source/PixelLab/feminine-light/selected/walk/south-east/frame_000.png using Guid(976a04156ad0de54d8d7002c8f52312b) (TextureImporter) -> (artifact id: '5d693dfef4c81979ad85a24d42f5ec3b') in 0.0038588 seconds
Refreshing native plugins compatible for Editor in 3.23 ms, found 4 plugins.
Preloading 0 native plugins for Editor in 0.00 ms.
Asset Pipeline Refresh (id=37b471ce7c83f6f49870140704372bb1): Total: 0.021 seconds - Initiated by StopAssetImportingV2(NoUpdateAssetOptions)
Start importing Assets/NoSafeCircle/DoorPrototype/Art/Wizard/Source/PixelLab/feminine-light/selected/walk/south-east/frame_001.png using Guid(36a12f4dfea3eda4ea0aa0ccfc4aecdd) (TextureImporter) -> (artifact id: '1e578f946117151b735e93725a1a61b5') in 0.0063278 seconds
Refreshing native plugins compatible for Editor in 2.88 ms, found 4 plugins.
Preloading 0 native plugins for Editor in 0.00 ms.
Asset Pipeline Refresh (id=4b0c553e3f7a994418ec9117a87d8e47): Total: 0.025 seconds - Initiated by StopAssetImportingV2(NoUpdateAssetOptions)
Start importing Assets/NoSafeCircle/DoorPrototype/Art/Wizard/Source/PixelLab/feminine-light/selected/walk/south-east/frame_001.png using Guid(36a12f4dfea3eda4ea0aa0ccfc4aecdd) (TextureImporter) -> (artifact id: '1e578f946117151b735e93725a1a61b5') in 0.0043113 seconds
Refreshing native plugins compatible for Editor in 2.95 ms, found 4 plugins.
Preloading 0 native plugins for Editor in 0.00 ms.
Asset Pipeline Refresh (id=84b660e7f808d964da4a9acd330717b6): Total: 0.022 seconds - Initiated by StopAssetImportingV2(NoUpdateAssetOptions)
Start importing Assets/NoSafeCircle/DoorPrototype/Art/Wizard/Source/PixelLab/feminine-light/selected/walk/south-east/frame_002.png using Guid(d5c9bb0fcd2881643ad42d6490cdbb2f) (TextureImporter) -> (artifact id: 'b0779ed1c55f58cbe2bd52efd2a0aafa') in 0.006774 seconds
Refreshing native plugins compatible for Editor in 2.39 ms, found 4 plugins.
Preloading 0 native plugins for Editor in 0.00 ms.
Asset Pipeline Refresh (id=36cde32b756448847ae9880b835fd37a): Total: 0.027 seconds - Initiated by StopAssetImportingV2(NoUpdateAssetOptions)
Start importing Assets/NoSafeCircle/DoorPrototype/Art/Wizard/Source/PixelLab/feminine-light/selected/walk/south-east/frame_002.png using Guid(d5c9bb0fcd2881643ad42d6490cdbb2f) (TextureImporter) -> (artifact id: 'b0779ed1c55f58cbe2bd52efd2a0aafa') in 0.0058779 seconds
Refreshing native plugins compatible for Editor in 3.82 ms, found 4 plugins.
Preloading 0 native plugins for Editor in 0.00 ms.
Asset Pipeline Refresh (id=3a3b920fc49254a409c1012efa454836): Total: 0.023 seconds - Initiated by StopAssetImportingV2(NoUpdateAssetOptions)
Start importing Assets/NoSafeCircle/DoorPrototype/Art/Wizard/Source/PixelLab/feminine-light/selected/walk/south-east/frame_003.png using Guid(7735190ab7b7ad24f9f00fdcda06ce21) (TextureImporter) -> (artifact id: 'fa30300d397ef25557d7b0b67ec468a6') in 0.0064473 seconds
Refreshing native plugins compatible for Editor in 3.97 ms, found 4 plugins.
Preloading 0 native plugins for Editor in 0.00 ms.
Asset Pipeline Refresh (id=4b034c259bac065489ebb2acecf58344): Total: 0.024 seconds - Initiated by StopAssetImportingV2(NoUpdateAssetOptions)
Start importing Assets/NoSafeCircle/DoorPrototype/Art/Wizard/Source/PixelLab/feminine-light/selected/walk/south-east/frame_003.png using Guid(7735190ab7b7ad24f9f00fdcda06ce21) (TextureImporter) -> (artifact id: 'fa30300d397ef25557d7b0b67ec468a6') in 0.0046704 seconds
Refreshing native plugins compatible for Editor in 3.98 ms, found 4 plugins.
Preloading 0 native plugins for Editor in 0.00 ms.
Asset Pipeline Refresh (id=5462138d9d9d21b4497b2111c65fe60c): Total: 0.021 seconds - Initiated by StopAssetImportingV2(NoUpdateAssetOptions)
Start importing Assets/NoSafeCircle/DoorPrototype/Art/Wizard/Source/PixelLab/feminine-light/selected/walk/south-east/frame_004.png using Guid(0ebf9a95e19be54498ed3f815cf1bce4) (TextureImporter) -> (artifact id: 'bf9f62394ea26582689b0783cacb19e1') in 0.0068465 seconds
Refreshing native plugins compatible for Editor in 2.77 ms, found 4 plugins.
Preloading 0 native plugins for Editor in 0.00 ms.
Asset Pipeline Refresh (id=08d22cafd028eaa4f86afaf78d5509bf): Total: 0.024 seconds - Initiated by StopAssetImportingV2(NoUpdateAssetOptions)
Start importing Assets/NoSafeCircle/DoorPrototype/Art/Wizard/Source/PixelLab/feminine-light/selected/walk/south-east/frame_004.png using Guid(0ebf9a95e19be54498ed3f815cf1bce4) (TextureImporter) -> (artifact id: 'bf9f62394ea26582689b0783cacb19e1') in 0.0053169 seconds
Refreshing native plugins compatible for Editor in 3.37 ms, found 4 plugins.
Preloading 0 native plugins for Editor in 0.00 ms.
Asset Pipeline Refresh (id=30895e3b659699f4db919395b85efce8): Total: 0.023 seconds - Initiated by StopAssetImportingV2(NoUpdateAssetOptions)
Start importing Assets/NoSafeCircle/DoorPrototype/Art/Wizard/Source/PixelLab/feminine-light/selected/walk/south-east/frame_005.png using Guid(28e4eaa2bf37ba54aafb34db68d6e60a) (TextureImporter) -> (artifact id: '068fc989317579e077e68a26fa7737e5') in 0.0083716 seconds
Refreshing native plugins compatible for Editor in 2.36 ms, found 4 plugins.
Preloading 0 native plugins for Editor in 0.00 ms.
Asset Pipeline Refresh (id=36438f381472de443af634df7dfdee85): Total: 0.029 seconds - Initiated by StopAssetImportingV2(NoUpdateAssetOptions)
Start importing Assets/NoSafeCircle/DoorPrototype/Art/Wizard/Source/PixelLab/feminine-light/selected/walk/south-east/frame_005.png using Guid(28e4eaa2bf37ba54aafb34db68d6e60a) (TextureImporter) -> (artifact id: '068fc989317579e077e68a26fa7737e5') in 0.0051615 seconds
Refreshing native plugins compatible for Editor in 3.76 ms, found 4 plugins.
Preloading 0 native plugins for Editor in 0.00 ms.
Asset Pipeline Refresh (id=ba992a23339ffb945acaac1f069d3833): Total: 0.028 seconds - Initiated by StopAssetImportingV2(NoUpdateAssetOptions)
Start importing Assets/NoSafeCircle/DoorPrototype/Art/Wizard/Generated/Wizard_Feminine_White_walk_south-east.anim using Guid(f54a6762bb01e2b4694a7bdbb61dd759) (NativeFormatImporter) -> (artifact id: '7c0df26bf41748d78714baf66d4d90a6') in 0.0043822 seconds
Refreshing native plugins compatible for Editor in 2.93 ms, found 4 plugins.
Preloading 0 native plugins for Editor in 0.00 ms.
Asset Pipeline Refresh (id=4608e7017dab3d64a9a2a6b384fd9386): Total: 0.025 seconds - Initiated by StopAssetImportingV2(NoUpdateAssetOptions)
Start importing Assets/NoSafeCircle/DoorPrototype/Art/Wizard/Source/PixelLab/feminine-light/selected/standing/south.png using Guid(910f6f5068b180b4d8ff24012fa1b10e) (TextureImporter) -> (artifact id: '7baebb4b1f364d7c80b0f04c338f02ed') in 0.037352 seconds
Refreshing native plugins compatible for Editor in 2.28 ms, found 4 plugins.
Preloading 0 native plugins for Editor in 0.00 ms.
Asset Pipeline Refresh (id=8fae435d65b8ed948b5a0515ee6270dd): Total: 0.057 seconds - Initiated by StopAssetImportingV2(NoUpdateAssetOptions)
Start importing Assets/NoSafeCircle/DoorPrototype/Art/Wizard/Source/PixelLab/feminine-light/selected/standing/south.png using Guid(910f6f5068b180b4d8ff24012fa1b10e) (TextureImporter) -> (artifact id: '7baebb4b1f364d7c80b0f04c338f02ed') in 0.0063405 seconds
Refreshing native plugins compatible for Editor in 3.35 ms, found 4 plugins.
Preloading 0 native plugins for Editor in 0.00 ms.
Asset Pipeline Refresh (id=4167a73ba06738a4dbd263037dc57af8): Total: 0.027 seconds - Initiated by StopAssetImportingV2(NoUpdateAssetOptions)
Start importing Assets/NoSafeCircle/DoorPrototype/Art/Wizard/Generated/Wizard_Feminine_White_idle_south.anim using Guid(0ac68c20cc00783419e1458e5ce7f6fc) (NativeFormatImporter) -> (artifact id: '6332e66606135a34ae69ec8b3a5a5fbe') in 0.0021443 seconds
Refreshing native plugins compatible for Editor in 2.49 ms, found 4 plugins.
Preloading 0 native plugins for Editor in 0.00 ms.
Asset Pipeline Refresh (id=80d810e0046a40841ab8e685d9579b10): Total: 0.021 seconds - Initiated by StopAssetImportingV2(NoUpdateAssetOptions)
Start importing Assets/NoSafeCircle/DoorPrototype/Art/Wizard/Source/PixelLab/feminine-light/selected/walk/south/frame_000.png using Guid(098223b733d01b7ec5d1b41bd1e74578) (TextureImporter) -> (artifact id: '34673aecfee1136b7e0ba64e2505c0ae') in 0.0063632 seconds
Refreshing native plugins compatible for Editor in 2.32 ms, found 4 plugins.
Preloading 0 native plugins for Editor in 0.00 ms.
Asset Pipeline Refresh (id=195b2c1014ac01a4fbae1b19c824ee08): Total: 0.029 seconds - Initiated by StopAssetImportingV2(NoUpdateAssetOptions)
Start importing Assets/NoSafeCircle/DoorPrototype/Art/Wizard/Source/PixelLab/feminine-light/selected/walk/south/frame_000.png using Guid(098223b733d01b7ec5d1b41bd1e74578) (TextureImporter) -> (artifact id: 'f351ef636b08fd2cc9d2a2925e78802e') in 0.0045534 seconds
Refreshing native plugins compatible for Editor in 2.49 ms, found 4 plugins.
Preloading 0 native plugins for Editor in 0.00 ms.
Asset Pipeline Refresh (id=d43b8c2a596e2d14fb68f75e9c189ba2): Total: 0.029 seconds - Initiated by StopAssetImportingV2(NoUpdateAssetOptions)
Start importing Assets/NoSafeCircle/DoorPrototype/Art/Wizard/Source/PixelLab/feminine-light/selected/walk/south/frame_001.png using Guid(ff3ed084d9da877b58b01ba834ae97ce) (TextureImporter) -> (artifact id: 'e5a059209205169ac84d91d3f0020e3c') in 0.0059893 seconds
Refreshing native plugins compatible for Editor in 2.27 ms, found 4 plugins.
Preloading 0 native plugins for Editor in 0.00 ms.
Asset Pipeline Refresh (id=33abd11bb960cc945a0a0a57582f8bfd): Total: 0.027 seconds - Initiated by StopAssetImportingV2(NoUpdateAssetOptions)
Start importing Assets/NoSafeCircle/DoorPrototype/Art/Wizard/Source/PixelLab/feminine-light/selected/walk/south/frame_001.png using Guid(ff3ed084d9da877b58b01ba834ae97ce) (TextureImporter) -> (artifact id: 'feea113b1b23d65cad0c8ee55da3a966') in 0.0056329 seconds
Refreshing native plugins compatible for Editor in 2.95 ms, found 4 plugins.
Preloading 0 native plugins for Editor in 0.00 ms.
Asset Pipeline Refresh (id=dd10e5ebcd079f448a8c8a0f019dc6e2): Total: 0.034 seconds - Initiated by StopAssetImportingV2(NoUpdateAssetOptions)
Start importing Assets/NoSafeCircle/DoorPrototype/Art/Wizard/Source/PixelLab/feminine-light/selected/walk/south/frame_002.png using Guid(ce65773fea7b972fb2b2d7cec9bfc64a) (TextureImporter) -> (artifact id: '0cd0727877618a9ed9db81c003776463') in 0.0074926 seconds
Refreshing native plugins compatible for Editor in 3.54 ms, found 4 plugins.
Preloading 0 native plugins for Editor in 0.00 ms.
Asset Pipeline Refresh (id=8f3ca2d11e9aeeb4da50bd11517ff3d8): Total: 0.030 seconds - Initiated by StopAssetImportingV2(NoUpdateAssetOptions)
Start importing Assets/NoSafeCircle/DoorPrototype/Art/Wizard/Source/PixelLab/feminine-light/selected/walk/south/frame_002.png using Guid(ce65773fea7b972fb2b2d7cec9bfc64a) (TextureImporter) -> (artifact id: '2ee277e21a2815fc861c13327f043188') in 0.0062929 seconds
Refreshing native plugins compatible for Editor in 4.46 ms, found 4 plugins.
Preloading 0 native plugins for Editor in 0.00 ms.
Asset Pipeline Refresh (id=86f08e07e8a42734d9c5abcad5de4aef): Total: 0.041 seconds - Initiated by StopAssetImportingV2(NoUpdateAssetOptions)
Start importing Assets/NoSafeCircle/DoorPrototype/Art/Wizard/Source/PixelLab/feminine-light/selected/walk/south/frame_003.png using Guid(40028884d90fcca5f8c7e3c3da0a2eb1) (TextureImporter) -> (artifact id: 'cfd001481d30f9de4c0522e57b2ed1f8') in 0.0135559 seconds
Refreshing native plugins compatible for Editor in 3.62 ms, found 4 plugins.
Preloading 0 native plugins for Editor in 0.00 ms.
Asset Pipeline Refresh (id=a479ef1921ea4ba4d970eddb6528bc92): Total: 0.036 seconds - Initiated by StopAssetImportingV2(NoUpdateAssetOptions)
Start importing Assets/NoSafeCircle/DoorPrototype/Art/Wizard/Source/PixelLab/feminine-light/selected/walk/south/frame_003.png using Guid(40028884d90fcca5f8c7e3c3da0a2eb1) (TextureImporter) -> (artifact id: '983d5a202b000bd775711f1909672868') in 0.0060604 seconds
Refreshing native plugins compatible for Editor in 3.88 ms, found 4 plugins.
Preloading 0 native plugins for Editor in 0.00 ms.
Asset Pipeline Refresh (id=983d0d26117e3524ebe0608d42b2067d): Total: 0.041 seconds - Initiated by StopAssetImportingV2(NoUpdateAssetOptions)
Start importing Assets/NoSafeCircle/DoorPrototype/Art/Wizard/Source/PixelLab/feminine-light/selected/walk/south/frame_004.png using Guid(fb5d15fc5481b6d083f8c0a022de423e) (TextureImporter) -> (artifact id: '1d01809a304d46026269ccfe51f7773d') in 0.0073039 seconds
Refreshing native plugins compatible for Editor in 2.62 ms, found 4 plugins.
Preloading 0 native plugins for Editor in 0.00 ms.
Asset Pipeline Refresh (id=59547a0856c81dc408ba45a86821014f): Total: 0.024 seconds - Initiated by StopAssetImportingV2(NoUpdateAssetOptions)
Start importing Assets/NoSafeCircle/DoorPrototype/Art/Wizard/Source/PixelLab/feminine-light/selected/walk/south/frame_004.png using Guid(fb5d15fc5481b6d083f8c0a022de423e) (TextureImporter) -> (artifact id: 'f4e026776c396a6a9d80f3d5d2af9c6b') in 0.0045607 seconds
Refreshing native plugins compatible for Editor in 2.30 ms, found 4 plugins.
Preloading 0 native plugins for Editor in 0.00 ms.
Asset Pipeline Refresh (id=9a87162975a9b0247bf6dddee6ccf197): Total: 0.029 seconds - Initiated by StopAssetImportingV2(NoUpdateAssetOptions)
Start importing Assets/NoSafeCircle/DoorPrototype/Art/Wizard/Source/PixelLab/feminine-light/selected/walk/south/frame_005.png using Guid(35bb6ad1765b89ea385d354345652a0b) (TextureImporter) -> (artifact id: '2de70de2793da8d0957ba4fe40a9c3ca') in 0.0072173 seconds
Refreshing native plugins compatible for Editor in 4.13 ms, found 4 plugins.
Preloading 0 native plugins for Editor in 0.00 ms.
Asset Pipeline Refresh (id=9d898b170537c364fb32131bdb148399): Total: 0.029 seconds - Initiated by StopAssetImportingV2(NoUpdateAssetOptions)
Start importing Assets/NoSafeCircle/DoorPrototype/Art/Wizard/Source/PixelLab/feminine-light/selected/walk/south/frame_005.png using Guid(35bb6ad1765b89ea385d354345652a0b) (TextureImporter) -> (artifact id: '3410004b711c8d93775183b8de1a453f') in 0.0072317 seconds
Refreshing native plugins compatible for Editor in 5.10 ms, found 4 plugins.
Preloading 0 native plugins for Editor in 0.00 ms.
Asset Pipeline Refresh (id=2547b261251bb644aa1a120fdf67dde1): Total: 0.048 seconds - Initiated by StopAssetImportingV2(NoUpdateAssetOptions)
Start importing Assets/NoSafeCircle/DoorPrototype/Art/Wizard/Generated/Wizard_Feminine_White_walk_south.anim using Guid(fc7c6813f2493914695d19e37ce4b9f8) (NativeFormatImporter) -> (artifact id: 'd2343d9e7cf111d84a1c0ed4f6746a9d') in 0.0051675 seconds
Refreshing native plugins compatible for Editor in 4.49 ms, found 4 plugins.
Preloading 0 native plugins for Editor in 0.00 ms.
Asset Pipeline Refresh (id=79c86d12d203f384ba5af05ecef562f7): Total: 0.041 seconds - Initiated by StopAssetImportingV2(NoUpdateAssetOptions)
Start importing Assets/NoSafeCircle/DoorPrototype/Art/Wizard/Source/PixelLab/feminine-light/selected/standing/south-west.png using Guid(69675d2f21dcbf0408dc56b39566ad44) (TextureImporter) -> (artifact id: 'f5a27cd1e8f0e484b4b02d22cff5531b') in 0.0348179 seconds
Refreshing native plugins compatible for Editor in 4.51 ms, found 4 plugins.
Preloading 0 native plugins for Editor in 0.00 ms.
Asset Pipeline Refresh (id=a2848b33da68c424c9e63c6a3505d110): Total: 0.065 seconds - Initiated by StopAssetImportingV2(NoUpdateAssetOptions)
Start importing Assets/NoSafeCircle/DoorPrototype/Art/Wizard/Source/PixelLab/feminine-light/selected/standing/south-west.png using Guid(69675d2f21dcbf0408dc56b39566ad44) (TextureImporter) -> (artifact id: 'f5a27cd1e8f0e484b4b02d22cff5531b') in 0.0066609 seconds
Refreshing native plugins compatible for Editor in 4.53 ms, found 4 plugins.
Preloading 0 native plugins for Editor in 0.00 ms.
Asset Pipeline Refresh (id=a35c60d8b4d8f1f43869cf6753dd0be5): Total: 0.035 seconds - Initiated by StopAssetImportingV2(NoUpdateAssetOptions)
Start importing Assets/NoSafeCircle/DoorPrototype/Art/Wizard/Generated/Wizard_Feminine_White_idle_south-west.anim using Guid(fa2edab4ad57a644397eccafb9507c05) (NativeFormatImporter) -> (artifact id: '54c2a60dca40b2e8462530143cd8351d') in 0.0039487 seconds
Refreshing native plugins compatible for Editor in 4.99 ms, found 4 plugins.
Preloading 0 native plugins for Editor in 0.00 ms.
Asset Pipeline Refresh (id=fc613e06997059345a63dcc76737a017): Total: 0.031 seconds - Initiated by StopAssetImportingV2(NoUpdateAssetOptions)
Start importing Assets/NoSafeCircle/DoorPrototype/Art/Wizard/Source/PixelLab/feminine-light/selected/walk/south-west/frame_000.png using Guid(7051eb9ef52226946989500d6c536ec0) (TextureImporter) -> (artifact id: 'c642b226bc190e0373041942b3e375e5') in 0.0080465 seconds
Refreshing native plugins compatible for Editor in 4.49 ms, found 4 plugins.
Preloading 0 native plugins for Editor in 0.00 ms.
Asset Pipeline Refresh (id=eb489dd256fc8b2479ad4f3bfcedc765): Total: 0.035 seconds - Initiated by StopAssetImportingV2(NoUpdateAssetOptions)
Start importing Assets/NoSafeCircle/DoorPrototype/Art/Wizard/Source/PixelLab/feminine-light/selected/walk/south-west/frame_000.png using Guid(7051eb9ef52226946989500d6c536ec0) (TextureImporter) -> (artifact id: 'c642b226bc190e0373041942b3e375e5') in 0.0066502 seconds
Refreshing native plugins compatible for Editor in 3.09 ms, found 4 plugins.
Preloading 0 native plugins for Editor in 0.00 ms.
Asset Pipeline Refresh (id=f8568418c2796c54c93d7f13c2b9b9f7): Total: 0.033 seconds - Initiated by StopAssetImportingV2(NoUpdateAssetOptions)
Start importing Assets/NoSafeCircle/DoorPrototype/Art/Wizard/Source/PixelLab/feminine-light/selected/walk/south-west/frame_001.png using Guid(829350b9940d51b4280d34867812cbcf) (TextureImporter) -> (artifact id: '263b0a961fe0a7e5428d7fbbd059c931') in 0.0091597 seconds
Refreshing native plugins compatible for Editor in 4.72 ms, found 4 plugins.
Preloading 0 native plugins for Editor in 0.00 ms.
Asset Pipeline Refresh (id=8f4501ef03dc9f94db922e8bc7627727): Total: 0.029 seconds - Initiated by StopAssetImportingV2(NoUpdateAssetOptions)
Start importing Assets/NoSafeCircle/DoorPrototype/Art/Wizard/Source/PixelLab/feminine-light/selected/walk/south-west/frame_001.png using Guid(829350b9940d51b4280d34867812cbcf) (TextureImporter) -> (artifact id: '263b0a961fe0a7e5428d7fbbd059c931') in 0.0061118 seconds
Refreshing native plugins compatible for Editor in 5.09 ms, found 4 plugins.
Preloading 0 native plugins for Editor in 0.00 ms.
Asset Pipeline Refresh (id=bc0fad1614be2c544a92c4e539287b22): Total: 0.028 seconds - Initiated by StopAssetImportingV2(NoUpdateAssetOptions)
Start importing Assets/NoSafeCircle/DoorPrototype/Art/Wizard/Source/PixelLab/feminine-light/selected/walk/south-west/frame_002.png using Guid(5fd7ed3bb4dd132498ee0c1e910f20d4) (TextureImporter) -> (artifact id: 'adf51a5ddee22e509ec0ac12ef7bc45b') in 0.0084274 seconds
Refreshing native plugins compatible for Editor in 3.95 ms, found 4 plugins.
Preloading 0 native plugins for Editor in 0.00 ms.
Asset Pipeline Refresh (id=73272779cd26b674a91f52190c1d0b42): Total: 0.033 seconds - Initiated by StopAssetImportingV2(NoUpdateAssetOptions)
Start importing Assets/NoSafeCircle/DoorPrototype/Art/Wizard/Source/PixelLab/feminine-light/selected/walk/south-west/frame_002.png using Guid(5fd7ed3bb4dd132498ee0c1e910f20d4) (TextureImporter) -> (artifact id: 'adf51a5ddee22e509ec0ac12ef7bc45b') in 0.0055617 seconds
Refreshing native plugins compatible for Editor in 4.03 ms, found 4 plugins.
Preloading 0 native plugins for Editor in 0.00 ms.
Asset Pipeline Refresh (id=c12e3903e63d66845bba9268cd83561c): Total: 0.032 seconds - Initiated by StopAssetImportingV2(NoUpdateAssetOptions)
Start importing Assets/NoSafeCircle/DoorPrototype/Art/Wizard/Source/PixelLab/feminine-light/selected/walk/south-west/frame_003.png using Guid(9b58399de27eb7e4ca2835b6ee0ab351) (TextureImporter) -> (artifact id: '140266b4970062238b7fb2540eccf883') in 0.0105833 seconds
Refreshing native plugins compatible for Editor in 4.59 ms, found 4 plugins.
Preloading 0 native plugins for Editor in 0.00 ms.
Asset Pipeline Refresh (id=1c093d4812b6bca4ea3bf315bc41817b): Total: 0.038 seconds - Initiated by StopAssetImportingV2(NoUpdateAssetOptions)
Start importing Assets/NoSafeCircle/DoorPrototype/Art/Wizard/Source/PixelLab/feminine-light/selected/walk/south-west/frame_003.png using Guid(9b58399de27eb7e4ca2835b6ee0ab351) (TextureImporter) -> (artifact id: '140266b4970062238b7fb2540eccf883') in 0.0060899 seconds
Refreshing native plugins compatible for Editor in 2.62 ms, found 4 plugins.
Preloading 0 native plugins for Editor in 0.00 ms.
Asset Pipeline Refresh (id=f4fa7c8638ff7244d9aa7530fbf1f9e0): Total: 0.028 seconds - Initiated by StopAssetImportingV2(NoUpdateAssetOptions)
Start importing Assets/NoSafeCircle/DoorPrototype/Art/Wizard/Source/PixelLab/feminine-light/selected/walk/south-west/frame_004.png using Guid(ed5cea1de1090394aaf67a645de66f29) (TextureImporter) -> (artifact id: 'f1d0879e8ab9c0a76e4c8bc45f132ea0') in 0.0082438 seconds
Refreshing native plugins compatible for Editor in 3.82 ms, found 4 plugins.
Preloading 0 native plugins for Editor in 0.00 ms.
Asset Pipeline Refresh (id=0af07c0283eeb8c449b59133e71dc7d0): Total: 0.033 seconds - Initiated by StopAssetImportingV2(NoUpdateAssetOptions)
Start importing Assets/NoSafeCircle/DoorPrototype/Art/Wizard/Source/PixelLab/feminine-light/selected/walk/south-west/frame_004.png using Guid(ed5cea1de1090394aaf67a645de66f29) (TextureImporter) -> (artifact id: 'f1d0879e8ab9c0a76e4c8bc45f132ea0') in 0.0060433 seconds
Refreshing native plugins compatible for Editor in 5.27 ms, found 4 plugins.
Preloading 0 native plugins for Editor in 0.00 ms.
Asset Pipeline Refresh (id=7bd41447654e6ed4bb532b9ecfeb774c): Total: 0.030 seconds - Initiated by StopAssetImportingV2(NoUpdateAssetOptions)
Start importing Assets/NoSafeCircle/DoorPrototype/Art/Wizard/Source/PixelLab/feminine-light/selected/walk/south-west/frame_005.png using Guid(512b6e4e52dd7ff458348443ea8ea2ad) (TextureImporter) -> (artifact id: 'a9ed636b8159606b9ef991cc0fc1a4fc') in 0.0083771 seconds
Refreshing native plugins compatible for Editor in 2.55 ms, found 4 plugins.
Preloading 0 native plugins for Editor in 0.00 ms.
Asset Pipeline Refresh (id=887ffcc3e62f52e4c8e8859dd5809a19): Total: 0.034 seconds - Initiated by StopAssetImportingV2(NoUpdateAssetOptions)
Start importing Assets/NoSafeCircle/DoorPrototype/Art/Wizard/Source/PixelLab/feminine-light/selected/walk/south-west/frame_005.png using Guid(512b6e4e52dd7ff458348443ea8ea2ad) (TextureImporter) -> (artifact id: 'a9ed636b8159606b9ef991cc0fc1a4fc') in 0.0067694 seconds
Refreshing native plugins compatible for Editor in 3.29 ms, found 4 plugins.
Preloading 0 native plugins for Editor in 0.00 ms.
Asset Pipeline Refresh (id=dc80094395e1627499647e9cbd39edc8): Total: 0.030 seconds - Initiated by StopAssetImportingV2(NoUpdateAssetOptions)
Start importing Assets/NoSafeCircle/DoorPrototype/Art/Wizard/Generated/Wizard_Feminine_White_walk_south-west.anim using Guid(ce4f2cf7f6f25e9418c755199a0badd5) (NativeFormatImporter) -> (artifact id: '1a2d36f9ae9d278bd3531c3699f82b44') in 0.0040629 seconds
Refreshing native plugins compatible for Editor in 4.10 ms, found 4 plugins.
Preloading 0 native plugins for Editor in 0.00 ms.
Asset Pipeline Refresh (id=c1155cd43fd8b754da2128cfd097021c): Total: 0.030 seconds - Initiated by StopAssetImportingV2(NoUpdateAssetOptions)
Start importing Assets/NoSafeCircle/DoorPrototype/Art/Wizard/Source/PixelLab/feminine-light/selected/standing/west.png using Guid(d3e076e1e7bf71646827412177215b56) (TextureImporter) -> (artifact id: 'ae6fb8b685348deb580dda82a386ea5a') in 0.0065469 seconds
Refreshing native plugins compatible for Editor in 3.90 ms, found 4 plugins.
Preloading 0 native plugins for Editor in 0.00 ms.
Asset Pipeline Refresh (id=cc1716ace05d60343a1334b7944eb8f3): Total: 0.035 seconds - Initiated by StopAssetImportingV2(NoUpdateAssetOptions)
Start importing Assets/NoSafeCircle/DoorPrototype/Art/Wizard/Source/PixelLab/feminine-light/selected/standing/west.png using Guid(d3e076e1e7bf71646827412177215b56) (TextureImporter) -> (artifact id: 'ae6fb8b685348deb580dda82a386ea5a') in 0.0069656 seconds
Refreshing native plugins compatible for Editor in 5.34 ms, found 4 plugins.
Preloading 0 native plugins for Editor in 0.00 ms.
Asset Pipeline Refresh (id=cc979db5c1b8c9b40bd8580849c57f43): Total: 0.041 seconds - Initiated by StopAssetImportingV2(NoUpdateAssetOptions)
Start importing Assets/NoSafeCircle/DoorPrototype/Art/Wizard/Generated/Wizard_Feminine_White_idle_west.anim using Guid(8e6f13d0786b5f348a17c782398048f1) (NativeFormatImporter) -> (artifact id: '151de4ab5460fda0f7ecc743e68aa9af') in 0.0041849 seconds
Refreshing native plugins compatible for Editor in 4.82 ms, found 4 plugins.
Preloading 0 native plugins for Editor in 0.00 ms.
Asset Pipeline Refresh (id=b57f0e06226896f458f0cb6398329a21): Total: 0.037 seconds - Initiated by StopAssetImportingV2(NoUpdateAssetOptions)
Start importing Assets/NoSafeCircle/DoorPrototype/Art/Wizard/Source/PixelLab/feminine-light/selected/walk/west/frame_000.png using Guid(7571d66acdceaee0b80636ce62822bdd) (TextureImporter) -> (artifact id: '8d2fbe8578434d607c482cc9f9d37471') in 0.0090621 seconds
Refreshing native plugins compatible for Editor in 5.96 ms, found 4 plugins.
Preloading 0 native plugins for Editor in 0.00 ms.
Asset Pipeline Refresh (id=5d75cb2b1be0b5948bfff96306617855): Total: 0.039 seconds - Initiated by StopAssetImportingV2(NoUpdateAssetOptions)
Start importing Assets/NoSafeCircle/DoorPrototype/Art/Wizard/Source/PixelLab/feminine-light/selected/walk/west/frame_000.png using Guid(7571d66acdceaee0b80636ce62822bdd) (TextureImporter) -> (artifact id: '4d3c5087cc1c85fe9007007cfd17c520') in 0.0072613 seconds
Refreshing native plugins compatible for Editor in 4.97 ms, found 4 plugins.
Preloading 0 native plugins for Editor in 0.00 ms.
Asset Pipeline Refresh (id=2a1b1b019ee246f408054b33e0dd22df): Total: 0.055 seconds - Initiated by StopAssetImportingV2(NoUpdateAssetOptions)
Start importing Assets/NoSafeCircle/DoorPrototype/Art/Wizard/Source/PixelLab/feminine-light/selected/walk/west/frame_001.png using Guid(a88c0d3537007ca6094475cade0c7b6b) (TextureImporter) -> (artifact id: '464ac3f7245e6d6013b33e297dba4fc0') in 0.0087643 seconds
Refreshing native plugins compatible for Editor in 2.55 ms, found 4 plugins.
Preloading 0 native plugins for Editor in 0.00 ms.
Asset Pipeline Refresh (id=0e45e15f5d02cb840840e956f3373aa8): Total: 0.038 seconds - Initiated by StopAssetImportingV2(NoUpdateAssetOptions)
Start importing Assets/NoSafeCircle/DoorPrototype/Art/Wizard/Source/PixelLab/feminine-light/selected/walk/west/frame_001.png using Guid(a88c0d3537007ca6094475cade0c7b6b) (TextureImporter) -> (artifact id: '54081266a63c03c004f213eccdc4ddb8') in 0.0048871 seconds
Refreshing native plugins compatible for Editor in 3.80 ms, found 4 plugins.
Preloading 0 native plugins for Editor in 0.00 ms.
Asset Pipeline Refresh (id=48f9e3cf4bae22b4f80ad22801802ab3): Total: 0.034 seconds - Initiated by StopAssetImportingV2(NoUpdateAssetOptions)
Start importing Assets/NoSafeCircle/DoorPrototype/Art/Wizard/Source/PixelLab/feminine-light/selected/walk/west/frame_002.png using Guid(645d422b88d88415f16c75822081ef2d) (TextureImporter) -> (artifact id: 'eba33f3c465cfe1267da0c861dd36e24') in 0.0080082 seconds
Refreshing native plugins compatible for Editor in 4.71 ms, found 4 plugins.
Preloading 0 native plugins for Editor in 0.00 ms.
Asset Pipeline Refresh (id=782ca30287a407a4888ed5625746af4a): Total: 0.029 seconds - Initiated by StopAssetImportingV2(NoUpdateAssetOptions)
Start importing Assets/NoSafeCircle/DoorPrototype/Art/Wizard/Source/PixelLab/feminine-light/selected/walk/west/frame_002.png using Guid(645d422b88d88415f16c75822081ef2d) (TextureImporter) -> (artifact id: 'e2a5afc4717026f40a90b6bf15ce0b93') in 0.005956 seconds
Refreshing native plugins compatible for Editor in 3.39 ms, found 4 plugins.
Preloading 0 native plugins for Editor in 0.00 ms.
Asset Pipeline Refresh (id=567cb87ad2b23704f93dd214dcc88173): Total: 0.036 seconds - Initiated by StopAssetImportingV2(NoUpdateAssetOptions)
Start importing Assets/NoSafeCircle/DoorPrototype/Art/Wizard/Source/PixelLab/feminine-light/selected/walk/west/frame_003.png using Guid(150fa2eef9161aad547e1996eb6d5d35) (TextureImporter) -> (artifact id: '87abc23346e239e56652d17fd936039c') in 0.0063592 seconds
Refreshing native plugins compatible for Editor in 2.36 ms, found 4 plugins.
Preloading 0 native plugins for Editor in 0.00 ms.
Asset Pipeline Refresh (id=8dfe99766f6641b4c90f6c39a97d3516): Total: 0.023 seconds - Initiated by StopAssetImportingV2(NoUpdateAssetOptions)
Start importing Assets/NoSafeCircle/DoorPrototype/Art/Wizard/Source/PixelLab/feminine-light/selected/walk/west/frame_003.png using Guid(150fa2eef9161aad547e1996eb6d5d35) (TextureImporter) -> (artifact id: 'c230aaab8a54e1361cd4e4052a89cae1') in 0.0043584 seconds
Refreshing native plugins compatible for Editor in 2.48 ms, found 4 plugins.
Preloading 0 native plugins for Editor in 0.00 ms.
Asset Pipeline Refresh (id=e8278a90e21e5c642bacde5a2ca4bbb9): Total: 0.041 seconds - Initiated by StopAssetImportingV2(NoUpdateAssetOptions)
Start importing Assets/NoSafeCircle/DoorPrototype/Art/Wizard/Source/PixelLab/feminine-light/selected/walk/west/frame_004.png using Guid(d7ac587fea5c81057a262992887c3961) (TextureImporter) -> (artifact id: '0ffbec4e652dded518244cc513ee5ab4') in 0.005371 seconds
Refreshing native plugins compatible for Editor in 3.82 ms, found 4 plugins.
Preloading 0 native plugins for Editor in 0.00 ms.
Asset Pipeline Refresh (id=c0aa35728072b8e4bacdb02b91964efd): Total: 0.028 seconds - Initiated by StopAssetImportingV2(NoUpdateAssetOptions)
Start importing Assets/NoSafeCircle/DoorPrototype/Art/Wizard/Source/PixelLab/feminine-light/selected/walk/west/frame_004.png using Guid(d7ac587fea5c81057a262992887c3961) (TextureImporter) -> (artifact id: '9965a21ba34fc6dd745bc1bf8e1bdb4a') in 0.0048767 seconds
Refreshing native plugins compatible for Editor in 2.81 ms, found 4 plugins.
Preloading 0 native plugins for Editor in 0.00 ms.
Asset Pipeline Refresh (id=df831438fdfa260448c8826bc13d9f98): Total: 0.041 seconds - Initiated by StopAssetImportingV2(NoUpdateAssetOptions)
Start importing Assets/NoSafeCircle/DoorPrototype/Art/Wizard/Source/PixelLab/feminine-light/selected/walk/west/frame_005.png using Guid(1e715a12d09c89ca196de094f426b0c5) (TextureImporter) -> (artifact id: '67aacf5bcf6afb7bd479f67a593f97f2') in 0.006337 seconds
Refreshing native plugins compatible for Editor in 2.59 ms, found 4 plugins.
Preloading 0 native plugins for Editor in 0.00 ms.
Asset Pipeline Refresh (id=23bac6c073ae50349b72d4c5c48aff51): Total: 0.026 seconds - Initiated by StopAssetImportingV2(NoUpdateAssetOptions)
Start importing Assets/NoSafeCircle/DoorPrototype/Art/Wizard/Source/PixelLab/feminine-light/selected/walk/west/frame_005.png using Guid(1e715a12d09c89ca196de094f426b0c5) (TextureImporter) -> (artifact id: 'f200f291205c40b543e82cba89b78b24') in 0.0052828 seconds
Refreshing native plugins compatible for Editor in 2.29 ms, found 4 plugins.
Preloading 0 native plugins for Editor in 0.00 ms.
Asset Pipeline Refresh (id=d647e089005ff9a4fad355598cb56ad9): Total: 0.032 seconds - Initiated by StopAssetImportingV2(NoUpdateAssetOptions)
Start importing Assets/NoSafeCircle/DoorPrototype/Art/Wizard/Generated/Wizard_Feminine_White_walk_west.anim using Guid(f619379b3c32ae44bb2ec1b657a31f99) (NativeFormatImporter) -> (artifact id: 'fbff3648d3df561d757ee2b0702eea4b') in 0.0039994 seconds
Refreshing native plugins compatible for Editor in 2.19 ms, found 4 plugins.
Preloading 0 native plugins for Editor in 0.00 ms.
Asset Pipeline Refresh (id=72fc47ccec78bc9499ce6c326bb16827): Total: 0.026 seconds - Initiated by StopAssetImportingV2(NoUpdateAssetOptions)
Start importing Assets/NoSafeCircle/DoorPrototype/Art/Wizard/Source/PixelLab/feminine-light/selected/standing/north-west.png using Guid(d70b4b3e3697fc74a8819908aa834e8e) (TextureImporter) -> (artifact id: 'c6b5da2033b1fbe53d368542f9be588e') in 0.0051717 seconds
Refreshing native plugins compatible for Editor in 3.89 ms, found 4 plugins.
Preloading 0 native plugins for Editor in 0.00 ms.
Asset Pipeline Refresh (id=2836dddc4c57ff24f851b81e5186eacd): Total: 0.027 seconds - Initiated by StopAssetImportingV2(NoUpdateAssetOptions)
Start importing Assets/NoSafeCircle/DoorPrototype/Art/Wizard/Source/PixelLab/feminine-light/selected/standing/north-west.png using Guid(d70b4b3e3697fc74a8819908aa834e8e) (TextureImporter) -> (artifact id: 'c6b5da2033b1fbe53d368542f9be588e') in 0.0061526 seconds
Refreshing native plugins compatible for Editor in 2.55 ms, found 4 plugins.
Preloading 0 native plugins for Editor in 0.00 ms.
Asset Pipeline Refresh (id=3fdf2c61257a0b94eaf161f4e9ca7265): Total: 0.028 seconds - Initiated by StopAssetImportingV2(NoUpdateAssetOptions)
Start importing Assets/NoSafeCircle/DoorPrototype/Art/Wizard/Generated/Wizard_Feminine_White_idle_north-west.anim using Guid(6c175dc876e9f6c4ca6b4fbdc4e17bb4) (NativeFormatImporter) -> (artifact id: 'b8ca1fedd014ee886cec722a8b1f4aeb') in 0.0028119 seconds
Refreshing native plugins compatible for Editor in 2.55 ms, found 4 plugins.
Preloading 0 native plugins for Editor in 0.00 ms.
Asset Pipeline Refresh (id=338a6496542e41b4284a1ee73f38cec3): Total: 0.025 seconds - Initiated by StopAssetImportingV2(NoUpdateAssetOptions)
Start importing Assets/NoSafeCircle/DoorPrototype/Art/Wizard/Source/PixelLab/feminine-light/selected/walk/north-west/frame_000.png using Guid(f10c702eda6b0bc498b63aff8c1462d0) (TextureImporter) -> (artifact id: '048294d447c384c7872ce22d39c02e84') in 0.0070241 seconds
Refreshing native plugins compatible for Editor in 2.86 ms, found 4 plugins.
Preloading 0 native plugins for Editor in 0.00 ms.
Asset Pipeline Refresh (id=08cba6f02b4c1b84bbffc5e8a31aac55): Total: 0.025 seconds - Initiated by StopAssetImportingV2(NoUpdateAssetOptions)
Start importing Assets/NoSafeCircle/DoorPrototype/Art/Wizard/Source/PixelLab/feminine-light/selected/walk/north-west/frame_000.png using Guid(f10c702eda6b0bc498b63aff8c1462d0) (TextureImporter) -> (artifact id: '048294d447c384c7872ce22d39c02e84') in 0.003828 seconds
Refreshing native plugins compatible for Editor in 2.47 ms, found 4 plugins.
Preloading 0 native plugins for Editor in 0.00 ms.
Asset Pipeline Refresh (id=76e72b7b140e59d45be2d4de19c9151e): Total: 0.026 seconds - Initiated by StopAssetImportingV2(NoUpdateAssetOptions)
Start importing Assets/NoSafeCircle/DoorPrototype/Art/Wizard/Source/PixelLab/feminine-light/selected/walk/north-west/frame_001.png using Guid(4aa6ec8679abc8b489de0df01a392c37) (TextureImporter) -> (artifact id: '9fc3e124686b8a7cc7fdc45d1f120b96') in 0.0074226 seconds
Refreshing native plugins compatible for Editor in 2.38 ms, found 4 plugins.
Preloading 0 native plugins for Editor in 0.00 ms.
Asset Pipeline Refresh (id=351cc7d53b7d00e45a10b771460d038f): Total: 0.025 seconds - Initiated by StopAssetImportingV2(NoUpdateAssetOptions)
Start importing Assets/NoSafeCircle/DoorPrototype/Art/Wizard/Source/PixelLab/feminine-light/selected/walk/north-west/frame_001.png using Guid(4aa6ec8679abc8b489de0df01a392c37) (TextureImporter) -> (artifact id: '9fc3e124686b8a7cc7fdc45d1f120b96') in 0.0041491 seconds
Refreshing native plugins compatible for Editor in 2.60 ms, found 4 plugins.
Preloading 0 native plugins for Editor in 0.00 ms.
Asset Pipeline Refresh (id=72fcddfcd218d1d4da50fde3528ef0b8): Total: 0.022 seconds - Initiated by StopAssetImportingV2(NoUpdateAssetOptions)
Start importing Assets/NoSafeCircle/DoorPrototype/Art/Wizard/Source/PixelLab/feminine-light/selected/walk/north-west/frame_002.png using Guid(080d7d6cd5d36994989d903675132bfa) (TextureImporter) -> (artifact id: '240f0b95fd70970c239ac0a0b982a50b') in 0.0061512 seconds
Refreshing native plugins compatible for Editor in 3.94 ms, found 4 plugins.
Preloading 0 native plugins for Editor in 0.00 ms.
Asset Pipeline Refresh (id=dbfa870b2aeea0840a9182b872e94354): Total: 0.027 seconds - Initiated by StopAssetImportingV2(NoUpdateAssetOptions)
Start importing Assets/NoSafeCircle/DoorPrototype/Art/Wizard/Source/PixelLab/feminine-light/selected/walk/north-west/frame_002.png using Guid(080d7d6cd5d36994989d903675132bfa) (TextureImporter) -> (artifact id: '240f0b95fd70970c239ac0a0b982a50b') in 0.0046421 seconds
Refreshing native plugins compatible for Editor in 3.07 ms, found 4 plugins.
Preloading 0 native plugins for Editor in 0.00 ms.
Asset Pipeline Refresh (id=f0a7c0449db2c8a43bd24a420c2af6b7): Total: 0.027 seconds - Initiated by StopAssetImportingV2(NoUpdateAssetOptions)
Start importing Assets/NoSafeCircle/DoorPrototype/Art/Wizard/Source/PixelLab/feminine-light/selected/walk/north-west/frame_003.png using Guid(26a262b8fa2598441b020c71d16ec900) (TextureImporter) -> (artifact id: '9e8082f900e20cb30f15b2a2b32af96c') in 0.00602 seconds
Refreshing native plugins compatible for Editor in 3.53 ms, found 4 plugins.
Preloading 0 native plugins for Editor in 0.00 ms.
Asset Pipeline Refresh (id=ab04dab02ec7791499b3610d05f8523f): Total: 0.023 seconds - Initiated by StopAssetImportingV2(NoUpdateAssetOptions)
Start importing Assets/NoSafeCircle/DoorPrototype/Art/Wizard/Source/PixelLab/feminine-light/selected/walk/north-west/frame_003.png using Guid(26a262b8fa2598441b020c71d16ec900) (TextureImporter) -> (artifact id: '9e8082f900e20cb30f15b2a2b32af96c') in 0.0039921 seconds
Refreshing native plugins compatible for Editor in 3.01 ms, found 4 plugins.
Preloading 0 native plugins for Editor in 0.00 ms.
Asset Pipeline Refresh (id=d249f5d47a99fa74aaf3b4d9d3e37c7f): Total: 0.023 seconds - Initiated by StopAssetImportingV2(NoUpdateAssetOptions)
Start importing Assets/NoSafeCircle/DoorPrototype/Art/Wizard/Source/PixelLab/feminine-light/selected/walk/north-west/frame_004.png using Guid(70a602b2113bba04ca48403252b86875) (TextureImporter) -> (artifact id: '545ca84f3b5da4cf2a135a23eca927cd') in 0.0079773 seconds
Refreshing native plugins compatible for Editor in 2.81 ms, found 4 plugins.
Preloading 0 native plugins for Editor in 0.00 ms.
Asset Pipeline Refresh (id=fc0d20acfb337e24891fc1196bf0ceb3): Total: 0.028 seconds - Initiated by StopAssetImportingV2(NoUpdateAssetOptions)
Start importing Assets/NoSafeCircle/DoorPrototype/Art/Wizard/Source/PixelLab/feminine-light/selected/walk/north-west/frame_004.png using Guid(70a602b2113bba04ca48403252b86875) (TextureImporter) -> (artifact id: '545ca84f3b5da4cf2a135a23eca927cd') in 0.0040625 seconds
Refreshing native plugins compatible for Editor in 3.29 ms, found 4 plugins.
Preloading 0 native plugins for Editor in 0.00 ms.
Asset Pipeline Refresh (id=681ac780d44954745b290bad30c2b3e3): Total: 0.025 seconds - Initiated by StopAssetImportingV2(NoUpdateAssetOptions)
Start importing Assets/NoSafeCircle/DoorPrototype/Art/Wizard/Source/PixelLab/feminine-light/selected/walk/north-west/frame_005.png using Guid(53bb7d2264c5fc64bafb50637f621a9c) (TextureImporter) -> (artifact id: '98b37cd95b43bd172cb97567c5653be2') in 0.0076728 seconds
Refreshing native plugins compatible for Editor in 2.59 ms, found 4 plugins.
Preloading 0 native plugins for Editor in 0.00 ms.
Asset Pipeline Refresh (id=51a2e68e9b1c53449839ca6991f2526c): Total: 0.030 seconds - Initiated by StopAssetImportingV2(NoUpdateAssetOptions)
Start importing Assets/NoSafeCircle/DoorPrototype/Art/Wizard/Source/PixelLab/feminine-light/selected/walk/north-west/frame_005.png using Guid(53bb7d2264c5fc64bafb50637f621a9c) (TextureImporter) -> (artifact id: '98b37cd95b43bd172cb97567c5653be2') in 0.0050728 seconds
Refreshing native plugins compatible for Editor in 2.25 ms, found 4 plugins.
Preloading 0 native plugins for Editor in 0.00 ms.
Asset Pipeline Refresh (id=690797d602d702848b90f2e51101ac27): Total: 0.028 seconds - Initiated by StopAssetImportingV2(NoUpdateAssetOptions)
Start importing Assets/NoSafeCircle/DoorPrototype/Art/Wizard/Generated/Wizard_Feminine_White_walk_north-west.anim using Guid(1afdb32c71b21e843a556eec21a17728) (NativeFormatImporter) -> (artifact id: '9b69464bd4308c4425cb4c7c911add7b') in 0.0031349 seconds
Refreshing native plugins compatible for Editor in 2.78 ms, found 4 plugins.
Preloading 0 native plugins for Editor in 0.00 ms.
Asset Pipeline Refresh (id=de61cdcfac2af3549afc1bcb03ba7f0c): Total: 0.026 seconds - Initiated by StopAssetImportingV2(NoUpdateAssetOptions)
Start importing Assets/NoSafeCircle/DoorPrototype/Art/Wizard/Source/PixelLab/feminine-dark/selected/standing/north.png using Guid(2feb146e8a7a73047b887b1ade0e55fa) (TextureImporter) -> (artifact id: '957879f7d4eef227ba1ce5952211fa76') in 0.0087701 seconds
Refreshing native plugins compatible for Editor in 2.47 ms, found 4 plugins.
Preloading 0 native plugins for Editor in 0.00 ms.
Asset Pipeline Refresh (id=2f2cb6d0e305f9a41a3a3e205ddac9ea): Total: 0.029 seconds - Initiated by StopAssetImportingV2(NoUpdateAssetOptions)
Start importing Assets/NoSafeCircle/DoorPrototype/Art/Wizard/Source/PixelLab/feminine-dark/selected/standing/north.png using Guid(2feb146e8a7a73047b887b1ade0e55fa) (TextureImporter) -> (artifact id: '957879f7d4eef227ba1ce5952211fa76') in 0.0043127 seconds
Refreshing native plugins compatible for Editor in 4.00 ms, found 4 plugins.
Preloading 0 native plugins for Editor in 0.00 ms.
Asset Pipeline Refresh (id=a7753213d7616b246bd44d53e8410696): Total: 0.029 seconds - Initiated by StopAssetImportingV2(NoUpdateAssetOptions)
Start importing Assets/NoSafeCircle/DoorPrototype/Art/Wizard/Source/PixelLab/feminine-dark/selected/standing/north-east.png using Guid(a1217821b0169bb4a87454fdd117b348) (TextureImporter) -> (artifact id: 'cc17198cbb5cc3c43edb700ebcf2db2f') in 0.0058552 seconds
Refreshing native plugins compatible for Editor in 2.49 ms, found 4 plugins.
Preloading 0 native plugins for Editor in 0.00 ms.
Asset Pipeline Refresh (id=b92d68fb0b84e354c9c031258ad6d0b3): Total: 0.026 seconds - Initiated by StopAssetImportingV2(NoUpdateAssetOptions)
Start importing Assets/NoSafeCircle/DoorPrototype/Art/Wizard/Source/PixelLab/feminine-dark/selected/standing/north-east.png using Guid(a1217821b0169bb4a87454fdd117b348) (TextureImporter) -> (artifact id: 'cc17198cbb5cc3c43edb700ebcf2db2f') in 0.0058007 seconds
Refreshing native plugins compatible for Editor in 4.27 ms, found 4 plugins.
Preloading 0 native plugins for Editor in 0.00 ms.
Asset Pipeline Refresh (id=ec506465c2830b044bb96611a34aa784): Total: 0.028 seconds - Initiated by StopAssetImportingV2(NoUpdateAssetOptions)
Start importing Assets/NoSafeCircle/DoorPrototype/Art/Wizard/Source/PixelLab/feminine-dark/selected/standing/east.png using Guid(265f095eae845d544b4fe1e5d828a4c6) (TextureImporter) -> (artifact id: 'ae8733c5142b9ba0eef52c6c3c6c45dd') in 0.0079729 seconds
Refreshing native plugins compatible for Editor in 2.33 ms, found 4 plugins.
Preloading 0 native plugins for Editor in 0.00 ms.
Asset Pipeline Refresh (id=2799b2609bfd38e4f9b9e6244237b959): Total: 0.031 seconds - Initiated by StopAssetImportingV2(NoUpdateAssetOptions)
Start importing Assets/NoSafeCircle/DoorPrototype/Art/Wizard/Source/PixelLab/feminine-dark/selected/standing/east.png using Guid(265f095eae845d544b4fe1e5d828a4c6) (TextureImporter) -> (artifact id: 'ae8733c5142b9ba0eef52c6c3c6c45dd') in 0.0040107 seconds
Refreshing native plugins compatible for Editor in 2.99 ms, found 4 plugins.
Preloading 0 native plugins for Editor in 0.00 ms.
Asset Pipeline Refresh (id=c4f18813b92b4b74797fd5757523e1ee): Total: 0.021 seconds - Initiated by StopAssetImportingV2(NoUpdateAssetOptions)
Start importing Assets/NoSafeCircle/DoorPrototype/Art/Wizard/Source/PixelLab/feminine-dark/selected/standing/south-east.png using Guid(69f3c2f3d7452fd41b949253110967be) (TextureImporter) -> (artifact id: 'ee6467e97aa63a1a751ef6096fb9ecf6') in 0.0059077 seconds
Refreshing native plugins compatible for Editor in 3.18 ms, found 4 plugins.
Preloading 0 native plugins for Editor in 0.00 ms.
Asset Pipeline Refresh (id=8115d110b8c3f284e9948f60b234f278): Total: 0.025 seconds - Initiated by StopAssetImportingV2(NoUpdateAssetOptions)
Start importing Assets/NoSafeCircle/DoorPrototype/Art/Wizard/Source/PixelLab/feminine-dark/selected/standing/south-east.png using Guid(69f3c2f3d7452fd41b949253110967be) (TextureImporter) -> (artifact id: 'ee6467e97aa63a1a751ef6096fb9ecf6') in 0.0055149 seconds
Refreshing native plugins compatible for Editor in 2.92 ms, found 4 plugins.
Preloading 0 native plugins for Editor in 0.00 ms.
Asset Pipeline Refresh (id=7648b3e9cd886604987f2a7c914efe52): Total: 0.025 seconds - Initiated by StopAssetImportingV2(NoUpdateAssetOptions)
Start importing Assets/NoSafeCircle/DoorPrototype/Art/Wizard/Source/PixelLab/feminine-dark/selected/standing/south.png using Guid(395f313db6b829b4e98b7bb95d03047b) (TextureImporter) -> (artifact id: 'd3c15594e4a8572e716e80ecbb874809') in 0.0073896 seconds
Refreshing native plugins compatible for Editor in 2.48 ms, found 4 plugins.
Preloading 0 native plugins for Editor in 0.00 ms.
Asset Pipeline Refresh (id=d80ef35d78d6c114b836765cf50fb4a8): Total: 0.025 seconds - Initiated by StopAssetImportingV2(NoUpdateAssetOptions)
Start importing Assets/NoSafeCircle/DoorPrototype/Art/Wizard/Source/PixelLab/feminine-dark/selected/standing/south.png using Guid(395f313db6b829b4e98b7bb95d03047b) (TextureImporter) -> (artifact id: 'd3c15594e4a8572e716e80ecbb874809') in 0.0044238 seconds
Refreshing native plugins compatible for Editor in 4.03 ms, found 4 plugins.
Preloading 0 native plugins for Editor in 0.00 ms.
Asset Pipeline Refresh (id=85e19e741a9b43d44b725857416d877d): Total: 0.024 seconds - Initiated by StopAssetImportingV2(NoUpdateAssetOptions)
Start importing Assets/NoSafeCircle/DoorPrototype/Art/Wizard/Source/PixelLab/feminine-dark/selected/standing/south-west.png using Guid(d340bd93ea196354289606025f38f94d) (TextureImporter) -> (artifact id: 'f837691b8466871cabcca2d15ba6c6af') in 0.0075025 seconds
Refreshing native plugins compatible for Editor in 3.12 ms, found 4 plugins.
Preloading 0 native plugins for Editor in 0.00 ms.
Asset Pipeline Refresh (id=1acf5510873564b4ba798fde87456e99): Total: 0.030 seconds - Initiated by StopAssetImportingV2(NoUpdateAssetOptions)
Start importing Assets/NoSafeCircle/DoorPrototype/Art/Wizard/Source/PixelLab/feminine-dark/selected/standing/south-west.png using Guid(d340bd93ea196354289606025f38f94d) (TextureImporter) -> (artifact id: 'f837691b8466871cabcca2d15ba6c6af') in 0.0045935 seconds
Refreshing native plugins compatible for Editor in 2.44 ms, found 4 plugins.
Preloading 0 native plugins for Editor in 0.00 ms.
Asset Pipeline Refresh (id=0542394d5c34cbf47921db7bfb8ff859): Total: 0.022 seconds - Initiated by StopAssetImportingV2(NoUpdateAssetOptions)
Start importing Assets/NoSafeCircle/DoorPrototype/Art/Wizard/Source/PixelLab/feminine-dark/selected/standing/west.png using Guid(6cc81d4fd67acb649b32359d6fc7cd2e) (TextureImporter) -> (artifact id: 'd02b0a988451053004fce71b6b6f9812') in 0.005838 seconds
Refreshing native plugins compatible for Editor in 3.77 ms, found 4 plugins.
Preloading 0 native plugins for Editor in 0.00 ms.
Asset Pipeline Refresh (id=5162194729eb68b4eac8e75c3e9e7388): Total: 0.030 seconds - Initiated by StopAssetImportingV2(NoUpdateAssetOptions)
Start importing Assets/NoSafeCircle/DoorPrototype/Art/Wizard/Source/PixelLab/feminine-dark/selected/standing/west.png using Guid(6cc81d4fd67acb649b32359d6fc7cd2e) (TextureImporter) -> (artifact id: 'd02b0a988451053004fce71b6b6f9812') in 0.0048649 seconds
Refreshing native plugins compatible for Editor in 3.98 ms, found 4 plugins.
Preloading 0 native plugins for Editor in 0.00 ms.
Asset Pipeline Refresh (id=d2d3263eab300604c98920dddae41d88): Total: 0.027 seconds - Initiated by StopAssetImportingV2(NoUpdateAssetOptions)
Start importing Assets/NoSafeCircle/DoorPrototype/Art/Wizard/Source/PixelLab/feminine-dark/selected/standing/north-west.png using Guid(2769efd7b13347c4b8f686924823a27d) (TextureImporter) -> (artifact id: '13bfff9ddb194b4329aa7c38db0fe7ac') in 0.0057649 seconds
Refreshing native plugins compatible for Editor in 2.40 ms, found 4 plugins.
Preloading 0 native plugins for Editor in 0.00 ms.
Asset Pipeline Refresh (id=6bc477ae89bd0d94e903926cfb09ec98): Total: 0.027 seconds - Initiated by StopAssetImportingV2(NoUpdateAssetOptions)
Start importing Assets/NoSafeCircle/DoorPrototype/Art/Wizard/Source/PixelLab/feminine-dark/selected/standing/north-west.png using Guid(2769efd7b13347c4b8f686924823a27d) (TextureImporter) -> (artifact id: '13bfff9ddb194b4329aa7c38db0fe7ac') in 0.005273 seconds
Refreshing native plugins compatible for Editor in 2.22 ms, found 4 plugins.
Preloading 0 native plugins for Editor in 0.00 ms.
Asset Pipeline Refresh (id=eb5b99cec4ea76e4aa0c9b43d40f0f0c): Total: 0.022 seconds - Initiated by StopAssetImportingV2(NoUpdateAssetOptions)
Start importing Assets/NoSafeCircle/DoorPrototype/Art/Wizard/Source/PixelLab/feminine-dark/selected/standing/north.png using Guid(2feb146e8a7a73047b887b1ade0e55fa) (TextureImporter) -> (artifact id: '957879f7d4eef227ba1ce5952211fa76') in 0.0084349 seconds
Refreshing native plugins compatible for Editor in 2.64 ms, found 4 plugins.
Preloading 0 native plugins for Editor in 0.00 ms.
Asset Pipeline Refresh (id=81527ebe95da9704f83b3b6e59a33704): Total: 0.031 seconds - Initiated by StopAssetImportingV2(NoUpdateAssetOptions)
Start importing Assets/NoSafeCircle/DoorPrototype/Art/Wizard/Source/PixelLab/feminine-dark/selected/standing/north.png using Guid(2feb146e8a7a73047b887b1ade0e55fa) (TextureImporter) -> (artifact id: '957879f7d4eef227ba1ce5952211fa76') in 0.0058136 seconds
Refreshing native plugins compatible for Editor in 4.00 ms, found 4 plugins.
Preloading 0 native plugins for Editor in 0.00 ms.
Asset Pipeline Refresh (id=5cf5cf60edb1d7848acc7abf6b5e2c38): Total: 0.030 seconds - Initiated by StopAssetImportingV2(NoUpdateAssetOptions)
Start importing Assets/NoSafeCircle/DoorPrototype/Art/Wizard/Generated/Wizard_Feminine_Black_idle_north.anim using Guid(56390b93606113148b6b0b6f3bc4580a) (NativeFormatImporter) -> (artifact id: '1af3300edc40627335f56d1369d6b04e') in 0.0033514 seconds
Refreshing native plugins compatible for Editor in 2.37 ms, found 4 plugins.
Preloading 0 native plugins for Editor in 0.00 ms.
Asset Pipeline Refresh (id=ca8e9a0a614bf6843b2895d222a3f2d6): Total: 0.023 seconds - Initiated by StopAssetImportingV2(NoUpdateAssetOptions)
Start importing Assets/NoSafeCircle/DoorPrototype/Art/Wizard/Source/PixelLab/feminine-dark/selected/walk/north/frame_000.png using Guid(e643b744a35ec73f7f8861db43aa1baa) (TextureImporter) -> (artifact id: '97a39a29430ade1e5e86aaa4032d8c46') in 0.0050496 seconds
Refreshing native plugins compatible for Editor in 2.26 ms, found 4 plugins.
Preloading 0 native plugins for Editor in 0.00 ms.
Asset Pipeline Refresh (id=ba81234273760d04c84169a04a93f828): Total: 0.020 seconds - Initiated by StopAssetImportingV2(NoUpdateAssetOptions)
Start importing Assets/NoSafeCircle/DoorPrototype/Art/Wizard/Source/PixelLab/feminine-dark/selected/walk/north/frame_000.png using Guid(e643b744a35ec73f7f8861db43aa1baa) (TextureImporter) -> (artifact id: 'dbf48c7353477c34c3a4d05d87dbcd6c') in 0.0053818 seconds
Refreshing native plugins compatible for Editor in 2.15 ms, found 4 plugins.
Preloading 0 native plugins for Editor in 0.00 ms.
Asset Pipeline Refresh (id=83855d0fe6985804e8fae332b30f8d72): Total: 0.031 seconds - Initiated by StopAssetImportingV2(NoUpdateAssetOptions)
Start importing Assets/NoSafeCircle/DoorPrototype/Art/Wizard/Source/PixelLab/feminine-dark/selected/walk/north/frame_001.png using Guid(da593aa160fcf63e35ae7401b448426c) (TextureImporter) -> (artifact id: '4d2d4cca6e2bce5512d90beb240323c8') in 0.0052777 seconds
Refreshing native plugins compatible for Editor in 2.48 ms, found 4 plugins.
Preloading 0 native plugins for Editor in 0.00 ms.
Asset Pipeline Refresh (id=0809f3878f806e64e906c6cf1ffb8801): Total: 0.025 seconds - Initiated by StopAssetImportingV2(NoUpdateAssetOptions)
Start importing Assets/NoSafeCircle/DoorPrototype/Art/Wizard/Source/PixelLab/feminine-dark/selected/walk/north/frame_001.png using Guid(da593aa160fcf63e35ae7401b448426c) (TextureImporter) -> (artifact id: 'fd3ea520f459a1b8ac6f34f7aa56e48e') in 0.0049032 seconds
Refreshing native plugins compatible for Editor in 2.37 ms, found 4 plugins.
Preloading 0 native plugins for Editor in 0.00 ms.
Asset Pipeline Refresh (id=61f3528709154d847a88c4cf3506a67e): Total: 0.033 seconds - Initiated by StopAssetImportingV2(NoUpdateAssetOptions)
Start importing Assets/NoSafeCircle/DoorPrototype/Art/Wizard/Source/PixelLab/feminine-dark/selected/walk/north/frame_002.png using Guid(1c2272d93a608693e04f3b094fd144cc) (TextureImporter) -> (artifact id: '428b99156488c6a10d58edab8def6f41') in 0.0061048 seconds
Refreshing native plugins compatible for Editor in 2.34 ms, found 4 plugins.
Preloading 0 native plugins for Editor in 0.00 ms.
Asset Pipeline Refresh (id=5679bc5cb163fef419e33513adf05403): Total: 0.023 seconds - Initiated by StopAssetImportingV2(NoUpdateAssetOptions)
Start importing Assets/NoSafeCircle/DoorPrototype/Art/Wizard/Source/PixelLab/feminine-dark/selected/walk/north/frame_002.png using Guid(1c2272d93a608693e04f3b094fd144cc) (TextureImporter) -> (artifact id: 'c5467830e9cb27b11b41427ada047248') in 0.0052276 seconds
Refreshing native plugins compatible for Editor in 2.36 ms, found 4 plugins.
Preloading 0 native plugins for Editor in 0.00 ms.
Asset Pipeline Refresh (id=65ef449ded812d74a8fbcadcedf3b6bc): Total: 0.037 seconds - Initiated by StopAssetImportingV2(NoUpdateAssetOptions)
Start importing Assets/NoSafeCircle/DoorPrototype/Art/Wizard/Source/PixelLab/feminine-dark/selected/walk/north/frame_003.png using Guid(9433017af23746d908f0e4a8f10426c2) (TextureImporter) -> (artifact id: 'c585cb66693b13957983e12c3f4b4da4') in 0.0062262 seconds
Refreshing native plugins compatible for Editor in 2.75 ms, found 4 plugins.
Preloading 0 native plugins for Editor in 0.00 ms.
Asset Pipeline Refresh (id=b6557c8feca92864497a15b6174a1026): Total: 0.028 seconds - Initiated by StopAssetImportingV2(NoUpdateAssetOptions)
Start importing Assets/NoSafeCircle/DoorPrototype/Art/Wizard/Source/PixelLab/feminine-dark/selected/walk/north/frame_003.png using Guid(9433017af23746d908f0e4a8f10426c2) (TextureImporter) -> (artifact id: '7bf29bf46e2afa9e91d8101ad2bc9a33') in 0.0055302 seconds
Refreshing native plugins compatible for Editor in 4.43 ms, found 4 plugins.
Preloading 0 native plugins for Editor in 0.00 ms.
Asset Pipeline Refresh (id=9977cada777a62a49a02074c5600a414): Total: 0.039 seconds - Initiated by StopAssetImportingV2(NoUpdateAssetOptions)
Start importing Assets/NoSafeCircle/DoorPrototype/Art/Wizard/Source/PixelLab/feminine-dark/selected/walk/north/frame_004.png using Guid(0da4efe3719251f96e4f957ff0dc2a5f) (TextureImporter) -> (artifact id: 'd2df03a154c1a72871b189cbb9daea7b') in 0.0074046 seconds
Refreshing native plugins compatible for Editor in 2.60 ms, found 4 plugins.
Preloading 0 native plugins for Editor in 0.00 ms.
Asset Pipeline Refresh (id=a3fa0741b7171d147a8485de6be4e871): Total: 0.024 seconds - Initiated by StopAssetImportingV2(NoUpdateAssetOptions)
Start importing Assets/NoSafeCircle/DoorPrototype/Art/Wizard/Source/PixelLab/feminine-dark/selected/walk/north/frame_004.png using Guid(0da4efe3719251f96e4f957ff0dc2a5f) (TextureImporter) -> (artifact id: '7a328d91537c1e0eae59b8b2fad1a3e9') in 0.0052518 seconds
Refreshing native plugins compatible for Editor in 2.74 ms, found 4 plugins.
Preloading 0 native plugins for Editor in 0.00 ms.
Asset Pipeline Refresh (id=9c57042e49902f842a394ae543afb3c9): Total: 0.040 seconds - Initiated by StopAssetImportingV2(NoUpdateAssetOptions)
Start importing Assets/NoSafeCircle/DoorPrototype/Art/Wizard/Source/PixelLab/feminine-dark/selected/walk/north/frame_005.png using Guid(d36459cb14d5b8a4e7c4b911970373a2) (TextureImporter) -> (artifact id: '07ef2f4f2bb1c1ea99595610f9c96161') in 0.0060573 seconds
Refreshing native plugins compatible for Editor in 4.11 ms, found 4 plugins.
Preloading 0 native plugins for Editor in 0.00 ms.
Asset Pipeline Refresh (id=17e7ea5392e20ab4aa17b1d0a732dbe3): Total: 0.026 seconds - Initiated by StopAssetImportingV2(NoUpdateAssetOptions)
Start importing Assets/NoSafeCircle/DoorPrototype/Art/Wizard/Source/PixelLab/feminine-dark/selected/walk/north/frame_005.png using Guid(d36459cb14d5b8a4e7c4b911970373a2) (TextureImporter) -> (artifact id: 'd8fcc769d10729a86949473850730c6d') in 0.0064099 seconds
Refreshing native plugins compatible for Editor in 2.99 ms, found 4 plugins.
Preloading 0 native plugins for Editor in 0.00 ms.
Asset Pipeline Refresh (id=8fe0ce02357571c4e94b845bfa76c462): Total: 0.036 seconds - Initiated by StopAssetImportingV2(NoUpdateAssetOptions)
Start importing Assets/NoSafeCircle/DoorPrototype/Art/Wizard/Generated/Wizard_Feminine_Black_walk_north.anim using Guid(764f615fcec13bd438625b0e2b4d8fed) (NativeFormatImporter) -> (artifact id: 'd36d21e2cd9eaac8ec1cddc6eb3dee84') in 0.0032832 seconds
Refreshing native plugins compatible for Editor in 2.46 ms, found 4 plugins.
Preloading 0 native plugins for Editor in 0.00 ms.
Asset Pipeline Refresh (id=84f42e45bc3990740abe4e1f4e3431f1): Total: 0.021 seconds - Initiated by StopAssetImportingV2(NoUpdateAssetOptions)
Start importing Assets/NoSafeCircle/DoorPrototype/Art/Wizard/Source/PixelLab/feminine-dark/selected/standing/north-east.png using Guid(a1217821b0169bb4a87454fdd117b348) (TextureImporter) -> (artifact id: 'cc17198cbb5cc3c43edb700ebcf2db2f') in 0.0068498 seconds
Refreshing native plugins compatible for Editor in 3.43 ms, found 4 plugins.
Preloading 0 native plugins for Editor in 0.00 ms.
Asset Pipeline Refresh (id=e477d0acd6901c94298f853a13e3d70c): Total: 0.028 seconds - Initiated by StopAssetImportingV2(NoUpdateAssetOptions)
Start importing Assets/NoSafeCircle/DoorPrototype/Art/Wizard/Source/PixelLab/feminine-dark/selected/standing/north-east.png using Guid(a1217821b0169bb4a87454fdd117b348) (TextureImporter) -> (artifact id: 'cc17198cbb5cc3c43edb700ebcf2db2f') in 0.0063124 seconds
Refreshing native plugins compatible for Editor in 4.21 ms, found 4 plugins.
Preloading 0 native plugins for Editor in 0.00 ms.
Asset Pipeline Refresh (id=0acb4e09ea596664b87d13f529bb63b7): Total: 0.031 seconds - Initiated by StopAssetImportingV2(NoUpdateAssetOptions)
Start importing Assets/NoSafeCircle/DoorPrototype/Art/Wizard/Generated/Wizard_Feminine_Black_idle_north-east.anim using Guid(6e96856c748dc8749a34e5d581109c72) (NativeFormatImporter) -> (artifact id: '1a71f74bbd4507ade701795058a82ee4') in 0.0025689 seconds
Refreshing native plugins compatible for Editor in 2.37 ms, found 4 plugins.
Preloading 0 native plugins for Editor in 0.00 ms.
Asset Pipeline Refresh (id=d7f70e792b9f037478f7b79cf923f74b): Total: 0.021 seconds - Initiated by StopAssetImportingV2(NoUpdateAssetOptions)
Start importing Assets/NoSafeCircle/DoorPrototype/Art/Wizard/Source/PixelLab/feminine-dark/selected/walk/north-east/frame_000.png using Guid(d462df5423f92c7419f5747437825c54) (TextureImporter) -> (artifact id: 'f13d5a1ab31994d3bfcd4ff510aaeefb') in 0.0057402 seconds
Refreshing native plugins compatible for Editor in 2.36 ms, found 4 plugins.
Preloading 0 native plugins for Editor in 0.00 ms.
Asset Pipeline Refresh (id=5735d4927e8f7a348b7088bfb858fbff): Total: 0.031 seconds - Initiated by StopAssetImportingV2(NoUpdateAssetOptions)
Start importing Assets/NoSafeCircle/DoorPrototype/Art/Wizard/Source/PixelLab/feminine-dark/selected/walk/north-east/frame_000.png using Guid(d462df5423f92c7419f5747437825c54) (TextureImporter) -> (artifact id: 'f13d5a1ab31994d3bfcd4ff510aaeefb') in 0.0045784 seconds
Refreshing native plugins compatible for Editor in 2.60 ms, found 4 plugins.
Preloading 0 native plugins for Editor in 0.00 ms.
Asset Pipeline Refresh (id=e681d563fc8782446a0b087f55b7afa1): Total: 0.027 seconds - Initiated by StopAssetImportingV2(NoUpdateAssetOptions)
Start importing Assets/NoSafeCircle/DoorPrototype/Art/Wizard/Source/PixelLab/feminine-dark/selected/walk/north-east/frame_001.png using Guid(934c5236f2abf814bbbafe6d5feb2a49) (TextureImporter) -> (artifact id: '2bff87f6515d9bc9f87d22ed9719b75d') in 0.0076878 seconds
Refreshing native plugins compatible for Editor in 2.71 ms, found 4 plugins.
Preloading 0 native plugins for Editor in 0.00 ms.
Asset Pipeline Refresh (id=ffe02f42f29fb4148b9723229338f3b2): Total: 0.028 seconds - Initiated by StopAssetImportingV2(NoUpdateAssetOptions)
Start importing Assets/NoSafeCircle/DoorPrototype/Art/Wizard/Source/PixelLab/feminine-dark/selected/walk/north-east/frame_001.png using Guid(934c5236f2abf814bbbafe6d5feb2a49) (TextureImporter) -> (artifact id: '2bff87f6515d9bc9f87d22ed9719b75d') in 0.005589 seconds
Refreshing native plugins compatible for Editor in 2.42 ms, found 4 plugins.
Preloading 0 native plugins for Editor in 0.00 ms.
Asset Pipeline Refresh (id=1b8ad5287c801fa4782258893f2c1e57): Total: 0.023 seconds - Initiated by StopAssetImportingV2(NoUpdateAssetOptions)
Start importing Assets/NoSafeCircle/DoorPrototype/Art/Wizard/Source/PixelLab/feminine-dark/selected/walk/north-east/frame_002.png using Guid(5bbcf96f77eecea47b3a25f4a4c5cff2) (TextureImporter) -> (artifact id: '6474f174a1bca6a2d015e340f66d43fe') in 0.0075616 seconds
Refreshing native plugins compatible for Editor in 2.84 ms, found 4 plugins.
Preloading 0 native plugins for Editor in 0.00 ms.
Asset Pipeline Refresh (id=ff223464ed867994485ac9257fce2103): Total: 0.028 seconds - Initiated by StopAssetImportingV2(NoUpdateAssetOptions)
Start importing Assets/NoSafeCircle/DoorPrototype/Art/Wizard/Source/PixelLab/feminine-dark/selected/walk/north-east/frame_002.png using Guid(5bbcf96f77eecea47b3a25f4a4c5cff2) (TextureImporter) -> (artifact id: '6474f174a1bca6a2d015e340f66d43fe') in 0.0066447 seconds
Refreshing native plugins compatible for Editor in 3.35 ms, found 4 plugins.
Preloading 0 native plugins for Editor in 0.00 ms.
Asset Pipeline Refresh (id=f3c864090de554747b4ac064169f60c8): Total: 0.032 seconds - Initiated by StopAssetImportingV2(NoUpdateAssetOptions)
Start importing Assets/NoSafeCircle/DoorPrototype/Art/Wizard/Source/PixelLab/feminine-dark/selected/walk/north-east/frame_003.png using Guid(c43b36f333c165b4a8fe72630a574c70) (TextureImporter) -> (artifact id: 'bb4f869d36d51000d6ef6d4cf280384b') in 0.0069724 seconds
Refreshing native plugins compatible for Editor in 3.26 ms, found 4 plugins.
Preloading 0 native plugins for Editor in 0.00 ms.
Asset Pipeline Refresh (id=a2654946bbc882b45af4308ba980f21d): Total: 0.032 seconds - Initiated by StopAssetImportingV2(NoUpdateAssetOptions)
Start importing Assets/NoSafeCircle/DoorPrototype/Art/Wizard/Source/PixelLab/feminine-dark/selected/walk/north-east/frame_003.png using Guid(c43b36f333c165b4a8fe72630a574c70) (TextureImporter) -> (artifact id: 'bb4f869d36d51000d6ef6d4cf280384b') in 0.0057138 seconds
Refreshing native plugins compatible for Editor in 2.56 ms, found 4 plugins.
Preloading 0 native plugins for Editor in 0.00 ms.
Asset Pipeline Refresh (id=70cc1910b3d885e4abae2f73da7a40c2): Total: 0.031 seconds - Initiated by StopAssetImportingV2(NoUpdateAssetOptions)
Start importing Assets/NoSafeCircle/DoorPrototype/Art/Wizard/Source/PixelLab/feminine-dark/selected/walk/north-east/frame_004.png using Guid(8aa232288451d3e46bd8d8a2871385a5) (TextureImporter) -> (artifact id: '4bb02c4ce38c67abd3a25ffc64dab86f') in 0.0067006 seconds
Refreshing native plugins compatible for Editor in 2.35 ms, found 4 plugins.
Preloading 0 native plugins for Editor in 0.00 ms.
Asset Pipeline Refresh (id=5b756a492420eaf4aa37d899030c5e8d): Total: 0.023 seconds - Initiated by StopAssetImportingV2(NoUpdateAssetOptions)
Start importing Assets/NoSafeCircle/DoorPrototype/Art/Wizard/Source/PixelLab/feminine-dark/selected/walk/north-east/frame_004.png using Guid(8aa232288451d3e46bd8d8a2871385a5) (TextureImporter) -> (artifact id: '4bb02c4ce38c67abd3a25ffc64dab86f') in 0.0061693 seconds
Refreshing native plugins compatible for Editor in 4.35 ms, found 4 plugins.
Preloading 0 native plugins for Editor in 0.00 ms.
Asset Pipeline Refresh (id=389c5d989e811374887bc0737fa0bc97): Total: 0.028 seconds - Initiated by StopAssetImportingV2(NoUpdateAssetOptions)
Start importing Assets/NoSafeCircle/DoorPrototype/Art/Wizard/Source/PixelLab/feminine-dark/selected/walk/north-east/frame_005.png using Guid(a0894ac601da64545a9082c129c40dd1) (TextureImporter) -> (artifact id: 'd667d0616a0e91a424e92315897361ea') in 0.0076404 seconds
Refreshing native plugins compatible for Editor in 4.16 ms, found 4 plugins.
Preloading 0 native plugins for Editor in 0.00 ms.
Asset Pipeline Refresh (id=962e9b60bdec31d4eb86f24ab0a12c68): Total: 0.028 seconds - Initiated by StopAssetImportingV2(NoUpdateAssetOptions)
Start importing Assets/NoSafeCircle/DoorPrototype/Art/Wizard/Source/PixelLab/feminine-dark/selected/walk/north-east/frame_005.png using Guid(a0894ac601da64545a9082c129c40dd1) (TextureImporter) -> (artifact id: 'd667d0616a0e91a424e92315897361ea') in 0.0069968 seconds
Refreshing native plugins compatible for Editor in 2.81 ms, found 4 plugins.
Preloading 0 native plugins for Editor in 0.00 ms.
Asset Pipeline Refresh (id=4f872a2bf785b2d4f9c436c68ea47a44): Total: 0.033 seconds - Initiated by StopAssetImportingV2(NoUpdateAssetOptions)
Start importing Assets/NoSafeCircle/DoorPrototype/Art/Wizard/Generated/Wizard_Feminine_Black_walk_north-east.anim using Guid(1431d10fec45c5641a6381d12aa09fd5) (NativeFormatImporter) -> (artifact id: 'f9cbf81ad735db7593eb5a1164b167ae') in 0.0042815 seconds
Refreshing native plugins compatible for Editor in 3.37 ms, found 4 plugins.
Preloading 0 native plugins for Editor in 0.00 ms.
Asset Pipeline Refresh (id=528ba5ea3244b544eb225f17f3e38f5f): Total: 0.027 seconds - Initiated by StopAssetImportingV2(NoUpdateAssetOptions)
Start importing Assets/NoSafeCircle/DoorPrototype/Art/Wizard/Source/PixelLab/feminine-dark/selected/standing/east.png using Guid(265f095eae845d544b4fe1e5d828a4c6) (TextureImporter) -> (artifact id: 'ae8733c5142b9ba0eef52c6c3c6c45dd') in 0.0075817 seconds
Refreshing native plugins compatible for Editor in 2.70 ms, found 4 plugins.
Preloading 0 native plugins for Editor in 0.00 ms.
Asset Pipeline Refresh (id=374dc9ed972c21e41953b6c6d8651c2d): Total: 0.032 seconds - Initiated by StopAssetImportingV2(NoUpdateAssetOptions)
Start importing Assets/NoSafeCircle/DoorPrototype/Art/Wizard/Source/PixelLab/feminine-dark/selected/standing/east.png using Guid(265f095eae845d544b4fe1e5d828a4c6) (TextureImporter) -> (artifact id: 'ae8733c5142b9ba0eef52c6c3c6c45dd') in 0.0066318 seconds
Refreshing native plugins compatible for Editor in 4.37 ms, found 4 plugins.
Preloading 0 native plugins for Editor in 0.00 ms.
Asset Pipeline Refresh (id=f9a00776f866ccd4fb94ff9916fe5514): Total: 0.033 seconds - Initiated by StopAssetImportingV2(NoUpdateAssetOptions)
Start importing Assets/NoSafeCircle/DoorPrototype/Art/Wizard/Generated/Wizard_Feminine_Black_idle_east.anim using Guid(3490ebaa585fab94abcb613e7bf186a4) (NativeFormatImporter) -> (artifact id: 'ff28fbd4bb5daf8dabf858059fbd58ef') in 0.0024061 seconds
Refreshing native plugins compatible for Editor in 2.66 ms, found 4 plugins.
Preloading 0 native plugins for Editor in 0.00 ms.
Asset Pipeline Refresh (id=b436b609d14c6ae4694d4243508c11fb): Total: 0.021 seconds - Initiated by StopAssetImportingV2(NoUpdateAssetOptions)
Start importing Assets/NoSafeCircle/DoorPrototype/Art/Wizard/Source/PixelLab/feminine-dark/selected/walk/east/frame_000.png using Guid(caa6394d11b396976d4c6dc79df16c6a) (TextureImporter) -> (artifact id: '5f48e7634db657e2ef1f5d3798df816a') in 0.0049142 seconds
Refreshing native plugins compatible for Editor in 4.39 ms, found 4 plugins.
Preloading 0 native plugins for Editor in 0.00 ms.
Asset Pipeline Refresh (id=60769e438a49053499ac75a8eb1781c4): Total: 0.032 seconds - Initiated by StopAssetImportingV2(NoUpdateAssetOptions)
Start importing Assets/NoSafeCircle/DoorPrototype/Art/Wizard/Source/PixelLab/feminine-dark/selected/walk/east/frame_000.png using Guid(caa6394d11b396976d4c6dc79df16c6a) (TextureImporter) -> (artifact id: '715eb4672953b2b63d3901a47e49dc92') in 0.0058668 seconds
Refreshing native plugins compatible for Editor in 3.80 ms, found 4 plugins.
Preloading 0 native plugins for Editor in 0.00 ms.
Asset Pipeline Refresh (id=4b23f12847e78f647be1ab1bc170912d): Total: 0.042 seconds - Initiated by StopAssetImportingV2(NoUpdateAssetOptions)
Start importing Assets/NoSafeCircle/DoorPrototype/Art/Wizard/Source/PixelLab/feminine-dark/selected/walk/east/frame_001.png using Guid(0c6887552c141a3498876fcacb316ace) (TextureImporter) -> (artifact id: '5f70b5cb03687bd213b5494980243fa8') in 0.0057508 seconds
Refreshing native plugins compatible for Editor in 3.83 ms, found 4 plugins.
Preloading 0 native plugins for Editor in 0.00 ms.
Asset Pipeline Refresh (id=567f5a9807d4ed748a39696480de2fb2): Total: 0.029 seconds - Initiated by StopAssetImportingV2(NoUpdateAssetOptions)
Start importing Assets/NoSafeCircle/DoorPrototype/Art/Wizard/Source/PixelLab/feminine-dark/selected/walk/east/frame_001.png using Guid(0c6887552c141a3498876fcacb316ace) (TextureImporter) -> (artifact id: '3f3f813e578a9e58071b541c421d2d0d') in 0.0056753 seconds
Refreshing native plugins compatible for Editor in 2.57 ms, found 4 plugins.
Preloading 0 native plugins for Editor in 0.00 ms.
Asset Pipeline Refresh (id=2fce3c2392089a64e8faf72f61df009d): Total: 0.037 seconds - Initiated by StopAssetImportingV2(NoUpdateAssetOptions)
Start importing Assets/NoSafeCircle/DoorPrototype/Art/Wizard/Source/PixelLab/feminine-dark/selected/walk/east/frame_002.png using Guid(7690207c50300d550b62132ae5afaf53) (TextureImporter) -> (artifact id: 'e8d36c0417edef84468d5f57f649041e') in 0.0054588 seconds
Refreshing native plugins compatible for Editor in 2.55 ms, found 4 plugins.
Preloading 0 native plugins for Editor in 0.00 ms.
Asset Pipeline Refresh (id=6b43e0a3d657b9041a71b13fb8cc9110): Total: 0.022 seconds - Initiated by StopAssetImportingV2(NoUpdateAssetOptions)
Start importing Assets/NoSafeCircle/DoorPrototype/Art/Wizard/Source/PixelLab/feminine-dark/selected/walk/east/frame_002.png using Guid(7690207c50300d550b62132ae5afaf53) (TextureImporter) -> (artifact id: 'debb9c4f666844dae449a4d1bcee0b02') in 0.004175 seconds
Refreshing native plugins compatible for Editor in 2.31 ms, found 4 plugins.
Preloading 0 native plugins for Editor in 0.00 ms.
Asset Pipeline Refresh (id=907456e8d2604984fb357a6abeffe7f7): Total: 0.031 seconds - Initiated by StopAssetImportingV2(NoUpdateAssetOptions)
Start importing Assets/NoSafeCircle/DoorPrototype/Art/Wizard/Source/PixelLab/feminine-dark/selected/walk/east/frame_003.png using Guid(c3b7319eee3d6a50c41bc61c98290421) (TextureImporter) -> (artifact id: '91c3fd58abba2d6a6a45ecefc11d514a') in 0.0067417 seconds
Refreshing native plugins compatible for Editor in 2.38 ms, found 4 plugins.
Preloading 0 native plugins for Editor in 0.00 ms.
Asset Pipeline Refresh (id=3d441e25650a5cf4bab25b887c2ccdbd): Total: 0.028 seconds - Initiated by StopAssetImportingV2(NoUpdateAssetOptions)
Start importing Assets/NoSafeCircle/DoorPrototype/Art/Wizard/Source/PixelLab/feminine-dark/selected/walk/east/frame_003.png using Guid(c3b7319eee3d6a50c41bc61c98290421) (TextureImporter) -> (artifact id: '85670ea6b1e37af2b5ab2c18b08c9465') in 0.0040619 seconds
Refreshing native plugins compatible for Editor in 2.53 ms, found 4 plugins.
Preloading 0 native plugins for Editor in 0.00 ms.
Asset Pipeline Refresh (id=e0d43aa341fb8034f9a2aba767bff229): Total: 0.030 seconds - Initiated by StopAssetImportingV2(NoUpdateAssetOptions)
Start importing Assets/NoSafeCircle/DoorPrototype/Art/Wizard/Source/PixelLab/feminine-dark/selected/walk/east/frame_004.png using Guid(5c4b5c93863ead4e2116cb6d49f60fcb) (TextureImporter) -> (artifact id: '6140313b15efe666431bdacb5c8a5642') in 0.0054709 seconds
Refreshing native plugins compatible for Editor in 2.99 ms, found 4 plugins.
Preloading 0 native plugins for Editor in 0.00 ms.
Asset Pipeline Refresh (id=723360601a0866b48a5fc79b85fb327a): Total: 0.023 seconds - Initiated by StopAssetImportingV2(NoUpdateAssetOptions)
Start importing Assets/NoSafeCircle/DoorPrototype/Art/Wizard/Source/PixelLab/feminine-dark/selected/walk/east/frame_004.png using Guid(5c4b5c93863ead4e2116cb6d49f60fcb) (TextureImporter) -> (artifact id: 'b176155e95d1a3c67a4db95cae5a5664') in 0.0050622 seconds
Refreshing native plugins compatible for Editor in 2.82 ms, found 4 plugins.
Preloading 0 native plugins for Editor in 0.00 ms.
Asset Pipeline Refresh (id=6c74a20d8a3164f488302ae750ff0aa8): Total: 0.035 seconds - Initiated by StopAssetImportingV2(NoUpdateAssetOptions)
Start importing Assets/NoSafeCircle/DoorPrototype/Art/Wizard/Source/PixelLab/feminine-dark/selected/walk/east/frame_005.png using Guid(b5e827319400f39bfca8531b9f07093b) (TextureImporter) -> (artifact id: '522ed6671ae15ec5e9b15a14f1652bb1') in 0.006852 seconds
Refreshing native plugins compatible for Editor in 4.50 ms, found 4 plugins.
Preloading 0 native plugins for Editor in 0.00 ms.
Asset Pipeline Refresh (id=495a4bd80ca761e4aa22ae0cd58ac6ce): Total: 0.034 seconds - Initiated by StopAssetImportingV2(NoUpdateAssetOptions)
Start importing Assets/NoSafeCircle/DoorPrototype/Art/Wizard/Source/PixelLab/feminine-dark/selected/walk/east/frame_005.png using Guid(b5e827319400f39bfca8531b9f07093b) (TextureImporter) -> (artifact id: '0d051eff3bf3c0e1d683cc782bce7037') in 0.0071672 seconds
Refreshing native plugins compatible for Editor in 2.60 ms, found 4 plugins.
Preloading 0 native plugins for Editor in 0.00 ms.
Asset Pipeline Refresh (id=cb8f6d39581b57c4999012ae24aae9bd): Total: 0.036 seconds - Initiated by StopAssetImportingV2(NoUpdateAssetOptions)
Start importing Assets/NoSafeCircle/DoorPrototype/Art/Wizard/Generated/Wizard_Feminine_Black_walk_east.anim using Guid(68483bd57b0276240a8d985f9286a2c7) (NativeFormatImporter) -> (artifact id: '1479ab54979b4c21096c7a1694a0eb12') in 0.0037374 seconds
Refreshing native plugins compatible for Editor in 4.19 ms, found 4 plugins.
Preloading 0 native plugins for Editor in 0.00 ms.
Asset Pipeline Refresh (id=50b13376070d04c469c643b93a779c6d): Total: 0.027 seconds - Initiated by StopAssetImportingV2(NoUpdateAssetOptions)
Start importing Assets/NoSafeCircle/DoorPrototype/Art/Wizard/Source/PixelLab/feminine-dark/selected/standing/south-east.png using Guid(69f3c2f3d7452fd41b949253110967be) (TextureImporter) -> (artifact id: 'ee6467e97aa63a1a751ef6096fb9ecf6') in 0.0087587 seconds
Refreshing native plugins compatible for Editor in 2.73 ms, found 4 plugins.
Preloading 0 native plugins for Editor in 0.00 ms.
Asset Pipeline Refresh (id=1014458829836e643a3aa24f686e50cb): Total: 0.036 seconds - Initiated by StopAssetImportingV2(NoUpdateAssetOptions)
Start importing Assets/NoSafeCircle/DoorPrototype/Art/Wizard/Source/PixelLab/feminine-dark/selected/standing/south-east.png using Guid(69f3c2f3d7452fd41b949253110967be) (TextureImporter) -> (artifact id: 'ee6467e97aa63a1a751ef6096fb9ecf6') in 0.0055217 seconds
Refreshing native plugins compatible for Editor in 3.52 ms, found 4 plugins.
Preloading 0 native plugins for Editor in 0.00 ms.
Asset Pipeline Refresh (id=2031dc60c8a617f4b9f10d56f70fdb22): Total: 0.027 seconds - Initiated by StopAssetImportingV2(NoUpdateAssetOptions)
Start importing Assets/NoSafeCircle/DoorPrototype/Art/Wizard/Generated/Wizard_Feminine_Black_idle_south-east.anim using Guid(0dd27da7f0277cd4a8bd40abecd08b59) (NativeFormatImporter) -> (artifact id: 'f74c149ccf15f37feca4abdfe2df5319') in 0.0021454 seconds
Refreshing native plugins compatible for Editor in 2.36 ms, found 4 plugins.
Preloading 0 native plugins for Editor in 0.00 ms.
Asset Pipeline Refresh (id=11a31bb53cce2cd45974d951dce46297): Total: 0.020 seconds - Initiated by StopAssetImportingV2(NoUpdateAssetOptions)
Start importing Assets/NoSafeCircle/DoorPrototype/Art/Wizard/Source/PixelLab/feminine-dark/selected/walk/south-east/frame_000.png using Guid(42dd774045ddbc744be866ab33da0f8d) (TextureImporter) -> (artifact id: 'a3239d0431e581d4577e8bccf53ad2fd') in 0.0059511 seconds
Refreshing native plugins compatible for Editor in 3.01 ms, found 4 plugins.
Preloading 0 native plugins for Editor in 0.00 ms.
Asset Pipeline Refresh (id=a448e833e6fc7b24997b44b4ee88851e): Total: 0.025 seconds - Initiated by StopAssetImportingV2(NoUpdateAssetOptions)
Start importing Assets/NoSafeCircle/DoorPrototype/Art/Wizard/Source/PixelLab/feminine-dark/selected/walk/south-east/frame_000.png using Guid(42dd774045ddbc744be866ab33da0f8d) (TextureImporter) -> (artifact id: 'a3239d0431e581d4577e8bccf53ad2fd') in 0.0047405 seconds
Refreshing native plugins compatible for Editor in 2.33 ms, found 4 plugins.
Preloading 0 native plugins for Editor in 0.00 ms.
Asset Pipeline Refresh (id=bec85b4fd62900f43810b9ec092d0f69): Total: 0.023 seconds - Initiated by StopAssetImportingV2(NoUpdateAssetOptions)
Start importing Assets/NoSafeCircle/DoorPrototype/Art/Wizard/Source/PixelLab/feminine-dark/selected/walk/south-east/frame_001.png using Guid(f44a7393b774d5442ba1251cde6646cf) (TextureImporter) -> (artifact id: '066f6762edd18106cb16804e84376107') in 0.0062153 seconds
Refreshing native plugins compatible for Editor in 4.01 ms, found 4 plugins.
Preloading 0 native plugins for Editor in 0.00 ms.
Asset Pipeline Refresh (id=26164d6c1486f3d4285513e0866a3314): Total: 0.025 seconds - Initiated by StopAssetImportingV2(NoUpdateAssetOptions)
Start importing Assets/NoSafeCircle/DoorPrototype/Art/Wizard/Source/PixelLab/feminine-dark/selected/walk/south-east/frame_001.png using Guid(f44a7393b774d5442ba1251cde6646cf) (TextureImporter) -> (artifact id: '066f6762edd18106cb16804e84376107') in 0.00491 seconds
Refreshing native plugins compatible for Editor in 3.75 ms, found 4 plugins.
Preloading 0 native plugins for Editor in 0.00 ms.
Asset Pipeline Refresh (id=23e224c97cc86734dbdbd45e4f941276): Total: 0.025 seconds - Initiated by StopAssetImportingV2(NoUpdateAssetOptions)
Start importing Assets/NoSafeCircle/DoorPrototype/Art/Wizard/Source/PixelLab/feminine-dark/selected/walk/south-east/frame_002.png using Guid(aa283dd44f6c7fb46b54a6f6ea040ed0) (TextureImporter) -> (artifact id: 'ab68743bd16e61737db72f4de7e2d179') in 0.0061093 seconds
Refreshing native plugins compatible for Editor in 4.10 ms, found 4 plugins.
Preloading 0 native plugins for Editor in 0.00 ms.
Asset Pipeline Refresh (id=bf9298d9cdb39944ea61232616148614): Total: 0.025 seconds - Initiated by StopAssetImportingV2(NoUpdateAssetOptions)
Start importing Assets/NoSafeCircle/DoorPrototype/Art/Wizard/Source/PixelLab/feminine-dark/selected/walk/south-east/frame_002.png using Guid(aa283dd44f6c7fb46b54a6f6ea040ed0) (TextureImporter) -> (artifact id: 'ab68743bd16e61737db72f4de7e2d179') in 0.0048233 seconds
Refreshing native plugins compatible for Editor in 3.20 ms, found 4 plugins.
Preloading 0 native plugins for Editor in 0.00 ms.
Asset Pipeline Refresh (id=90a90392148ff1a4fa3eea239a0d70b0): Total: 0.024 seconds - Initiated by StopAssetImportingV2(NoUpdateAssetOptions)
Start importing Assets/NoSafeCircle/DoorPrototype/Art/Wizard/Source/PixelLab/feminine-dark/selected/walk/south-east/frame_003.png using Guid(a7fff011355f1f84a8b447804a104b20) (TextureImporter) -> (artifact id: '0d5d7b742fd6a74cb336f77d784db00e') in 0.0082024 seconds
Refreshing native plugins compatible for Editor in 3.37 ms, found 4 plugins.
Preloading 0 native plugins for Editor in 0.00 ms.
Asset Pipeline Refresh (id=5e54aa5941c30e847acd4db359b9631f): Total: 0.028 seconds - Initiated by StopAssetImportingV2(NoUpdateAssetOptions)
Start importing Assets/NoSafeCircle/DoorPrototype/Art/Wizard/Source/PixelLab/feminine-dark/selected/walk/south-east/frame_003.png using Guid(a7fff011355f1f84a8b447804a104b20) (TextureImporter) -> (artifact id: '0d5d7b742fd6a74cb336f77d784db00e') in 0.0046728 seconds
Refreshing native plugins compatible for Editor in 3.09 ms, found 4 plugins.
Preloading 0 native plugins for Editor in 0.00 ms.
Asset Pipeline Refresh (id=e7f5dadfabeb7d04aa68a152d472adbc): Total: 0.026 seconds - Initiated by StopAssetImportingV2(NoUpdateAssetOptions)
Start importing Assets/NoSafeCircle/DoorPrototype/Art/Wizard/Source/PixelLab/feminine-dark/selected/walk/south-east/frame_004.png using Guid(01492cb486f6c914583ea38853044689) (TextureImporter) -> (artifact id: '0d4c4b23ef0390350af5b38e425a11d3') in 0.0073394 seconds
Refreshing native plugins compatible for Editor in 2.32 ms, found 4 plugins.
Preloading 0 native plugins for Editor in 0.00 ms.
Asset Pipeline Refresh (id=49cae89d951648d40806bdd5626fa28c): Total: 0.025 seconds - Initiated by StopAssetImportingV2(NoUpdateAssetOptions)
Start importing Assets/NoSafeCircle/DoorPrototype/Art/Wizard/Source/PixelLab/feminine-dark/selected/walk/south-east/frame_004.png using Guid(01492cb486f6c914583ea38853044689) (TextureImporter) -> (artifact id: '0d4c4b23ef0390350af5b38e425a11d3') in 0.0053815 seconds
Refreshing native plugins compatible for Editor in 3.50 ms, found 4 plugins.
Preloading 0 native plugins for Editor in 0.00 ms.
Asset Pipeline Refresh (id=40b5f62354bfc8c409bb068c3d639aef): Total: 0.028 seconds - Initiated by StopAssetImportingV2(NoUpdateAssetOptions)
Start importing Assets/NoSafeCircle/DoorPrototype/Art/Wizard/Source/PixelLab/feminine-dark/selected/walk/south-east/frame_005.png using Guid(7171027cf4425fe4a94f7642fc6e9771) (TextureImporter) -> (artifact id: '0c35c354159a8f6500b3e1acb99e1336') in 0.0072866 seconds
Refreshing native plugins compatible for Editor in 2.24 ms, found 4 plugins.
Preloading 0 native plugins for Editor in 0.00 ms.
Asset Pipeline Refresh (id=0013348ed58e5914face7bbeff3a805d): Total: 0.024 seconds - Initiated by StopAssetImportingV2(NoUpdateAssetOptions)
Start importing Assets/NoSafeCircle/DoorPrototype/Art/Wizard/Source/PixelLab/feminine-dark/selected/walk/south-east/frame_005.png using Guid(7171027cf4425fe4a94f7642fc6e9771) (TextureImporter) -> (artifact id: '0c35c354159a8f6500b3e1acb99e1336') in 0.0040884 seconds
Refreshing native plugins compatible for Editor in 3.42 ms, found 4 plugins.
Preloading 0 native plugins for Editor in 0.00 ms.
Asset Pipeline Refresh (id=edff84db0b4e3ce41892b2b9827010dc): Total: 0.028 seconds - Initiated by StopAssetImportingV2(NoUpdateAssetOptions)
Start importing Assets/NoSafeCircle/DoorPrototype/Art/Wizard/Generated/Wizard_Feminine_Black_walk_south-east.anim using Guid(ed25b7f324d907c43bae3068122da65f) (NativeFormatImporter) -> (artifact id: '76e74549ba772f794f594a21d489763e') in 0.0034438 seconds
Refreshing native plugins compatible for Editor in 6.87 ms, found 4 plugins.
Preloading 0 native plugins for Editor in 0.00 ms.
Asset Pipeline Refresh (id=73c1ae002af1bea429d94fbc843ff4f3): Total: 0.029 seconds - Initiated by StopAssetImportingV2(NoUpdateAssetOptions)
Start importing Assets/NoSafeCircle/DoorPrototype/Art/Wizard/Source/PixelLab/feminine-dark/selected/standing/south.png using Guid(395f313db6b829b4e98b7bb95d03047b) (TextureImporter) -> (artifact id: 'd3c15594e4a8572e716e80ecbb874809') in 0.0085913 seconds
Refreshing native plugins compatible for Editor in 2.55 ms, found 4 plugins.
Preloading 0 native plugins for Editor in 0.00 ms.
Asset Pipeline Refresh (id=a327b02799f97454098ef35b684cbd5e): Total: 0.036 seconds - Initiated by StopAssetImportingV2(NoUpdateAssetOptions)
Start importing Assets/NoSafeCircle/DoorPrototype/Art/Wizard/Source/PixelLab/feminine-dark/selected/standing/south.png using Guid(395f313db6b829b4e98b7bb95d03047b) (TextureImporter) -> (artifact id: 'd3c15594e4a8572e716e80ecbb874809') in 0.0079323 seconds
Refreshing native plugins compatible for Editor in 3.90 ms, found 4 plugins.
Preloading 0 native plugins for Editor in 0.00 ms.
Asset Pipeline Refresh (id=144749d20fc3c8f4aa36d5157379ff1e): Total: 0.036 seconds - Initiated by StopAssetImportingV2(NoUpdateAssetOptions)
Start importing Assets/NoSafeCircle/DoorPrototype/Art/Wizard/Generated/Wizard_Feminine_Black_idle_south.anim using Guid(2f791514911e0e84bae351af8dc1dd24) (NativeFormatImporter) -> (artifact id: '8de2664704c12e370aea41a02256fd06') in 0.0021739 seconds
Refreshing native plugins compatible for Editor in 3.20 ms, found 4 plugins.
Preloading 0 native plugins for Editor in 0.00 ms.
Asset Pipeline Refresh (id=6edfa69bc03f2eb4296aa2731ee1b57c): Total: 0.021 seconds - Initiated by StopAssetImportingV2(NoUpdateAssetOptions)
Start importing Assets/NoSafeCircle/DoorPrototype/Art/Wizard/Source/PixelLab/feminine-dark/selected/walk/south/frame_000.png using Guid(501b73d8dd45af768a2da0bffe8beb5f) (TextureImporter) -> (artifact id: 'f0e402282921ab2441fa1b5630836d55') in 0.0044583 seconds
Refreshing native plugins compatible for Editor in 2.58 ms, found 4 plugins.
Preloading 0 native plugins for Editor in 0.00 ms.
Asset Pipeline Refresh (id=1ae58a123dbd42d429579272a43edc4c): Total: 0.028 seconds - Initiated by StopAssetImportingV2(NoUpdateAssetOptions)
Start importing Assets/NoSafeCircle/DoorPrototype/Art/Wizard/Source/PixelLab/feminine-dark/selected/walk/south/frame_000.png using Guid(501b73d8dd45af768a2da0bffe8beb5f) (TextureImporter) -> (artifact id: 'a780f8444cb7b81f4da8c942b0957278') in 0.0058237 seconds
Refreshing native plugins compatible for Editor in 2.28 ms, found 4 plugins.
Preloading 0 native plugins for Editor in 0.00 ms.
Asset Pipeline Refresh (id=9ccb98be95be4ef47a06036802d5083a): Total: 0.035 seconds - Initiated by StopAssetImportingV2(NoUpdateAssetOptions)
Start importing Assets/NoSafeCircle/DoorPrototype/Art/Wizard/Source/PixelLab/feminine-dark/selected/walk/south/frame_001.png using Guid(3cc54bcb32ceb70fdfe3d97b2ed85928) (TextureImporter) -> (artifact id: '75da14fa3de69c44541c58243a085952') in 0.007033 seconds
Refreshing native plugins compatible for Editor in 2.44 ms, found 4 plugins.
Preloading 0 native plugins for Editor in 0.00 ms.
Asset Pipeline Refresh (id=5b1b09117beb8814eb8aace52d57a2bc): Total: 0.028 seconds - Initiated by StopAssetImportingV2(NoUpdateAssetOptions)
Start importing Assets/NoSafeCircle/DoorPrototype/Art/Wizard/Source/PixelLab/feminine-dark/selected/walk/south/frame_001.png using Guid(3cc54bcb32ceb70fdfe3d97b2ed85928) (TextureImporter) -> (artifact id: 'ab5162fdbb23621781ce7864d0ebabfd') in 0.0061378 seconds
Refreshing native plugins compatible for Editor in 3.97 ms, found 4 plugins.
Preloading 0 native plugins for Editor in 0.00 ms.
Asset Pipeline Refresh (id=fd63a7ecf9868fd40a34dbf3178982f2): Total: 0.036 seconds - Initiated by StopAssetImportingV2(NoUpdateAssetOptions)
Start importing Assets/NoSafeCircle/DoorPrototype/Art/Wizard/Source/PixelLab/feminine-dark/selected/walk/south/frame_002.png using Guid(88323dab49fbb3a60ab21e993a394084) (TextureImporter) -> (artifact id: 'ba58de49dce4bf10f2c4d02dd9af4131') in 0.0072964 seconds
Refreshing native plugins compatible for Editor in 2.31 ms, found 4 plugins.
Preloading 0 native plugins for Editor in 0.00 ms.
Asset Pipeline Refresh (id=4d25e03c7f9f0ec4790fa07bfc60f112): Total: 0.024 seconds - Initiated by StopAssetImportingV2(NoUpdateAssetOptions)
Start importing Assets/NoSafeCircle/DoorPrototype/Art/Wizard/Source/PixelLab/feminine-dark/selected/walk/south/frame_002.png using Guid(88323dab49fbb3a60ab21e993a394084) (TextureImporter) -> (artifact id: '6ee286073cd22b60e56923b5cb9d3c43') in 0.0055339 seconds
Refreshing native plugins compatible for Editor in 2.50 ms, found 4 plugins.
Preloading 0 native plugins for Editor in 0.00 ms.
Asset Pipeline Refresh (id=6e2c6ab81a8890f4893a0e3027839676): Total: 0.030 seconds - Initiated by StopAssetImportingV2(NoUpdateAssetOptions)
Start importing Assets/NoSafeCircle/DoorPrototype/Art/Wizard/Source/PixelLab/feminine-dark/selected/walk/south/frame_003.png using Guid(3320b02af2c0f0e0111cc9e00357f894) (TextureImporter) -> (artifact id: '734320bc1cc297c09eddc7ce7da95fd8') in 0.0058122 seconds
Refreshing native plugins compatible for Editor in 4.57 ms, found 4 plugins.
Preloading 0 native plugins for Editor in 0.00 ms.
Asset Pipeline Refresh (id=e22012d89df5e9f4cb215e7a8842a6ab): Total: 0.026 seconds - Initiated by StopAssetImportingV2(NoUpdateAssetOptions)
Start importing Assets/NoSafeCircle/DoorPrototype/Art/Wizard/Source/PixelLab/feminine-dark/selected/walk/south/frame_003.png using Guid(3320b02af2c0f0e0111cc9e00357f894) (TextureImporter) -> (artifact id: 'cc59cc483a8e820d4bcf1a4d91cc5d34') in 0.0061351 seconds
Refreshing native plugins compatible for Editor in 2.33 ms, found 4 plugins.
Preloading 0 native plugins for Editor in 0.00 ms.
Asset Pipeline Refresh (id=cc8b600e3aa7ef643928930b57f9f40e): Total: 0.037 seconds - Initiated by StopAssetImportingV2(NoUpdateAssetOptions)
Start importing Assets/NoSafeCircle/DoorPrototype/Art/Wizard/Source/PixelLab/feminine-dark/selected/walk/south/frame_004.png using Guid(bf21332aedec8bc2bdf449fc1ca1538c) (TextureImporter) -> (artifact id: '35d6b6d32bfb8a1d1c72064366a0b780') in 0.0064052 seconds
Refreshing native plugins compatible for Editor in 3.07 ms, found 4 plugins.
Preloading 0 native plugins for Editor in 0.00 ms.
Asset Pipeline Refresh (id=20a25a1e57bcd4c4b912bcd64a6dc7de): Total: 0.026 seconds - Initiated by StopAssetImportingV2(NoUpdateAssetOptions)
Start importing Assets/NoSafeCircle/DoorPrototype/Art/Wizard/Source/PixelLab/feminine-dark/selected/walk/south/frame_004.png using Guid(bf21332aedec8bc2bdf449fc1ca1538c) (TextureImporter) -> (artifact id: '88414e7154b92c9a15a330aad2f691bd') in 0.0045981 seconds
Refreshing native plugins compatible for Editor in 4.09 ms, found 4 plugins.
Preloading 0 native plugins for Editor in 0.00 ms.
Asset Pipeline Refresh (id=b88cc6a4bc511594e8b411e81ddb02a7): Total: 0.036 seconds - Initiated by StopAssetImportingV2(NoUpdateAssetOptions)
Start importing Assets/NoSafeCircle/DoorPrototype/Art/Wizard/Source/PixelLab/feminine-dark/selected/walk/south/frame_005.png using Guid(35b9c6e957612454b7446ee4d28e1895) (TextureImporter) -> (artifact id: 'eaf4fb3a3249298f7b742da16a1d64b4') in 0.0054218 seconds
Refreshing native plugins compatible for Editor in 3.21 ms, found 4 plugins.
Preloading 0 native plugins for Editor in 0.00 ms.
Asset Pipeline Refresh (id=53b0bf4431e70ff4fbc480e6e895877e): Total: 0.028 seconds - Initiated by StopAssetImportingV2(NoUpdateAssetOptions)
Start importing Assets/NoSafeCircle/DoorPrototype/Art/Wizard/Source/PixelLab/feminine-dark/selected/walk/south/frame_005.png using Guid(35b9c6e957612454b7446ee4d28e1895) (TextureImporter) -> (artifact id: '2da7a96440588c1b232f31e158a96255') in 0.0064208 seconds
Refreshing native plugins compatible for Editor in 4.55 ms, found 4 plugins.
Preloading 0 native plugins for Editor in 0.00 ms.
Asset Pipeline Refresh (id=55835926a74d9a24ebc60bf543472810): Total: 0.035 seconds - Initiated by StopAssetImportingV2(NoUpdateAssetOptions)
Start importing Assets/NoSafeCircle/DoorPrototype/Art/Wizard/Generated/Wizard_Feminine_Black_walk_south.anim using Guid(f0ec46e2d5b59ff40a7dcdca73eee7cc) (NativeFormatImporter) -> (artifact id: '8a5ad88910e9a73a20e86bcbf59d50fa') in 0.003053 seconds
Refreshing native plugins compatible for Editor in 2.73 ms, found 4 plugins.
Preloading 0 native plugins for Editor in 0.00 ms.
Asset Pipeline Refresh (id=ec92369d90604c7439fa3b88ef1aa17f): Total: 0.021 seconds - Initiated by StopAssetImportingV2(NoUpdateAssetOptions)
Start importing Assets/NoSafeCircle/DoorPrototype/Art/Wizard/Source/PixelLab/feminine-dark/selected/standing/south-west.png using Guid(d340bd93ea196354289606025f38f94d) (TextureImporter) -> (artifact id: 'f837691b8466871cabcca2d15ba6c6af') in 0.0095444 seconds
Refreshing native plugins compatible for Editor in 2.42 ms, found 4 plugins.
Preloading 0 native plugins for Editor in 0.00 ms.
Asset Pipeline Refresh (id=b50f1eacfa9bddd4984b19d432a2ff07): Total: 0.035 seconds - Initiated by StopAssetImportingV2(NoUpdateAssetOptions)
Start importing Assets/NoSafeCircle/DoorPrototype/Art/Wizard/Source/PixelLab/feminine-dark/selected/standing/south-west.png using Guid(d340bd93ea196354289606025f38f94d) (TextureImporter) -> (artifact id: 'f837691b8466871cabcca2d15ba6c6af') in 0.0060759 seconds
Refreshing native plugins compatible for Editor in 3.10 ms, found 4 plugins.
Preloading 0 native plugins for Editor in 0.00 ms.
Asset Pipeline Refresh (id=b8797745a764792458007d1f09220fed): Total: 0.039 seconds - Initiated by StopAssetImportingV2(NoUpdateAssetOptions)
Start importing Assets/NoSafeCircle/DoorPrototype/Art/Wizard/Generated/Wizard_Feminine_Black_idle_south-west.anim using Guid(bf261637b1d7d8d4ab5e51947309c429) (NativeFormatImporter) -> (artifact id: '217744601dc286ec5ea7ac1422d9783a') in 0.0026852 seconds
Refreshing native plugins compatible for Editor in 3.37 ms, found 4 plugins.
Preloading 0 native plugins for Editor in 0.00 ms.
Asset Pipeline Refresh (id=3ce8363f19d373446b65b85f48c8d084): Total: 0.027 seconds - Initiated by StopAssetImportingV2(NoUpdateAssetOptions)
Start importing Assets/NoSafeCircle/DoorPrototype/Art/Wizard/Source/PixelLab/feminine-dark/selected/walk/south-west/frame_000.png using Guid(e6869e02dfb3c8245b1f25e335eccc30) (TextureImporter) -> (artifact id: '017f6055c5bd8e23b9e8d9f8558efd73') in 0.0072909 seconds
Refreshing native plugins compatible for Editor in 2.78 ms, found 4 plugins.
Preloading 0 native plugins for Editor in 0.00 ms.
Asset Pipeline Refresh (id=ee9325d66ea00864d97163d9ac5111be): Total: 0.032 seconds - Initiated by StopAssetImportingV2(NoUpdateAssetOptions)
Start importing Assets/NoSafeCircle/DoorPrototype/Art/Wizard/Source/PixelLab/feminine-dark/selected/walk/south-west/frame_000.png using Guid(e6869e02dfb3c8245b1f25e335eccc30) (TextureImporter) -> (artifact id: '017f6055c5bd8e23b9e8d9f8558efd73') in 0.0051583 seconds
Refreshing native plugins compatible for Editor in 2.27 ms, found 4 plugins.
Preloading 0 native plugins for Editor in 0.00 ms.
Asset Pipeline Refresh (id=93dac1678154b6547b69946549145150): Total: 0.022 seconds - Initiated by StopAssetImportingV2(NoUpdateAssetOptions)
Start importing Assets/NoSafeCircle/DoorPrototype/Art/Wizard/Source/PixelLab/feminine-dark/selected/walk/south-west/frame_001.png using Guid(20b8291cd2748074f8e43235b7bd74ae) (TextureImporter) -> (artifact id: '2f49cfa8b705ba78624ee29c9d6be903') in 0.0082471 seconds
Refreshing native plugins compatible for Editor in 2.51 ms, found 4 plugins.
Preloading 0 native plugins for Editor in 0.00 ms.
Asset Pipeline Refresh (id=7638305208b425e498b53e8d48a5abd9): Total: 0.028 seconds - Initiated by StopAssetImportingV2(NoUpdateAssetOptions)
Start importing Assets/NoSafeCircle/DoorPrototype/Art/Wizard/Source/PixelLab/feminine-dark/selected/walk/south-west/frame_001.png using Guid(20b8291cd2748074f8e43235b7bd74ae) (TextureImporter) -> (artifact id: '2f49cfa8b705ba78624ee29c9d6be903') in 0.0049194 seconds
Refreshing native plugins compatible for Editor in 2.43 ms, found 4 plugins.
Preloading 0 native plugins for Editor in 0.00 ms.
Asset Pipeline Refresh (id=a53e9780a4afa6540896add8d3306e3b): Total: 0.025 seconds - Initiated by StopAssetImportingV2(NoUpdateAssetOptions)
Start importing Assets/NoSafeCircle/DoorPrototype/Art/Wizard/Source/PixelLab/feminine-dark/selected/walk/south-west/frame_002.png using Guid(05e3fc8b77328f840b0fce4d8257eff1) (TextureImporter) -> (artifact id: '5797e5084779a3e33d0e3b9a561fb9c3') in 0.007556 seconds
Refreshing native plugins compatible for Editor in 4.19 ms, found 4 plugins.
Preloading 0 native plugins for Editor in 0.00 ms.
Asset Pipeline Refresh (id=98eb4712b2b21a543b3aa83d82d39288): Total: 0.027 seconds - Initiated by StopAssetImportingV2(NoUpdateAssetOptions)
Start importing Assets/NoSafeCircle/DoorPrototype/Art/Wizard/Source/PixelLab/feminine-dark/selected/walk/south-west/frame_002.png using Guid(05e3fc8b77328f840b0fce4d8257eff1) (TextureImporter) -> (artifact id: '5797e5084779a3e33d0e3b9a561fb9c3') in 0.0049423 seconds
Refreshing native plugins compatible for Editor in 2.38 ms, found 4 plugins.
Preloading 0 native plugins for Editor in 0.00 ms.
Asset Pipeline Refresh (id=c1de1fe2501b4d047a33e9f56022f8d3): Total: 0.024 seconds - Initiated by StopAssetImportingV2(NoUpdateAssetOptions)
Start importing Assets/NoSafeCircle/DoorPrototype/Art/Wizard/Source/PixelLab/feminine-dark/selected/walk/south-west/frame_003.png using Guid(892244fe00fae7b43a37a0eea50191ef) (TextureImporter) -> (artifact id: 'aab1e82c90bcd1db8501f10c7ce75945') in 0.0067627 seconds
Refreshing native plugins compatible for Editor in 2.63 ms, found 4 plugins.
Preloading 0 native plugins for Editor in 0.00 ms.
Asset Pipeline Refresh (id=25b1709060b7d294a8a78954e66194d2): Total: 0.027 seconds - Initiated by StopAssetImportingV2(NoUpdateAssetOptions)
Start importing Assets/NoSafeCircle/DoorPrototype/Art/Wizard/Source/PixelLab/feminine-dark/selected/walk/south-west/frame_003.png using Guid(892244fe00fae7b43a37a0eea50191ef) (TextureImporter) -> (artifact id: 'aab1e82c90bcd1db8501f10c7ce75945') in 0.004419 seconds
Refreshing native plugins compatible for Editor in 2.60 ms, found 4 plugins.
Preloading 0 native plugins for Editor in 0.00 ms.
Asset Pipeline Refresh (id=acee27291899d6645bd675d6e46abe4c): Total: 0.021 seconds - Initiated by StopAssetImportingV2(NoUpdateAssetOptions)
Start importing Assets/NoSafeCircle/DoorPrototype/Art/Wizard/Source/PixelLab/feminine-dark/selected/walk/south-west/frame_004.png using Guid(6e335674cfa970648b41c4e47a1e9937) (TextureImporter) -> (artifact id: '8085a9e913bce88de6f52d1d0de71db5') in 0.0064138 seconds
Refreshing native plugins compatible for Editor in 2.44 ms, found 4 plugins.
Preloading 0 native plugins for Editor in 0.00 ms.
Asset Pipeline Refresh (id=3e5b869dc19945441b28bcd1bcba3746): Total: 0.029 seconds - Initiated by StopAssetImportingV2(NoUpdateAssetOptions)
Start importing Assets/NoSafeCircle/DoorPrototype/Art/Wizard/Source/PixelLab/feminine-dark/selected/walk/south-west/frame_004.png using Guid(6e335674cfa970648b41c4e47a1e9937) (TextureImporter) -> (artifact id: '8085a9e913bce88de6f52d1d0de71db5') in 0.0046164 seconds
Refreshing native plugins compatible for Editor in 4.09 ms, found 4 plugins.
Preloading 0 native plugins for Editor in 0.00 ms.
Asset Pipeline Refresh (id=b78589aa72854b541ae834f63731d584): Total: 0.027 seconds - Initiated by StopAssetImportingV2(NoUpdateAssetOptions)
Start importing Assets/NoSafeCircle/DoorPrototype/Art/Wizard/Source/PixelLab/feminine-dark/selected/walk/south-west/frame_005.png using Guid(68e7669fb892bb94eb46a71acf7b786d) (TextureImporter) -> (artifact id: '356b1f5ba076c6d5a6398cad7978c967') in 0.0061396 seconds
Refreshing native plugins compatible for Editor in 2.77 ms, found 4 plugins.
Preloading 0 native plugins for Editor in 0.00 ms.
Asset Pipeline Refresh (id=aa975fc126e710e4ab8edeca5dd18b7a): Total: 0.029 seconds - Initiated by StopAssetImportingV2(NoUpdateAssetOptions)
Start importing Assets/NoSafeCircle/DoorPrototype/Art/Wizard/Source/PixelLab/feminine-dark/selected/walk/south-west/frame_005.png using Guid(68e7669fb892bb94eb46a71acf7b786d) (TextureImporter) -> (artifact id: '356b1f5ba076c6d5a6398cad7978c967') in 0.004406 seconds
Refreshing native plugins compatible for Editor in 2.35 ms, found 4 plugins.
Preloading 0 native plugins for Editor in 0.00 ms.
Asset Pipeline Refresh (id=b4c278bb4bd510a4aa11aeb63fc0db5f): Total: 0.024 seconds - Initiated by StopAssetImportingV2(NoUpdateAssetOptions)
Start importing Assets/NoSafeCircle/DoorPrototype/Art/Wizard/Generated/Wizard_Feminine_Black_walk_south-west.anim using Guid(14b171285160a5e4f8a497ce88dac2e5) (NativeFormatImporter) -> (artifact id: '420cb8efab5266cf5e97e5e4e8fabda9') in 0.004265 seconds
Refreshing native plugins compatible for Editor in 2.45 ms, found 4 plugins.
Preloading 0 native plugins for Editor in 0.00 ms.
Asset Pipeline Refresh (id=2fbbb1d75920f0f45aff70bed02d8946): Total: 0.022 seconds - Initiated by StopAssetImportingV2(NoUpdateAssetOptions)
Start importing Assets/NoSafeCircle/DoorPrototype/Art/Wizard/Source/PixelLab/feminine-dark/selected/standing/west.png using Guid(6cc81d4fd67acb649b32359d6fc7cd2e) (TextureImporter) -> (artifact id: 'd02b0a988451053004fce71b6b6f9812') in 0.0058486 seconds
Refreshing native plugins compatible for Editor in 4.36 ms, found 4 plugins.
Preloading 0 native plugins for Editor in 0.00 ms.
Asset Pipeline Refresh (id=c5e2a7590d0d8f542a6aca848b5df25c): Total: 0.031 seconds - Initiated by StopAssetImportingV2(NoUpdateAssetOptions)
Start importing Assets/NoSafeCircle/DoorPrototype/Art/Wizard/Source/PixelLab/feminine-dark/selected/standing/west.png using Guid(6cc81d4fd67acb649b32359d6fc7cd2e) (TextureImporter) -> (artifact id: 'd02b0a988451053004fce71b6b6f9812') in 0.0066885 seconds
Refreshing native plugins compatible for Editor in 4.35 ms, found 4 plugins.
Preloading 0 native plugins for Editor in 0.00 ms.
Asset Pipeline Refresh (id=63a7c5e2b7ac7e24f897251e45a69a91): Total: 0.034 seconds - Initiated by StopAssetImportingV2(NoUpdateAssetOptions)
Start importing Assets/NoSafeCircle/DoorPrototype/Art/Wizard/Generated/Wizard_Feminine_Black_idle_west.anim using Guid(78cf5e541bb26c54e80172835e0b0f72) (NativeFormatImporter) -> (artifact id: 'f0b3ff39abfb73b84bdaf24b0c7998e5') in 0.0027431 seconds
Refreshing native plugins compatible for Editor in 2.33 ms, found 4 plugins.
Preloading 0 native plugins for Editor in 0.00 ms.
Asset Pipeline Refresh (id=e5bba0addc36ab34a9fe3d8f1d661022): Total: 0.020 seconds - Initiated by StopAssetImportingV2(NoUpdateAssetOptions)
Start importing Assets/NoSafeCircle/DoorPrototype/Art/Wizard/Source/PixelLab/feminine-dark/selected/walk/west/frame_000.png using Guid(c08a2ca86a7880e693b66f46a1e3a6dc) (TextureImporter) -> (artifact id: 'a45a0e7eb2b491b866f9d361457bb8c4') in 0.0049887 seconds
Refreshing native plugins compatible for Editor in 2.56 ms, found 4 plugins.
Preloading 0 native plugins for Editor in 0.00 ms.
Asset Pipeline Refresh (id=9be8b5ba046d5764581989cba85801fd): Total: 0.024 seconds - Initiated by StopAssetImportingV2(NoUpdateAssetOptions)
Start importing Assets/NoSafeCircle/DoorPrototype/Art/Wizard/Source/PixelLab/feminine-dark/selected/walk/west/frame_000.png using Guid(c08a2ca86a7880e693b66f46a1e3a6dc) (TextureImporter) -> (artifact id: 'fb057411bd98f09263303ec4c4303f70') in 0.0044119 seconds
Refreshing native plugins compatible for Editor in 4.22 ms, found 4 plugins.
Preloading 0 native plugins for Editor in 0.00 ms.
Asset Pipeline Refresh (id=86f0107ba3107a24c8a24d20a96a7759): Total: 0.036 seconds - Initiated by StopAssetImportingV2(NoUpdateAssetOptions)
Start importing Assets/NoSafeCircle/DoorPrototype/Art/Wizard/Source/PixelLab/feminine-dark/selected/walk/west/frame_001.png using Guid(d1b15f425e0cc73926dc586e168bbb7f) (TextureImporter) -> (artifact id: '22c042c43894189320239d1f7816b348') in 0.0069304 seconds
Refreshing native plugins compatible for Editor in 2.75 ms, found 4 plugins.
Preloading 0 native plugins for Editor in 0.00 ms.
Asset Pipeline Refresh (id=cc8382da50c979748bf82626cb68f9c3): Total: 0.027 seconds - Initiated by StopAssetImportingV2(NoUpdateAssetOptions)
Start importing Assets/NoSafeCircle/DoorPrototype/Art/Wizard/Source/PixelLab/feminine-dark/selected/walk/west/frame_001.png using Guid(d1b15f425e0cc73926dc586e168bbb7f) (TextureImporter) -> (artifact id: '5c82981843acfb68c5c0363258092b95') in 0.0069289 seconds
Refreshing native plugins compatible for Editor in 3.02 ms, found 4 plugins.
Preloading 0 native plugins for Editor in 0.00 ms.
Asset Pipeline Refresh (id=a46fde5e7751d6b4da744c28cf1d3f75): Total: 0.042 seconds - Initiated by StopAssetImportingV2(NoUpdateAssetOptions)
Start importing Assets/NoSafeCircle/DoorPrototype/Art/Wizard/Source/PixelLab/feminine-dark/selected/walk/west/frame_002.png using Guid(15cebd780f294290758e202739728ec9) (TextureImporter) -> (artifact id: '3bc1eeb2a518f20a4e4f3153fd150e9b') in 0.0061766 seconds
Refreshing native plugins compatible for Editor in 4.50 ms, found 4 plugins.
Preloading 0 native plugins for Editor in 0.00 ms.
Asset Pipeline Refresh (id=000c6f41e94901f47a7a898cb9db609b): Total: 0.029 seconds - Initiated by StopAssetImportingV2(NoUpdateAssetOptions)
Start importing Assets/NoSafeCircle/DoorPrototype/Art/Wizard/Source/PixelLab/feminine-dark/selected/walk/west/frame_002.png using Guid(15cebd780f294290758e202739728ec9) (TextureImporter) -> (artifact id: '52ea068cd3fe479b01cea8c15129e46e') in 0.0068782 seconds
Refreshing native plugins compatible for Editor in 4.29 ms, found 4 plugins.
Preloading 0 native plugins for Editor in 0.00 ms.
Asset Pipeline Refresh (id=3a5c9e3b13e9d0e4eae94a5123535047): Total: 0.040 seconds - Initiated by StopAssetImportingV2(NoUpdateAssetOptions)
Start importing Assets/NoSafeCircle/DoorPrototype/Art/Wizard/Source/PixelLab/feminine-dark/selected/walk/west/frame_003.png using Guid(f9cf3354fa3469425fc6bfadd8a71e9a) (TextureImporter) -> (artifact id: 'e5a28f52f089fed6158de934fc83c204') in 0.0055247 seconds
Refreshing native plugins compatible for Editor in 3.14 ms, found 4 plugins.
Preloading 0 native plugins for Editor in 0.00 ms.
Asset Pipeline Refresh (id=e631a6527b965504e967829c7a641b0a): Total: 0.025 seconds - Initiated by StopAssetImportingV2(NoUpdateAssetOptions)
Start importing Assets/NoSafeCircle/DoorPrototype/Art/Wizard/Source/PixelLab/feminine-dark/selected/walk/west/frame_003.png using Guid(f9cf3354fa3469425fc6bfadd8a71e9a) (TextureImporter) -> (artifact id: '21803a8ec59f50b2616bb027f4b1ae71') in 0.0061542 seconds
Refreshing native plugins compatible for Editor in 3.12 ms, found 4 plugins.
Preloading 0 native plugins for Editor in 0.00 ms.
Asset Pipeline Refresh (id=cb378757405927345916e4ad13708119): Total: 0.032 seconds - Initiated by StopAssetImportingV2(NoUpdateAssetOptions)
Start importing Assets/NoSafeCircle/DoorPrototype/Art/Wizard/Source/PixelLab/feminine-dark/selected/walk/west/frame_004.png using Guid(eadf7956539eedbcb50b748d4a30f310) (TextureImporter) -> (artifact id: 'd2bc797c31562d04c9e64dcb370ceafb') in 0.0062802 seconds
Refreshing native plugins compatible for Editor in 4.27 ms, found 4 plugins.
Preloading 0 native plugins for Editor in 0.00 ms.
Asset Pipeline Refresh (id=45531a89da8f5114399e8bfd71c4873c): Total: 0.028 seconds - Initiated by StopAssetImportingV2(NoUpdateAssetOptions)
Start importing Assets/NoSafeCircle/DoorPrototype/Art/Wizard/Source/PixelLab/feminine-dark/selected/walk/west/frame_004.png using Guid(eadf7956539eedbcb50b748d4a30f310) (TextureImporter) -> (artifact id: 'f954737b54bf15ab2bc5a766b59d5573') in 0.0045034 seconds
Refreshing native plugins compatible for Editor in 2.95 ms, found 4 plugins.
Preloading 0 native plugins for Editor in 0.00 ms.
Asset Pipeline Refresh (id=6be396bcaebe8004c8f1561bcbf6b2f9): Total: 0.033 seconds - Initiated by StopAssetImportingV2(NoUpdateAssetOptions)
Start importing Assets/NoSafeCircle/DoorPrototype/Art/Wizard/Source/PixelLab/feminine-dark/selected/walk/west/frame_005.png using Guid(f8334a35d4b88ac9b5883c63f9b3b98a) (TextureImporter) -> (artifact id: '157f5b9a6209fe897229adb680b1969c') in 0.0061112 seconds
Refreshing native plugins compatible for Editor in 4.00 ms, found 4 plugins.
Preloading 0 native plugins for Editor in 0.00 ms.
Asset Pipeline Refresh (id=418da80b0f4fa0b4b821369453878b3d): Total: 0.028 seconds - Initiated by StopAssetImportingV2(NoUpdateAssetOptions)
Start importing Assets/NoSafeCircle/DoorPrototype/Art/Wizard/Source/PixelLab/feminine-dark/selected/walk/west/frame_005.png using Guid(f8334a35d4b88ac9b5883c63f9b3b98a) (TextureImporter) -> (artifact id: '33d786f5d3cd4399fc97e9183692dbb8') in 0.0044466 seconds
Refreshing native plugins compatible for Editor in 3.50 ms, found 4 plugins.
Preloading 0 native plugins for Editor in 0.00 ms.
Asset Pipeline Refresh (id=d924fedc5addfcd44a813e8a4d14349e): Total: 0.029 seconds - Initiated by StopAssetImportingV2(NoUpdateAssetOptions)
Start importing Assets/NoSafeCircle/DoorPrototype/Art/Wizard/Generated/Wizard_Feminine_Black_walk_west.anim using Guid(9848f7bbcb30c0f45a5809ebcaef580a) (NativeFormatImporter) -> (artifact id: 'd9129e9196fb816654a01d0a08efda48') in 0.0037994 seconds
Refreshing native plugins compatible for Editor in 2.36 ms, found 4 plugins.
Preloading 0 native plugins for Editor in 0.00 ms.
Asset Pipeline Refresh (id=49a7f0b527dff0f4b99647bd78d9fc1e): Total: 0.025 seconds - Initiated by StopAssetImportingV2(NoUpdateAssetOptions)
Start importing Assets/NoSafeCircle/DoorPrototype/Art/Wizard/Source/PixelLab/feminine-dark/selected/standing/north-west.png using Guid(2769efd7b13347c4b8f686924823a27d) (TextureImporter) -> (artifact id: '13bfff9ddb194b4329aa7c38db0fe7ac') in 0.0066311 seconds
Refreshing native plugins compatible for Editor in 2.48 ms, found 4 plugins.
Preloading 0 native plugins for Editor in 0.00 ms.
Asset Pipeline Refresh (id=1c475d657f7d2654789a8d5a50b7fc9f): Total: 0.030 seconds - Initiated by StopAssetImportingV2(NoUpdateAssetOptions)
Start importing Assets/NoSafeCircle/DoorPrototype/Art/Wizard/Source/PixelLab/feminine-dark/selected/standing/north-west.png using Guid(2769efd7b13347c4b8f686924823a27d) (TextureImporter) -> (artifact id: '13bfff9ddb194b4329aa7c38db0fe7ac') in 0.0065279 seconds
Refreshing native plugins compatible for Editor in 2.57 ms, found 4 plugins.
Preloading 0 native plugins for Editor in 0.00 ms.
Asset Pipeline Refresh (id=3904913c72522e547a1887383a98d42d): Total: 0.029 seconds - Initiated by StopAssetImportingV2(NoUpdateAssetOptions)
Start importing Assets/NoSafeCircle/DoorPrototype/Art/Wizard/Generated/Wizard_Feminine_Black_idle_north-west.anim using Guid(f361f02204528d1409ed0bb8ba3a11cf) (NativeFormatImporter) -> (artifact id: 'e0c0fe93ec292d37ff23e08ee10cd410') in 0.0021467 seconds
Refreshing native plugins compatible for Editor in 3.07 ms, found 4 plugins.
Preloading 0 native plugins for Editor in 0.00 ms.
Asset Pipeline Refresh (id=61d75ea55c4258f41ad65ccda8eba15e): Total: 0.027 seconds - Initiated by StopAssetImportingV2(NoUpdateAssetOptions)
Start importing Assets/NoSafeCircle/DoorPrototype/Art/Wizard/Source/PixelLab/feminine-dark/selected/walk/north-west/frame_000.png using Guid(b2d5757cf9982f6438b0a0968e942f4e) (TextureImporter) -> (artifact id: '570b8613bbaf6d761663b5a3fab2abf2') in 0.0074883 seconds
Refreshing native plugins compatible for Editor in 3.72 ms, found 4 plugins.
Preloading 0 native plugins for Editor in 0.00 ms.
Asset Pipeline Refresh (id=eea4501288a99b648b5664b24dfab3cd): Total: 0.029 seconds - Initiated by StopAssetImportingV2(NoUpdateAssetOptions)
Start importing Assets/NoSafeCircle/DoorPrototype/Art/Wizard/Source/PixelLab/feminine-dark/selected/walk/north-west/frame_000.png using Guid(b2d5757cf9982f6438b0a0968e942f4e) (TextureImporter) -> (artifact id: '570b8613bbaf6d761663b5a3fab2abf2') in 0.0060622 seconds
Refreshing native plugins compatible for Editor in 2.51 ms, found 4 plugins.
Preloading 0 native plugins for Editor in 0.00 ms.
Asset Pipeline Refresh (id=37ef79fd740647f45925081f500a82d2): Total: 0.030 seconds - Initiated by StopAssetImportingV2(NoUpdateAssetOptions)
Start importing Assets/NoSafeCircle/DoorPrototype/Art/Wizard/Source/PixelLab/feminine-dark/selected/walk/north-west/frame_001.png using Guid(bacfb0912685f2c47be59332eecfb79f) (TextureImporter) -> (artifact id: '73504dcdd91efb77819539634f604906') in 0.0071883 seconds
Refreshing native plugins compatible for Editor in 3.04 ms, found 4 plugins.
Preloading 0 native plugins for Editor in 0.00 ms.
Asset Pipeline Refresh (id=c449fc65585dc4e44b69bfa9f66e8af4): Total: 0.028 seconds - Initiated by StopAssetImportingV2(NoUpdateAssetOptions)
Start importing Assets/NoSafeCircle/DoorPrototype/Art/Wizard/Source/PixelLab/feminine-dark/selected/walk/north-west/frame_001.png using Guid(bacfb0912685f2c47be59332eecfb79f) (TextureImporter) -> (artifact id: '73504dcdd91efb77819539634f604906') in 0.0042684 seconds
Refreshing native plugins compatible for Editor in 2.58 ms, found 4 plugins.
Preloading 0 native plugins for Editor in 0.00 ms.
Asset Pipeline Refresh (id=69620d02625acca40bfaba285a98ef3d): Total: 0.026 seconds - Initiated by StopAssetImportingV2(NoUpdateAssetOptions)
Start importing Assets/NoSafeCircle/DoorPrototype/Art/Wizard/Source/PixelLab/feminine-dark/selected/walk/north-west/frame_002.png using Guid(43641314ffd78644bbb8d79a9776b84c) (TextureImporter) -> (artifact id: '6b12d9beffe5c499e84ced32d564a466') in 0.0065937 seconds
Refreshing native plugins compatible for Editor in 3.82 ms, found 4 plugins.
Preloading 0 native plugins for Editor in 0.00 ms.
Asset Pipeline Refresh (id=d4fbe072e26a5d947b11a954701f42b3): Total: 0.029 seconds - Initiated by StopAssetImportingV2(NoUpdateAssetOptions)
Start importing Assets/NoSafeCircle/DoorPrototype/Art/Wizard/Source/PixelLab/feminine-dark/selected/walk/north-west/frame_002.png using Guid(43641314ffd78644bbb8d79a9776b84c) (TextureImporter) -> (artifact id: '6b12d9beffe5c499e84ced32d564a466') in 0.0042786 seconds
Refreshing native plugins compatible for Editor in 2.89 ms, found 4 plugins.
Preloading 0 native plugins for Editor in 0.00 ms.
Asset Pipeline Refresh (id=33dd3678c2f1a8f4895c69f09019527f): Total: 0.024 seconds - Initiated by StopAssetImportingV2(NoUpdateAssetOptions)
Start importing Assets/NoSafeCircle/DoorPrototype/Art/Wizard/Source/PixelLab/feminine-dark/selected/walk/north-west/frame_003.png using Guid(61e25e85aead3e74cb96a92501bf59ed) (TextureImporter) -> (artifact id: '36cb1416060f8d14e4b91fde83d805bb') in 0.0063951 seconds
Refreshing native plugins compatible for Editor in 2.75 ms, found 4 plugins.
Preloading 0 native plugins for Editor in 0.00 ms.
Asset Pipeline Refresh (id=85d7143af0b92bc4ba5354e821151352): Total: 0.028 seconds - Initiated by StopAssetImportingV2(NoUpdateAssetOptions)
Start importing Assets/NoSafeCircle/DoorPrototype/Art/Wizard/Source/PixelLab/feminine-dark/selected/walk/north-west/frame_003.png using Guid(61e25e85aead3e74cb96a92501bf59ed) (TextureImporter) -> (artifact id: '36cb1416060f8d14e4b91fde83d805bb') in 0.0057577 seconds
Refreshing native plugins compatible for Editor in 3.57 ms, found 4 plugins.
Preloading 0 native plugins for Editor in 0.00 ms.
Asset Pipeline Refresh (id=2d0ce469a5e122244b80bcdf8c4a531c): Total: 0.025 seconds - Initiated by StopAssetImportingV2(NoUpdateAssetOptions)
Start importing Assets/NoSafeCircle/DoorPrototype/Art/Wizard/Source/PixelLab/feminine-dark/selected/walk/north-west/frame_004.png using Guid(cba25ac15602f0e4e823186fb93689ee) (TextureImporter) -> (artifact id: '18c07f9a86ea4367206ce07e07f9c020') in 0.0088045 seconds
Refreshing native plugins compatible for Editor in 3.30 ms, found 4 plugins.
Preloading 0 native plugins for Editor in 0.00 ms.
Asset Pipeline Refresh (id=9924b6bc4fd4cdb49b07a3b8a9b4eedc): Total: 0.036 seconds - Initiated by StopAssetImportingV2(NoUpdateAssetOptions)
Start importing Assets/NoSafeCircle/DoorPrototype/Art/Wizard/Source/PixelLab/feminine-dark/selected/walk/north-west/frame_004.png using Guid(cba25ac15602f0e4e823186fb93689ee) (TextureImporter) -> (artifact id: '18c07f9a86ea4367206ce07e07f9c020') in 0.0059186 seconds
Refreshing native plugins compatible for Editor in 3.18 ms, found 4 plugins.
Preloading 0 native plugins for Editor in 0.00 ms.
Asset Pipeline Refresh (id=f4ee7178c2376754bb82639d2fa437f4): Total: 0.032 seconds - Initiated by StopAssetImportingV2(NoUpdateAssetOptions)
Start importing Assets/NoSafeCircle/DoorPrototype/Art/Wizard/Source/PixelLab/feminine-dark/selected/walk/north-west/frame_005.png using Guid(ee707e37c718b5746a0aa049cf661457) (TextureImporter) -> (artifact id: '857fe1122242a01f5b96c5a7e2ac70a8') in 0.009107 seconds
Refreshing native plugins compatible for Editor in 3.27 ms, found 4 plugins.
Preloading 0 native plugins for Editor in 0.00 ms.
Asset Pipeline Refresh (id=7112a9b780a904c4e90aa7a2e8410f92): Total: 0.028 seconds - Initiated by StopAssetImportingV2(NoUpdateAssetOptions)
Start importing Assets/NoSafeCircle/DoorPrototype/Art/Wizard/Source/PixelLab/feminine-dark/selected/walk/north-west/frame_005.png using Guid(ee707e37c718b5746a0aa049cf661457) (TextureImporter) -> (artifact id: '857fe1122242a01f5b96c5a7e2ac70a8') in 0.0070979 seconds
Refreshing native plugins compatible for Editor in 4.17 ms, found 4 plugins.
Preloading 0 native plugins for Editor in 0.00 ms.
Asset Pipeline Refresh (id=2820e00bf0d844e4a98d142f526f40d7): Total: 0.031 seconds - Initiated by StopAssetImportingV2(NoUpdateAssetOptions)
Start importing Assets/NoSafeCircle/DoorPrototype/Art/Wizard/Generated/Wizard_Feminine_Black_walk_north-west.anim using Guid(72332a3000f552f4f91ad3412153d01c) (NativeFormatImporter) -> (artifact id: 'a4cee882528f8335d008583b95f0119d') in 0.0034937 seconds
Refreshing native plugins compatible for Editor in 2.94 ms, found 4 plugins.
Preloading 0 native plugins for Editor in 0.00 ms.
Asset Pipeline Refresh (id=a989093c3d350ff40a50faae4bf414d0): Total: 0.026 seconds - Initiated by StopAssetImportingV2(NoUpdateAssetOptions)
Start importing Assets/NoSafeCircle/DoorPrototype/Art/Wizard/Generated/WizardAnimator.controller using Guid(f3086ed4e66bdda44ae036148ba6f2e5) (NativeFormatImporter) -> (artifact id: '1df48ffbdfc14a6e9aa5fcea942f5f9c') in 0.0029228 seconds
Refreshing native plugins compatible for Editor in 2.52 ms, found 4 plugins.
Preloading 0 native plugins for Editor in 0.00 ms.
Asset Pipeline Refresh (id=70031d5d874b62548be39bb3111c0757): Total: 0.022 seconds - Initiated by StopAssetImportingV2(NoUpdateAssetOptions)
Start importing Assets/NoSafeCircle/DoorPrototype/Art/Enemies/Source/enemy_melee_n_idle_00.png using Guid(02ed6521632172d458526e95c370f4a0) (TextureImporter) -> (artifact id: 'ca3c81005cb42856ae23671dc2579109') in 0.0053831 seconds
Refreshing native plugins compatible for Editor in 3.15 ms, found 4 plugins.
Preloading 0 native plugins for Editor in 0.00 ms.
Asset Pipeline Refresh (id=2845af66636f26043a70829622eea91f): Total: 0.031 seconds - Initiated by StopAssetImportingV2(NoUpdateAssetOptions)
Start importing Assets/NoSafeCircle/DoorPrototype/Art/Enemies/Source/enemy_melee_n_idle_00.png using Guid(02ed6521632172d458526e95c370f4a0) (TextureImporter) -> (artifact id: '6aeea9df36fa60aba9823d93c73f3edd') in 0.0035816 seconds
Refreshing native plugins compatible for Editor in 2.90 ms, found 4 plugins.
Preloading 0 native plugins for Editor in 0.00 ms.
Asset Pipeline Refresh (id=185588e445bc1ae4cb4ad3eda9d1f810): Total: 0.032 seconds - Initiated by StopAssetImportingV2(NoUpdateAssetOptions)
Start importing Assets/NoSafeCircle/DoorPrototype/Art/Enemies/Source/Walk/enemy_melee_n_walk_00.png using Guid(83c42a2839f6823419ffa91bfae75a10) (TextureImporter) -> (artifact id: '3a22199c6e913565f3ee63ac474a044d') in 0.0607673 seconds
Refreshing native plugins compatible for Editor in 2.35 ms, found 4 plugins.
Preloading 0 native plugins for Editor in 0.00 ms.
Asset Pipeline Refresh (id=e59a9262ceb20c24580dda348d637526): Total: 0.077 seconds - Initiated by StopAssetImportingV2(NoUpdateAssetOptions)
Start importing Assets/NoSafeCircle/DoorPrototype/Art/Enemies/Source/Walk/enemy_melee_n_walk_00.png using Guid(83c42a2839f6823419ffa91bfae75a10) (TextureImporter) -> (artifact id: '52b26cf7c8421b3fb6a5f2f07b634f44') in 0.0038268 seconds
Refreshing native plugins compatible for Editor in 2.18 ms, found 4 plugins.
Preloading 0 native plugins for Editor in 0.00 ms.
Asset Pipeline Refresh (id=2b41666703fc6334c93eda5d82401adc): Total: 0.030 seconds - Initiated by StopAssetImportingV2(NoUpdateAssetOptions)
Start importing Assets/NoSafeCircle/DoorPrototype/Art/Enemies/Source/Walk/enemy_melee_n_walk_01.png using Guid(dfe9e48df57f812479bb951374ae147d) (TextureImporter) -> (artifact id: 'd1e1ae5e0ae4879a2f7c47cf82a1bf79') in 0.0048981 seconds
Refreshing native plugins compatible for Editor in 2.42 ms, found 4 plugins.
Preloading 0 native plugins for Editor in 0.00 ms.
Asset Pipeline Refresh (id=a6a50da7cc1ad6744a17fa880949dc5b): Total: 0.023 seconds - Initiated by StopAssetImportingV2(NoUpdateAssetOptions)
Start importing Assets/NoSafeCircle/DoorPrototype/Art/Enemies/Source/Walk/enemy_melee_n_walk_01.png using Guid(dfe9e48df57f812479bb951374ae147d) (TextureImporter) -> (artifact id: 'ddeff2620c3c9f4249bbb1b7cdb26acd') in 0.0059883 seconds
Refreshing native plugins compatible for Editor in 2.19 ms, found 4 plugins.
Preloading 0 native plugins for Editor in 0.00 ms.
Asset Pipeline Refresh (id=369702d4b82221b42a1e980d8d74f08d): Total: 0.029 seconds - Initiated by StopAssetImportingV2(NoUpdateAssetOptions)
Start importing Assets/NoSafeCircle/DoorPrototype/Art/Enemies/Source/Walk/enemy_melee_n_walk_02.png using Guid(543628641b4da1b4b89a17840c92dcee) (TextureImporter) -> (artifact id: 'b2181d54158faa1285d61fa2bb086b87') in 0.0053911 seconds
Refreshing native plugins compatible for Editor in 2.87 ms, found 4 plugins.
Preloading 0 native plugins for Editor in 0.00 ms.
Asset Pipeline Refresh (id=5379e32fb065c3a47be807b0e1c7c9b9): Total: 0.024 seconds - Initiated by StopAssetImportingV2(NoUpdateAssetOptions)
Start importing Assets/NoSafeCircle/DoorPrototype/Art/Enemies/Source/Walk/enemy_melee_n_walk_02.png using Guid(543628641b4da1b4b89a17840c92dcee) (TextureImporter) -> (artifact id: '94fc868d5dfa39aef2d2063ffc8f9fc4') in 0.0040934 seconds
Refreshing native plugins compatible for Editor in 2.28 ms, found 4 plugins.
Preloading 0 native plugins for Editor in 0.00 ms.
Asset Pipeline Refresh (id=224409aa6b4fb2e4dbbc1f359341eba9): Total: 0.030 seconds - Initiated by StopAssetImportingV2(NoUpdateAssetOptions)
Start importing Assets/NoSafeCircle/DoorPrototype/Art/Enemies/Source/Walk/enemy_melee_n_walk_03.png using Guid(08ab81e5ee19c7b4893abd8b41ab98fb) (TextureImporter) -> (artifact id: 'd17eb8db7bc3e4852bcb06271a0e415b') in 0.0057885 seconds
Refreshing native plugins compatible for Editor in 2.41 ms, found 4 plugins.
Preloading 0 native plugins for Editor in 0.00 ms.
Asset Pipeline Refresh (id=6063b7af165fe6942a3b5f36574341aa): Total: 0.027 seconds - Initiated by StopAssetImportingV2(NoUpdateAssetOptions)
Start importing Assets/NoSafeCircle/DoorPrototype/Art/Enemies/Source/Walk/enemy_melee_n_walk_03.png using Guid(08ab81e5ee19c7b4893abd8b41ab98fb) (TextureImporter) -> (artifact id: 'b30ce1d34765569c3680c15c72d447fc') in 0.0035598 seconds
Refreshing native plugins compatible for Editor in 2.51 ms, found 4 plugins.
Preloading 0 native plugins for Editor in 0.00 ms.
Asset Pipeline Refresh (id=0a0f74af69b27a34dacc9759206106bb): Total: 0.031 seconds - Initiated by StopAssetImportingV2(NoUpdateAssetOptions)
Start importing Assets/NoSafeCircle/DoorPrototype/Art/Enemies/Source/Walk/enemy_melee_n_walk_04.png using Guid(7b3f78f44e5c5474b89caab4d3212909) (TextureImporter) -> (artifact id: '80c848abde1c724b737df2ebbb0ee6c2') in 0.0066715 seconds
Refreshing native plugins compatible for Editor in 2.42 ms, found 4 plugins.
Preloading 0 native plugins for Editor in 0.00 ms.
Asset Pipeline Refresh (id=73ed155f9a10bb54aaf3ed5f849491bf): Total: 0.024 seconds - Initiated by StopAssetImportingV2(NoUpdateAssetOptions)
Start importing Assets/NoSafeCircle/DoorPrototype/Art/Enemies/Source/Walk/enemy_melee_n_walk_04.png using Guid(7b3f78f44e5c5474b89caab4d3212909) (TextureImporter) -> (artifact id: '08d69030aaa5faf8eb735c39b93a7d73') in 0.0039881 seconds
Refreshing native plugins compatible for Editor in 2.56 ms, found 4 plugins.
Preloading 0 native plugins for Editor in 0.00 ms.
Asset Pipeline Refresh (id=b9d69b649a742624a9c4d7ce2c2ab608): Total: 0.028 seconds - Initiated by StopAssetImportingV2(NoUpdateAssetOptions)
Start importing Assets/NoSafeCircle/DoorPrototype/Art/Enemies/Source/Walk/enemy_melee_n_walk_05.png using Guid(590361ebb4fdf3141a20b70ce88b795c) (TextureImporter) -> (artifact id: '0bab5300eecf53de144d36ebcf271e12') in 0.0055659 seconds
Refreshing native plugins compatible for Editor in 2.27 ms, found 4 plugins.
Preloading 0 native plugins for Editor in 0.00 ms.
Asset Pipeline Refresh (id=e8d10b45920908246a4ab9a8bd8f75fc): Total: 0.024 seconds - Initiated by StopAssetImportingV2(NoUpdateAssetOptions)
Start importing Assets/NoSafeCircle/DoorPrototype/Art/Enemies/Source/Walk/enemy_melee_n_walk_05.png using Guid(590361ebb4fdf3141a20b70ce88b795c) (TextureImporter) -> (artifact id: '257adb89dc677f1a41ecf3132f33b65a') in 0.0053939 seconds
Refreshing native plugins compatible for Editor in 2.39 ms, found 4 plugins.
Preloading 0 native plugins for Editor in 0.00 ms.
Asset Pipeline Refresh (id=bca40a366fe313545b0ecc91e16f3061): Total: 0.033 seconds - Initiated by StopAssetImportingV2(NoUpdateAssetOptions)
Start importing Assets/NoSafeCircle/DoorPrototype/Art/Enemies/Source/enemy_melee_ne_idle_00.png using Guid(9e05e08a75c2cc04cba7162d7e122cd5) (TextureImporter) -> (artifact id: '1fea326ef6258ee039c87a5c2e7abc04') in 0.006256 seconds
Refreshing native plugins compatible for Editor in 2.14 ms, found 4 plugins.
Preloading 0 native plugins for Editor in 0.00 ms.
Asset Pipeline Refresh (id=1980d9195a14d3b4c9d17f66c34fa147): Total: 0.024 seconds - Initiated by StopAssetImportingV2(NoUpdateAssetOptions)
Start importing Assets/NoSafeCircle/DoorPrototype/Art/Enemies/Source/enemy_melee_ne_idle_00.png using Guid(9e05e08a75c2cc04cba7162d7e122cd5) (TextureImporter) -> (artifact id: '82d8a6ceb53dc66ae3101d2b927e0be8') in 0.0048374 seconds
Refreshing native plugins compatible for Editor in 2.74 ms, found 4 plugins.
Preloading 0 native plugins for Editor in 0.00 ms.
Asset Pipeline Refresh (id=4c037f9d6d650dc479f53d88c4b9708a): Total: 0.030 seconds - Initiated by StopAssetImportingV2(NoUpdateAssetOptions)
Start importing Assets/NoSafeCircle/DoorPrototype/Art/Enemies/Source/Walk/enemy_melee_ne_walk_00.png using Guid(d9197702d17f42f46940daa1e299150f) (TextureImporter) -> (artifact id: 'ca2b0e3649859252702101edea6febf1') in 0.0051542 seconds
Refreshing native plugins compatible for Editor in 2.53 ms, found 4 plugins.
Preloading 0 native plugins for Editor in 0.00 ms.
Asset Pipeline Refresh (id=e50727e5e98efde4b9796072e9f9c028): Total: 0.024 seconds - Initiated by StopAssetImportingV2(NoUpdateAssetOptions)
Start importing Assets/NoSafeCircle/DoorPrototype/Art/Enemies/Source/Walk/enemy_melee_ne_walk_00.png using Guid(d9197702d17f42f46940daa1e299150f) (TextureImporter) -> (artifact id: '148037a2d127d9b0789ed18e938f8d59') in 0.0041499 seconds
Refreshing native plugins compatible for Editor in 3.95 ms, found 4 plugins.
Preloading 0 native plugins for Editor in 0.00 ms.
Asset Pipeline Refresh (id=99802671195b57f46a80a1338266c2be): Total: 0.033 seconds - Initiated by StopAssetImportingV2(NoUpdateAssetOptions)
Start importing Assets/NoSafeCircle/DoorPrototype/Art/Enemies/Source/Walk/enemy_melee_ne_walk_01.png using Guid(23d9c6ce6e08f6c45b85a0aadc8245f1) (TextureImporter) -> (artifact id: '83dd27d0e01e685b996baeec5e62332f') in 0.0050751 seconds
Refreshing native plugins compatible for Editor in 4.05 ms, found 4 plugins.
Preloading 0 native plugins for Editor in 0.00 ms.
Asset Pipeline Refresh (id=831ea417f9201514b8328b1b3c6db417): Total: 0.027 seconds - Initiated by StopAssetImportingV2(NoUpdateAssetOptions)
Start importing Assets/NoSafeCircle/DoorPrototype/Art/Enemies/Source/Walk/enemy_melee_ne_walk_01.png using Guid(23d9c6ce6e08f6c45b85a0aadc8245f1) (TextureImporter) -> (artifact id: '7179e0c5878722639f4be0882d9c638b') in 0.0057544 seconds
Refreshing native plugins compatible for Editor in 2.82 ms, found 4 plugins.
Preloading 0 native plugins for Editor in 0.00 ms.
Asset Pipeline Refresh (id=ac48d7c006473f3468655a826f861020): Total: 0.034 seconds - Initiated by StopAssetImportingV2(NoUpdateAssetOptions)
Start importing Assets/NoSafeCircle/DoorPrototype/Art/Enemies/Source/Walk/enemy_melee_ne_walk_02.png using Guid(0e736d1fecf10c945a4868842878134e) (TextureImporter) -> (artifact id: 'ac4e08630c4fc1008b526a86ccb57c42') in 0.0051335 seconds
Refreshing native plugins compatible for Editor in 3.35 ms, found 4 plugins.
Preloading 0 native plugins for Editor in 0.00 ms.
Asset Pipeline Refresh (id=06ed9c8fd5d1e5e47a2301b5b3ac2cfe): Total: 0.027 seconds - Initiated by StopAssetImportingV2(NoUpdateAssetOptions)
Start importing Assets/NoSafeCircle/DoorPrototype/Art/Enemies/Source/Walk/enemy_melee_ne_walk_02.png using Guid(0e736d1fecf10c945a4868842878134e) (TextureImporter) -> (artifact id: 'd7698719031638798de4da433e60f0cb') in 0.0054813 seconds
Refreshing native plugins compatible for Editor in 2.33 ms, found 4 plugins.
Preloading 0 native plugins for Editor in 0.00 ms.
Asset Pipeline Refresh (id=b223512f7cc9deb45a9e9f503239ca43): Total: 0.035 seconds - Initiated by StopAssetImportingV2(NoUpdateAssetOptions)
Start importing Assets/NoSafeCircle/DoorPrototype/Art/Enemies/Source/Walk/enemy_melee_ne_walk_03.png using Guid(b770e8a95f1e9d14e9ff932783505b4e) (TextureImporter) -> (artifact id: '65102d98f959491c9ded9719afb42cb1') in 0.0062388 seconds
Refreshing native plugins compatible for Editor in 2.38 ms, found 4 plugins.
Preloading 0 native plugins for Editor in 0.00 ms.
Asset Pipeline Refresh (id=13879527b0253c04cb349227120e05ca): Total: 0.027 seconds - Initiated by StopAssetImportingV2(NoUpdateAssetOptions)
Start importing Assets/NoSafeCircle/DoorPrototype/Art/Enemies/Source/Walk/enemy_melee_ne_walk_03.png using Guid(b770e8a95f1e9d14e9ff932783505b4e) (TextureImporter) -> (artifact id: '68698fc3d0451674d21aa89c61d311f3') in 0.0052637 seconds
Refreshing native plugins compatible for Editor in 2.11 ms, found 4 plugins.
Preloading 0 native plugins for Editor in 0.00 ms.
Asset Pipeline Refresh (id=b9861573bb37362478e4e278eb2fc9ef): Total: 0.029 seconds - Initiated by StopAssetImportingV2(NoUpdateAssetOptions)
Start importing Assets/NoSafeCircle/DoorPrototype/Art/Enemies/Source/Walk/enemy_melee_ne_walk_04.png using Guid(f4b3b5a6ac3c8c04bbacd17e77f9e1a1) (TextureImporter) -> (artifact id: 'cbca0cac0c70224216406c7ca8f1a4cb') in 0.0046234 seconds
Refreshing native plugins compatible for Editor in 4.65 ms, found 4 plugins.
Preloading 0 native plugins for Editor in 0.00 ms.
Asset Pipeline Refresh (id=2533942dc734ad14ea9fb26f53516999): Total: 0.025 seconds - Initiated by StopAssetImportingV2(NoUpdateAssetOptions)
Start importing Assets/NoSafeCircle/DoorPrototype/Art/Enemies/Source/Walk/enemy_melee_ne_walk_04.png using Guid(f4b3b5a6ac3c8c04bbacd17e77f9e1a1) (TextureImporter) -> (artifact id: '0f323fc72d2fc24a5988f5e0a8fdd5bd') in 0.0054728 seconds
Refreshing native plugins compatible for Editor in 2.54 ms, found 4 plugins.
Preloading 0 native plugins for Editor in 0.00 ms.
Asset Pipeline Refresh (id=c0669954388bdfe47adc0a61247e3378): Total: 0.035 seconds - Initiated by StopAssetImportingV2(NoUpdateAssetOptions)
Start importing Assets/NoSafeCircle/DoorPrototype/Art/Enemies/Source/Walk/enemy_melee_ne_walk_05.png using Guid(abc24b5068748854bab8633f16b8979f) (TextureImporter) -> (artifact id: '029dfd8ccace69ef6bd7e23279fa3d1a') in 0.006464 seconds
Refreshing native plugins compatible for Editor in 3.86 ms, found 4 plugins.
Preloading 0 native plugins for Editor in 0.00 ms.
Asset Pipeline Refresh (id=bd2524f76d64eb24c890053f30499927): Total: 0.028 seconds - Initiated by StopAssetImportingV2(NoUpdateAssetOptions)
Start importing Assets/NoSafeCircle/DoorPrototype/Art/Enemies/Source/Walk/enemy_melee_ne_walk_05.png using Guid(abc24b5068748854bab8633f16b8979f) (TextureImporter) -> (artifact id: 'ca8b4d808376c86626eeacab81fc457f') in 0.004123 seconds
Refreshing native plugins compatible for Editor in 3.30 ms, found 4 plugins.
Preloading 0 native plugins for Editor in 0.00 ms.
Asset Pipeline Refresh (id=1dd0f086f13ccaf46991f6dccfd591fe): Total: 0.033 seconds - Initiated by StopAssetImportingV2(NoUpdateAssetOptions)
Start importing Assets/NoSafeCircle/DoorPrototype/Art/Enemies/Source/enemy_melee_e_idle_00.png using Guid(ea5e7b274096c0644926cb40df94c345) (TextureImporter) -> (artifact id: '7a125d2e25997810f6463c033469c4a8') in 0.0059265 seconds
Refreshing native plugins compatible for Editor in 2.70 ms, found 4 plugins.
Preloading 0 native plugins for Editor in 0.00 ms.
Asset Pipeline Refresh (id=f9f30ddb5cbd5f64cb2a764b035103ac): Total: 0.023 seconds - Initiated by StopAssetImportingV2(NoUpdateAssetOptions)
Start importing Assets/NoSafeCircle/DoorPrototype/Art/Enemies/Source/enemy_melee_e_idle_00.png using Guid(ea5e7b274096c0644926cb40df94c345) (TextureImporter) -> (artifact id: '9c73112a2efbacca9d8faacd507ad4f1') in 0.003618 seconds
Refreshing native plugins compatible for Editor in 4.60 ms, found 4 plugins.
Preloading 0 native plugins for Editor in 0.00 ms.
Asset Pipeline Refresh (id=cdc5909ad7bbb064ab13cad8bf190605): Total: 0.034 seconds - Initiated by StopAssetImportingV2(NoUpdateAssetOptions)
Start importing Assets/NoSafeCircle/DoorPrototype/Art/Enemies/Source/Walk/enemy_melee_e_walk_00.png using Guid(fb9bd9a74c07f1b43a9ff07b57a39fe5) (TextureImporter) -> (artifact id: 'd42bcdd0eba834dd24618a061055ad33') in 0.0053587 seconds
Refreshing native plugins compatible for Editor in 3.94 ms, found 4 plugins.
Preloading 0 native plugins for Editor in 0.00 ms.
Asset Pipeline Refresh (id=4e1b39c3ad391d84eb695139842611a1): Total: 0.024 seconds - Initiated by StopAssetImportingV2(NoUpdateAssetOptions)
Start importing Assets/NoSafeCircle/DoorPrototype/Art/Enemies/Source/Walk/enemy_melee_e_walk_00.png using Guid(fb9bd9a74c07f1b43a9ff07b57a39fe5) (TextureImporter) -> (artifact id: '24653440b8166808d59d3a2f42060a05') in 0.0046768 seconds
Refreshing native plugins compatible for Editor in 2.57 ms, found 4 plugins.
Preloading 0 native plugins for Editor in 0.00 ms.
Asset Pipeline Refresh (id=2f45bf7b60757ee45854ddaef2021813): Total: 0.032 seconds - Initiated by StopAssetImportingV2(NoUpdateAssetOptions)
Start importing Assets/NoSafeCircle/DoorPrototype/Art/Enemies/Source/Walk/enemy_melee_e_walk_01.png using Guid(f80a3412123f921488f95687d4707416) (TextureImporter) -> (artifact id: '338b5506f57a8cf3c446efd1b1b5a2da') in 0.0063841 seconds
Refreshing native plugins compatible for Editor in 3.33 ms, found 4 plugins.
Preloading 0 native plugins for Editor in 0.00 ms.
Asset Pipeline Refresh (id=7a05de5ecc593c54d927cfede673b4d6): Total: 0.032 seconds - Initiated by StopAssetImportingV2(NoUpdateAssetOptions)
Start importing Assets/NoSafeCircle/DoorPrototype/Art/Enemies/Source/Walk/enemy_melee_e_walk_01.png using Guid(f80a3412123f921488f95687d4707416) (TextureImporter) -> (artifact id: '015c6a5132ced68eecc6e24cb78bd3df') in 0.0045209 seconds
Refreshing native plugins compatible for Editor in 3.26 ms, found 4 plugins.
Preloading 0 native plugins for Editor in 0.00 ms.
Asset Pipeline Refresh (id=05907d0fdbc8e8a49881397f1a13e86b): Total: 0.031 seconds - Initiated by StopAssetImportingV2(NoUpdateAssetOptions)
Start importing Assets/NoSafeCircle/DoorPrototype/Art/Enemies/Source/Walk/enemy_melee_e_walk_02.png using Guid(d20304b4112f8db4fb75af2b96899b33) (TextureImporter) -> (artifact id: '9c3478dac5f431df6aa3df08cd24c529') in 0.0047902 seconds
Refreshing native plugins compatible for Editor in 3.41 ms, found 4 plugins.
Preloading 0 native plugins for Editor in 0.00 ms.
Asset Pipeline Refresh (id=91a59add42ba7bb4b87c36ac46514aaf): Total: 0.025 seconds - Initiated by StopAssetImportingV2(NoUpdateAssetOptions)
Start importing Assets/NoSafeCircle/DoorPrototype/Art/Enemies/Source/Walk/enemy_melee_e_walk_02.png using Guid(d20304b4112f8db4fb75af2b96899b33) (TextureImporter) -> (artifact id: 'd7ca9d7cae227b902cfcb6d59e17569e') in 0.004121 seconds
Refreshing native plugins compatible for Editor in 2.36 ms, found 4 plugins.
Preloading 0 native plugins for Editor in 0.00 ms.
Asset Pipeline Refresh (id=494ae4f2139074148b81713189a1ef8f): Total: 0.031 seconds - Initiated by StopAssetImportingV2(NoUpdateAssetOptions)
Start importing Assets/NoSafeCircle/DoorPrototype/Art/Enemies/Source/Walk/enemy_melee_e_walk_03.png using Guid(bbe1faee4aae15846b2bec621089d937) (TextureImporter) -> (artifact id: 'd427527ea0e53c9cc8d8446fe8b731ea') in 0.0057669 seconds
Refreshing native plugins compatible for Editor in 4.17 ms, found 4 plugins.
Preloading 0 native plugins for Editor in 0.00 ms.
Asset Pipeline Refresh (id=224b7ca64379a1c43ae8ae2742a5d083): Total: 0.029 seconds - Initiated by StopAssetImportingV2(NoUpdateAssetOptions)
Start importing Assets/NoSafeCircle/DoorPrototype/Art/Enemies/Source/Walk/enemy_melee_e_walk_03.png using Guid(bbe1faee4aae15846b2bec621089d937) (TextureImporter) -> (artifact id: '9e2604df03c4e9288801982cbe47cd45') in 0.0041432 seconds
Refreshing native plugins compatible for Editor in 2.47 ms, found 4 plugins.
Preloading 0 native plugins for Editor in 0.00 ms.
Asset Pipeline Refresh (id=33db678ecfbe5ab4badb1865165bd6f9): Total: 0.033 seconds - Initiated by StopAssetImportingV2(NoUpdateAssetOptions)
Start importing Assets/NoSafeCircle/DoorPrototype/Art/Enemies/Source/Walk/enemy_melee_e_walk_04.png using Guid(4b87f17801193be43934f9506e316a01) (TextureImporter) -> (artifact id: '1ff9d0ade31f070cb7f78913fa37fc30') in 0.0051983 seconds
Refreshing native plugins compatible for Editor in 4.38 ms, found 4 plugins.
Preloading 0 native plugins for Editor in 0.00 ms.
Asset Pipeline Refresh (id=e50f2373f3efc1242b24dbfe89ca3f32): Total: 0.028 seconds - Initiated by StopAssetImportingV2(NoUpdateAssetOptions)
Start importing Assets/NoSafeCircle/DoorPrototype/Art/Enemies/Source/Walk/enemy_melee_e_walk_04.png using Guid(4b87f17801193be43934f9506e316a01) (TextureImporter) -> (artifact id: '6a1b5814c0baac0bf6d2f4a31f0c1838') in 0.0039459 seconds
Refreshing native plugins compatible for Editor in 2.62 ms, found 4 plugins.
Preloading 0 native plugins for Editor in 0.00 ms.
Asset Pipeline Refresh (id=8bcab28f7d26b6e4694acdfcac1ea549): Total: 0.033 seconds - Initiated by StopAssetImportingV2(NoUpdateAssetOptions)
Start importing Assets/NoSafeCircle/DoorPrototype/Art/Enemies/Source/Walk/enemy_melee_e_walk_05.png using Guid(b39b96d40f02a974f81906d8d0f9bcf4) (TextureImporter) -> (artifact id: '9df02fc1ce52c1249cf6fed336dedfb9') in 0.0070207 seconds
Refreshing native plugins compatible for Editor in 3.52 ms, found 4 plugins.
Preloading 0 native plugins for Editor in 0.00 ms.
Asset Pipeline Refresh (id=813508c6f1fa0d140b975906e6ff7cf8): Total: 0.029 seconds - Initiated by StopAssetImportingV2(NoUpdateAssetOptions)
Start importing Assets/NoSafeCircle/DoorPrototype/Art/Enemies/Source/Walk/enemy_melee_e_walk_05.png using Guid(b39b96d40f02a974f81906d8d0f9bcf4) (TextureImporter) -> (artifact id: '29f60a9d696fa9ef19176693d1864919') in 0.005553 seconds
Refreshing native plugins compatible for Editor in 4.18 ms, found 4 plugins.
Preloading 0 native plugins for Editor in 0.00 ms.
Asset Pipeline Refresh (id=f4c6b65885d22bd42b2ee6cc6d8b1018): Total: 0.040 seconds - Initiated by StopAssetImportingV2(NoUpdateAssetOptions)
Start importing Assets/NoSafeCircle/DoorPrototype/Art/Enemies/Source/enemy_melee_se_idle_00.png using Guid(5a287b591b838974d8516e829e33959f) (TextureImporter) -> (artifact id: '9785a58fedef6fd9e42b136ce3f2b562') in 0.0065465 seconds
Refreshing native plugins compatible for Editor in 2.61 ms, found 4 plugins.
Preloading 0 native plugins for Editor in 0.00 ms.
Asset Pipeline Refresh (id=a2162604991537a46b79b2e6bf62cfdd): Total: 0.027 seconds - Initiated by StopAssetImportingV2(NoUpdateAssetOptions)
Start importing Assets/NoSafeCircle/DoorPrototype/Art/Enemies/Source/enemy_melee_se_idle_00.png using Guid(5a287b591b838974d8516e829e33959f) (TextureImporter) -> (artifact id: 'ecce3d695f6dc13861e520487616d096') in 0.0054143 seconds
Refreshing native plugins compatible for Editor in 3.98 ms, found 4 plugins.
Preloading 0 native plugins for Editor in 0.00 ms.
Asset Pipeline Refresh (id=c6364ef08cf16ea489f5b3c73a1e0b6a): Total: 0.035 seconds - Initiated by StopAssetImportingV2(NoUpdateAssetOptions)
Start importing Assets/NoSafeCircle/DoorPrototype/Art/Enemies/Source/Walk/enemy_melee_se_walk_00.png using Guid(c23d7a194d869cf4a90dae387f2475c8) (TextureImporter) -> (artifact id: '2b61cce68f840850f97c5598acb7ba7a') in 0.005244 seconds
Refreshing native plugins compatible for Editor in 2.63 ms, found 4 plugins.
Preloading 0 native plugins for Editor in 0.00 ms.
Asset Pipeline Refresh (id=e8221883a82a5d54e8e391fb07c53eb1): Total: 0.028 seconds - Initiated by StopAssetImportingV2(NoUpdateAssetOptions)
Start importing Assets/NoSafeCircle/DoorPrototype/Art/Enemies/Source/Walk/enemy_melee_se_walk_00.png using Guid(c23d7a194d869cf4a90dae387f2475c8) (TextureImporter) -> (artifact id: '974b6cdf98705ef502189887b7deb81b') in 0.0042943 seconds
Refreshing native plugins compatible for Editor in 2.32 ms, found 4 plugins.
Preloading 0 native plugins for Editor in 0.00 ms.
Asset Pipeline Refresh (id=f7fa7bd06d1bb6b4ca37d70e3d229f4c): Total: 0.032 seconds - Initiated by StopAssetImportingV2(NoUpdateAssetOptions)
Start importing Assets/NoSafeCircle/DoorPrototype/Art/Enemies/Source/Walk/enemy_melee_se_walk_01.png using Guid(4124ff9f59371ed4aa800a9015bc716d) (TextureImporter) -> (artifact id: '199e2217e36a6867979795e6f12b5829') in 0.0051405 seconds
Refreshing native plugins compatible for Editor in 4.04 ms, found 4 plugins.
Preloading 0 native plugins for Editor in 0.00 ms.
Asset Pipeline Refresh (id=2ff8bef1ef9c19f4fbc117111f8ea6a0): Total: 0.027 seconds - Initiated by StopAssetImportingV2(NoUpdateAssetOptions)
Start importing Assets/NoSafeCircle/DoorPrototype/Art/Enemies/Source/Walk/enemy_melee_se_walk_01.png using Guid(4124ff9f59371ed4aa800a9015bc716d) (TextureImporter) -> (artifact id: '93642778593b25a0dae1679dc0ffe336') in 0.0046778 seconds
Refreshing native plugins compatible for Editor in 4.60 ms, found 4 plugins.
Preloading 0 native plugins for Editor in 0.00 ms.
Asset Pipeline Refresh (id=eb6aeef6a57c04e4fb98b24365a96473): Total: 0.035 seconds - Initiated by StopAssetImportingV2(NoUpdateAssetOptions)
Start importing Assets/NoSafeCircle/DoorPrototype/Art/Enemies/Source/Walk/enemy_melee_se_walk_02.png using Guid(086cefad28c7a8e4c898265e490a1f9c) (TextureImporter) -> (artifact id: '1cdd414a55a71ad188cb1c06b637a381') in 0.0049234 seconds
Refreshing native plugins compatible for Editor in 2.81 ms, found 4 plugins.
Preloading 0 native plugins for Editor in 0.00 ms.
Asset Pipeline Refresh (id=19e1f0f215950b549b5d572dee539698): Total: 0.025 seconds - Initiated by StopAssetImportingV2(NoUpdateAssetOptions)
Start importing Assets/NoSafeCircle/DoorPrototype/Art/Enemies/Source/Walk/enemy_melee_se_walk_02.png using Guid(086cefad28c7a8e4c898265e490a1f9c) (TextureImporter) -> (artifact id: '387e35e7d1a47ca3b940ae3219a598bf') in 0.0041368 seconds
Refreshing native plugins compatible for Editor in 2.42 ms, found 4 plugins.
Preloading 0 native plugins for Editor in 0.00 ms.
Asset Pipeline Refresh (id=abb649e1b76448441a9482f149222ba5): Total: 0.030 seconds - Initiated by StopAssetImportingV2(NoUpdateAssetOptions)
Start importing Assets/NoSafeCircle/DoorPrototype/Art/Enemies/Source/Walk/enemy_melee_se_walk_03.png using Guid(6b01819ad63744141ac59f7c4e0d4a57) (TextureImporter) -> (artifact id: '68c8215dec1f7907ea96b829aa25af6b') in 0.0059317 seconds
Refreshing native plugins compatible for Editor in 4.30 ms, found 4 plugins.
Preloading 0 native plugins for Editor in 0.00 ms.
Asset Pipeline Refresh (id=57c324cbee8212447ac0ba5ee1aa505c): Total: 0.025 seconds - Initiated by StopAssetImportingV2(NoUpdateAssetOptions)
Start importing Assets/NoSafeCircle/DoorPrototype/Art/Enemies/Source/Walk/enemy_melee_se_walk_03.png using Guid(6b01819ad63744141ac59f7c4e0d4a57) (TextureImporter) -> (artifact id: '30545df39a17775c4d7418c72af7b990') in 0.0060641 seconds
Refreshing native plugins compatible for Editor in 3.99 ms, found 4 plugins.
Preloading 0 native plugins for Editor in 0.00 ms.
Asset Pipeline Refresh (id=dae6e5772fed01848801cda87de85ea3): Total: 0.036 seconds - Initiated by StopAssetImportingV2(NoUpdateAssetOptions)
Start importing Assets/NoSafeCircle/DoorPrototype/Art/Enemies/Source/Walk/enemy_melee_se_walk_04.png using Guid(0db2d93c482a0b042a240b88efd128f8) (TextureImporter) -> (artifact id: '6be258bcb7b1aa7ad39dadf304f9840b') in 0.0051056 seconds
Refreshing native plugins compatible for Editor in 2.94 ms, found 4 plugins.
Preloading 0 native plugins for Editor in 0.00 ms.
Asset Pipeline Refresh (id=475d525240207124288d5ce233ad9cb0): Total: 0.024 seconds - Initiated by StopAssetImportingV2(NoUpdateAssetOptions)
Start importing Assets/NoSafeCircle/DoorPrototype/Art/Enemies/Source/Walk/enemy_melee_se_walk_04.png using Guid(0db2d93c482a0b042a240b88efd128f8) (TextureImporter) -> (artifact id: '40f31c302b92de8e94fd592692fdd791') in 0.0040461 seconds
Refreshing native plugins compatible for Editor in 4.52 ms, found 4 plugins.
Preloading 0 native plugins for Editor in 0.00 ms.
Asset Pipeline Refresh (id=e448512968412db45a8e6c083871a7a4): Total: 0.037 seconds - Initiated by StopAssetImportingV2(NoUpdateAssetOptions)
Start importing Assets/NoSafeCircle/DoorPrototype/Art/Enemies/Source/Walk/enemy_melee_se_walk_05.png using Guid(81e0829f94e525548bef73ad7974241e) (TextureImporter) -> (artifact id: '94f44e9f98727ed34a40a53b12424445') in 0.0051501 seconds
Refreshing native plugins compatible for Editor in 2.57 ms, found 4 plugins.
Preloading 0 native plugins for Editor in 0.00 ms.
Asset Pipeline Refresh (id=0525ca86172fc464586ce5ee96f6b4e1): Total: 0.023 seconds - Initiated by StopAssetImportingV2(NoUpdateAssetOptions)
Start importing Assets/NoSafeCircle/DoorPrototype/Art/Enemies/Source/Walk/enemy_melee_se_walk_05.png using Guid(81e0829f94e525548bef73ad7974241e) (TextureImporter) -> (artifact id: 'f9ac8113c19896149e0f57517437ad9d') in 0.0044051 seconds
Refreshing native plugins compatible for Editor in 2.68 ms, found 4 plugins.
Preloading 0 native plugins for Editor in 0.00 ms.
Asset Pipeline Refresh (id=d2051f73bf68f9347bbd8d7a6a3c081b): Total: 0.035 seconds - Initiated by StopAssetImportingV2(NoUpdateAssetOptions)
Start importing Assets/NoSafeCircle/DoorPrototype/Art/Enemies/Source/enemy_melee_s_idle_00.png using Guid(28ab611fd2b083c479ff4fbbea96ca7a) (TextureImporter) -> (artifact id: 'b3f5f551c27039474c22e42beb9af19d') in 0.0059427 seconds
Refreshing native plugins compatible for Editor in 4.14 ms, found 4 plugins.
Preloading 0 native plugins for Editor in 0.00 ms.
Asset Pipeline Refresh (id=8c06e8100f0ddb849b6ac7fde83ce32e): Total: 0.025 seconds - Initiated by StopAssetImportingV2(NoUpdateAssetOptions)
Start importing Assets/NoSafeCircle/DoorPrototype/Art/Enemies/Source/enemy_melee_s_idle_00.png using Guid(28ab611fd2b083c479ff4fbbea96ca7a) (TextureImporter) -> (artifact id: '0357c39a0be6c725922297fd5156acac') in 0.0043215 seconds
Refreshing native plugins compatible for Editor in 2.47 ms, found 4 plugins.
Preloading 0 native plugins for Editor in 0.00 ms.
Asset Pipeline Refresh (id=66450f278011d0c4b8db65a34de3dc70): Total: 0.035 seconds - Initiated by StopAssetImportingV2(NoUpdateAssetOptions)
Start importing Assets/NoSafeCircle/DoorPrototype/Art/Enemies/Source/Walk/enemy_melee_s_walk_00.png using Guid(cc409ce5e13654d428fe9390fc093058) (TextureImporter) -> (artifact id: '20c8270bca2a46ba5e68b7c086941015') in 0.0056633 seconds
Refreshing native plugins compatible for Editor in 2.30 ms, found 4 plugins.
Preloading 0 native plugins for Editor in 0.00 ms.
Asset Pipeline Refresh (id=1bc4841ce2dfa7545b66c6d9adc28184): Total: 0.027 seconds - Initiated by StopAssetImportingV2(NoUpdateAssetOptions)
Start importing Assets/NoSafeCircle/DoorPrototype/Art/Enemies/Source/Walk/enemy_melee_s_walk_00.png using Guid(cc409ce5e13654d428fe9390fc093058) (TextureImporter) -> (artifact id: '3a80c793ea26b57c44ab7acc34259979') in 0.0042236 seconds
Refreshing native plugins compatible for Editor in 3.56 ms, found 4 plugins.
Preloading 0 native plugins for Editor in 0.00 ms.
Asset Pipeline Refresh (id=95d4c99240fed1e4b8f82cd40a4aa2ec): Total: 0.033 seconds - Initiated by StopAssetImportingV2(NoUpdateAssetOptions)
Start importing Assets/NoSafeCircle/DoorPrototype/Art/Enemies/Source/Walk/enemy_melee_s_walk_01.png using Guid(12ada92f01ce5a548b5351598264ff5c) (TextureImporter) -> (artifact id: 'f01bc55c2ad0be6dfc413e33fe373faa') in 0.0052553 seconds
Refreshing native plugins compatible for Editor in 2.86 ms, found 4 plugins.
Preloading 0 native plugins for Editor in 0.00 ms.
Asset Pipeline Refresh (id=f6d23c0d5295da548b4c8ad319d35687): Total: 0.024 seconds - Initiated by StopAssetImportingV2(NoUpdateAssetOptions)
Start importing Assets/NoSafeCircle/DoorPrototype/Art/Enemies/Source/Walk/enemy_melee_s_walk_01.png using Guid(12ada92f01ce5a548b5351598264ff5c) (TextureImporter) -> (artifact id: '60214abdcd1622b5cda4f89b80c5288c') in 0.0038296 seconds
Refreshing native plugins compatible for Editor in 2.85 ms, found 4 plugins.
Preloading 0 native plugins for Editor in 0.00 ms.
Asset Pipeline Refresh (id=777f24b160e847247bf7a0a48b58c145): Total: 0.030 seconds - Initiated by StopAssetImportingV2(NoUpdateAssetOptions)
Start importing Assets/NoSafeCircle/DoorPrototype/Art/Enemies/Source/Walk/enemy_melee_s_walk_02.png using Guid(da78ceb5f2c42cb439c729debee2a3ef) (TextureImporter) -> (artifact id: 'c1c38c6a24afa80652521eaa5ce64727') in 0.0059924 seconds
Refreshing native plugins compatible for Editor in 2.87 ms, found 4 plugins.
Preloading 0 native plugins for Editor in 0.00 ms.
Asset Pipeline Refresh (id=e3a53ec03a42ecb468ffd10e31052284): Total: 0.027 seconds - Initiated by StopAssetImportingV2(NoUpdateAssetOptions)
Start importing Assets/NoSafeCircle/DoorPrototype/Art/Enemies/Source/Walk/enemy_melee_s_walk_02.png using Guid(da78ceb5f2c42cb439c729debee2a3ef) (TextureImporter) -> (artifact id: '0735acfc725ca82ff610c4ee63c3aa4b') in 0.0039539 seconds
Refreshing native plugins compatible for Editor in 2.87 ms, found 4 plugins.
Preloading 0 native plugins for Editor in 0.00 ms.
Asset Pipeline Refresh (id=098d1b531c21fda438ccfa60a31f5ff9): Total: 0.035 seconds - Initiated by StopAssetImportingV2(NoUpdateAssetOptions)
Start importing Assets/NoSafeCircle/DoorPrototype/Art/Enemies/Source/Walk/enemy_melee_s_walk_03.png using Guid(0a9c0f88662f21a4daf803f9b7825efc) (TextureImporter) -> (artifact id: 'a715f75262bbf63830d8afa9835b95a7') in 0.0060436 seconds
Refreshing native plugins compatible for Editor in 3.58 ms, found 4 plugins.
Preloading 0 native plugins for Editor in 0.00 ms.
Asset Pipeline Refresh (id=0c7adf9595d7cc347aae1b01203e2ce2): Total: 0.025 seconds - Initiated by StopAssetImportingV2(NoUpdateAssetOptions)
Start importing Assets/NoSafeCircle/DoorPrototype/Art/Enemies/Source/Walk/enemy_melee_s_walk_03.png using Guid(0a9c0f88662f21a4daf803f9b7825efc) (TextureImporter) -> (artifact id: 'd5f2fb22869790b0f2b6a5ead1d0da5d') in 0.0053609 seconds
Refreshing native plugins compatible for Editor in 2.22 ms, found 4 plugins.
Preloading 0 native plugins for Editor in 0.00 ms.
Asset Pipeline Refresh (id=d2964649dca97fd4e93701c696919ebc): Total: 0.037 seconds - Initiated by StopAssetImportingV2(NoUpdateAssetOptions)
Start importing Assets/NoSafeCircle/DoorPrototype/Art/Enemies/Source/Walk/enemy_melee_s_walk_04.png using Guid(5f5c8afeaffb59f499f7066fffcf2441) (TextureImporter) -> (artifact id: '2a011f36866e1ee7dffc3c9fb999c722') in 0.0063001 seconds
Refreshing native plugins compatible for Editor in 2.49 ms, found 4 plugins.
Preloading 0 native plugins for Editor in 0.00 ms.
Asset Pipeline Refresh (id=84b58c3bba52ecb4ab942466815b801f): Total: 0.026 seconds - Initiated by StopAssetImportingV2(NoUpdateAssetOptions)
Start importing Assets/NoSafeCircle/DoorPrototype/Art/Enemies/Source/Walk/enemy_melee_s_walk_04.png using Guid(5f5c8afeaffb59f499f7066fffcf2441) (TextureImporter) -> (artifact id: 'b8875c151b4b66486c99a5c4a8d9f2df') in 0.0040655 seconds
Refreshing native plugins compatible for Editor in 2.22 ms, found 4 plugins.
Preloading 0 native plugins for Editor in 0.00 ms.
Asset Pipeline Refresh (id=0f8befe3683cc75468fa37d6fafd9825): Total: 0.036 seconds - Initiated by StopAssetImportingV2(NoUpdateAssetOptions)
Start importing Assets/NoSafeCircle/DoorPrototype/Art/Enemies/Source/Walk/enemy_melee_s_walk_05.png using Guid(809a02a648ddbf1499de18af29c43e08) (TextureImporter) -> (artifact id: '029e714c7ee5e4bbe7017a9ab95db4e1') in 0.0053247 seconds
Refreshing native plugins compatible for Editor in 4.33 ms, found 4 plugins.
Preloading 0 native plugins for Editor in 0.00 ms.
Asset Pipeline Refresh (id=22f69d6ea43aa214c8022534c45f428d): Total: 0.025 seconds - Initiated by StopAssetImportingV2(NoUpdateAssetOptions)
Start importing Assets/NoSafeCircle/DoorPrototype/Art/Enemies/Source/Walk/enemy_melee_s_walk_05.png using Guid(809a02a648ddbf1499de18af29c43e08) (TextureImporter) -> (artifact id: '61c11fa0eef77c0a1434540c1b6ce244') in 0.0036459 seconds
Refreshing native plugins compatible for Editor in 3.93 ms, found 4 plugins.
Preloading 0 native plugins for Editor in 0.00 ms.
Asset Pipeline Refresh (id=1fccdee40dfb04b4c832d37bd01bd154): Total: 0.030 seconds - Initiated by StopAssetImportingV2(NoUpdateAssetOptions)
Start importing Assets/NoSafeCircle/DoorPrototype/Art/Enemies/Source/enemy_melee_sw_idle_00.png using Guid(cda27dd0fb2184d49b8a166a0458d4ff) (TextureImporter) -> (artifact id: 'baf711879879db46551592a8707225de') in 0.0062102 seconds
Refreshing native plugins compatible for Editor in 2.37 ms, found 4 plugins.
Preloading 0 native plugins for Editor in 0.00 ms.
Asset Pipeline Refresh (id=87fc6559d9c10844cbeabf9c68d82e26): Total: 0.023 seconds - Initiated by StopAssetImportingV2(NoUpdateAssetOptions)
Start importing Assets/NoSafeCircle/DoorPrototype/Art/Enemies/Source/enemy_melee_sw_idle_00.png using Guid(cda27dd0fb2184d49b8a166a0458d4ff) (TextureImporter) -> (artifact id: '86cf9831be9731c6e6bcf6d7b813ec1b') in 0.0041054 seconds
Refreshing native plugins compatible for Editor in 3.57 ms, found 4 plugins.
Preloading 0 native plugins for Editor in 0.00 ms.
Asset Pipeline Refresh (id=5395d66b0564cad40bf4a09744f6e5fa): Total: 0.031 seconds - Initiated by StopAssetImportingV2(NoUpdateAssetOptions)
Start importing Assets/NoSafeCircle/DoorPrototype/Art/Enemies/Source/Walk/enemy_melee_sw_walk_00.png using Guid(9016307339bf8014399d16d2311658eb) (TextureImporter) -> (artifact id: '323ef75b81e00c1db811b36a925b214b') in 0.0057271 seconds
Refreshing native plugins compatible for Editor in 2.45 ms, found 4 plugins.
Preloading 0 native plugins for Editor in 0.00 ms.
Asset Pipeline Refresh (id=43ad8dbebc15fe54781d51b66326621a): Total: 0.026 seconds - Initiated by StopAssetImportingV2(NoUpdateAssetOptions)
Start importing Assets/NoSafeCircle/DoorPrototype/Art/Enemies/Source/Walk/enemy_melee_sw_walk_00.png using Guid(9016307339bf8014399d16d2311658eb) (TextureImporter) -> (artifact id: 'ab0985b95c573280e3a2f02137a1da65') in 0.0051087 seconds
Refreshing native plugins compatible for Editor in 2.50 ms, found 4 plugins.
Preloading 0 native plugins for Editor in 0.00 ms.
Asset Pipeline Refresh (id=5ff54322dc466d54397a5c24649eda6e): Total: 0.033 seconds - Initiated by StopAssetImportingV2(NoUpdateAssetOptions)
Start importing Assets/NoSafeCircle/DoorPrototype/Art/Enemies/Source/Walk/enemy_melee_sw_walk_01.png using Guid(eb9776bc29a6fdc4fa6e5109e03f52bc) (TextureImporter) -> (artifact id: '58763edb2703538526b887a946d0f2f2') in 0.0049798 seconds
Refreshing native plugins compatible for Editor in 2.34 ms, found 4 plugins.
Preloading 0 native plugins for Editor in 0.00 ms.
Asset Pipeline Refresh (id=4f2cd010b04bf5c4db5545cb3f3a3cf6): Total: 0.023 seconds - Initiated by StopAssetImportingV2(NoUpdateAssetOptions)
Start importing Assets/NoSafeCircle/DoorPrototype/Art/Enemies/Source/Walk/enemy_melee_sw_walk_01.png using Guid(eb9776bc29a6fdc4fa6e5109e03f52bc) (TextureImporter) -> (artifact id: '3e88c9053032611f522e0126c78b9201') in 0.0039519 seconds
Refreshing native plugins compatible for Editor in 2.79 ms, found 4 plugins.
Preloading 0 native plugins for Editor in 0.00 ms.
Asset Pipeline Refresh (id=7d4b8da484c829844a9360c51ee0b11c): Total: 0.035 seconds - Initiated by StopAssetImportingV2(NoUpdateAssetOptions)
Start importing Assets/NoSafeCircle/DoorPrototype/Art/Enemies/Source/Walk/enemy_melee_sw_walk_02.png using Guid(b67484b32f282714da17c8186cd9c25e) (TextureImporter) -> (artifact id: '477b33573e18114cd02e8fd6aa022a68') in 0.0057628 seconds
Refreshing native plugins compatible for Editor in 2.50 ms, found 4 plugins.
Preloading 0 native plugins for Editor in 0.00 ms.
Asset Pipeline Refresh (id=0589d467a1adf7a479d5aa94075baaa0): Total: 0.024 seconds - Initiated by StopAssetImportingV2(NoUpdateAssetOptions)
Start importing Assets/NoSafeCircle/DoorPrototype/Art/Enemies/Source/Walk/enemy_melee_sw_walk_02.png using Guid(b67484b32f282714da17c8186cd9c25e) (TextureImporter) -> (artifact id: 'f3e4d1791c8140d04443dc2a1fcc2d59') in 0.005177 seconds
Refreshing native plugins compatible for Editor in 2.30 ms, found 4 plugins.
Preloading 0 native plugins for Editor in 0.00 ms.
Asset Pipeline Refresh (id=2cc4e28a5dc2f614da835749c31a7948): Total: 0.035 seconds - Initiated by StopAssetImportingV2(NoUpdateAssetOptions)
Start importing Assets/NoSafeCircle/DoorPrototype/Art/Enemies/Source/Walk/enemy_melee_sw_walk_03.png using Guid(ac154ec684875ef48af325da77c65e56) (TextureImporter) -> (artifact id: 'dfa789718e46db1a83d15649aa1fa511') in 0.0060862 seconds
Refreshing native plugins compatible for Editor in 3.77 ms, found 4 plugins.
Preloading 0 native plugins for Editor in 0.00 ms.
Asset Pipeline Refresh (id=a4ce1d240c65d0748ae128b904f22998): Total: 0.024 seconds - Initiated by StopAssetImportingV2(NoUpdateAssetOptions)
Start importing Assets/NoSafeCircle/DoorPrototype/Art/Enemies/Source/Walk/enemy_melee_sw_walk_03.png using Guid(ac154ec684875ef48af325da77c65e56) (TextureImporter) -> (artifact id: 'b44dc08bf3c4dc5afbbd1971399b3c26') in 0.0047107 seconds
Refreshing native plugins compatible for Editor in 3.96 ms, found 4 plugins.
Preloading 0 native plugins for Editor in 0.00 ms.
Asset Pipeline Refresh (id=253799a62bf22c242ab3262a0b5eae6d): Total: 0.034 seconds - Initiated by StopAssetImportingV2(NoUpdateAssetOptions)
Start importing Assets/NoSafeCircle/DoorPrototype/Art/Enemies/Source/Walk/enemy_melee_sw_walk_04.png using Guid(bc6c21c60d6e35a4780d8d047a11113d) (TextureImporter) -> (artifact id: '88cd8ed6314a8b4173359a8959224c27') in 0.0052177 seconds
Refreshing native plugins compatible for Editor in 2.14 ms, found 4 plugins.
Preloading 0 native plugins for Editor in 0.00 ms.
Asset Pipeline Refresh (id=629997617b67e734a91423d391d8f176): Total: 0.022 seconds - Initiated by StopAssetImportingV2(NoUpdateAssetOptions)
Start importing Assets/NoSafeCircle/DoorPrototype/Art/Enemies/Source/Walk/enemy_melee_sw_walk_04.png using Guid(bc6c21c60d6e35a4780d8d047a11113d) (TextureImporter) -> (artifact id: 'dcb70218ca928827e8f6d406ce6f0485') in 0.0049809 seconds
Refreshing native plugins compatible for Editor in 2.90 ms, found 4 plugins.
Preloading 0 native plugins for Editor in 0.00 ms.
Asset Pipeline Refresh (id=100ec2f801931654baf43fb4ac0df182): Total: 0.034 seconds - Initiated by StopAssetImportingV2(NoUpdateAssetOptions)
Start importing Assets/NoSafeCircle/DoorPrototype/Art/Enemies/Source/Walk/enemy_melee_sw_walk_05.png using Guid(28a8cc22f550cd44d8630b1454d2461f) (TextureImporter) -> (artifact id: '07608b1cec82f8e7554db98ad474ddde') in 0.0059594 seconds
Refreshing native plugins compatible for Editor in 3.64 ms, found 4 plugins.
Preloading 0 native plugins for Editor in 0.00 ms.
Asset Pipeline Refresh (id=e72ae8b45c6dc44488db3139fabea4f4): Total: 0.022 seconds - Initiated by StopAssetImportingV2(NoUpdateAssetOptions)
Start importing Assets/NoSafeCircle/DoorPrototype/Art/Enemies/Source/Walk/enemy_melee_sw_walk_05.png using Guid(28a8cc22f550cd44d8630b1454d2461f) (TextureImporter) -> (artifact id: 'e474f32b4fe7fb10edb05e734521da51') in 0.0061106 seconds
Refreshing native plugins compatible for Editor in 3.44 ms, found 4 plugins.
Preloading 0 native plugins for Editor in 0.00 ms.
Asset Pipeline Refresh (id=a8a500c3e1e3e814b9da1b721204191e): Total: 0.034 seconds - Initiated by StopAssetImportingV2(NoUpdateAssetOptions)
Start importing Assets/NoSafeCircle/DoorPrototype/Art/Enemies/Source/enemy_melee_w_idle_00.png using Guid(84b3c910148830447a7531c2d053eed0) (TextureImporter) -> (artifact id: '3e27cb3c165d7050d77de6c34b9973b3') in 0.0052607 seconds
Refreshing native plugins compatible for Editor in 2.36 ms, found 4 plugins.
Preloading 0 native plugins for Editor in 0.00 ms.
Asset Pipeline Refresh (id=bd174168a380ff94d9c4c271a5a8cc11): Total: 0.023 seconds - Initiated by StopAssetImportingV2(NoUpdateAssetOptions)
Start importing Assets/NoSafeCircle/DoorPrototype/Art/Enemies/Source/enemy_melee_w_idle_00.png using Guid(84b3c910148830447a7531c2d053eed0) (TextureImporter) -> (artifact id: '93e13edbce32cac9401919c893af2ac0') in 0.0030346 seconds
Refreshing native plugins compatible for Editor in 3.11 ms, found 4 plugins.
Preloading 0 native plugins for Editor in 0.00 ms.
Asset Pipeline Refresh (id=9ba1dc6f1297a27459b33ff5c4a3fb27): Total: 0.033 seconds - Initiated by StopAssetImportingV2(NoUpdateAssetOptions)
Start importing Assets/NoSafeCircle/DoorPrototype/Art/Enemies/Source/Walk/enemy_melee_w_walk_00.png using Guid(04970fb9b0075404292bfcda609ac655) (TextureImporter) -> (artifact id: '51377f1c2ddb71d19480d5466de74ccb') in 0.0049019 seconds
Refreshing native plugins compatible for Editor in 3.20 ms, found 4 plugins.
Preloading 0 native plugins for Editor in 0.00 ms.
Asset Pipeline Refresh (id=cbc072d25edb74d4dabade9066c361c3): Total: 0.022 seconds - Initiated by StopAssetImportingV2(NoUpdateAssetOptions)
Start importing Assets/NoSafeCircle/DoorPrototype/Art/Enemies/Source/Walk/enemy_melee_w_walk_00.png using Guid(04970fb9b0075404292bfcda609ac655) (TextureImporter) -> (artifact id: '5cec619b5ee1c1ae632836f81a0c3e4f') in 0.004285 seconds
Refreshing native plugins compatible for Editor in 2.74 ms, found 4 plugins.
Preloading 0 native plugins for Editor in 0.00 ms.
Asset Pipeline Refresh (id=8728f6d1ca7655e428578459f1a056e0): Total: 0.031 seconds - Initiated by StopAssetImportingV2(NoUpdateAssetOptions)
Start importing Assets/NoSafeCircle/DoorPrototype/Art/Enemies/Source/Walk/enemy_melee_w_walk_01.png using Guid(e640a83cd7a837745afae2bf7e02451b) (TextureImporter) -> (artifact id: '987e3a4e3b192954356b1163a9ab7c8a') in 0.0057019 seconds
Refreshing native plugins compatible for Editor in 3.69 ms, found 4 plugins.
Preloading 0 native plugins for Editor in 0.00 ms.
Asset Pipeline Refresh (id=e812fc10c4ec69440adaf5948cb9c3ca): Total: 0.028 seconds - Initiated by StopAssetImportingV2(NoUpdateAssetOptions)
Start importing Assets/NoSafeCircle/DoorPrototype/Art/Enemies/Source/Walk/enemy_melee_w_walk_01.png using Guid(e640a83cd7a837745afae2bf7e02451b) (TextureImporter) -> (artifact id: '22bee20cf32424eabd60ceb6f735d952') in 0.0043302 seconds
Refreshing native plugins compatible for Editor in 2.74 ms, found 4 plugins.
Preloading 0 native plugins for Editor in 0.00 ms.
Asset Pipeline Refresh (id=fe1ce4129842b694d99152255974eb07): Total: 0.032 seconds - Initiated by StopAssetImportingV2(NoUpdateAssetOptions)
Start importing Assets/NoSafeCircle/DoorPrototype/Art/Enemies/Source/Walk/enemy_melee_w_walk_02.png using Guid(a593b530d627a6e4ebcff249c0e35be9) (TextureImporter) -> (artifact id: '8acefd879acd67c26f1377258f0fd0aa') in 0.0068196 seconds
Refreshing native plugins compatible for Editor in 3.26 ms, found 4 plugins.
Preloading 0 native plugins for Editor in 0.00 ms.
Asset Pipeline Refresh (id=ee81a61e966e6c043a2b37f8075702b3): Total: 0.026 seconds - Initiated by StopAssetImportingV2(NoUpdateAssetOptions)
Start importing Assets/NoSafeCircle/DoorPrototype/Art/Enemies/Source/Walk/enemy_melee_w_walk_02.png using Guid(a593b530d627a6e4ebcff249c0e35be9) (TextureImporter) -> (artifact id: 'ea28ed87479ccdcacd43154bd481180f') in 0.0039049 seconds
Refreshing native plugins compatible for Editor in 2.17 ms, found 4 plugins.
Preloading 0 native plugins for Editor in 0.00 ms.
Asset Pipeline Refresh (id=774099f510a4bd44db54c2dab202ca9e): Total: 0.028 seconds - Initiated by StopAssetImportingV2(NoUpdateAssetOptions)
Start importing Assets/NoSafeCircle/DoorPrototype/Art/Enemies/Source/Walk/enemy_melee_w_walk_03.png using Guid(35cb3735d498e7040bd91d17789e722f) (TextureImporter) -> (artifact id: '5f2b4a384f5654fe5e99975968cac8d7') in 0.0046278 seconds
Refreshing native plugins compatible for Editor in 3.26 ms, found 4 plugins.
Preloading 0 native plugins for Editor in 0.00 ms.
Asset Pipeline Refresh (id=f1c61540d676ff246b640c2a6029f837): Total: 0.021 seconds - Initiated by StopAssetImportingV2(NoUpdateAssetOptions)
Start importing Assets/NoSafeCircle/DoorPrototype/Art/Enemies/Source/Walk/enemy_melee_w_walk_03.png using Guid(35cb3735d498e7040bd91d17789e722f) (TextureImporter) -> (artifact id: '0918b3306774c93726087197a2119ff3') in 0.0048549 seconds
Refreshing native plugins compatible for Editor in 3.38 ms, found 4 plugins.
Preloading 0 native plugins for Editor in 0.00 ms.
Asset Pipeline Refresh (id=f61cc005852162a41a02c596d8f107be): Total: 0.030 seconds - Initiated by StopAssetImportingV2(NoUpdateAssetOptions)
Start importing Assets/NoSafeCircle/DoorPrototype/Art/Enemies/Source/Walk/enemy_melee_w_walk_04.png using Guid(8f68cfc2d8dd0bd479592138c2c2d2e7) (TextureImporter) -> (artifact id: 'ad3b5126474049a4d2d069beb8442a4b') in 0.004813 seconds
Refreshing native plugins compatible for Editor in 3.04 ms, found 4 plugins.
Preloading 0 native plugins for Editor in 0.00 ms.
Asset Pipeline Refresh (id=a80b1b4be5de15b4ea0e4e2c027521bb): Total: 0.022 seconds - Initiated by StopAssetImportingV2(NoUpdateAssetOptions)
Start importing Assets/NoSafeCircle/DoorPrototype/Art/Enemies/Source/Walk/enemy_melee_w_walk_04.png using Guid(8f68cfc2d8dd0bd479592138c2c2d2e7) (TextureImporter) -> (artifact id: 'cb296b29cef5a44b18ffcd95e7f96341') in 0.0058484 seconds
Refreshing native plugins compatible for Editor in 3.28 ms, found 4 plugins.
Preloading 0 native plugins for Editor in 0.00 ms.
Asset Pipeline Refresh (id=8abb9ff5c38ed754a8ed8d41dd533e4b): Total: 0.034 seconds - Initiated by StopAssetImportingV2(NoUpdateAssetOptions)
Start importing Assets/NoSafeCircle/DoorPrototype/Art/Enemies/Source/Walk/enemy_melee_w_walk_05.png using Guid(6af394e74f91ddf4ca14d3ed82c2e412) (TextureImporter) -> (artifact id: 'ce735d4611ac767ee9987ebc26e9cc2f') in 0.0052452 seconds
Refreshing native plugins compatible for Editor in 2.31 ms, found 4 plugins.
Preloading 0 native plugins for Editor in 0.00 ms.
Asset Pipeline Refresh (id=dbd5edf235a21d144b12e31ea058dd14): Total: 0.025 seconds - Initiated by StopAssetImportingV2(NoUpdateAssetOptions)
Start importing Assets/NoSafeCircle/DoorPrototype/Art/Enemies/Source/Walk/enemy_melee_w_walk_05.png using Guid(6af394e74f91ddf4ca14d3ed82c2e412) (TextureImporter) -> (artifact id: 'd1039d272664f9de33a554585ca5e792') in 0.0039663 seconds
Refreshing native plugins compatible for Editor in 2.41 ms, found 4 plugins.
Preloading 0 native plugins for Editor in 0.00 ms.
Asset Pipeline Refresh (id=eb34f853b6fff28459606e88d8e9fae1): Total: 0.028 seconds - Initiated by StopAssetImportingV2(NoUpdateAssetOptions)
Start importing Assets/NoSafeCircle/DoorPrototype/Art/Enemies/Source/enemy_melee_nw_idle_00.png using Guid(7d41860e93767fb45a56edd6d49eba6f) (TextureImporter) -> (artifact id: '15882bcba41358786e5f87a1742a3453') in 0.0041845 seconds
Refreshing native plugins compatible for Editor in 2.14 ms, found 4 plugins.
Preloading 0 native plugins for Editor in 0.00 ms.
Asset Pipeline Refresh (id=aa85291347c27764bbd44670a0784782): Total: 0.021 seconds - Initiated by StopAssetImportingV2(NoUpdateAssetOptions)
Start importing Assets/NoSafeCircle/DoorPrototype/Art/Enemies/Source/enemy_melee_nw_idle_00.png using Guid(7d41860e93767fb45a56edd6d49eba6f) (TextureImporter) -> (artifact id: 'e501d9b3fe4c2334469436aadb0b21a8') in 0.0034111 seconds
Refreshing native plugins compatible for Editor in 2.19 ms, found 4 plugins.
Preloading 0 native plugins for Editor in 0.00 ms.
Asset Pipeline Refresh (id=6053059cdaaee6744b89cb91e5e0b63d): Total: 0.029 seconds - Initiated by StopAssetImportingV2(NoUpdateAssetOptions)
Start importing Assets/NoSafeCircle/DoorPrototype/Art/Enemies/Source/Walk/enemy_melee_nw_walk_00.png using Guid(21ff82006b8c05140b1296f38797143d) (TextureImporter) -> (artifact id: '7fc9e32bc263acb1da1e365bd8e97fc9') in 0.0053346 seconds
Refreshing native plugins compatible for Editor in 3.20 ms, found 4 plugins.
Preloading 0 native plugins for Editor in 0.00 ms.
Asset Pipeline Refresh (id=067faf5d4e62a0347858fb12bcfda7fc): Total: 0.022 seconds - Initiated by StopAssetImportingV2(NoUpdateAssetOptions)
Start importing Assets/NoSafeCircle/DoorPrototype/Art/Enemies/Source/Walk/enemy_melee_nw_walk_00.png using Guid(21ff82006b8c05140b1296f38797143d) (TextureImporter) -> (artifact id: '0f2c33382fa042c94b6c8bec24c14398') in 0.0046353 seconds
Refreshing native plugins compatible for Editor in 2.93 ms, found 4 plugins.
Preloading 0 native plugins for Editor in 0.00 ms.
Asset Pipeline Refresh (id=a67e91d2c693b414f880f912ca765484): Total: 0.030 seconds - Initiated by StopAssetImportingV2(NoUpdateAssetOptions)
Start importing Assets/NoSafeCircle/DoorPrototype/Art/Enemies/Source/Walk/enemy_melee_nw_walk_01.png using Guid(c74db865550fea04fbc352ae7f23380a) (TextureImporter) -> (artifact id: 'b7f31e79394ce666ba4e91fb590db73d') in 0.0054556 seconds
Refreshing native plugins compatible for Editor in 3.38 ms, found 4 plugins.
Preloading 0 native plugins for Editor in 0.00 ms.
Asset Pipeline Refresh (id=aa968ddf4cf023d4e8a8bcdddfd4c46f): Total: 0.023 seconds - Initiated by StopAssetImportingV2(NoUpdateAssetOptions)
Start importing Assets/NoSafeCircle/DoorPrototype/Art/Enemies/Source/Walk/enemy_melee_nw_walk_01.png using Guid(c74db865550fea04fbc352ae7f23380a) (TextureImporter) -> (artifact id: '9049e28199daf8aa5f9a600c723eebda') in 0.0040968 seconds
Refreshing native plugins compatible for Editor in 3.57 ms, found 4 plugins.
Preloading 0 native plugins for Editor in 0.00 ms.
Asset Pipeline Refresh (id=93e1a0e110e33cf49a450db97f0391be): Total: 0.031 seconds - Initiated by StopAssetImportingV2(NoUpdateAssetOptions)
Start importing Assets/NoSafeCircle/DoorPrototype/Art/Enemies/Source/Walk/enemy_melee_nw_walk_02.png using Guid(59f03ff89ea16244783799bf5718c9a3) (TextureImporter) -> (artifact id: '4ce49eccad2a18bdd7f5685e040f5464') in 0.0046807 seconds
Refreshing native plugins compatible for Editor in 2.31 ms, found 4 plugins.
Preloading 0 native plugins for Editor in 0.00 ms.
Asset Pipeline Refresh (id=4dc9fc0f5a5194449aadeb433e322552): Total: 0.022 seconds - Initiated by StopAssetImportingV2(NoUpdateAssetOptions)
Start importing Assets/NoSafeCircle/DoorPrototype/Art/Enemies/Source/Walk/enemy_melee_nw_walk_02.png using Guid(59f03ff89ea16244783799bf5718c9a3) (TextureImporter) -> (artifact id: '3ce1613bc5a62d24e2ec933b904e7b9c') in 0.0102969 seconds
Refreshing native plugins compatible for Editor in 2.78 ms, found 4 plugins.
Preloading 0 native plugins for Editor in 0.00 ms.
Asset Pipeline Refresh (id=fd32a3de4b9458a448c3fcf7f3df43da): Total: 0.038 seconds - Initiated by StopAssetImportingV2(NoUpdateAssetOptions)
Start importing Assets/NoSafeCircle/DoorPrototype/Art/Enemies/Source/Walk/enemy_melee_nw_walk_03.png using Guid(630f06737f1aedb4085e2ca956a04316) (TextureImporter) -> (artifact id: '0c01e8dbea7530ef25ebfafea992cbef') in 0.0054107 seconds
Refreshing native plugins compatible for Editor in 3.38 ms, found 4 plugins.
Preloading 0 native plugins for Editor in 0.00 ms.
Asset Pipeline Refresh (id=eda59be16e97e3d419c64a33bf368b9a): Total: 0.024 seconds - Initiated by StopAssetImportingV2(NoUpdateAssetOptions)
Start importing Assets/NoSafeCircle/DoorPrototype/Art/Enemies/Source/Walk/enemy_melee_nw_walk_03.png using Guid(630f06737f1aedb4085e2ca956a04316) (TextureImporter) -> (artifact id: '9fc9e1b8abdd3d9681b3c2c6942f297e') in 0.0040744 seconds
Refreshing native plugins compatible for Editor in 2.46 ms, found 4 plugins.
Preloading 0 native plugins for Editor in 0.00 ms.
Asset Pipeline Refresh (id=327563e5061491b40b366e5f907a9c3d): Total: 0.031 seconds - Initiated by StopAssetImportingV2(NoUpdateAssetOptions)
Start importing Assets/NoSafeCircle/DoorPrototype/Art/Enemies/Source/Walk/enemy_melee_nw_walk_04.png using Guid(1ca8123d6a29f5e4485d8362113a8365) (TextureImporter) -> (artifact id: 'ecda1f27a067a07268df163db910c785') in 0.0055912 seconds
Refreshing native plugins compatible for Editor in 2.34 ms, found 4 plugins.
Preloading 0 native plugins for Editor in 0.00 ms.
Asset Pipeline Refresh (id=c8f90eba3c7348c498d5c7761549aaaa): Total: 0.023 seconds - Initiated by StopAssetImportingV2(NoUpdateAssetOptions)
Start importing Assets/NoSafeCircle/DoorPrototype/Art/Enemies/Source/Walk/enemy_melee_nw_walk_04.png using Guid(1ca8123d6a29f5e4485d8362113a8365) (TextureImporter) -> (artifact id: '55f4c57036b94eabd8ad2436e1af5e44') in 0.0051113 seconds
Refreshing native plugins compatible for Editor in 2.36 ms, found 4 plugins.
Preloading 0 native plugins for Editor in 0.00 ms.
Asset Pipeline Refresh (id=98aca5a589316764bab75e1be4cbc97b): Total: 0.033 seconds - Initiated by StopAssetImportingV2(NoUpdateAssetOptions)
Start importing Assets/NoSafeCircle/DoorPrototype/Art/Enemies/Source/Walk/enemy_melee_nw_walk_05.png using Guid(76eaf5d9169e4214cb6b4665dccf0a4c) (TextureImporter) -> (artifact id: '63c7f5476830e7cd3e0940f100d0e273') in 0.0050448 seconds
Refreshing native plugins compatible for Editor in 2.32 ms, found 4 plugins.
Preloading 0 native plugins for Editor in 0.00 ms.
Asset Pipeline Refresh (id=0ef77e2a2c1f95b4eabcb9fb69496847): Total: 0.024 seconds - Initiated by StopAssetImportingV2(NoUpdateAssetOptions)
Start importing Assets/NoSafeCircle/DoorPrototype/Art/Enemies/Source/Walk/enemy_melee_nw_walk_05.png using Guid(76eaf5d9169e4214cb6b4665dccf0a4c) (TextureImporter) -> (artifact id: 'dd39b2386244c46be9d93cce281e8a1f') in 0.003973 seconds
Refreshing native plugins compatible for Editor in 2.42 ms, found 4 plugins.
Preloading 0 native plugins for Editor in 0.00 ms.
Asset Pipeline Refresh (id=d967e3332ca3d6f4bb579ee96323b07d): Total: 0.033 seconds - Initiated by StopAssetImportingV2(NoUpdateAssetOptions)
Start importing Assets/NoSafeCircle/DoorPrototype/Art/Enemies/Source/enemy_ranged_n_idle_00.png using Guid(33c70e326c5c8a74599ad6f0d4c26a44) (TextureImporter) -> (artifact id: 'b7b8bdc0e0dfb6993909f3ff6ff318e9') in 0.0046264 seconds
Refreshing native plugins compatible for Editor in 2.35 ms, found 4 plugins.
Preloading 0 native plugins for Editor in 0.00 ms.
Asset Pipeline Refresh (id=9447309ec7dd59141aec5634fb7dc89e): Total: 0.022 seconds - Initiated by StopAssetImportingV2(NoUpdateAssetOptions)
Start importing Assets/NoSafeCircle/DoorPrototype/Art/Enemies/Source/enemy_ranged_n_idle_00.png using Guid(33c70e326c5c8a74599ad6f0d4c26a44) (TextureImporter) -> (artifact id: 'f81f29e8cac5c421bc5238a276f6514b') in 0.0043513 seconds
Refreshing native plugins compatible for Editor in 3.69 ms, found 4 plugins.
Preloading 0 native plugins for Editor in 0.00 ms.
Asset Pipeline Refresh (id=58e7e096e4051a04bab4372f3db7d7d3): Total: 0.031 seconds - Initiated by StopAssetImportingV2(NoUpdateAssetOptions)
Start importing Assets/NoSafeCircle/DoorPrototype/Art/Enemies/Source/Walk/enemy_ranged_n_walk_00.png using Guid(ad616952ce92fca4ebc9c39ded6908ea) (TextureImporter) -> (artifact id: 'b1a9657cfaf78ebf3ee006921b0e7a38') in 0.0063558 seconds
Refreshing native plugins compatible for Editor in 3.91 ms, found 4 plugins.
Preloading 0 native plugins for Editor in 0.00 ms.
Asset Pipeline Refresh (id=c6a23acbe9bbd9541982406cbd751452): Total: 0.029 seconds - Initiated by StopAssetImportingV2(NoUpdateAssetOptions)
Start importing Assets/NoSafeCircle/DoorPrototype/Art/Enemies/Source/Walk/enemy_ranged_n_walk_00.png using Guid(ad616952ce92fca4ebc9c39ded6908ea) (TextureImporter) -> (artifact id: '108e4b8dae465d5a801cb6b0782f9123') in 0.0051606 seconds
Refreshing native plugins compatible for Editor in 3.77 ms, found 4 plugins.
Preloading 0 native plugins for Editor in 0.00 ms.
Asset Pipeline Refresh (id=a0f52fbd9f8d5494e8e04d0a10f2ccc0): Total: 0.036 seconds - Initiated by StopAssetImportingV2(NoUpdateAssetOptions)
Start importing Assets/NoSafeCircle/DoorPrototype/Art/Enemies/Source/Walk/enemy_ranged_n_walk_01.png using Guid(4c0b102347e29234a86a1dab8c5a50b0) (TextureImporter) -> (artifact id: '9d18c0435191eb72ed570922ff48f9de') in 0.0056452 seconds
Refreshing native plugins compatible for Editor in 2.48 ms, found 4 plugins.
Preloading 0 native plugins for Editor in 0.00 ms.
Asset Pipeline Refresh (id=447902056d6da6c42a55e48242981f5b): Total: 0.026 seconds - Initiated by StopAssetImportingV2(NoUpdateAssetOptions)
Start importing Assets/NoSafeCircle/DoorPrototype/Art/Enemies/Source/Walk/enemy_ranged_n_walk_01.png using Guid(4c0b102347e29234a86a1dab8c5a50b0) (TextureImporter) -> (artifact id: '5b9c0c0d4b6a4443df2513fe217b0fe9') in 0.004101 seconds
Refreshing native plugins compatible for Editor in 2.30 ms, found 4 plugins.
Preloading 0 native plugins for Editor in 0.00 ms.
Asset Pipeline Refresh (id=83c6d71e14f8c3746b0c7470e208b959): Total: 0.032 seconds - Initiated by StopAssetImportingV2(NoUpdateAssetOptions)
Start importing Assets/NoSafeCircle/DoorPrototype/Art/Enemies/Source/Walk/enemy_ranged_n_walk_02.png using Guid(7f6ec39d99f31984f90db36df13b2df5) (TextureImporter) -> (artifact id: '8407c958d477c14b88c9c9ace168df3c') in 0.0050881 seconds
Refreshing native plugins compatible for Editor in 3.39 ms, found 4 plugins.
Preloading 0 native plugins for Editor in 0.00 ms.
Asset Pipeline Refresh (id=d61f6367020c2a04d965418c396d42b5): Total: 0.023 seconds - Initiated by StopAssetImportingV2(NoUpdateAssetOptions)
Start importing Assets/NoSafeCircle/DoorPrototype/Art/Enemies/Source/Walk/enemy_ranged_n_walk_02.png using Guid(7f6ec39d99f31984f90db36df13b2df5) (TextureImporter) -> (artifact id: '070f212c8a3914dbf5f216d064087d6f') in 0.0048629 seconds
Refreshing native plugins compatible for Editor in 2.71 ms, found 4 plugins.
Preloading 0 native plugins for Editor in 0.00 ms.
Asset Pipeline Refresh (id=c3f297213865cde4bb479ae557d284eb): Total: 0.037 seconds - Initiated by StopAssetImportingV2(NoUpdateAssetOptions)
Start importing Assets/NoSafeCircle/DoorPrototype/Art/Enemies/Source/Walk/enemy_ranged_n_walk_03.png using Guid(7e077273db9ae1d41ac7bdacafc5cd18) (TextureImporter) -> (artifact id: 'a1c7da7180ce9c6eab2c7bce6fdcc895') in 0.0062099 seconds
Refreshing native plugins compatible for Editor in 2.51 ms, found 4 plugins.
Preloading 0 native plugins for Editor in 0.00 ms.
Asset Pipeline Refresh (id=43345f455780ba34a92ccb589efcc270): Total: 0.022 seconds - Initiated by StopAssetImportingV2(NoUpdateAssetOptions)
Start importing Assets/NoSafeCircle/DoorPrototype/Art/Enemies/Source/Walk/enemy_ranged_n_walk_03.png using Guid(7e077273db9ae1d41ac7bdacafc5cd18) (TextureImporter) -> (artifact id: '78140191c7419122802da5046478964b') in 0.0043668 seconds
Refreshing native plugins compatible for Editor in 4.40 ms, found 4 plugins.
Preloading 0 native plugins for Editor in 0.00 ms.
Asset Pipeline Refresh (id=b4c03bcf78ce6b4468a1bc4377d86a36): Total: 0.032 seconds - Initiated by StopAssetImportingV2(NoUpdateAssetOptions)
Start importing Assets/NoSafeCircle/DoorPrototype/Art/Enemies/Source/Walk/enemy_ranged_n_walk_04.png using Guid(b48fa2e56eb2d4843bf0df1dd254169d) (TextureImporter) -> (artifact id: 'f36be6772b4c1c4aa252f2dfafa9f952') in 0.0047524 seconds
Refreshing native plugins compatible for Editor in 2.55 ms, found 4 plugins.
Preloading 0 native plugins for Editor in 0.00 ms.
Asset Pipeline Refresh (id=cf113ff4b8578cf49af9df5c69114f2c): Total: 0.023 seconds - Initiated by StopAssetImportingV2(NoUpdateAssetOptions)
Start importing Assets/NoSafeCircle/DoorPrototype/Art/Enemies/Source/Walk/enemy_ranged_n_walk_04.png using Guid(b48fa2e56eb2d4843bf0df1dd254169d) (TextureImporter) -> (artifact id: '2206e2291d6b1532eb1bad35ce7ee70e') in 0.00593 seconds
Refreshing native plugins compatible for Editor in 2.45 ms, found 4 plugins.
Preloading 0 native plugins for Editor in 0.00 ms.
Asset Pipeline Refresh (id=cb4b7ddde5047be44b950fce4fe88c3c): Total: 0.031 seconds - Initiated by StopAssetImportingV2(NoUpdateAssetOptions)
Start importing Assets/NoSafeCircle/DoorPrototype/Art/Enemies/Source/Walk/enemy_ranged_n_walk_05.png using Guid(c5dde6a5e5f90b0489cd408fa77bb73c) (TextureImporter) -> (artifact id: '89d0d1bd6bb489ba4b3ac392ed75f48b') in 0.0060834 seconds
Refreshing native plugins compatible for Editor in 2.23 ms, found 4 plugins.
Preloading 0 native plugins for Editor in 0.00 ms.
Asset Pipeline Refresh (id=7a76a9ccd165a684f88a3cc22a707ae6): Total: 0.026 seconds - Initiated by StopAssetImportingV2(NoUpdateAssetOptions)
Start importing Assets/NoSafeCircle/DoorPrototype/Art/Enemies/Source/Walk/enemy_ranged_n_walk_05.png using Guid(c5dde6a5e5f90b0489cd408fa77bb73c) (TextureImporter) -> (artifact id: '3bdb1c29b241aee799ed0d4a72c93463') in 0.004805 seconds
Refreshing native plugins compatible for Editor in 2.28 ms, found 4 plugins.
Preloading 0 native plugins for Editor in 0.00 ms.
Asset Pipeline Refresh (id=4ce37ca7d62cd3a4389f1b6bf02cfaed): Total: 0.031 seconds - Initiated by StopAssetImportingV2(NoUpdateAssetOptions)
Start importing Assets/NoSafeCircle/DoorPrototype/Art/Enemies/Source/enemy_ranged_ne_idle_00.png using Guid(2111542209294994d9e7192824c75fa8) (TextureImporter) -> (artifact id: 'd585ec2bb4216acaa652fe67b66a7a15') in 0.0051602 seconds
Refreshing native plugins compatible for Editor in 2.35 ms, found 4 plugins.
Preloading 0 native plugins for Editor in 0.00 ms.
Asset Pipeline Refresh (id=e3976eca240a9044b877de4ea0395c9b): Total: 0.023 seconds - Initiated by StopAssetImportingV2(NoUpdateAssetOptions)
Start importing Assets/NoSafeCircle/DoorPrototype/Art/Enemies/Source/enemy_ranged_ne_idle_00.png using Guid(2111542209294994d9e7192824c75fa8) (TextureImporter) -> (artifact id: '1d31762116cc370b5c8f712d083f67a3') in 0.0046583 seconds
Refreshing native plugins compatible for Editor in 3.86 ms, found 4 plugins.
Preloading 0 native plugins for Editor in 0.00 ms.
Asset Pipeline Refresh (id=fccd5bd1bd22c7c468a9cecd7a821b60): Total: 0.031 seconds - Initiated by StopAssetImportingV2(NoUpdateAssetOptions)
Start importing Assets/NoSafeCircle/DoorPrototype/Art/Enemies/Source/Walk/enemy_ranged_ne_walk_00.png using Guid(a06fa2155e42ba9488b82a03a5b8b70b) (TextureImporter) -> (artifact id: 'f51c2b67d0e4c99e255ca7dc6e66c2a3') in 0.0061009 seconds
Refreshing native plugins compatible for Editor in 2.30 ms, found 4 plugins.
Preloading 0 native plugins for Editor in 0.00 ms.
Asset Pipeline Refresh (id=b5cf5af8b317dac42a020754f9255e41): Total: 0.026 seconds - Initiated by StopAssetImportingV2(NoUpdateAssetOptions)
Start importing Assets/NoSafeCircle/DoorPrototype/Art/Enemies/Source/Walk/enemy_ranged_ne_walk_00.png using Guid(a06fa2155e42ba9488b82a03a5b8b70b) (TextureImporter) -> (artifact id: '1cccdb9e4dc23b1acc2eadce58c6805f') in 0.0049406 seconds
Refreshing native plugins compatible for Editor in 3.83 ms, found 4 plugins.
Preloading 0 native plugins for Editor in 0.00 ms.
Asset Pipeline Refresh (id=dc9497997b0e12e4786fef1e3cfaec32): Total: 0.036 seconds - Initiated by StopAssetImportingV2(NoUpdateAssetOptions)
Start importing Assets/NoSafeCircle/DoorPrototype/Art/Enemies/Source/Walk/enemy_ranged_ne_walk_01.png using Guid(625243ddce3c30447b6be6e642ef5e64) (TextureImporter) -> (artifact id: '2c583504510813fc6f3637fa2b8b52ed') in 0.0054626 seconds
Refreshing native plugins compatible for Editor in 2.70 ms, found 4 plugins.
Preloading 0 native plugins for Editor in 0.00 ms.
Asset Pipeline Refresh (id=419207e2d9e9bab429110519fd85eb11): Total: 0.025 seconds - Initiated by StopAssetImportingV2(NoUpdateAssetOptions)
Start importing Assets/NoSafeCircle/DoorPrototype/Art/Enemies/Source/Walk/enemy_ranged_ne_walk_01.png using Guid(625243ddce3c30447b6be6e642ef5e64) (TextureImporter) -> (artifact id: '51e6413489d3d8d53557c9d59748e18f') in 0.0051628 seconds
Refreshing native plugins compatible for Editor in 2.31 ms, found 4 plugins.
Preloading 0 native plugins for Editor in 0.00 ms.
Asset Pipeline Refresh (id=dfade2a897d9df04e818fc7a9c2ac4ea): Total: 0.032 seconds - Initiated by StopAssetImportingV2(NoUpdateAssetOptions)
Start importing Assets/NoSafeCircle/DoorPrototype/Art/Enemies/Source/Walk/enemy_ranged_ne_walk_02.png using Guid(506afcd6a7f71f8428919d27316338a6) (TextureImporter) -> (artifact id: 'b1037930e08b6f1c6bcfaf13bf689937') in 0.0057635 seconds
Refreshing native plugins compatible for Editor in 4.00 ms, found 4 plugins.
Preloading 0 native plugins for Editor in 0.00 ms.
Asset Pipeline Refresh (id=088a3f6b1604bd44b9b08acfadf07b03): Total: 0.028 seconds - Initiated by StopAssetImportingV2(NoUpdateAssetOptions)
Start importing Assets/NoSafeCircle/DoorPrototype/Art/Enemies/Source/Walk/enemy_ranged_ne_walk_02.png using Guid(506afcd6a7f71f8428919d27316338a6) (TextureImporter) -> (artifact id: '402cce8d38abbf1175e18570bfd93edb') in 0.0044821 seconds
Refreshing native plugins compatible for Editor in 4.41 ms, found 4 plugins.
Preloading 0 native plugins for Editor in 0.00 ms.
Asset Pipeline Refresh (id=738c53f9782c32f43b4eef7c27c28829): Total: 0.035 seconds - Initiated by StopAssetImportingV2(NoUpdateAssetOptions)
Start importing Assets/NoSafeCircle/DoorPrototype/Art/Enemies/Source/Walk/enemy_ranged_ne_walk_03.png using Guid(f12ff253cbb5d66458db95b1a79685f8) (TextureImporter) -> (artifact id: '6627a550741fb4db6d1a570980e96391') in 0.0052445 seconds
Refreshing native plugins compatible for Editor in 2.45 ms, found 4 plugins.
Preloading 0 native plugins for Editor in 0.00 ms.
Asset Pipeline Refresh (id=0c7fb0b665d40ce439ecdf0291d3436d): Total: 0.030 seconds - Initiated by StopAssetImportingV2(NoUpdateAssetOptions)
Start importing Assets/NoSafeCircle/DoorPrototype/Art/Enemies/Source/Walk/enemy_ranged_ne_walk_03.png using Guid(f12ff253cbb5d66458db95b1a79685f8) (TextureImporter) -> (artifact id: '62dda00dea4d5b1344bdf6794a6040f1') in 0.0050961 seconds
Refreshing native plugins compatible for Editor in 3.93 ms, found 4 plugins.
Preloading 0 native plugins for Editor in 0.00 ms.
Asset Pipeline Refresh (id=9c5cb44648e77a04094976bc82f2fd07): Total: 0.040 seconds - Initiated by StopAssetImportingV2(NoUpdateAssetOptions)
Start importing Assets/NoSafeCircle/DoorPrototype/Art/Enemies/Source/Walk/enemy_ranged_ne_walk_04.png using Guid(8f0dd5db48abcec499de014c1d5105db) (TextureImporter) -> (artifact id: '511070781bc13de63eea83bb8d8dc98c') in 0.0065084 seconds
Refreshing native plugins compatible for Editor in 4.01 ms, found 4 plugins.
Preloading 0 native plugins for Editor in 0.00 ms.
Asset Pipeline Refresh (id=19bf6cc6f32703c45872b3bcc1f22c18): Total: 0.026 seconds - Initiated by StopAssetImportingV2(NoUpdateAssetOptions)
Start importing Assets/NoSafeCircle/DoorPrototype/Art/Enemies/Source/Walk/enemy_ranged_ne_walk_04.png using Guid(8f0dd5db48abcec499de014c1d5105db) (TextureImporter) -> (artifact id: 'c00381ff57a5023433c76138cbade9e7') in 0.0057318 seconds
Refreshing native plugins compatible for Editor in 5.17 ms, found 4 plugins.
Preloading 0 native plugins for Editor in 0.00 ms.
Asset Pipeline Refresh (id=67587cc2c85602b4c922fc28a0f1a439): Total: 0.043 seconds - Initiated by StopAssetImportingV2(NoUpdateAssetOptions)
Start importing Assets/NoSafeCircle/DoorPrototype/Art/Enemies/Source/Walk/enemy_ranged_ne_walk_05.png using Guid(dc13016712cd0c748ba68b9a6b33a281) (TextureImporter) -> (artifact id: '5c4ae405b5e0e022c7a26045e7369b9d') in 0.0083429 seconds
Refreshing native plugins compatible for Editor in 4.38 ms, found 4 plugins.
Preloading 0 native plugins for Editor in 0.00 ms.
Asset Pipeline Refresh (id=a78c3e2da8b702347b8e541a8b305eeb): Total: 0.033 seconds - Initiated by StopAssetImportingV2(NoUpdateAssetOptions)
Start importing Assets/NoSafeCircle/DoorPrototype/Art/Enemies/Source/Walk/enemy_ranged_ne_walk_05.png using Guid(dc13016712cd0c748ba68b9a6b33a281) (TextureImporter) -> (artifact id: '2f5d05c128f34db3e7b9a49adc08d36b') in 0.0054974 seconds
Refreshing native plugins compatible for Editor in 4.73 ms, found 4 plugins.
Preloading 0 native plugins for Editor in 0.00 ms.
Asset Pipeline Refresh (id=2e7b67817d8c2ad468ffff051285db82): Total: 0.052 seconds - Initiated by StopAssetImportingV2(NoUpdateAssetOptions)
Start importing Assets/NoSafeCircle/DoorPrototype/Art/Enemies/Source/enemy_ranged_e_idle_00.png using Guid(cbd89030b5fa6064eb0d32cc4a84adb7) (TextureImporter) -> (artifact id: '7109497f58f6b6531dae1e27265d5bb2') in 0.0086193 seconds
Refreshing native plugins compatible for Editor in 4.62 ms, found 4 plugins.
Preloading 0 native plugins for Editor in 0.00 ms.
Asset Pipeline Refresh (id=24f1c9828c86c404fa774594c0173940): Total: 0.039 seconds - Initiated by StopAssetImportingV2(NoUpdateAssetOptions)
Start importing Assets/NoSafeCircle/DoorPrototype/Art/Enemies/Source/enemy_ranged_e_idle_00.png using Guid(cbd89030b5fa6064eb0d32cc4a84adb7) (TextureImporter) -> (artifact id: '075ddb90debb79c752217b5facb6ea8a') in 0.0049541 seconds
Refreshing native plugins compatible for Editor in 3.26 ms, found 4 plugins.
Preloading 0 native plugins for Editor in 0.00 ms.
Asset Pipeline Refresh (id=f9fb3e2abee89c3499a13023a1866b36): Total: 0.039 seconds - Initiated by StopAssetImportingV2(NoUpdateAssetOptions)
Start importing Assets/NoSafeCircle/DoorPrototype/Art/Enemies/Source/Walk/enemy_ranged_e_walk_00.png using Guid(07cae9912e13e1f4bb317105c5080479) (TextureImporter) -> (artifact id: '250e5c5e239fc193fdb267f579797ec9') in 0.0070397 seconds
Refreshing native plugins compatible for Editor in 2.47 ms, found 4 plugins.
Preloading 0 native plugins for Editor in 0.00 ms.
Asset Pipeline Refresh (id=34e22935aadd20a409688c0c029a1c8a): Total: 0.030 seconds - Initiated by StopAssetImportingV2(NoUpdateAssetOptions)
Start importing Assets/NoSafeCircle/DoorPrototype/Art/Enemies/Source/Walk/enemy_ranged_e_walk_00.png using Guid(07cae9912e13e1f4bb317105c5080479) (TextureImporter) -> (artifact id: '6d2423dbcdeddc472f701f6896b1e14f') in 0.0069646 seconds
Refreshing native plugins compatible for Editor in 2.73 ms, found 4 plugins.
Preloading 0 native plugins for Editor in 0.00 ms.
Asset Pipeline Refresh (id=5a484a18cafff1e4f87f4a4fd520a29d): Total: 0.043 seconds - Initiated by StopAssetImportingV2(NoUpdateAssetOptions)
Start importing Assets/NoSafeCircle/DoorPrototype/Art/Enemies/Source/Walk/enemy_ranged_e_walk_01.png using Guid(6d95f379928cdf4458aa28c59094e22e) (TextureImporter) -> (artifact id: '401c3bcacbb91e2374b8fdedd425bb54') in 0.0059676 seconds
Refreshing native plugins compatible for Editor in 2.37 ms, found 4 plugins.
Preloading 0 native plugins for Editor in 0.00 ms.
Asset Pipeline Refresh (id=721051457af0aa64ca82bdabcc437493): Total: 0.024 seconds - Initiated by StopAssetImportingV2(NoUpdateAssetOptions)
Start importing Assets/NoSafeCircle/DoorPrototype/Art/Enemies/Source/Walk/enemy_ranged_e_walk_01.png using Guid(6d95f379928cdf4458aa28c59094e22e) (TextureImporter) -> (artifact id: '5eb481e7003b1c8186b7662140509702') in 0.0049615 seconds
Refreshing native plugins compatible for Editor in 3.83 ms, found 4 plugins.
Preloading 0 native plugins for Editor in 0.00 ms.
Asset Pipeline Refresh (id=c1ad64bbe6f70f242b5009c2eaf06aeb): Total: 0.036 seconds - Initiated by StopAssetImportingV2(NoUpdateAssetOptions)
Start importing Assets/NoSafeCircle/DoorPrototype/Art/Enemies/Source/Walk/enemy_ranged_e_walk_02.png using Guid(b6870002ea525fe4e8b0f57b06c59af7) (TextureImporter) -> (artifact id: 'bf4e72c88445a97b43d8d5c81a7880dc') in 0.0055803 seconds
Refreshing native plugins compatible for Editor in 3.96 ms, found 4 plugins.
Preloading 0 native plugins for Editor in 0.00 ms.
Asset Pipeline Refresh (id=e5927a554fd0c6f4eb88d4aa9b490645): Total: 0.027 seconds - Initiated by StopAssetImportingV2(NoUpdateAssetOptions)
Start importing Assets/NoSafeCircle/DoorPrototype/Art/Enemies/Source/Walk/enemy_ranged_e_walk_02.png using Guid(b6870002ea525fe4e8b0f57b06c59af7) (TextureImporter) -> (artifact id: '870fc4b3ced688495e94bdacb378e748') in 0.0058911 seconds
Refreshing native plugins compatible for Editor in 2.27 ms, found 4 plugins.
Preloading 0 native plugins for Editor in 0.00 ms.
Asset Pipeline Refresh (id=7e889185a2f9bea4b90b1e2a389a9d10): Total: 0.039 seconds - Initiated by StopAssetImportingV2(NoUpdateAssetOptions)
Start importing Assets/NoSafeCircle/DoorPrototype/Art/Enemies/Source/Walk/enemy_ranged_e_walk_03.png using Guid(006730da4ca7ca84da0efb0b1071b8e8) (TextureImporter) -> (artifact id: 'bf82df7949b4cbee575c928feb422291') in 0.0059477 seconds
Refreshing native plugins compatible for Editor in 2.24 ms, found 4 plugins.
Preloading 0 native plugins for Editor in 0.00 ms.
Asset Pipeline Refresh (id=ec46e906877e68145a314be006479a51): Total: 0.024 seconds - Initiated by StopAssetImportingV2(NoUpdateAssetOptions)
Start importing Assets/NoSafeCircle/DoorPrototype/Art/Enemies/Source/Walk/enemy_ranged_e_walk_03.png using Guid(006730da4ca7ca84da0efb0b1071b8e8) (TextureImporter) -> (artifact id: '94a740bf63d1a2e09ffefea942c59934') in 0.0051724 seconds
Refreshing native plugins compatible for Editor in 2.70 ms, found 4 plugins.
Preloading 0 native plugins for Editor in 0.00 ms.
Asset Pipeline Refresh (id=bc43c3f63718b5449992c28f046658c9): Total: 0.035 seconds - Initiated by StopAssetImportingV2(NoUpdateAssetOptions)
Start importing Assets/NoSafeCircle/DoorPrototype/Art/Enemies/Source/Walk/enemy_ranged_e_walk_04.png using Guid(ac17f28dae647c744aea4aacab9ebb42) (TextureImporter) -> (artifact id: 'b2e57a66c4fe00b06f158a7503059fff') in 0.0058671 seconds
Refreshing native plugins compatible for Editor in 2.64 ms, found 4 plugins.
Preloading 0 native plugins for Editor in 0.00 ms.
Asset Pipeline Refresh (id=9a12893b873ebb94da89874d3c65794d): Total: 0.027 seconds - Initiated by StopAssetImportingV2(NoUpdateAssetOptions)
Start importing Assets/NoSafeCircle/DoorPrototype/Art/Enemies/Source/Walk/enemy_ranged_e_walk_04.png using Guid(ac17f28dae647c744aea4aacab9ebb42) (TextureImporter) -> (artifact id: 'cbbfa051a4665f8ebf7243a3aa082e0e') in 0.0045076 seconds
Refreshing native plugins compatible for Editor in 2.43 ms, found 4 plugins.
Preloading 0 native plugins for Editor in 0.00 ms.
Asset Pipeline Refresh (id=d63baea3e5ce8424fa352cc62c119e75): Total: 0.037 seconds - Initiated by StopAssetImportingV2(NoUpdateAssetOptions)
Start importing Assets/NoSafeCircle/DoorPrototype/Art/Enemies/Source/Walk/enemy_ranged_e_walk_05.png using Guid(6dae8ec0cb97de344974ffc8239825c8) (TextureImporter) -> (artifact id: 'c84aed51f35a7715bc767e73a273212c') in 0.0071441 seconds
Refreshing native plugins compatible for Editor in 4.05 ms, found 4 plugins.
Preloading 0 native plugins for Editor in 0.00 ms.
Asset Pipeline Refresh (id=93eb961cbeb07b74d84bbc10d588f1a3): Total: 0.028 seconds - Initiated by StopAssetImportingV2(NoUpdateAssetOptions)
Start importing Assets/NoSafeCircle/DoorPrototype/Art/Enemies/Source/Walk/enemy_ranged_e_walk_05.png using Guid(6dae8ec0cb97de344974ffc8239825c8) (TextureImporter) -> (artifact id: '7b4fc3b1f699d3fd0dd8ec16c2b0de65') in 0.0051277 seconds
Refreshing native plugins compatible for Editor in 4.25 ms, found 4 plugins.
Preloading 0 native plugins for Editor in 0.00 ms.
Asset Pipeline Refresh (id=9b639559a743f174eb10edd5f67ccec6): Total: 0.036 seconds - Initiated by StopAssetImportingV2(NoUpdateAssetOptions)
Start importing Assets/NoSafeCircle/DoorPrototype/Art/Enemies/Source/enemy_ranged_se_idle_00.png using Guid(a9feb66b7aa2c514aa2497645352dc5f) (TextureImporter) -> (artifact id: '769986a20c6b92c85a8132a8ff38496f') in 0.0054365 seconds
Refreshing native plugins compatible for Editor in 2.71 ms, found 4 plugins.
Preloading 0 native plugins for Editor in 0.00 ms.
Asset Pipeline Refresh (id=7084456819dd4154b9be7ff3fdd668bb): Total: 0.022 seconds - Initiated by StopAssetImportingV2(NoUpdateAssetOptions)
Start importing Assets/NoSafeCircle/DoorPrototype/Art/Enemies/Source/enemy_ranged_se_idle_00.png using Guid(a9feb66b7aa2c514aa2497645352dc5f) (TextureImporter) -> (artifact id: 'a2cfde32e91d83b40d2e3403861cb136') in 0.0040592 seconds
Refreshing native plugins compatible for Editor in 3.89 ms, found 4 plugins.
Preloading 0 native plugins for Editor in 0.00 ms.
Asset Pipeline Refresh (id=be4683fd67b8dbd47af0976ee86f9fd4): Total: 0.034 seconds - Initiated by StopAssetImportingV2(NoUpdateAssetOptions)
Start importing Assets/NoSafeCircle/DoorPrototype/Art/Enemies/Source/Walk/enemy_ranged_se_walk_00.png using Guid(6db88d6803c957242a20d484087ac773) (TextureImporter) -> (artifact id: 'b83c1b6e2e21e0f7cd31efcc902dca1e') in 0.0066646 seconds
Refreshing native plugins compatible for Editor in 2.63 ms, found 4 plugins.
Preloading 0 native plugins for Editor in 0.00 ms.
Asset Pipeline Refresh (id=5e50cc42adad94b4ca0df7a4bc4e7587): Total: 0.030 seconds - Initiated by StopAssetImportingV2(NoUpdateAssetOptions)
Start importing Assets/NoSafeCircle/DoorPrototype/Art/Enemies/Source/Walk/enemy_ranged_se_walk_00.png using Guid(6db88d6803c957242a20d484087ac773) (TextureImporter) -> (artifact id: '2844382d655b10afe80533564c199a48') in 0.0047403 seconds
Refreshing native plugins compatible for Editor in 2.31 ms, found 4 plugins.
Preloading 0 native plugins for Editor in 0.00 ms.
Asset Pipeline Refresh (id=96e3d068c94ecf547b2c0bed75cf9025): Total: 0.028 seconds - Initiated by StopAssetImportingV2(NoUpdateAssetOptions)
Start importing Assets/NoSafeCircle/DoorPrototype/Art/Enemies/Source/Walk/enemy_ranged_se_walk_01.png using Guid(95b8e9a63fd752c46af2e6074c908bee) (TextureImporter) -> (artifact id: '590777bfe645b5e2b6d0b8feb4856318') in 0.0068675 seconds
Refreshing native plugins compatible for Editor in 2.48 ms, found 4 plugins.
Preloading 0 native plugins for Editor in 0.00 ms.
Asset Pipeline Refresh (id=ac472a3d38b61814995309e62179d815): Total: 0.028 seconds - Initiated by StopAssetImportingV2(NoUpdateAssetOptions)
Start importing Assets/NoSafeCircle/DoorPrototype/Art/Enemies/Source/Walk/enemy_ranged_se_walk_01.png using Guid(95b8e9a63fd752c46af2e6074c908bee) (TextureImporter) -> (artifact id: '9c64fa93732a37304ca5ea8ab126ad34') in 0.0049407 seconds
Refreshing native plugins compatible for Editor in 2.97 ms, found 4 plugins.
Preloading 0 native plugins for Editor in 0.00 ms.
Asset Pipeline Refresh (id=39336308fbec6de469c0292676194ddc): Total: 0.039 seconds - Initiated by StopAssetImportingV2(NoUpdateAssetOptions)
Start importing Assets/NoSafeCircle/DoorPrototype/Art/Enemies/Source/Walk/enemy_ranged_se_walk_02.png using Guid(28060325fd92f48499a5ab0d43af8a02) (TextureImporter) -> (artifact id: 'c4fa30234217b9d562e646fe2c21636a') in 0.0063892 seconds
Refreshing native plugins compatible for Editor in 2.59 ms, found 4 plugins.
Preloading 0 native plugins for Editor in 0.00 ms.
Asset Pipeline Refresh (id=8f18d5763170745469208fce2ade94c4): Total: 0.025 seconds - Initiated by StopAssetImportingV2(NoUpdateAssetOptions)
Start importing Assets/NoSafeCircle/DoorPrototype/Art/Enemies/Source/Walk/enemy_ranged_se_walk_02.png using Guid(28060325fd92f48499a5ab0d43af8a02) (TextureImporter) -> (artifact id: 'e0faa52afbe27657bb3cf417a58b7d65') in 0.0052772 seconds
Refreshing native plugins compatible for Editor in 2.24 ms, found 4 plugins.
Preloading 0 native plugins for Editor in 0.00 ms.
Asset Pipeline Refresh (id=dc5de0b861abf2348bda7593a99bb7fb): Total: 0.037 seconds - Initiated by StopAssetImportingV2(NoUpdateAssetOptions)
Start importing Assets/NoSafeCircle/DoorPrototype/Art/Enemies/Source/Walk/enemy_ranged_se_walk_03.png using Guid(6999875f9a335dd48a74ba6f7590a5e5) (TextureImporter) -> (artifact id: 'cf03b15ec570c0dcf9186408366fa12a') in 0.0065793 seconds
Refreshing native plugins compatible for Editor in 3.69 ms, found 4 plugins.
Preloading 0 native plugins for Editor in 0.00 ms.
Asset Pipeline Refresh (id=b56fe6a38c6580240860c4bf24d4d3fa): Total: 0.028 seconds - Initiated by StopAssetImportingV2(NoUpdateAssetOptions)
Start importing Assets/NoSafeCircle/DoorPrototype/Art/Enemies/Source/Walk/enemy_ranged_se_walk_03.png using Guid(6999875f9a335dd48a74ba6f7590a5e5) (TextureImporter) -> (artifact id: 'b0ea32d0d7d683b715f3167fe7f410b1') in 0.0047621 seconds
Refreshing native plugins compatible for Editor in 2.77 ms, found 4 plugins.
Preloading 0 native plugins for Editor in 0.00 ms.
Asset Pipeline Refresh (id=487a64cb44a52a348a0c8d20aa005e5d): Total: 0.033 seconds - Initiated by StopAssetImportingV2(NoUpdateAssetOptions)
Start importing Assets/NoSafeCircle/DoorPrototype/Art/Enemies/Source/Walk/enemy_ranged_se_walk_04.png using Guid(de0dc78182a366340a9ecea3d5318019) (TextureImporter) -> (artifact id: 'f9ca7c095ae1fc571f28497d09bf4f84') in 0.0062311 seconds
Refreshing native plugins compatible for Editor in 2.67 ms, found 4 plugins.
Preloading 0 native plugins for Editor in 0.00 ms.
Asset Pipeline Refresh (id=7d6af2875b52ea24e925377987c486ef): Total: 0.028 seconds - Initiated by StopAssetImportingV2(NoUpdateAssetOptions)
Start importing Assets/NoSafeCircle/DoorPrototype/Art/Enemies/Source/Walk/enemy_ranged_se_walk_04.png using Guid(de0dc78182a366340a9ecea3d5318019) (TextureImporter) -> (artifact id: '7854e3c53d79e758837de45074401503') in 0.0070142 seconds
Refreshing native plugins compatible for Editor in 2.79 ms, found 4 plugins.
Preloading 0 native plugins for Editor in 0.00 ms.
Asset Pipeline Refresh (id=b686aeaf2890c944382005584a5f5a49): Total: 0.039 seconds - Initiated by StopAssetImportingV2(NoUpdateAssetOptions)
Start importing Assets/NoSafeCircle/DoorPrototype/Art/Enemies/Source/Walk/enemy_ranged_se_walk_05.png using Guid(9c9e8c98fb6adc448961649c8f75e60c) (TextureImporter) -> (artifact id: '606552405a6f622d53bbc1fc75e7de8b') in 0.0059812 seconds
Refreshing native plugins compatible for Editor in 3.47 ms, found 4 plugins.
Preloading 0 native plugins for Editor in 0.00 ms.
Asset Pipeline Refresh (id=342c0e52e0720cf42b52db3837735d6f): Total: 0.027 seconds - Initiated by StopAssetImportingV2(NoUpdateAssetOptions)
Start importing Assets/NoSafeCircle/DoorPrototype/Art/Enemies/Source/Walk/enemy_ranged_se_walk_05.png using Guid(9c9e8c98fb6adc448961649c8f75e60c) (TextureImporter) -> (artifact id: '680f5d9ea988b60b15e2760983557262') in 0.005279 seconds
Refreshing native plugins compatible for Editor in 3.32 ms, found 4 plugins.
Preloading 0 native plugins for Editor in 0.00 ms.
Asset Pipeline Refresh (id=1ee4ba70bb2ff0c49b7281049efa2084): Total: 0.035 seconds - Initiated by StopAssetImportingV2(NoUpdateAssetOptions)
Start importing Assets/NoSafeCircle/DoorPrototype/Art/Enemies/Source/enemy_ranged_s_idle_00.png using Guid(0543a0d6b30a5834d9128348df3d8250) (TextureImporter) -> (artifact id: 'a32f2d70e260c06292a77cb3b2c669c5') in 0.0058423 seconds
Refreshing native plugins compatible for Editor in 2.32 ms, found 4 plugins.
Preloading 0 native plugins for Editor in 0.00 ms.
Asset Pipeline Refresh (id=98674d77990fe4f4a8854451645cb9f9): Total: 0.028 seconds - Initiated by StopAssetImportingV2(NoUpdateAssetOptions)
Start importing Assets/NoSafeCircle/DoorPrototype/Art/Enemies/Source/enemy_ranged_s_idle_00.png using Guid(0543a0d6b30a5834d9128348df3d8250) (TextureImporter) -> (artifact id: '8015c9b099c2d763fa72c973cc1486fd') in 0.0051984 seconds
Refreshing native plugins compatible for Editor in 2.30 ms, found 4 plugins.
Preloading 0 native plugins for Editor in 0.00 ms.
Asset Pipeline Refresh (id=1706f3ab1c76ab944a7688f7a12b8f1e): Total: 0.043 seconds - Initiated by StopAssetImportingV2(NoUpdateAssetOptions)
Start importing Assets/NoSafeCircle/DoorPrototype/Art/Enemies/Source/Walk/enemy_ranged_s_walk_00.png using Guid(2f2fb9446dbc68a47a1d2000b0931e9d) (TextureImporter) -> (artifact id: 'fd701e575d3556e3f3cf5b94b7c6f716') in 0.0065581 seconds
Refreshing native plugins compatible for Editor in 4.55 ms, found 4 plugins.
Preloading 0 native plugins for Editor in 0.00 ms.
Asset Pipeline Refresh (id=25ab7ca07a0a563488ebfc0017476ee5): Total: 0.030 seconds - Initiated by StopAssetImportingV2(NoUpdateAssetOptions)
Start importing Assets/NoSafeCircle/DoorPrototype/Art/Enemies/Source/Walk/enemy_ranged_s_walk_00.png using Guid(2f2fb9446dbc68a47a1d2000b0931e9d) (TextureImporter) -> (artifact id: 'a9b3c9c033bc96569c981b5bb2fa596b') in 0.0045234 seconds
Refreshing native plugins compatible for Editor in 3.95 ms, found 4 plugins.
Preloading 0 native plugins for Editor in 0.00 ms.
Asset Pipeline Refresh (id=733a491d5a62b4345a96c22255e423ac): Total: 0.040 seconds - Initiated by StopAssetImportingV2(NoUpdateAssetOptions)
Start importing Assets/NoSafeCircle/DoorPrototype/Art/Enemies/Source/Walk/enemy_ranged_s_walk_01.png using Guid(330635d3725850c43af439c0913929b8) (TextureImporter) -> (artifact id: '56c4d7036f52756f2fe4e95989644401') in 0.0066834 seconds
Refreshing native plugins compatible for Editor in 2.31 ms, found 4 plugins.
Preloading 0 native plugins for Editor in 0.00 ms.
Asset Pipeline Refresh (id=fb6ef83663c1e5a45b66a52d12dd5b6c): Total: 0.028 seconds - Initiated by StopAssetImportingV2(NoUpdateAssetOptions)
Start importing Assets/NoSafeCircle/DoorPrototype/Art/Enemies/Source/Walk/enemy_ranged_s_walk_01.png using Guid(330635d3725850c43af439c0913929b8) (TextureImporter) -> (artifact id: '878a91c5c4d0d025001f35ec935df8df') in 0.0049138 seconds
Refreshing native plugins compatible for Editor in 2.35 ms, found 4 plugins.
Preloading 0 native plugins for Editor in 0.00 ms.
Asset Pipeline Refresh (id=3b671b4d122bd7341838eb33011ec608): Total: 0.036 seconds - Initiated by StopAssetImportingV2(NoUpdateAssetOptions)
Start importing Assets/NoSafeCircle/DoorPrototype/Art/Enemies/Source/Walk/enemy_ranged_s_walk_02.png using Guid(73c14008bfc43594b847cfccec14b653) (TextureImporter) -> (artifact id: '57730f532a0a24c7005407d2420d0f46') in 0.0059109 seconds
Refreshing native plugins compatible for Editor in 2.47 ms, found 4 plugins.
Preloading 0 native plugins for Editor in 0.00 ms.
Asset Pipeline Refresh (id=6ef221508417eca42929bc8f7317c71c): Total: 0.025 seconds - Initiated by StopAssetImportingV2(NoUpdateAssetOptions)
Start importing Assets/NoSafeCircle/DoorPrototype/Art/Enemies/Source/Walk/enemy_ranged_s_walk_02.png using Guid(73c14008bfc43594b847cfccec14b653) (TextureImporter) -> (artifact id: 'f1c765938d9047e3ff542315e1023a90') in 0.0041989 seconds
Refreshing native plugins compatible for Editor in 2.44 ms, found 4 plugins.
Preloading 0 native plugins for Editor in 0.00 ms.
Asset Pipeline Refresh (id=e8997bfee222a7a418d6d98105200197): Total: 0.028 seconds - Initiated by StopAssetImportingV2(NoUpdateAssetOptions)
Start importing Assets/NoSafeCircle/DoorPrototype/Art/Enemies/Source/Walk/enemy_ranged_s_walk_03.png using Guid(5260af7e95ed65f43ba4865fee07c20b) (TextureImporter) -> (artifact id: '32d776fb1a1f461b723b5eeec4ea3594') in 0.0058094 seconds
Refreshing native plugins compatible for Editor in 2.29 ms, found 4 plugins.
Preloading 0 native plugins for Editor in 0.00 ms.
Asset Pipeline Refresh (id=a55b7caaebff527458a34f31453e42b7): Total: 0.025 seconds - Initiated by StopAssetImportingV2(NoUpdateAssetOptions)
Start importing Assets/NoSafeCircle/DoorPrototype/Art/Enemies/Source/Walk/enemy_ranged_s_walk_03.png using Guid(5260af7e95ed65f43ba4865fee07c20b) (TextureImporter) -> (artifact id: '84c10f5380771e221887ea1d2305a6bf') in 0.0052373 seconds
Refreshing native plugins compatible for Editor in 4.04 ms, found 4 plugins.
Preloading 0 native plugins for Editor in 0.00 ms.
Asset Pipeline Refresh (id=7dab278134c95674ab1ee0724d8e6ec8): Total: 0.036 seconds - Initiated by StopAssetImportingV2(NoUpdateAssetOptions)
Start importing Assets/NoSafeCircle/DoorPrototype/Art/Enemies/Source/Walk/enemy_ranged_s_walk_04.png using Guid(08a63476bc85f9842ad5d4276efe6662) (TextureImporter) -> (artifact id: 'eb84cacb037b5572fcfb74cff57003b0') in 0.0063308 seconds
Refreshing native plugins compatible for Editor in 3.21 ms, found 4 plugins.
Preloading 0 native plugins for Editor in 0.00 ms.
Asset Pipeline Refresh (id=2d596e92d607e24429756da9c7a4b56e): Total: 0.026 seconds - Initiated by StopAssetImportingV2(NoUpdateAssetOptions)
Start importing Assets/NoSafeCircle/DoorPrototype/Art/Enemies/Source/Walk/enemy_ranged_s_walk_04.png using Guid(08a63476bc85f9842ad5d4276efe6662) (TextureImporter) -> (artifact id: '9917b99cc9e340605036ae229554cc19') in 0.0062003 seconds
Refreshing native plugins compatible for Editor in 3.07 ms, found 4 plugins.
Preloading 0 native plugins for Editor in 0.00 ms.
Asset Pipeline Refresh (id=f9a5aa9d7ea57f245959dedf6972f3c6): Total: 0.035 seconds - Initiated by StopAssetImportingV2(NoUpdateAssetOptions)
Start importing Assets/NoSafeCircle/DoorPrototype/Art/Enemies/Source/Walk/enemy_ranged_s_walk_05.png using Guid(38c8b6dac4780a34fbb1c86d38c01c9d) (TextureImporter) -> (artifact id: '3940474056056c18e4b15546262f13d7') in 0.0052025 seconds
Refreshing native plugins compatible for Editor in 2.21 ms, found 4 plugins.
Preloading 0 native plugins for Editor in 0.00 ms.
Asset Pipeline Refresh (id=e75ac60bb85e57844ad6280d59620506): Total: 0.024 seconds - Initiated by StopAssetImportingV2(NoUpdateAssetOptions)
Start importing Assets/NoSafeCircle/DoorPrototype/Art/Enemies/Source/Walk/enemy_ranged_s_walk_05.png using Guid(38c8b6dac4780a34fbb1c86d38c01c9d) (TextureImporter) -> (artifact id: 'f084b4670e186b30b876a22f957eded9') in 0.0041628 seconds
Refreshing native plugins compatible for Editor in 3.43 ms, found 4 plugins.
Preloading 0 native plugins for Editor in 0.00 ms.
Asset Pipeline Refresh (id=12e1b5e530a706448ac60be93797366c): Total: 0.031 seconds - Initiated by StopAssetImportingV2(NoUpdateAssetOptions)
Start importing Assets/NoSafeCircle/DoorPrototype/Art/Enemies/Source/enemy_ranged_sw_idle_00.png using Guid(beab39f1029e29645b510ff3ebaa8071) (TextureImporter) -> (artifact id: '916e50178e767aab34c7e60ebfe6809c') in 0.0057765 seconds
Refreshing native plugins compatible for Editor in 2.42 ms, found 4 plugins.
Preloading 0 native plugins for Editor in 0.00 ms.
Asset Pipeline Refresh (id=3d4ae342d4cd84448b66ff036b1b5ef2): Total: 0.021 seconds - Initiated by StopAssetImportingV2(NoUpdateAssetOptions)
Start importing Assets/NoSafeCircle/DoorPrototype/Art/Enemies/Source/enemy_ranged_sw_idle_00.png using Guid(beab39f1029e29645b510ff3ebaa8071) (TextureImporter) -> (artifact id: 'e5b00f9fbcd43dbcfc4d5cccbb1a0465') in 0.0047724 seconds
Refreshing native plugins compatible for Editor in 3.44 ms, found 4 plugins.
Preloading 0 native plugins for Editor in 0.00 ms.
Asset Pipeline Refresh (id=50615cd62837ae346bc1c0be9694040c): Total: 0.033 seconds - Initiated by StopAssetImportingV2(NoUpdateAssetOptions)
Start importing Assets/NoSafeCircle/DoorPrototype/Art/Enemies/Source/Walk/enemy_ranged_sw_walk_00.png using Guid(dbf16f3630017d74abc68bd3385c10e0) (TextureImporter) -> (artifact id: 'b1153a61e0170659d3f8c9735352032b') in 0.0056337 seconds
Refreshing native plugins compatible for Editor in 3.43 ms, found 4 plugins.
Preloading 0 native plugins for Editor in 0.00 ms.
Asset Pipeline Refresh (id=f75f34572db8f2c4798ca7e29cc37730): Total: 0.025 seconds - Initiated by StopAssetImportingV2(NoUpdateAssetOptions)
Start importing Assets/NoSafeCircle/DoorPrototype/Art/Enemies/Source/Walk/enemy_ranged_sw_walk_00.png using Guid(dbf16f3630017d74abc68bd3385c10e0) (TextureImporter) -> (artifact id: '8d6004985a0f0132e47d801759770c04') in 0.0052288 seconds
Refreshing native plugins compatible for Editor in 3.12 ms, found 4 plugins.
Preloading 0 native plugins for Editor in 0.00 ms.
Asset Pipeline Refresh (id=1c31fd150ec65db43bd9052e36e1bdd3): Total: 0.031 seconds - Initiated by StopAssetImportingV2(NoUpdateAssetOptions)
Start importing Assets/NoSafeCircle/DoorPrototype/Art/Enemies/Source/Walk/enemy_ranged_sw_walk_01.png using Guid(3997dcbe8de15fe48819cb20f5e6fd21) (TextureImporter) -> (artifact id: 'cb2d057ff936f3fe7189cc4b7e147978') in 0.005583 seconds
Refreshing native plugins compatible for Editor in 2.76 ms, found 4 plugins.
Preloading 0 native plugins for Editor in 0.00 ms.
Asset Pipeline Refresh (id=1dfc3e9c71d06404fb293be239a8e2d0): Total: 0.022 seconds - Initiated by StopAssetImportingV2(NoUpdateAssetOptions)
Start importing Assets/NoSafeCircle/DoorPrototype/Art/Enemies/Source/Walk/enemy_ranged_sw_walk_01.png using Guid(3997dcbe8de15fe48819cb20f5e6fd21) (TextureImporter) -> (artifact id: '09391036e6f22bb213ec7b0111cd3868') in 0.00483 seconds
Refreshing native plugins compatible for Editor in 3.51 ms, found 4 plugins.
Preloading 0 native plugins for Editor in 0.00 ms.
Asset Pipeline Refresh (id=036921802040d134598929fa2c6aad93): Total: 0.030 seconds - Initiated by StopAssetImportingV2(NoUpdateAssetOptions)
Start importing Assets/NoSafeCircle/DoorPrototype/Art/Enemies/Source/Walk/enemy_ranged_sw_walk_02.png using Guid(2f85974a8d7f7b942ba6c0f8e17e6563) (TextureImporter) -> (artifact id: '9c207292f16617f46c115ec6a5dceef6') in 0.0059423 seconds
Refreshing native plugins compatible for Editor in 2.97 ms, found 4 plugins.
Preloading 0 native plugins for Editor in 0.00 ms.
Asset Pipeline Refresh (id=8aae607a7ea079c44a20db91077fa220): Total: 0.024 seconds - Initiated by StopAssetImportingV2(NoUpdateAssetOptions)
Start importing Assets/NoSafeCircle/DoorPrototype/Art/Enemies/Source/Walk/enemy_ranged_sw_walk_02.png using Guid(2f85974a8d7f7b942ba6c0f8e17e6563) (TextureImporter) -> (artifact id: 'c5bd95ed6fa43ea4939d4c8e208d2790') in 0.0060622 seconds
Refreshing native plugins compatible for Editor in 2.38 ms, found 4 plugins.
Preloading 0 native plugins for Editor in 0.00 ms.
Asset Pipeline Refresh (id=9fdb5527f0ff48c4c92c3f37be3941e0): Total: 0.038 seconds - Initiated by StopAssetImportingV2(NoUpdateAssetOptions)
Start importing Assets/NoSafeCircle/DoorPrototype/Art/Enemies/Source/Walk/enemy_ranged_sw_walk_03.png using Guid(5be17647aba0cb441a3b73146c8cac22) (TextureImporter) -> (artifact id: '9fdc5e1ce52b708454a34a2ee0b6d1b8') in 0.0063019 seconds
Refreshing native plugins compatible for Editor in 2.92 ms, found 4 plugins.
Preloading 0 native plugins for Editor in 0.00 ms.
Asset Pipeline Refresh (id=c083fc660b3842243b0d2ca7eadd6f30): Total: 0.026 seconds - Initiated by StopAssetImportingV2(NoUpdateAssetOptions)
Start importing Assets/NoSafeCircle/DoorPrototype/Art/Enemies/Source/Walk/enemy_ranged_sw_walk_03.png using Guid(5be17647aba0cb441a3b73146c8cac22) (TextureImporter) -> (artifact id: '38fb694b007099b1b0ac417d305f8305') in 0.0041953 seconds
Refreshing native plugins compatible for Editor in 2.83 ms, found 4 plugins.
Preloading 0 native plugins for Editor in 0.00 ms.
Asset Pipeline Refresh (id=95869b739db664b498abb265ae7322fb): Total: 0.034 seconds - Initiated by StopAssetImportingV2(NoUpdateAssetOptions)
Start importing Assets/NoSafeCircle/DoorPrototype/Art/Enemies/Source/Walk/enemy_ranged_sw_walk_04.png using Guid(038128a7c8777a0458d7450e177256ef) (TextureImporter) -> (artifact id: '8dd1fc5c0e06d66ed290380a381bc1a4') in 0.0059654 seconds
Refreshing native plugins compatible for Editor in 3.75 ms, found 4 plugins.
Preloading 0 native plugins for Editor in 0.00 ms.
Asset Pipeline Refresh (id=bbb3fe420726b63498b794117e390749): Total: 0.026 seconds - Initiated by StopAssetImportingV2(NoUpdateAssetOptions)
Start importing Assets/NoSafeCircle/DoorPrototype/Art/Enemies/Source/Walk/enemy_ranged_sw_walk_04.png using Guid(038128a7c8777a0458d7450e177256ef) (TextureImporter) -> (artifact id: '4a6dfd306d3f75e34776f52dcd2f5f54') in 0.004438 seconds
Refreshing native plugins compatible for Editor in 2.33 ms, found 4 plugins.
Preloading 0 native plugins for Editor in 0.00 ms.
Asset Pipeline Refresh (id=cecbeff37c722eb45b56f8035645f6ba): Total: 0.031 seconds - Initiated by StopAssetImportingV2(NoUpdateAssetOptions)
Start importing Assets/NoSafeCircle/DoorPrototype/Art/Enemies/Source/Walk/enemy_ranged_sw_walk_05.png using Guid(4aae0287db4141741908245206d2f4b9) (TextureImporter) -> (artifact id: '6a592e7a9d22e6ecf45dc9dea46d07fb') in 0.0052403 seconds
Refreshing native plugins compatible for Editor in 3.09 ms, found 4 plugins.
Preloading 0 native plugins for Editor in 0.00 ms.
Asset Pipeline Refresh (id=e8b456e65fe739d4ba8a827ee15b0894): Total: 0.025 seconds - Initiated by StopAssetImportingV2(NoUpdateAssetOptions)
Start importing Assets/NoSafeCircle/DoorPrototype/Art/Enemies/Source/Walk/enemy_ranged_sw_walk_05.png using Guid(4aae0287db4141741908245206d2f4b9) (TextureImporter) -> (artifact id: 'b630d8b9a9fe43051ab990421fc66413') in 0.0048484 seconds
Refreshing native plugins compatible for Editor in 2.28 ms, found 4 plugins.
Preloading 0 native plugins for Editor in 0.00 ms.
Asset Pipeline Refresh (id=9421d10e52092af4eb720374512d0c6d): Total: 0.034 seconds - Initiated by StopAssetImportingV2(NoUpdateAssetOptions)
Start importing Assets/NoSafeCircle/DoorPrototype/Art/Enemies/Source/enemy_ranged_w_idle_00.png using Guid(7cd289da7e4ed8e4d8e31aab3ca938e8) (TextureImporter) -> (artifact id: '89522763d07cbed838e83de493d3461a') in 0.0045406 seconds
Refreshing native plugins compatible for Editor in 3.21 ms, found 4 plugins.
Preloading 0 native plugins for Editor in 0.00 ms.
Asset Pipeline Refresh (id=2c1e7b00e6fc16f4f8384b92c4b2ee20): Total: 0.021 seconds - Initiated by StopAssetImportingV2(NoUpdateAssetOptions)
Start importing Assets/NoSafeCircle/DoorPrototype/Art/Enemies/Source/enemy_ranged_w_idle_00.png using Guid(7cd289da7e4ed8e4d8e31aab3ca938e8) (TextureImporter) -> (artifact id: '5dff14c23a4c483cecfc59f375203f7e') in 0.0034841 seconds
Refreshing native plugins compatible for Editor in 2.57 ms, found 4 plugins.
Preloading 0 native plugins for Editor in 0.00 ms.
Asset Pipeline Refresh (id=b79d5a5b127af2444b1a0257ed32a899): Total: 0.028 seconds - Initiated by StopAssetImportingV2(NoUpdateAssetOptions)
Start importing Assets/NoSafeCircle/DoorPrototype/Art/Enemies/Source/Walk/enemy_ranged_w_walk_00.png using Guid(33f0e811d069ee14898821c06de8640e) (TextureImporter) -> (artifact id: 'f5fc753a1887d6ca94ec504c68925483') in 0.0047698 seconds
Refreshing native plugins compatible for Editor in 2.99 ms, found 4 plugins.
Preloading 0 native plugins for Editor in 0.00 ms.
Asset Pipeline Refresh (id=69ecc895b7280c94eafb2b72633e3e59): Total: 0.022 seconds - Initiated by StopAssetImportingV2(NoUpdateAssetOptions)
Start importing Assets/NoSafeCircle/DoorPrototype/Art/Enemies/Source/Walk/enemy_ranged_w_walk_00.png using Guid(33f0e811d069ee14898821c06de8640e) (TextureImporter) -> (artifact id: '99ef02395bdb72a64eb071a6a58e5b9c') in 0.0040133 seconds
Refreshing native plugins compatible for Editor in 3.67 ms, found 4 plugins.
Preloading 0 native plugins for Editor in 0.00 ms.
Asset Pipeline Refresh (id=1419ee9bb1f670046b287208c46169c8): Total: 0.034 seconds - Initiated by StopAssetImportingV2(NoUpdateAssetOptions)
Start importing Assets/NoSafeCircle/DoorPrototype/Art/Enemies/Source/Walk/enemy_ranged_w_walk_01.png using Guid(9d826f18ed4043c448e95616e87b9683) (TextureImporter) -> (artifact id: 'e4e4e531fd817bb7d9ce5ff3b3516f8c') in 0.005713 seconds
Refreshing native plugins compatible for Editor in 2.21 ms, found 4 plugins.
Preloading 0 native plugins for Editor in 0.00 ms.
Asset Pipeline Refresh (id=e8b8a74a3d6f9e84faa103bec646831e): Total: 0.022 seconds - Initiated by StopAssetImportingV2(NoUpdateAssetOptions)
Start importing Assets/NoSafeCircle/DoorPrototype/Art/Enemies/Source/Walk/enemy_ranged_w_walk_01.png using Guid(9d826f18ed4043c448e95616e87b9683) (TextureImporter) -> (artifact id: '3d90db4ffdd3e5761572b2c9fdbd1104') in 0.0039255 seconds
Refreshing native plugins compatible for Editor in 2.60 ms, found 4 plugins.
Preloading 0 native plugins for Editor in 0.00 ms.
Asset Pipeline Refresh (id=ec7497925af6f1245a439f07c3b754b3): Total: 0.029 seconds - Initiated by StopAssetImportingV2(NoUpdateAssetOptions)
Start importing Assets/NoSafeCircle/DoorPrototype/Art/Enemies/Source/Walk/enemy_ranged_w_walk_02.png using Guid(e3e2aa78e82c24940ad0b9e3ef947580) (TextureImporter) -> (artifact id: 'e24a1f884b6fd7af6c23d7fed625cc94') in 0.0049042 seconds
Refreshing native plugins compatible for Editor in 2.26 ms, found 4 plugins.
Preloading 0 native plugins for Editor in 0.00 ms.
Asset Pipeline Refresh (id=5c00359d1ae8cd443878a3375e89b630): Total: 0.022 seconds - Initiated by StopAssetImportingV2(NoUpdateAssetOptions)
Start importing Assets/NoSafeCircle/DoorPrototype/Art/Enemies/Source/Walk/enemy_ranged_w_walk_02.png using Guid(e3e2aa78e82c24940ad0b9e3ef947580) (TextureImporter) -> (artifact id: '5b857024569e19005421c65c76bab1f9') in 0.0057868 seconds
Refreshing native plugins compatible for Editor in 2.31 ms, found 4 plugins.
Preloading 0 native plugins for Editor in 0.00 ms.
Asset Pipeline Refresh (id=d8faf474bab067946bab17449e51bc11): Total: 0.039 seconds - Initiated by StopAssetImportingV2(NoUpdateAssetOptions)
Start importing Assets/NoSafeCircle/DoorPrototype/Art/Enemies/Source/Walk/enemy_ranged_w_walk_03.png using Guid(f7974d559950a2148957d30256a08f5d) (TextureImporter) -> (artifact id: 'e07e68f95a66c9d9c1b381888f7cff1f') in 0.0056476 seconds
Refreshing native plugins compatible for Editor in 2.36 ms, found 4 plugins.
Preloading 0 native plugins for Editor in 0.00 ms.
Asset Pipeline Refresh (id=b6da0fb6406b62548b890f9ab32553d1): Total: 0.023 seconds - Initiated by StopAssetImportingV2(NoUpdateAssetOptions)
Start importing Assets/NoSafeCircle/DoorPrototype/Art/Enemies/Source/Walk/enemy_ranged_w_walk_03.png using Guid(f7974d559950a2148957d30256a08f5d) (TextureImporter) -> (artifact id: '1c89b7e1ed3b09f31fbe78322f5abcb1') in 0.0044336 seconds
Refreshing native plugins compatible for Editor in 2.14 ms, found 4 plugins.
Preloading 0 native plugins for Editor in 0.00 ms.
Asset Pipeline Refresh (id=372aabbbb112ed94897ead65a633692d): Total: 0.028 seconds - Initiated by StopAssetImportingV2(NoUpdateAssetOptions)
Start importing Assets/NoSafeCircle/DoorPrototype/Art/Enemies/Source/Walk/enemy_ranged_w_walk_04.png using Guid(46b116939018878459c687db918d47d4) (TextureImporter) -> (artifact id: 'ed49ccf26fb3c41d612b9e79b354aefc') in 0.0060641 seconds
Refreshing native plugins compatible for Editor in 2.22 ms, found 4 plugins.
Preloading 0 native plugins for Editor in 0.00 ms.
Asset Pipeline Refresh (id=2ac27dbfedc87954da9a305635aec4e5): Total: 0.026 seconds - Initiated by StopAssetImportingV2(NoUpdateAssetOptions)
Start importing Assets/NoSafeCircle/DoorPrototype/Art/Enemies/Source/Walk/enemy_ranged_w_walk_04.png using Guid(46b116939018878459c687db918d47d4) (TextureImporter) -> (artifact id: '27432d6e319fb8d63ea5d5e46393b481') in 0.0051698 seconds
Refreshing native plugins compatible for Editor in 3.73 ms, found 4 plugins.
Preloading 0 native plugins for Editor in 0.00 ms.
Asset Pipeline Refresh (id=05cf467eab9967d40b150ec242dd4831): Total: 0.031 seconds - Initiated by StopAssetImportingV2(NoUpdateAssetOptions)
Start importing Assets/NoSafeCircle/DoorPrototype/Art/Enemies/Source/Walk/enemy_ranged_w_walk_05.png using Guid(df8e55ee2ac3480438bcbab96bcc7c3a) (TextureImporter) -> (artifact id: '92c2f19d6c4e1975061397490d4f6997') in 0.0066629 seconds
Refreshing native plugins compatible for Editor in 3.42 ms, found 4 plugins.
Preloading 0 native plugins for Editor in 0.00 ms.
Asset Pipeline Refresh (id=dababac3b2b22a140940a7c0999ddda8): Total: 0.028 seconds - Initiated by StopAssetImportingV2(NoUpdateAssetOptions)
Start importing Assets/NoSafeCircle/DoorPrototype/Art/Enemies/Source/Walk/enemy_ranged_w_walk_05.png using Guid(df8e55ee2ac3480438bcbab96bcc7c3a) (TextureImporter) -> (artifact id: '8fc5985c84ae6ddd7e1c150f878b1c5a') in 0.0050261 seconds
Refreshing native plugins compatible for Editor in 2.07 ms, found 4 plugins.
Preloading 0 native plugins for Editor in 0.00 ms.
Asset Pipeline Refresh (id=e8079cf38ed8eb54786b3ddaeb810e4b): Total: 0.034 seconds - Initiated by StopAssetImportingV2(NoUpdateAssetOptions)
Start importing Assets/NoSafeCircle/DoorPrototype/Art/Enemies/Source/enemy_ranged_nw_idle_00.png using Guid(262de4331824c544f8a3729d6b0f0cbe) (TextureImporter) -> (artifact id: '8944fa98ab3b5995d43d5b18c70f1ecc') in 0.0051322 seconds
Refreshing native plugins compatible for Editor in 4.17 ms, found 4 plugins.
Preloading 0 native plugins for Editor in 0.00 ms.
Asset Pipeline Refresh (id=17d6ef94b50091944b6b3ecf69e00788): Total: 0.024 seconds - Initiated by StopAssetImportingV2(NoUpdateAssetOptions)
Start importing Assets/NoSafeCircle/DoorPrototype/Art/Enemies/Source/enemy_ranged_nw_idle_00.png using Guid(262de4331824c544f8a3729d6b0f0cbe) (TextureImporter) -> (artifact id: '1fde54cfc489306534dc02c73a20b943') in 0.0035339 seconds
Refreshing native plugins compatible for Editor in 2.17 ms, found 4 plugins.
Preloading 0 native plugins for Editor in 0.00 ms.
Asset Pipeline Refresh (id=0656354c550b6ec49a89c472dd183f02): Total: 0.026 seconds - Initiated by StopAssetImportingV2(NoUpdateAssetOptions)
Start importing Assets/NoSafeCircle/DoorPrototype/Art/Enemies/Source/Walk/enemy_ranged_nw_walk_00.png using Guid(d1434f5317889a64f949dac3c7b9d0e0) (TextureImporter) -> (artifact id: '99e2a2ee9d46cb188a897e66f6c7c9c1') in 0.0054858 seconds
Refreshing native plugins compatible for Editor in 2.08 ms, found 4 plugins.
Preloading 0 native plugins for Editor in 0.00 ms.
Asset Pipeline Refresh (id=ae2f62149ce5370478d65cc31f31a719): Total: 0.024 seconds - Initiated by StopAssetImportingV2(NoUpdateAssetOptions)
Start importing Assets/NoSafeCircle/DoorPrototype/Art/Enemies/Source/Walk/enemy_ranged_nw_walk_00.png using Guid(d1434f5317889a64f949dac3c7b9d0e0) (TextureImporter) -> (artifact id: 'b17ccebdae9af53a44d189c64847f1f9') in 0.004316 seconds
Refreshing native plugins compatible for Editor in 2.09 ms, found 4 plugins.
Preloading 0 native plugins for Editor in 0.00 ms.
Asset Pipeline Refresh (id=706eac5a89983de48bfa94ebafb7b3da): Total: 0.029 seconds - Initiated by StopAssetImportingV2(NoUpdateAssetOptions)
Start importing Assets/NoSafeCircle/DoorPrototype/Art/Enemies/Source/Walk/enemy_ranged_nw_walk_01.png using Guid(c53008d6d73cb5545bf1e6b8afdd0a38) (TextureImporter) -> (artifact id: '65ed3c53da770dba8def965648b0326b') in 0.0045596 seconds
Refreshing native plugins compatible for Editor in 2.34 ms, found 4 plugins.
Preloading 0 native plugins for Editor in 0.00 ms.
Asset Pipeline Refresh (id=dae31a98ae9f53542ab6b74650d90f3b): Total: 0.020 seconds - Initiated by StopAssetImportingV2(NoUpdateAssetOptions)
Start importing Assets/NoSafeCircle/DoorPrototype/Art/Enemies/Source/Walk/enemy_ranged_nw_walk_01.png using Guid(c53008d6d73cb5545bf1e6b8afdd0a38) (TextureImporter) -> (artifact id: 'f05555cd87a2afdd8f337a2f8b358068') in 0.0045959 seconds
Refreshing native plugins compatible for Editor in 2.14 ms, found 4 plugins.
Preloading 0 native plugins for Editor in 0.00 ms.
Asset Pipeline Refresh (id=7292d157113202f4392deb9a791d0ada): Total: 0.030 seconds - Initiated by StopAssetImportingV2(NoUpdateAssetOptions)
Start importing Assets/NoSafeCircle/DoorPrototype/Art/Enemies/Source/Walk/enemy_ranged_nw_walk_02.png using Guid(f083b6211f7a48942a050d0f40eebffe) (TextureImporter) -> (artifact id: '5f5f8f96ecf7b067f962499abd58e5f1') in 0.0052393 seconds
Refreshing native plugins compatible for Editor in 3.14 ms, found 4 plugins.
Preloading 0 native plugins for Editor in 0.00 ms.
Asset Pipeline Refresh (id=c7afd6f72c08d2d4c8aea0e82a48a005): Total: 0.022 seconds - Initiated by StopAssetImportingV2(NoUpdateAssetOptions)
Start importing Assets/NoSafeCircle/DoorPrototype/Art/Enemies/Source/Walk/enemy_ranged_nw_walk_02.png using Guid(f083b6211f7a48942a050d0f40eebffe) (TextureImporter) -> (artifact id: '27ca8a064fbcb0c60e3bb760fadf7814') in 0.0043743 seconds
Refreshing native plugins compatible for Editor in 2.19 ms, found 4 plugins.
Preloading 0 native plugins for Editor in 0.00 ms.
Asset Pipeline Refresh (id=a142c3f14c952d246bf43f4cf93f36f4): Total: 0.029 seconds - Initiated by StopAssetImportingV2(NoUpdateAssetOptions)
Start importing Assets/NoSafeCircle/DoorPrototype/Art/Enemies/Source/Walk/enemy_ranged_nw_walk_03.png using Guid(6c2fc517b72c6c74fa88335f33139d71) (TextureImporter) -> (artifact id: '4b0b7ba7625f5745df4ab25c1a204104') in 0.0058618 seconds
Refreshing native plugins compatible for Editor in 3.23 ms, found 4 plugins.
Preloading 0 native plugins for Editor in 0.00 ms.
Asset Pipeline Refresh (id=bc9d1eb018f712c4abb55ac8468ec1b6): Total: 0.025 seconds - Initiated by StopAssetImportingV2(NoUpdateAssetOptions)
Start importing Assets/NoSafeCircle/DoorPrototype/Art/Enemies/Source/Walk/enemy_ranged_nw_walk_03.png using Guid(6c2fc517b72c6c74fa88335f33139d71) (TextureImporter) -> (artifact id: '275698bc700b22be680bd565791d51cb') in 0.003783 seconds
Refreshing native plugins compatible for Editor in 2.03 ms, found 4 plugins.
Preloading 0 native plugins for Editor in 0.00 ms.
Asset Pipeline Refresh (id=06e43d6cca60f6b47836207460959c74): Total: 0.028 seconds - Initiated by StopAssetImportingV2(NoUpdateAssetOptions)
Start importing Assets/NoSafeCircle/DoorPrototype/Art/Enemies/Source/Walk/enemy_ranged_nw_walk_04.png using Guid(03041bfc9da5a6542978f9a56f72045e) (TextureImporter) -> (artifact id: '50236585964a0e852d45f36bb8fde1c5') in 0.0056256 seconds
Refreshing native plugins compatible for Editor in 2.13 ms, found 4 plugins.
Preloading 0 native plugins for Editor in 0.00 ms.
Asset Pipeline Refresh (id=3596c26b384239f42b5e93aa9ca708ea): Total: 0.021 seconds - Initiated by StopAssetImportingV2(NoUpdateAssetOptions)
Start importing Assets/NoSafeCircle/DoorPrototype/Art/Enemies/Source/Walk/enemy_ranged_nw_walk_04.png using Guid(03041bfc9da5a6542978f9a56f72045e) (TextureImporter) -> (artifact id: 'f3282f767c6f0be9491eb53cd9eb693d') in 0.0041165 seconds
Refreshing native plugins compatible for Editor in 3.00 ms, found 4 plugins.
Preloading 0 native plugins for Editor in 0.00 ms.
Asset Pipeline Refresh (id=8c695080539f0004a87ca089ca31c745): Total: 0.029 seconds - Initiated by StopAssetImportingV2(NoUpdateAssetOptions)
Start importing Assets/NoSafeCircle/DoorPrototype/Art/Enemies/Source/Walk/enemy_ranged_nw_walk_05.png using Guid(38dfbf60c27e4e242b729621564d99b2) (TextureImporter) -> (artifact id: '621cc9751260f308d88440c9af1c013b') in 0.0058792 seconds
Refreshing native plugins compatible for Editor in 2.14 ms, found 4 plugins.
Preloading 0 native plugins for Editor in 0.00 ms.
Asset Pipeline Refresh (id=5d3e0058a8409a945b4b73273d40bcf3): Total: 0.022 seconds - Initiated by StopAssetImportingV2(NoUpdateAssetOptions)
Start importing Assets/NoSafeCircle/DoorPrototype/Art/Enemies/Source/Walk/enemy_ranged_nw_walk_05.png using Guid(38dfbf60c27e4e242b729621564d99b2) (TextureImporter) -> (artifact id: 'e4ddeee3f72dbf9e27c32b35d340d05c') in 0.0044615 seconds
Refreshing native plugins compatible for Editor in 3.29 ms, found 4 plugins.
Preloading 0 native plugins for Editor in 0.00 ms.
Asset Pipeline Refresh (id=96e12855e232cf24da437c0bd4311c34): Total: 0.031 seconds - Initiated by StopAssetImportingV2(NoUpdateAssetOptions)
Start importing Assets/NoSafeCircle/DoorPrototype/Art/Enemies/Generated/MeleeEnemy_idle_north.anim using Guid(6f3131a94ada68f468fce39fcf4a4a45) (NativeFormatImporter) -> (artifact id: '0b11e422bd2cc610ed6dc4a43a2437a1') in 0.0033337 seconds
Refreshing native plugins compatible for Editor in 2.23 ms, found 4 plugins.
Preloading 0 native plugins for Editor in 0.00 ms.
Asset Pipeline Refresh (id=d77a8e4be30512440ad3943127e03c60): Total: 0.022 seconds - Initiated by StopAssetImportingV2(NoUpdateAssetOptions)
Start importing Assets/NoSafeCircle/DoorPrototype/Art/Enemies/Generated/MeleeEnemy_walk_north.anim using Guid(c4a2b9a6869d50e459270e0909f84043) (NativeFormatImporter) -> (artifact id: '58d7ed7211a3be8e8da9ecd25c1d915b') in 0.0021427 seconds
Refreshing native plugins compatible for Editor in 2.36 ms, found 4 plugins.
Preloading 0 native plugins for Editor in 0.00 ms.
Asset Pipeline Refresh (id=368138df63a9dae4897bf114b7190c12): Total: 0.019 seconds - Initiated by StopAssetImportingV2(NoUpdateAssetOptions)
Start importing Assets/NoSafeCircle/DoorPrototype/Art/Enemies/Generated/MeleeEnemy_idle_north-east.anim using Guid(0b73de9e5c6ec984a9b14208796555a1) (NativeFormatImporter) -> (artifact id: '1440953df9a127ca670fa74b27608ce4') in 0.0027268 seconds
Refreshing native plugins compatible for Editor in 1.98 ms, found 4 plugins.
Preloading 0 native plugins for Editor in 0.00 ms.
Asset Pipeline Refresh (id=29523247de8c29049a8718e71b96c3bc): Total: 0.019 seconds - Initiated by StopAssetImportingV2(NoUpdateAssetOptions)
Start importing Assets/NoSafeCircle/DoorPrototype/Art/Enemies/Generated/MeleeEnemy_walk_north-east.anim using Guid(a736572cbeac9f34b89ed2f9484df1ad) (NativeFormatImporter) -> (artifact id: 'a580d52cc7e9ffbad2465186adbf4bcd') in 0.0021219 seconds
Refreshing native plugins compatible for Editor in 2.92 ms, found 4 plugins.
Preloading 0 native plugins for Editor in 0.00 ms.
Asset Pipeline Refresh (id=5eee83ee6999e524481f8a3d3394f9c2): Total: 0.021 seconds - Initiated by StopAssetImportingV2(NoUpdateAssetOptions)
Start importing Assets/NoSafeCircle/DoorPrototype/Art/Enemies/Generated/MeleeEnemy_idle_east.anim using Guid(d49446a38b9d490438130b9cb55ff50b) (NativeFormatImporter) -> (artifact id: 'b2b62506bcd440d8a411e343b650abe6') in 0.0026163 seconds
Refreshing native plugins compatible for Editor in 2.15 ms, found 4 plugins.
Preloading 0 native plugins for Editor in 0.00 ms.
Asset Pipeline Refresh (id=a1414cb0786597e4da789f7356f98582): Total: 0.021 seconds - Initiated by StopAssetImportingV2(NoUpdateAssetOptions)
Start importing Assets/NoSafeCircle/DoorPrototype/Art/Enemies/Generated/MeleeEnemy_walk_east.anim using Guid(0d0bb295acff87d4c9d9130cb3230d13) (NativeFormatImporter) -> (artifact id: '05cd9027b55ea6e719d47d14047b7edb') in 0.0017735 seconds
Refreshing native plugins compatible for Editor in 2.59 ms, found 4 plugins.
Preloading 0 native plugins for Editor in 0.00 ms.
Asset Pipeline Refresh (id=a8292405c7e5da649b44f5abe77dada6): Total: 0.019 seconds - Initiated by StopAssetImportingV2(NoUpdateAssetOptions)
Start importing Assets/NoSafeCircle/DoorPrototype/Art/Enemies/Generated/MeleeEnemy_idle_south-east.anim using Guid(1f6368795d8e7a94e89c7feaad3652c5) (NativeFormatImporter) -> (artifact id: '7691e8e7ddb190a058e896be37fdb5ff') in 0.0019678 seconds
Refreshing native plugins compatible for Editor in 2.22 ms, found 4 plugins.
Preloading 0 native plugins for Editor in 0.00 ms.
Asset Pipeline Refresh (id=72f2a19566f354a4e807de3e662fafc8): Total: 0.018 seconds - Initiated by StopAssetImportingV2(NoUpdateAssetOptions)
Start importing Assets/NoSafeCircle/DoorPrototype/Art/Enemies/Generated/MeleeEnemy_walk_south-east.anim using Guid(3c8b8ca1cc0af724494c7d7ab49a8217) (NativeFormatImporter) -> (artifact id: '0029a22a107314028b79714c5081a552') in 0.0017894 seconds
Refreshing native plugins compatible for Editor in 2.67 ms, found 4 plugins.
Preloading 0 native plugins for Editor in 0.00 ms.
Asset Pipeline Refresh (id=fb095723422f30c4c996a9240da25124): Total: 0.020 seconds - Initiated by StopAssetImportingV2(NoUpdateAssetOptions)
Start importing Assets/NoSafeCircle/DoorPrototype/Art/Enemies/Generated/MeleeEnemy_idle_south.anim using Guid(362f17f4e032f2140918b3e61403f82e) (NativeFormatImporter) -> (artifact id: '62ca02e87690fa09dee75246df630451') in 0.0020964 seconds
Refreshing native plugins compatible for Editor in 2.20 ms, found 4 plugins.
Preloading 0 native plugins for Editor in 0.00 ms.
Asset Pipeline Refresh (id=bd46ee1adc2f4624dbfa26abbb724514): Total: 0.018 seconds - Initiated by StopAssetImportingV2(NoUpdateAssetOptions)
Start importing Assets/NoSafeCircle/DoorPrototype/Art/Enemies/Generated/MeleeEnemy_walk_south.anim using Guid(7332b1018697aa74287f7f5d99b1ec72) (NativeFormatImporter) -> (artifact id: 'f0b0fd73dd43009344a81fd1b47361fe') in 0.0019068 seconds
Refreshing native plugins compatible for Editor in 2.27 ms, found 4 plugins.
Preloading 0 native plugins for Editor in 0.00 ms.
Asset Pipeline Refresh (id=8975d96c04336b84ca1cdaf7d396a4ec): Total: 0.018 seconds - Initiated by StopAssetImportingV2(NoUpdateAssetOptions)
Start importing Assets/NoSafeCircle/DoorPrototype/Art/Enemies/Generated/MeleeEnemy_idle_south-west.anim using Guid(2638b01ee92e4664a91f95d645a33b8d) (NativeFormatImporter) -> (artifact id: 'cd863a8ed90691d2b2f1189d97c99d98') in 0.0018028 seconds
Refreshing native plugins compatible for Editor in 2.34 ms, found 4 plugins.
Preloading 0 native plugins for Editor in 0.00 ms.
Asset Pipeline Refresh (id=f74a5991ca4e6194ab375575996dc74c): Total: 0.019 seconds - Initiated by StopAssetImportingV2(NoUpdateAssetOptions)
Start importing Assets/NoSafeCircle/DoorPrototype/Art/Enemies/Generated/MeleeEnemy_walk_south-west.anim using Guid(645856c61cfe67d40b6ab50d500d23f9) (NativeFormatImporter) -> (artifact id: '268daff4f08336a2b5fd502d5626eff6') in 0.0023321 seconds
Refreshing native plugins compatible for Editor in 2.35 ms, found 4 plugins.
Preloading 0 native plugins for Editor in 0.00 ms.
Asset Pipeline Refresh (id=8bad6e1583f98b742bca14fcaaed6eaa): Total: 0.019 seconds - Initiated by StopAssetImportingV2(NoUpdateAssetOptions)
Start importing Assets/NoSafeCircle/DoorPrototype/Art/Enemies/Generated/MeleeEnemy_idle_west.anim using Guid(39938f6f3a7a4ea40a4a39d82164bfa3) (NativeFormatImporter) -> (artifact id: '7fcffad1619ccd969247bd69eb2ec474') in 0.0018598 seconds
Refreshing native plugins compatible for Editor in 2.25 ms, found 4 plugins.
Preloading 0 native plugins for Editor in 0.00 ms.
Asset Pipeline Refresh (id=ef074f608b105a84f92e65397992544a): Total: 0.017 seconds - Initiated by StopAssetImportingV2(NoUpdateAssetOptions)
Start importing Assets/NoSafeCircle/DoorPrototype/Art/Enemies/Generated/MeleeEnemy_walk_west.anim using Guid(eac6f1aa722d155429cf53ad1cd218d3) (NativeFormatImporter) -> (artifact id: '817e78d712935bbda49e58348c47edc6') in 0.0018809 seconds
Refreshing native plugins compatible for Editor in 2.09 ms, found 4 plugins.
Preloading 0 native plugins for Editor in 0.00 ms.
Asset Pipeline Refresh (id=d98a8955e7130c84380017648e4b7136): Total: 0.016 seconds - Initiated by StopAssetImportingV2(NoUpdateAssetOptions)
Start importing Assets/NoSafeCircle/DoorPrototype/Art/Enemies/Generated/MeleeEnemy_idle_north-west.anim using Guid(1d99b523b60ca8b45acf91df42dceba3) (NativeFormatImporter) -> (artifact id: '98b973c0f47856da7ce906692fd2f748') in 0.0020221 seconds
Refreshing native plugins compatible for Editor in 3.87 ms, found 4 plugins.
Preloading 0 native plugins for Editor in 0.00 ms.
Asset Pipeline Refresh (id=1e35cd8e3a4cd82449fe48e58484d7a1): Total: 0.019 seconds - Initiated by StopAssetImportingV2(NoUpdateAssetOptions)
Start importing Assets/NoSafeCircle/DoorPrototype/Art/Enemies/Generated/MeleeEnemy_walk_north-west.anim using Guid(8b4469de01614934ea567fd996e787d8) (NativeFormatImporter) -> (artifact id: '8e2019b7f18d463152f57f8af32ea8b1') in 0.0020243 seconds
Refreshing native plugins compatible for Editor in 2.24 ms, found 4 plugins.
Preloading 0 native plugins for Editor in 0.00 ms.
Asset Pipeline Refresh (id=1c49d29bf88d59d42ba4063231c7ad5f): Total: 0.018 seconds - Initiated by StopAssetImportingV2(NoUpdateAssetOptions)
Start importing Assets/NoSafeCircle/DoorPrototype/Art/Enemies/Generated/MeleeEnemyAnimator.controller using Guid(c63b4880dbeec4d46b0a88ad77276fe0) (NativeFormatImporter) -> (artifact id: 'f02f8fefa7d697eace3bd9fc70f5bf9d') in 0.0019671 seconds
Refreshing native plugins compatible for Editor in 2.78 ms, found 4 plugins.
Preloading 0 native plugins for Editor in 0.00 ms.
Asset Pipeline Refresh (id=fc18f58c405fa62408eb8211fd2a0fc2): Total: 0.018 seconds - Initiated by StopAssetImportingV2(NoUpdateAssetOptions)
Start importing Assets/NoSafeCircle/DoorPrototype/Art/Enemies/Generated/LanternWraith_idle_north.anim using Guid(d87c72a12ecbe9348aff309321f4b9ee) (NativeFormatImporter) -> (artifact id: 'fcce6a7ebc0044b6e508ecb966707881') in 0.0020055 seconds
Refreshing native plugins compatible for Editor in 2.90 ms, found 4 plugins.
Preloading 0 native plugins for Editor in 0.00 ms.
Asset Pipeline Refresh (id=ca12b2dcc64ba3f44863df247df3156b): Total: 0.019 seconds - Initiated by StopAssetImportingV2(NoUpdateAssetOptions)
Start importing Assets/NoSafeCircle/DoorPrototype/Art/Enemies/Generated/LanternWraith_walk_north.anim using Guid(1a94ef37500ac4449853fb19086a606e) (NativeFormatImporter) -> (artifact id: '7fc43a9a90b828f2a8773e8e39944515') in 0.0025643 seconds
Refreshing native plugins compatible for Editor in 2.93 ms, found 4 plugins.
Preloading 0 native plugins for Editor in 0.00 ms.
Asset Pipeline Refresh (id=e47e580de52f0da4a838e53273ab1874): Total: 0.018 seconds - Initiated by StopAssetImportingV2(NoUpdateAssetOptions)
Start importing Assets/NoSafeCircle/DoorPrototype/Art/Enemies/Generated/LanternWraith_idle_north-east.anim using Guid(4c5c2e90821144d4891384190d8da234) (NativeFormatImporter) -> (artifact id: '779616209ac390613b1deeb71ce27889') in 0.0019514 seconds
Refreshing native plugins compatible for Editor in 2.37 ms, found 4 plugins.
Preloading 0 native plugins for Editor in 0.00 ms.
Asset Pipeline Refresh (id=bee7daddf383cff479bd55fd8fc98d7d): Total: 0.022 seconds - Initiated by StopAssetImportingV2(NoUpdateAssetOptions)
Start importing Assets/NoSafeCircle/DoorPrototype/Art/Enemies/Generated/LanternWraith_walk_north-east.anim using Guid(d9a7785ba6ca6a7458acaa2bf57fe94e) (NativeFormatImporter) -> (artifact id: '5daeb814a77de290dbd0e59d894f278e') in 0.0018722 seconds
Refreshing native plugins compatible for Editor in 2.15 ms, found 4 plugins.
Preloading 0 native plugins for Editor in 0.00 ms.
Asset Pipeline Refresh (id=ba4a0b94bfa2c3048bfca044c9d21f0a): Total: 0.019 seconds - Initiated by StopAssetImportingV2(NoUpdateAssetOptions)
Start importing Assets/NoSafeCircle/DoorPrototype/Art/Enemies/Generated/LanternWraith_idle_east.anim using Guid(5dea4d670846a6c4a8581907314436e6) (NativeFormatImporter) -> (artifact id: '314febb7cb4659df197f6a1ad20d329d') in 0.0022867 seconds
Refreshing native plugins compatible for Editor in 2.20 ms, found 4 plugins.
Preloading 0 native plugins for Editor in 0.00 ms.
Asset Pipeline Refresh (id=f3880faee83452142b2b84ca2d669a69): Total: 0.020 seconds - Initiated by StopAssetImportingV2(NoUpdateAssetOptions)
Start importing Assets/NoSafeCircle/DoorPrototype/Art/Enemies/Generated/LanternWraith_walk_east.anim using Guid(61db5196130371e4781e5d1e72c88d25) (NativeFormatImporter) -> (artifact id: '080de0cdddce8727e27049de82c10b79') in 0.002069 seconds
Refreshing native plugins compatible for Editor in 2.55 ms, found 4 plugins.
Preloading 0 native plugins for Editor in 0.00 ms.
Asset Pipeline Refresh (id=c04618dc2f7191e45ab69451ec9c19bb): Total: 0.019 seconds - Initiated by StopAssetImportingV2(NoUpdateAssetOptions)
Start importing Assets/NoSafeCircle/DoorPrototype/Art/Enemies/Generated/LanternWraith_idle_south-east.anim using Guid(2cb3461c344838d419c9f807e6e5642d) (NativeFormatImporter) -> (artifact id: 'c12df15cf19499afd59064d5e4588de3') in 0.0018117 seconds
Refreshing native plugins compatible for Editor in 2.70 ms, found 4 plugins.
Preloading 0 native plugins for Editor in 0.00 ms.
Asset Pipeline Refresh (id=5032714bbfc9c7c4784affe208501ac3): Total: 0.019 seconds - Initiated by StopAssetImportingV2(NoUpdateAssetOptions)
Start importing Assets/NoSafeCircle/DoorPrototype/Art/Enemies/Generated/LanternWraith_walk_south-east.anim using Guid(07d3783d9afbeac44a757e07dbcab145) (NativeFormatImporter) -> (artifact id: '63ecc9430715669da21a2c8c5d494fb4') in 0.0024142 seconds
Refreshing native plugins compatible for Editor in 2.05 ms, found 4 plugins.
Preloading 0 native plugins for Editor in 0.00 ms.
Asset Pipeline Refresh (id=97b210c9766db884baf7fcac958a9aff): Total: 0.017 seconds - Initiated by StopAssetImportingV2(NoUpdateAssetOptions)
Start importing Assets/NoSafeCircle/DoorPrototype/Art/Enemies/Generated/LanternWraith_idle_south.anim using Guid(3092ef60e861f9547880b6ecce7f2692) (NativeFormatImporter) -> (artifact id: '8e58f31b4bd31d28e841b00f09fa5585') in 0.0018927 seconds
Refreshing native plugins compatible for Editor in 2.29 ms, found 4 plugins.
Preloading 0 native plugins for Editor in 0.00 ms.
Asset Pipeline Refresh (id=ed5ce232fd9e1bd44a3b67cd8a6df7c8): Total: 0.016 seconds - Initiated by StopAssetImportingV2(NoUpdateAssetOptions)
Start importing Assets/NoSafeCircle/DoorPrototype/Art/Enemies/Generated/LanternWraith_walk_south.anim using Guid(dfb0714d2c37d0e46b93c69d85c6c7cd) (NativeFormatImporter) -> (artifact id: '01d642d17ad0712780cfc20aee54143d') in 0.0020101 seconds
Refreshing native plugins compatible for Editor in 2.03 ms, found 4 plugins.
Preloading 0 native plugins for Editor in 0.00 ms.
Asset Pipeline Refresh (id=b7990fb29acf35b4283f4c2e89453c04): Total: 0.016 seconds - Initiated by StopAssetImportingV2(NoUpdateAssetOptions)
Start importing Assets/NoSafeCircle/DoorPrototype/Art/Enemies/Generated/LanternWraith_idle_south-west.anim using Guid(d92c6f4502e1b8b4b9a1a8d3a2394bcf) (NativeFormatImporter) -> (artifact id: '81b14d130d6e5c731b4dd644cecf1109') in 0.001918 seconds
Refreshing native plugins compatible for Editor in 3.17 ms, found 4 plugins.
Preloading 0 native plugins for Editor in 0.00 ms.
Asset Pipeline Refresh (id=56c7c93ee1c545246ac91314b1cc3249): Total: 0.021 seconds - Initiated by StopAssetImportingV2(NoUpdateAssetOptions)
Start importing Assets/NoSafeCircle/DoorPrototype/Art/Enemies/Generated/LanternWraith_walk_south-west.anim using Guid(1d3945de3c7b8764abae1f202882c7f8) (NativeFormatImporter) -> (artifact id: 'cb8d52e50a98ad5e5b5e50929ab511f0') in 0.0025071 seconds
Refreshing native plugins compatible for Editor in 2.03 ms, found 4 plugins.
Preloading 0 native plugins for Editor in 0.00 ms.
Asset Pipeline Refresh (id=3e2fa128787431d4c8135bd836a1e69c): Total: 0.019 seconds - Initiated by StopAssetImportingV2(NoUpdateAssetOptions)
Start importing Assets/NoSafeCircle/DoorPrototype/Art/Enemies/Generated/LanternWraith_idle_west.anim using Guid(37a693f1465c6f54b8955bd46b50974a) (NativeFormatImporter) -> (artifact id: '50b7ff95e35b4f26984748047715c71c') in 0.0020195 seconds
Refreshing native plugins compatible for Editor in 2.48 ms, found 4 plugins.
Preloading 0 native plugins for Editor in 0.00 ms.
Asset Pipeline Refresh (id=2d901dc88dbcfa44f850ebf186ee971c): Total: 0.019 seconds - Initiated by StopAssetImportingV2(NoUpdateAssetOptions)
Start importing Assets/NoSafeCircle/DoorPrototype/Art/Enemies/Generated/LanternWraith_walk_west.anim using Guid(2cf1af3c7ee823b49a1d39889919db87) (NativeFormatImporter) -> (artifact id: 'bc2770092483749def292905332775c2') in 0.0024621 seconds
Refreshing native plugins compatible for Editor in 2.02 ms, found 4 plugins.
Preloading 0 native plugins for Editor in 0.00 ms.
Asset Pipeline Refresh (id=fb5746ae00d2d4847b1e954e56b9d8e5): Total: 0.016 seconds - Initiated by StopAssetImportingV2(NoUpdateAssetOptions)
Start importing Assets/NoSafeCircle/DoorPrototype/Art/Enemies/Generated/LanternWraith_idle_north-west.anim using Guid(c813f5355fe46c242905baef8ad25d27) (NativeFormatImporter) -> (artifact id: '3fd58afe97334ad0a69bd1e4d6149207') in 0.0020506 seconds
Refreshing native plugins compatible for Editor in 2.92 ms, found 4 plugins.
Preloading 0 native plugins for Editor in 0.00 ms.
Asset Pipeline Refresh (id=ce2ec176b6f0d07418025b671bde637c): Total: 0.020 seconds - Initiated by StopAssetImportingV2(NoUpdateAssetOptions)
Start importing Assets/NoSafeCircle/DoorPrototype/Art/Enemies/Generated/LanternWraith_walk_north-west.anim using Guid(77b1c2bb675820040a9fa66a27a6d8dc) (NativeFormatImporter) -> (artifact id: '8520ba7f13ea66e31f018cf4325ff289') in 0.002318 seconds
Refreshing native plugins compatible for Editor in 2.15 ms, found 4 plugins.
Preloading 0 native plugins for Editor in 0.00 ms.
Asset Pipeline Refresh (id=3f0de15e90c0bc7458cac54723a2074c): Total: 0.019 seconds - Initiated by StopAssetImportingV2(NoUpdateAssetOptions)
Start importing Assets/NoSafeCircle/DoorPrototype/Art/Enemies/Generated/LanternWraithAnimator.controller using Guid(0180b5ae94034f64d8f4afb61bd8e6f2) (NativeFormatImporter) -> (artifact id: 'bad2d06ac516515af3f667da6b725ef7') in 0.0023318 seconds
Refreshing native plugins compatible for Editor in 3.03 ms, found 4 plugins.
Preloading 0 native plugins for Editor in 0.00 ms.
Asset Pipeline Refresh (id=d26ade431f4ad4245abbc7756ba54f8e): Total: 0.020 seconds - Initiated by StopAssetImportingV2(NoUpdateAssetOptions)
Asset Pipeline Refresh (id=4df566e326382ba40a9e535cefbe47d1): Total: 0.001 seconds - Initiated by StopAssetImportingV2(NoUpdateAssetOptions)
Start importing Assets/Scenes/DoorPrototype.unity using Guid(92dbd0a3e6c18e245896a66c5120379d) (DefaultImporter) -> (artifact id: '94bd8999c3438b472f4bac3c886e1eed') in 0.0019823 seconds
Refreshing native plugins compatible for Editor in 2.27 ms, found 4 plugins.
Preloading 0 native plugins for Editor in 0.00 ms.
Asset Pipeline Refresh (id=0ac712d80fc729a4785f9564fc51cb54): Total: 0.021 seconds - Initiated by StopAssetImportingV2(NoUpdateAssetOptions)
Asset Pipeline Refresh (id=274cabeb2ab4a5040908ef2b9d741b0d): Total: 0.020 seconds - Initiated by RefreshV2(NoUpdateAssetOptions)
Door Prototype scene built at Assets/Scenes/DoorPrototype.unity
UnityEngine.Debug:ExtractStackTraceNoAlloc (byte*,int,string)
UnityEngine.StackTraceUtility:ExtractStackTrace ()
UnityEngine.DebugLogHandler:Internal_Log (UnityEngine.LogType,UnityEngine.LogOption,string,UnityEngine.Object)
UnityEngine.DebugLogHandler:LogFormat (UnityEngine.LogType,UnityEngine.Object,string,object[])
UnityEngine.Logger:Log (UnityEngine.LogType,object)
UnityEngine.Debug:Log (object)
NoSafeCircle.DoorPrototype.Editor.DoorPrototypeSceneBuilder:Build () (at Assets/NoSafeCircle/DoorPrototype/Editor/DoorPrototypeSceneBuilder.cs:128)

(Filename: Assets/NoSafeCircle/DoorPrototype/Editor/DoorPrototypeSceneBuilder.cs Line: 128)

Batchmode quit successfully invoked - shutting down!
[Physics::Module] Cleanup current backned.
[Physics::Module] Id: 0xf2b8ea05
Input System module state changed to: ShutdownInProgress.
Input System polling thread exited.
Input System module state changed to: Shutdown.
[Licensing::IpcConnector] LicenseClient-VincentLiguori-notifications channel disconnected successfully.
[Licensing::IpcConnector] LicenseClient-VincentLiguori channel disconnected successfully.
AcceleratorClientConnectionCallback - disconnected - :0
Cleanup mono
abort_threads: Failed aborting id: 0000000000007DBC, mono_thread_manage will ignore it

abort_threads: Failed aborting id: 0000000000002888, mono_thread_manage will ignore it

abort_threads: Failed aborting id: 0000000000007DBC, mono_thread_manage will ignore it

abort_threads: Failed aborting id: 0000000000002888, mono_thread_manage will ignore it

debugger-agent: Unable to listen on 4748
Exiting batchmode successfully now!
Exiting without the bug reporter. Application will terminate with return code 0