[Licensing::Module] Trying to connect to existing licensing client channel...
[Licensing::IpcConnector] Channel LicenseClient-VincentLiguori doesn't exist
[Licensing::Module] Successfully launched the LicensingClient (PId: 61036)
Starting IPC server.
Waiting for clients to connect on \\.\pipe\Unity-LicenseClient-VincentLiguori, press Ctrl-C to exit.
[Licensing::IpcConnector] Successfully connected to: "LicenseClient-VincentLiguori" at "2026-09-16T03:23:57.3036087Z"
[Licensing::Client] Code 10 while verifying Licensing Client signature (process Id: 61036, path: "C:/Program Files/Unity/Hub/Editor/6000.1.8f1/Editor/Data/Resources/Licensing/Client/Unity.Licensing.Client.exe")
[Licensing::Module] LicensingClient has failed validation; ignoring
[Licensing::Client] Handshaking with LicensingClient:
  Version:                 1.16.2+bdef8f5
  Session Id:              026768c37e1d4c65b80f403b68683182
  Correlation Id:          9c6d63b74c2430d627e70716d305366d
  External correlation Id: 9034128714274251867
  Machine Id:              HxO4LzPDSZi5N+Qj55f7MhdwfeY=
[Licensing::Module] Successfully connected to LicensingClient on channel: "LicenseClient-VincentLiguori" (connect: 0.56s, validation: 0.05s, handshake: 0.03s)
[Licensing::IpcConnector] Successfully connected to: "LicenseClient-VincentLiguori-notifications" at "2026-09-16T03:23:57.3908978Z"
[Licensing::Module] Connected to LicensingClient (PId: 61036, launch time: 0.01, total connection time: 0.65s)
[Licensing::Module] Error: Access token is unavailable; failed to update
[Licensing::Client] Successfully resolved entitlement details
[Licensing::Module] Serial number assigned to: "37203-UnityPersXXXX"
[Licensing::Client] Successfully updated license, isAync: True, time: 0.03
Built from '6000.1/staging' branch; Version is '6000.1.8f1 (2a5b1522e5ab) revision 2775829'; Using compiler version '194234433'; Build Type 'Release'
OS: 'Windows 11  (10.0.26200) 64bit Professional' Language: 'en' Physical Memory: 64969 MB
[Licensing::Client] Successfully resolved entitlement details
BatchMode: 1, IsHumanControllingUs: 0, StartBugReporterOnCrash: 0, Is64bit: 1, IsPro: 0
Date: 2026-09-16T03:23:57Z

COMMAND LINE ARGUMENTS:
C:\Program Files\Unity\Hub\Editor\6000.1.8f1\Editor\Unity.exe
-batchmode
-quit
-nographics
-projectPath
C:/NSC/NSC/NoSafeCircle
-executeMethod
NoSafeCircle.DoorPrototype.Editor.WebGLBuilder.BuildFinal
-nsc-output
F:/Portfolio/cathode26.github.io/NoSafeCircleFinal
-logFile
C:/nscrev/reports/webgl-build2.log
Successfully changed project path to: C:/NSC/NSC/NoSafeCircle
C:/NSC/NSC/NoSafeCircle
[UnityMemory] Configuration Parameters - Can be set up in boot.config
    "memorysetup-allocator-temp-initial-block-size-main=262144"
    "memorysetup-allocator-temp-initial-block-size-worker=262144"
    "memorysetup-bucket-allocator-granularity=16"
    "memorysetup-bucket-allocator-bucket-count=8"
    "memorysetup-bucket-allocator-block-size=33554432"
    "memorysetup-bucket-allocator-block-count=8"
    "memorysetup-main-allocator-block-size=16777216"
    "memorysetup-thread-allocator-block-size=16777216"
    "memorysetup-gfx-main-allocator-block-size=16777216"
    "memorysetup-gfx-thread-allocator-block-size=16777216"
    "memorysetup-cache-allocator-block-size=4194304"
    "memorysetup-typetree-allocator-block-size=2097152"
    "memorysetup-profiler-bucket-allocator-granularity=16"
    "memorysetup-profiler-bucket-allocator-bucket-count=8"
    "memorysetup-profiler-bucket-allocator-block-size=33554432"
    "memorysetup-profiler-bucket-allocator-block-count=8"
    "memorysetup-profiler-allocator-block-size=16777216"
    "memorysetup-profiler-editor-allocator-block-size=1048576"
    "memorysetup-temp-allocator-size-main=16777216"
    "memorysetup-job-temp-allocator-block-size=2097152"
    "memorysetup-job-temp-allocator-block-size-background=1048576"
    "memorysetup-job-temp-allocator-reduction-small-platforms=262144"
    "memorysetup-temp-allocator-size-background-worker=32768"
    "memorysetup-temp-allocator-size-job-worker=262144"
    "memorysetup-temp-allocator-size-preload-manager=33554432"
    "memorysetup-temp-allocator-size-nav-mesh-worker=65536"
    "memorysetup-temp-allocator-size-audio-worker=65536"
    "memorysetup-temp-allocator-size-cloud-worker=32768"
    "memorysetup-temp-allocator-size-gi-baking-worker=262144"
    "memorysetup-temp-allocator-size-gi-baking-worker=262144"
    "memorysetup-temp-allocator-size-gi-baking-worker=262144"
    "memorysetup-temp-allocator-size-gi-baking-worker=262144"
    "memorysetup-temp-allocator-size-gi-baking-worker=262144"
    "memorysetup-temp-allocator-size-gfx=262144"
Player connection [54112]  Target information:

Player connection [54112]  * "[IP] 172.28.64.1 [Port] 55504 [Flags] 2 [Guid] 2479095308 [EditorId] 2479095308 [Version] 1048832 [Id] WindowsEditor(7,DESKTOP-6LMNLCK) [Debug] 1 [PackageName] WindowsEditor [ProjectName] Editor" 

Player connection [54112]  * "[IP] 192.168.1.196 [Port] 55504 [Flags] 2 [Guid] 2479095308 [EditorId] 2479095308 [Version] 1048832 [Id] WindowsEditor(7,DESKTOP-6LMNLCK) [Debug] 1 [PackageName] WindowsEditor [ProjectName] Editor" 

Player connection [54112] Host joined multi-casting on [225.0.0.222:54997]...
Player connection [54112] Host joined alternative multi-casting on [225.0.0.222:34997]...
Input System module state changed to: Initialized.
[Physics::Module] Initialized fallback backend.
[Physics::Module] Id: 0xdecafbad
[Package Manager] Connected to IPC stream "Upm-43232" after 0.2 seconds.
Library Redirect Path: Library/
[Package Manager] Restoring resolved packages state from cache
[Licensing::Client] Successfully resolved entitlement details
[Package Manager] Registered 56 packages:
  Packages from [https://packages.unity.com]:
    com.unity.ai.navigation@2.0.14 (location: C:\NSC\NSC\NoSafeCircle\Library\PackageCache\com.unity.ai.navigation@134dd6a3b97b)
    com.unity.collab-proxy@2.13.5 (location: C:\NSC\NSC\NoSafeCircle\Library\PackageCache\com.unity.collab-proxy@120d77864ebc)
    com.unity.inputsystem@1.14.0 (location: C:\NSC\NSC\NoSafeCircle\Library\PackageCache\com.unity.inputsystem@7fe8299111a7)
    com.unity.timeline@1.8.7 (location: C:\NSC\NSC\NoSafeCircle\Library\PackageCache\com.unity.timeline@c58b4ee65782)
    com.unity.visualscripting@1.9.7 (location: C:\NSC\NSC\NoSafeCircle\Library\PackageCache\com.unity.visualscripting@6279e2b7c485)
    com.unity.ide.visualstudio@2.0.23 (location: C:\NSC\NSC\NoSafeCircle\Library\PackageCache\com.unity.ide.visualstudio@198cdf337d13)
    com.unity.ide.rider@3.0.36 (location: C:\NSC\NSC\NoSafeCircle\Library\PackageCache\com.unity.ide.rider@4d374c7eb6db)
    com.unity.editorcoroutines@1.0.0 (location: C:\NSC\NSC\NoSafeCircle\Library\PackageCache\com.unity.editorcoroutines@7d48783e7b8c)
    com.unity.performance.profile-analyzer@1.2.3 (location: C:\NSC\NSC\NoSafeCircle\Library\PackageCache\com.unity.performance.profile-analyzer@a68e7bc84997)
    com.unity.testtools.codecoverage@1.2.6 (location: C:\NSC\NSC\NoSafeCircle\Library\PackageCache\com.unity.testtools.codecoverage@205a02cbcb39)
    com.unity.collections@2.6.8 (location: C:\NSC\NSC\NoSafeCircle\Library\PackageCache\com.unity.collections@84e8eb3fc12e)
    com.unity.settings-manager@2.1.0 (location: C:\NSC\NSC\NoSafeCircle\Library\PackageCache\com.unity.settings-manager@41738c275190)
    com.unity.burst@1.8.29 (location: C:\NSC\NSC\NoSafeCircle\Library\PackageCache\com.unity.burst@6bb9aca3ef38)
    com.unity.mathematics@1.3.2 (location: C:\NSC\NSC\NoSafeCircle\Library\PackageCache\com.unity.mathematics@8017b507cc74)
    com.unity.nuget.mono-cecil@1.11.6 (location: C:\NSC\NSC\NoSafeCircle\Library\PackageCache\com.unity.nuget.mono-cecil@ecb9724e46ff)
    com.unity.test-framework.performance@3.1.0 (location: C:\NSC\NSC\NoSafeCircle\Library\PackageCache\com.unity.test-framework.performance@92d1d09a72ed)
  Built-in packages:
    com.unity.2d.tilemap@1.0.0 (location: C:\NSC\NSC\NoSafeCircle\Library\PackageCache\com.unity.2d.tilemap@855769f9baae)
    com.unity.feature.development@1.0.2 (location: C:\NSC\NSC\NoSafeCircle\Library\PackageCache\com.unity.feature.development@767aadbc6eb7)
    com.unity.multiplayer.center@1.0.0 (location: C:\NSC\NSC\NoSafeCircle\Library\PackageCache\com.unity.multiplayer.center@f3fb577b3546)
    com.unity.ugui@2.0.0 (location: C:\NSC\NSC\NoSafeCircle\Library\PackageCache\com.unity.ugui@57cef44123c7)
    com.unity.modules.accessibility@1.0.0 (location: C:\Program Files\Unity\Hub\Editor\6000.1.8f1\Editor\Data\Resources\PackageManager\BuiltInPackages\com.unity.modules.accessibility)
    com.unity.modules.ai@1.0.0 (location: C:\Program Files\Unity\Hub\Editor\6000.1.8f1\Editor\Data\Resources\PackageManager\BuiltInPackages\com.unity.modules.ai)
    com.unity.modules.androidjni@1.0.0 (location: C:\Program Files\Unity\Hub\Editor\6000.1.8f1\Editor\Data\Resources\PackageManager\BuiltInPackages\com.unity.modules.androidjni)
    com.unity.modules.animation@1.0.0 (location: C:\Program Files\Unity\Hub\Editor\6000.1.8f1\Editor\Data\Resources\PackageManager\BuiltInPackages\com.unity.modules.animation)
    com.unity.modules.assetbundle@1.0.0 (location: C:\Program Files\Unity\Hub\Editor\6000.1.8f1\Editor\Data\Resources\PackageManager\BuiltInPackages\com.unity.modules.assetbundle)
    com.unity.modules.audio@1.0.0 (location: C:\Program Files\Unity\Hub\Editor\6000.1.8f1\Editor\Data\Resources\PackageManager\BuiltInPackages\com.unity.modules.audio)
    com.unity.modules.cloth@1.0.0 (location: C:\Program Files\Unity\Hub\Editor\6000.1.8f1\Editor\Data\Resources\PackageManager\BuiltInPackages\com.unity.modules.cloth)
    com.unity.modules.director@1.0.0 (location: C:\Program Files\Unity\Hub\Editor\6000.1.8f1\Editor\Data\Resources\PackageManager\BuiltInPackages\com.unity.modules.director)
    com.unity.modules.imageconversion@1.0.0 (location: C:\Program Files\Unity\Hub\Editor\6000.1.8f1\Editor\Data\Resources\PackageManager\BuiltInPackages\com.unity.modules.imageconversion)
    com.unity.modules.imgui@1.0.0 (location: C:\Program Files\Unity\Hub\Editor\6000.1.8f1\Editor\Data\Resources\PackageManager\BuiltInPackages\com.unity.modules.imgui)
    com.unity.modules.jsonserialize@1.0.0 (location: C:\Program Files\Unity\Hub\Editor\6000.1.8f1\Editor\Data\Resources\PackageManager\BuiltInPackages\com.unity.modules.jsonserialize)
    com.unity.modules.particlesystem@1.0.0 (location: C:\Program Files\Unity\Hub\Editor\6000.1.8f1\Editor\Data\Resources\PackageManager\BuiltInPackages\com.unity.modules.particlesystem)
    com.unity.modules.physics@1.0.0 (location: C:\Program Files\Unity\Hub\Editor\6000.1.8f1\Editor\Data\Resources\PackageManager\BuiltInPackages\com.unity.modules.physics)
    com.unity.modules.physics2d@1.0.0 (location: C:\Program Files\Unity\Hub\Editor\6000.1.8f1\Editor\Data\Resources\PackageManager\BuiltInPackages\com.unity.modules.physics2d)
    com.unity.modules.screencapture@1.0.0 (location: C:\Program Files\Unity\Hub\Editor\6000.1.8f1\Editor\Data\Resources\PackageManager\BuiltInPackages\com.unity.modules.screencapture)
    com.unity.modules.terrain@1.0.0 (location: C:\Program Files\Unity\Hub\Editor\6000.1.8f1\Editor\Data\Resources\PackageManager\BuiltInPackages\com.unity.modules.terrain)
    com.unity.modules.terrainphysics@1.0.0 (location: C:\Program Files\Unity\Hub\Editor\6000.1.8f1\Editor\Data\Resources\PackageManager\BuiltInPackages\com.unity.modules.terrainphysics)
    com.unity.modules.tilemap@1.0.0 (location: C:\Program Files\Unity\Hub\Editor\6000.1.8f1\Editor\Data\Resources\PackageManager\BuiltInPackages\com.unity.modules.tilemap)
    com.unity.modules.ui@1.0.0 (location: C:\Program Files\Unity\Hub\Editor\6000.1.8f1\Editor\Data\Resources\PackageManager\BuiltInPackages\com.unity.modules.ui)
    com.unity.modules.uielements@1.0.0 (location: C:\Program Files\Unity\Hub\Editor\6000.1.8f1\Editor\Data\Resources\PackageManager\BuiltInPackages\com.unity.modules.uielements)
    com.unity.modules.umbra@1.0.0 (location: C:\Program Files\Unity\Hub\Editor\6000.1.8f1\Editor\Data\Resources\PackageManager\BuiltInPackages\com.unity.modules.umbra)
    com.unity.modules.unityanalytics@1.0.0 (location: C:\Program Files\Unity\Hub\Editor\6000.1.8f1\Editor\Data\Resources\PackageManager\BuiltInPackages\com.unity.modules.unityanalytics)
    com.unity.modules.unitywebrequest@1.0.0 (location: C:\Program Files\Unity\Hub\Editor\6000.1.8f1\Editor\Data\Resources\PackageManager\BuiltInPackages\com.unity.modules.unitywebrequest)
    com.unity.modules.unitywebrequestassetbundle@1.0.0 (location: C:\Program Files\Unity\Hub\Editor\6000.1.8f1\Editor\Data\Resources\PackageManager\BuiltInPackages\com.unity.modules.unitywebrequestassetbundle)
    com.unity.modules.unitywebrequestaudio@1.0.0 (location: C:\Program Files\Unity\Hub\Editor\6000.1.8f1\Editor\Data\Resources\PackageManager\BuiltInPackages\com.unity.modules.unitywebrequestaudio)
    com.unity.modules.unitywebrequesttexture@1.0.0 (location: C:\Program Files\Unity\Hub\Editor\6000.1.8f1\Editor\Data\Resources\PackageManager\BuiltInPackages\com.unity.modules.unitywebrequesttexture)
    com.unity.modules.unitywebrequestwww@1.0.0 (location: C:\Program Files\Unity\Hub\Editor\6000.1.8f1\Editor\Data\Resources\PackageManager\BuiltInPackages\com.unity.modules.unitywebrequestwww)
    com.unity.modules.vehicles@1.0.0 (location: C:\Program Files\Unity\Hub\Editor\6000.1.8f1\Editor\Data\Resources\PackageManager\BuiltInPackages\com.unity.modules.vehicles)
    com.unity.modules.video@1.0.0 (location: C:\Program Files\Unity\Hub\Editor\6000.1.8f1\Editor\Data\Resources\PackageManager\BuiltInPackages\com.unity.modules.video)
    com.unity.modules.vr@1.0.0 (location: C:\Program Files\Unity\Hub\Editor\6000.1.8f1\Editor\Data\Resources\PackageManager\BuiltInPackages\com.unity.modules.vr)
    com.unity.modules.wind@1.0.0 (location: C:\Program Files\Unity\Hub\Editor\6000.1.8f1\Editor\Data\Resources\PackageManager\BuiltInPackages\com.unity.modules.wind)
    com.unity.modules.xr@1.0.0 (location: C:\Program Files\Unity\Hub\Editor\6000.1.8f1\Editor\Data\Resources\PackageManager\BuiltInPackages\com.unity.modules.xr)
    com.unity.modules.subsystems@1.0.0 (location: C:\Program Files\Unity\Hub\Editor\6000.1.8f1\Editor\Data\Resources\PackageManager\BuiltInPackages\com.unity.modules.subsystems)
    com.unity.modules.hierarchycore@1.0.0 (location: C:\Program Files\Unity\Hub\Editor\6000.1.8f1\Editor\Data\Resources\PackageManager\BuiltInPackages\com.unity.modules.hierarchycore)
    com.unity.test-framework@1.5.1 (location: C:\NSC\NSC\NoSafeCircle\Library\PackageCache\com.unity.test-framework@7056e7f856e9)
    com.unity.ext.nunit@2.0.5 (location: C:\NSC\NSC\NoSafeCircle\Library\PackageCache\com.unity.ext.nunit@031a54704bff)
[Physics::Module] Selected backend.
[Physics::Module] Name: PhysX
[Physics::Module] Id: 0xf2b8ea05
[Physics::Module] SDK Version: 4.1.2
[Physics::Module] Integration Version: 1.0.0
[Physics::Module] Threading Mode: Multi-Threaded
[Subsystems] No new subsystems found in resolved package list.
Package Manager log level set to [2]
[Package Manager] Done registering packages in 0.39 seconds
Artifact Garbage Collection - Removed 2 unused hashed content files
Refreshing native plugins compatible for Editor in 3.80 ms, found 4 plugins.
Preloading 0 native plugins for Editor in 0.00 ms.
Initialize engine version: 6000.1.8f1 (2a5b1522e5ab)
[Subsystems] Discovering subsystems at path C:/Program Files/Unity/Hub/Editor/6000.1.8f1/Editor/Data/Resources/UnitySubsystems
[Subsystems] Discovering subsystems at path C:/NSC/NSC/NoSafeCircle/Assets
Forcing GfxDevice: Null
GfxDevice: creating device client; kGfxThreadingModeNonThreaded
NullGfxDevice:
    Version:  NULL 1.0 [1.0]
    Renderer: Null Device
    Vendor:   Unity Technologies
[Licensing::Client] Successfully resolved entitlement details
Initialize mono
Mono path[0] = 'C:/Program Files/Unity/Hub/Editor/6000.1.8f1/Editor/Data/Managed'
Mono path[1] = 'C:/Program Files/Unity/Hub/Editor/6000.1.8f1/Editor/Data/MonoBleedingEdge/lib/mono/unityjit-win32'
Mono config path = 'C:/Program Files/Unity/Hub/Editor/6000.1.8f1/Editor/Data/MonoBleedingEdge/etc'
Using monoOptions --debugger-agent=transport=dt_socket,embedding=1,server=y,suspend=n,address=127.0.0.1:56232
Using cacheserver namespaces - metadata:defaultmetadata, artifacts:defaultartifacts
Using cacheserver namespaces - metadata:defaultmetadata, artifacts:defaultartifacts
ImportWorker Server TCP listen port: 0
AcceleratorClientConnectionCallback - disconnected - :0
Begin MonoManager ReloadAssembly
Registering precompiled unity dll's ...
Register platform support module: C:/Program Files/Unity/Hub/Editor/6000.1.8f1/Editor/Data/PlaybackEngines/WebGLSupport/UnityEditor.WebGL.Extensions.dll
Register platform support module: C:/Program Files/Unity/Hub/Editor/6000.1.8f1/Editor/Data/PlaybackEngines/WindowsStandaloneSupport/UnityEditor.WindowsStandalone.Extensions.dll
Registered in 0.003900 seconds.
- Loaded All Assemblies, in  0.325 seconds
Native extension for WindowsStandalone target not found
Native extension for WebGL target not found
Mono: successfully reloaded assembly
- Finished resetting the current domain, in  0.275 seconds
Domain Reload Profiling: 598ms
	BeginReloadAssembly (118ms)
		ExecutionOrderSort (0ms)
		DisableScriptedObjects (0ms)
		BackupInstance (0ms)
		ReleaseScriptingObjects (0ms)
		CreateAndSetChildDomain (1ms)
	RebuildCommonClasses (27ms)
	RebuildNativeTypeToScriptingClass (10ms)
	initialDomainReloadingComplete (49ms)
	LoadAllAssembliesAndSetupDomain (119ms)
		LoadAssemblies (116ms)
		RebuildTransferFunctionScriptingTraits (0ms)
		AnalyzeDomain (116ms)
			TypeCache.Refresh (114ms)
				TypeCache.ScanAssembly (104ms)
			BuildScriptInfoCaches (0ms)
			ResolveRequiredComponents (0ms)
	FinalizeReload (275ms)
		ReleaseScriptCaches (0ms)
		RebuildScriptCaches (0ms)
		SetupLoadedEditorAssemblies (248ms)
			LogAssemblyErrors (0ms)
			InitializePlatformSupportModulesInManaged (48ms)
			SetLoadedEditorAssemblies (4ms)
			BeforeProcessingInitializeOnLoad (47ms)
			ProcessInitializeOnLoadAttributes (104ms)
			ProcessInitializeOnLoadMethodAttributes (46ms)
			AfterProcessingInitializeOnLoad (0ms)
			EditorAssembliesLoaded (0ms)
		ExecutionOrderSort2 (0ms)
		AwakeInstancesAfterBackupRestoration (0ms)
[Licensing::Client] Successfully resolved entitlement details
Application.AssetDatabase Initial Refresh Start
[ScriptCompilation] Requested script compilation because: Assetdatabase observed changes in script compilation related files
info: Microsoft.Hosting.Lifetime[14]
      Now listening on: http://localhost:80
info: Microsoft.Hosting.Lifetime[0]
      Application started. Press Ctrl+C to shut down.
info: Microsoft.Hosting.Lifetime[0]
      Hosting environment: Production
info: Microsoft.Hosting.Lifetime[0]
      Content root path: C:\NSC\NSC\NoSafeCircle\
info: Microsoft.AspNetCore.Hosting.Diagnostics[1]
      Request starting HTTP/2 POST http://ilpp/UnityILPP.PostProcessing/Ping application/grpc -
info: Microsoft.AspNetCore.Routing.EndpointMiddleware[0]
      Executing endpoint 'gRPC - /UnityILPP.PostProcessing/Ping'
info: Microsoft.AspNetCore.Routing.EndpointMiddleware[1]
      Executed endpoint 'gRPC - /UnityILPP.PostProcessing/Ping'
info: Microsoft.AspNetCore.Hosting.Diagnostics[2]
      Request finished HTTP/2 POST http://ilpp/UnityILPP.PostProcessing/Ping application/grpc - - 200 - application/grpc 33.8512ms
Starting: C:\Program Files\Unity\Hub\Editor\6000.1.8f1\Editor\Data\bee_backend.exe --ipc --defer-dag-verification --dagfile="Library/Bee/2000b0aEDbg.dag" --continue-on-failure --profile="Library/Bee/backend1.traceevents" ScriptAssemblies
WorkingDir: C:/NSC/NSC/NoSafeCircle
ExitCode: 4 Duration: 0s44ms
[             ] Require frontend run.  Library/Bee/2000b0aEDbg.dag couldn't be loaded
DisplayProgressbar: Compiling Scripts
Starting: C:\Program Files\Unity\Hub\Editor\6000.1.8f1\Editor\Data\Tools\netcorerun\netcorerun.exe "C:\Program Files\Unity\Hub\Editor\6000.1.8f1\Editor\Data\Tools\BuildPipeline\ScriptCompilationBuildProgram.exe" "Library/Bee/2000b0aEDbg.dag.json" "Library/Bee/2000b0aEDbg-inputdata.json" "Library\Bee\buildprogram0.traceevents"
WorkingDir: C:/NSC/NSC/NoSafeCircle
ExitCode: 0 Duration: 0s494ms
Starting: C:\Program Files\Unity\Hub\Editor\6000.1.8f1\Editor\Data\bee_backend.exe --ipc --defer-dag-verification --dagfile="Library/Bee/2000b0aEDbg.dag" --continue-on-failure --dagfilejson="Library\Bee\2000b0aEDbg.dag.json" --profile="Library/Bee/backend2.traceevents" ScriptAssemblies
WorkingDir: C:/NSC/NSC/NoSafeCircle
info: Microsoft.AspNetCore.Hosting.Diagnostics[1]
      Request starting HTTP/2 POST http://ilpp/UnityILPP.PostProcessing/ConfigurePostProcessors application/grpc -
info: Microsoft.AspNetCore.Routing.EndpointMiddleware[0]
      Executing endpoint 'gRPC - /UnityILPP.PostProcessing/ConfigurePostProcessors'
warn: Unity.ILPP.Runner.PostProcessingAssemblyLoadContext[0]
      Assembly system.runtime.interopservices.windowsruntime has duplicate hint path. Ignoring "C:\Program Files\Unity\Hub\Editor\6000.1.8f1\Editor\Data\UnityReferenceAssemblies\unity-4.8-api\Facades\System.Runtime.InteropServices.WindowsRuntime.dll" in favor of "C:\Program Files\Unity\Hub\Editor\6000.1.8f1\Editor\Data\NetStandard\Extensions\2.0.0\System.Runtime.InteropServices.WindowsRuntime.dll"
warn: Unity.ILPP.Runner.PostProcessingAssemblyLoadContext[0]
      Assembly system.componentmodel.composition has duplicate hint path. Ignoring "C:\Program Files\Unity\Hub\Editor\6000.1.8f1\Editor\Data\UnityReferenceAssemblies\unity-4.8-api\System.ComponentModel.Composition.dll" in favor of "C:\Program Files\Unity\Hub\Editor\6000.1.8f1\Editor\Data\NetStandard\compat\2.1.0\shims\netfx\System.ComponentModel.Composition.dll"
info: Unity.ILPP.Runner.PostProcessingAssemblyLoadContext[0]
      Resolved Unity.Burst.Cecil, Version=0.11.6.0, Culture=neutral, PublicKeyToken=50cebf1cceb9d05e with Library\PackageCache\com.unity.burst@6bb9aca3ef38\Unity.Burst.CodeGen\Unity.Burst.Cecil.dll
info: Unity.ILPP.Runner.PostProcessingAssemblyLoadContext[0]
      Resolved Mono.Cecil, Version=0.11.5.0, Culture=neutral, PublicKeyToken=50cebf1cceb9d05e with Library\PackageCache\com.unity.nuget.mono-cecil@ecb9724e46ff\Mono.Cecil.dll
info: Microsoft.AspNetCore.Routing.EndpointMiddleware[1]
      Executed endpoint 'gRPC - /UnityILPP.PostProcessing/ConfigurePostProcessors'
info: Microsoft.AspNetCore.Hosting.Diagnostics[2]
      Request finished HTTP/2 POST http://ilpp/UnityILPP.PostProcessing/ConfigurePostProcessors application/grpc - - 200 - application/grpc 209.5102ms
info: Microsoft.AspNetCore.Hosting.Diagnostics[1]
      Request starting HTTP/2 POST http://ilpp/UnityILPP.PostProcessing/PostProcessAssembly application/grpc -
info: Microsoft.AspNetCore.Routing.EndpointMiddleware[0]
      Executing endpoint 'gRPC - /UnityILPP.PostProcessing/PostProcessAssembly'
info: Unity.ILPP.Runner.PostProcessingPipeline[0]
      Processing assembly Library/Bee/artifacts/2000b0aEDbg.dag/UnityEngine.UI.dll, with 116 defines and 255 references
info: Unity.ILPP.Runner.PostProcessingPipeline[0]
      processors: Unity.Jobs.CodeGen.JobsILPostProcessor, zzzUnity.Burst.CodeGen.BurstILPostProcessor
info: Unity.ILPP.Runner.PostProcessingPipeline[0]
      running Unity.Jobs.CodeGen.JobsILPostProcessor
info: Unity.ILPP.Runner.PostProcessingPipeline[0]
      running zzzUnity.Burst.CodeGen.BurstILPostProcessor
info: Microsoft.AspNetCore.Routing.EndpointMiddleware[1]
      Executed endpoint 'gRPC - /UnityILPP.PostProcessing/PostProcessAssembly'
info: Microsoft.AspNetCore.Hosting.Diagnostics[2]
      Request finished HTTP/2 POST http://ilpp/UnityILPP.PostProcessing/PostProcessAssembly application/grpc - - 200 - application/grpc 21.2751ms
info: Microsoft.AspNetCore.Hosting.Diagnostics[1]
      Request starting HTTP/2 POST http://ilpp/UnityILPP.PostProcessing/PostProcessAssembly application/grpc -
info: Microsoft.AspNetCore.Routing.EndpointMiddleware[0]
      Executing endpoint 'gRPC - /UnityILPP.PostProcessing/PostProcessAssembly'
info: Microsoft.AspNetCore.Hosting.Diagnostics[1]
      Request starting HTTP/2 POST http://ilpp/UnityILPP.PostProcessing/PostProcessAssembly application/grpc -
info: Microsoft.AspNetCore.Routing.EndpointMiddleware[0]
      Executing endpoint 'gRPC - /UnityILPP.PostProcessing/PostProcessAssembly'
info: Unity.ILPP.Runner.PostProcessingPipeline[0]
      Processing assembly Library/Bee/artifacts/2000b0aEDbg.dag/Unity.AI.Navigation.Editor.dll, with 109 defines and 271 references
info: Unity.ILPP.Runner.PostProcessingPipeline[0]
      processors: Unity.Jobs.CodeGen.JobsILPostProcessor, zzzUnity.Burst.CodeGen.BurstILPostProcessor
info: Unity.ILPP.Runner.PostProcessingPipeline[0]
      running Unity.Jobs.CodeGen.JobsILPostProcessor
info: Unity.ILPP.Runner.PostProcessingPipeline[0]
      running zzzUnity.Burst.CodeGen.BurstILPostProcessor
info: Unity.ILPP.Runner.PostProcessingPipeline[0]
      Processing assembly Library/Bee/artifacts/2000b0aEDbg.dag/Unity.Collections.dll, with 112 defines and 259 references
info: Unity.ILPP.Runner.PostProcessingPipeline[0]
      processors: Unity.Jobs.CodeGen.JobsILPostProcessor, zzzUnity.Burst.CodeGen.BurstILPostProcessor
info: Unity.ILPP.Runner.PostProcessingPipeline[0]
      running Unity.Jobs.CodeGen.JobsILPostProcessor
info: Microsoft.AspNetCore.Routing.EndpointMiddleware[1]
      Executed endpoint 'gRPC - /UnityILPP.PostProcessing/PostProcessAssembly'
info: Microsoft.AspNetCore.Hosting.Diagnostics[2]
      Request finished HTTP/2 POST http://ilpp/UnityILPP.PostProcessing/PostProcessAssembly application/grpc - - 200 - application/grpc 4.1476ms
info: Microsoft.AspNetCore.Hosting.Diagnostics[1]
      Request starting HTTP/2 POST http://ilpp/UnityILPP.PostProcessing/PostProcessAssembly application/grpc -
info: Microsoft.AspNetCore.Hosting.Diagnostics[1]
      Request starting HTTP/2 POST http://ilpp/UnityILPP.PostProcessing/PostProcessAssembly application/grpc -
info: Microsoft.AspNetCore.Routing.EndpointMiddleware[0]
      Executing endpoint 'gRPC - /UnityILPP.PostProcessing/PostProcessAssembly'
info: Microsoft.AspNetCore.Routing.EndpointMiddleware[0]
      Executing endpoint 'gRPC - /UnityILPP.PostProcessing/PostProcessAssembly'
info: Unity.ILPP.Runner.PostProcessingPipeline[0]
      Processing assembly Library/Bee/artifacts/2000b0aEDbg.dag/Unity.Burst.dll, with 110 defines and 241 references
info: Unity.ILPP.Runner.PostProcessingPipeline[0]
      processors: Unity.Jobs.CodeGen.JobsILPostProcessor, zzzUnity.Burst.CodeGen.BurstILPostProcessor
info: Unity.ILPP.Runner.PostProcessingPipeline[0]
      Processing assembly Library/Bee/artifacts/2000b0aEDbg.dag/Unity.InputSystem.TestFramework.dll, with 111 defines and 241 references
info: Unity.ILPP.Runner.PostProcessingPipeline[0]
      processors: Unity.Jobs.CodeGen.JobsILPostProcessor, zzzUnity.Burst.CodeGen.BurstILPostProcessor
info: Microsoft.AspNetCore.Hosting.Diagnostics[1]
      Request starting HTTP/2 POST http://ilpp/UnityILPP.PostProcessing/PostProcessAssembly application/grpc -
info: Microsoft.AspNetCore.Routing.EndpointMiddleware[0]
      Executing endpoint 'gRPC - /UnityILPP.PostProcessing/PostProcessAssembly'
info: Microsoft.AspNetCore.Hosting.Diagnostics[1]
      Request starting HTTP/2 POST http://ilpp/UnityILPP.PostProcessing/PostProcessAssembly application/grpc -
info: Microsoft.AspNetCore.Hosting.Diagnostics[1]
      Request starting HTTP/2 POST http://ilpp/UnityILPP.PostProcessing/PostProcessAssembly application/grpc -
info: Microsoft.AspNetCore.Routing.EndpointMiddleware[0]
      Executing endpoint 'gRPC - /UnityILPP.PostProcessing/PostProcessAssembly'
info: Unity.ILPP.Runner.PostProcessingPipeline[0]
      Processing assembly Library/Bee/artifacts/2000b0aEDbg.dag/NoSafeCircle.DoorPrototype.Tests.dll, with 110 defines and 244 references
info: Unity.ILPP.Runner.PostProcessingPipeline[0]
      processors: Unity.Jobs.CodeGen.JobsILPostProcessor, zzzUnity.Burst.CodeGen.BurstILPostProcessor
info: Unity.ILPP.Runner.PostProcessingPipeline[0]
      Processing assembly Library/Bee/artifacts/2000b0aEDbg.dag/Unity.Mathematics.dll, with 110 defines and 257 references
info: Unity.ILPP.Runner.PostProcessingPipeline[0]
      processors: Unity.Jobs.CodeGen.JobsILPostProcessor, zzzUnity.Burst.CodeGen.BurstILPostProcessor
info: Microsoft.AspNetCore.Routing.EndpointMiddleware[0]
      Executing endpoint 'gRPC - /UnityILPP.PostProcessing/PostProcessAssembly'
info: Microsoft.AspNetCore.Hosting.Diagnostics[1]
      Request starting HTTP/2 POST http://ilpp/UnityILPP.PostProcessing/PostProcessAssembly application/grpc -
info: Microsoft.AspNetCore.Routing.EndpointMiddleware[0]
      Executing endpoint 'gRPC - /UnityILPP.PostProcessing/PostProcessAssembly'
info: Unity.ILPP.Runner.PostProcessingPipeline[0]
      running Unity.Jobs.CodeGen.JobsILPostProcessor
info: Unity.ILPP.Runner.PostProcessingPipeline[0]
      running zzzUnity.Burst.CodeGen.BurstILPostProcessor
info: Unity.ILPP.Runner.PostProcessingPipeline[0]
      Processing assembly Library/Bee/artifacts/2000b0aEDbg.dag/deVoid.Signals.dll, with 110 defines and 257 references
info: Unity.ILPP.Runner.PostProcessingPipeline[0]
      processors: Unity.Jobs.CodeGen.JobsILPostProcessor, zzzUnity.Burst.CodeGen.BurstILPostProcessor
info: Unity.ILPP.Runner.PostProcessingPipeline[0]
      running Unity.Jobs.CodeGen.JobsILPostProcessor
info: Unity.ILPP.Runner.PostProcessingPipeline[0]
      running zzzUnity.Burst.CodeGen.BurstILPostProcessor
info: Unity.ILPP.Runner.PostProcessingPipeline[0]
      running Unity.Jobs.CodeGen.JobsILPostProcessor
info: Unity.ILPP.Runner.PostProcessingPipeline[0]
      running zzzUnity.Burst.CodeGen.BurstILPostProcessor
info: Unity.ILPP.Runner.PostProcessingPipeline[0]
      running Unity.Jobs.CodeGen.JobsILPostProcessor
info: Unity.ILPP.Runner.PostProcessingPipeline[0]
      running zzzUnity.Burst.CodeGen.BurstILPostProcessor
info: Unity.ILPP.Runner.PostProcessingPipeline[0]
      Processing assembly Library/Bee/artifacts/2000b0aEDbg.dag/Unity.AI.Navigation.dll, with 111 defines and 257 references
info: Unity.ILPP.Runner.PostProcessingPipeline[0]
      processors: Unity.Jobs.CodeGen.JobsILPostProcessor, zzzUnity.Burst.CodeGen.BurstILPostProcessor
info: Unity.ILPP.Runner.PostProcessingPipeline[0]
      running Unity.Jobs.CodeGen.JobsILPostProcessor
info: Unity.ILPP.Runner.PostProcessingPipeline[0]
      running Unity.Jobs.CodeGen.JobsILPostProcessor
info: Unity.ILPP.Runner.PostProcessingPipeline[0]
      running zzzUnity.Burst.CodeGen.BurstILPostProcessor
info: Unity.ILPP.Runner.PostProcessingPipeline[0]
      running zzzUnity.Burst.CodeGen.BurstILPostProcessor
info: Microsoft.AspNetCore.Hosting.Diagnostics[1]
      Request starting HTTP/2 POST http://ilpp/UnityILPP.PostProcessing/PostProcessAssembly application/grpc -
info: Microsoft.AspNetCore.Routing.EndpointMiddleware[0]
      Executing endpoint 'gRPC - /UnityILPP.PostProcessing/PostProcessAssembly'
info: Unity.ILPP.Runner.PostProcessingPipeline[0]
      Processing assembly Library/Bee/artifacts/2000b0aEDbg.dag/NoSafeCircle.DoorPrototype.dll, with 110 defines and 260 references
info: Microsoft.AspNetCore.Hosting.Diagnostics[1]
      Request starting HTTP/2 POST http://ilpp/UnityILPP.PostProcessing/PostProcessAssembly application/grpc -
info: Unity.ILPP.Runner.PostProcessingPipeline[0]
      processors: Unity.Jobs.CodeGen.JobsILPostProcessor, zzzUnity.Burst.CodeGen.BurstILPostProcessor
info: Microsoft.AspNetCore.Routing.EndpointMiddleware[0]
      Executing endpoint 'gRPC - /UnityILPP.PostProcessing/PostProcessAssembly'
info: Microsoft.AspNetCore.Routing.EndpointMiddleware[1]
      Executed endpoint 'gRPC - /UnityILPP.PostProcessing/PostProcessAssembly'
info: Microsoft.AspNetCore.Routing.EndpointMiddleware[1]
      Executed endpoint 'gRPC - /UnityILPP.PostProcessing/PostProcessAssembly'
info: Unity.ILPP.Runner.PostProcessingPipeline[0]
      Processing assembly Library/Bee/artifacts/2000b0aEDbg.dag/Unity.Timeline.dll, with 111 defines and 257 references
info: Unity.ILPP.Runner.PostProcessingPipeline[0]
      processors: Unity.Jobs.CodeGen.JobsILPostProcessor, zzzUnity.Burst.CodeGen.BurstILPostProcessor
info: Microsoft.AspNetCore.Hosting.Diagnostics[2]
      Request finished HTTP/2 POST http://ilpp/UnityILPP.PostProcessing/PostProcessAssembly application/grpc - - 200 - application/grpc 14.9103ms
info: Microsoft.AspNetCore.Hosting.Diagnostics[2]
      Request finished HTTP/2 POST http://ilpp/UnityILPP.PostProcessing/PostProcessAssembly application/grpc - - 200 - application/grpc 14.9387ms
info: Unity.ILPP.Runner.PostProcessingPipeline[0]
      running Unity.Jobs.CodeGen.JobsILPostProcessor
info: Unity.ILPP.Runner.PostProcessingPipeline[0]
      running Unity.Jobs.CodeGen.JobsILPostProcessor
info: Unity.ILPP.Runner.PostProcessingPipeline[0]
      running zzzUnity.Burst.CodeGen.BurstILPostProcessor
info: Unity.ILPP.Runner.PostProcessingPipeline[0]
      running zzzUnity.Burst.CodeGen.BurstILPostProcessor
info: Microsoft.AspNetCore.Routing.EndpointMiddleware[1]
      Executed endpoint 'gRPC - /UnityILPP.PostProcessing/PostProcessAssembly'
info: Microsoft.AspNetCore.Hosting.Diagnostics[2]
      Request finished HTTP/2 POST http://ilpp/UnityILPP.PostProcessing/PostProcessAssembly application/grpc - - 200 - application/grpc 18.5236ms
info: Microsoft.AspNetCore.Routing.EndpointMiddleware[1]
      Executed endpoint 'gRPC - /UnityILPP.PostProcessing/PostProcessAssembly'
info: Microsoft.AspNetCore.Routing.EndpointMiddleware[1]
      Executed endpoint 'gRPC - /UnityILPP.PostProcessing/PostProcessAssembly'
info: Microsoft.AspNetCore.Hosting.Diagnostics[2]
      Request finished HTTP/2 POST http://ilpp/UnityILPP.PostProcessing/PostProcessAssembly application/grpc - - 200 - application/grpc 18.2444ms
info: Microsoft.AspNetCore.Hosting.Diagnostics[2]
      Request finished HTTP/2 POST http://ilpp/UnityILPP.PostProcessing/PostProcessAssembly application/grpc - - 200 - application/grpc 7.0938ms
info: Microsoft.AspNetCore.Routing.EndpointMiddleware[1]
      Executed endpoint 'gRPC - /UnityILPP.PostProcessing/PostProcessAssembly'
info: Microsoft.AspNetCore.Routing.EndpointMiddleware[1]
      Executed endpoint 'gRPC - /UnityILPP.PostProcessing/PostProcessAssembly'
info: Microsoft.AspNetCore.Hosting.Diagnostics[2]
      Request finished HTTP/2 POST http://ilpp/UnityILPP.PostProcessing/PostProcessAssembly application/grpc - - 200 - application/grpc 6.6068ms
info: Microsoft.AspNetCore.Hosting.Diagnostics[2]
      Request finished HTTP/2 POST http://ilpp/UnityILPP.PostProcessing/PostProcessAssembly application/grpc - - 200 - application/grpc 6.8602ms
info: Unity.ILPP.Runner.PostProcessingAssemblyLoadContext[0]
      Resolved Unity.Collections, Version=0.0.0.0, Culture=neutral, PublicKeyToken=null with Library\Bee\artifacts\2000b0aEDbg.dag\Unity.Collections.dll
info: Unity.ILPP.Runner.PostProcessingAssemblyLoadContext[0]
      Resolved Unity.Burst.Cecil.Rocks, Version=0.11.6.0, Culture=neutral, PublicKeyToken=50cebf1cceb9d05e with Library\PackageCache\com.unity.burst@6bb9aca3ef38\Unity.Burst.CodeGen\Unity.Burst.Cecil.Rocks.dll
info: Unity.ILPP.Runner.PostProcessingAssemblyLoadContext[0]
      Resolved UnityEditor.CoreModule, Version=0.0.0.0, Culture=neutral, PublicKeyToken=null with C:\Program Files\Unity\Hub\Editor\6000.1.8f1\Editor\Data\Managed\UnityEngine\UnityEditor.CoreModule.dll
info: Unity.ILPP.Runner.PostProcessingAssemblyLoadContext[0]
      Resolved UnityEngine.CoreModule, Version=0.0.0.0, Culture=neutral, PublicKeyToken=null with C:\Program Files\Unity\Hub\Editor\6000.1.8f1\Editor\Data\Managed\UnityEngine\UnityEngine.CoreModule.dll
info: Unity.ILPP.Runner.PostProcessingAssemblyLoadContext[0]
      Resolved Mono.Cecil.Rocks, Version=0.11.5.0, Culture=neutral, PublicKeyToken=50cebf1cceb9d05e with Library\PackageCache\com.unity.nuget.mono-cecil@ecb9724e46ff\Mono.Cecil.Rocks.dll
info: Microsoft.AspNetCore.Hosting.Diagnostics[1]
      Request starting HTTP/2 POST http://ilpp/UnityILPP.PostProcessing/PostProcessAssembly application/grpc -
info: Microsoft.AspNetCore.Routing.EndpointMiddleware[0]
      Executing endpoint 'gRPC - /UnityILPP.PostProcessing/PostProcessAssembly'
info: Microsoft.AspNetCore.Hosting.Diagnostics[1]
      Request starting HTTP/2 POST http://ilpp/UnityILPP.PostProcessing/PostProcessAssembly application/grpc -
info: Microsoft.AspNetCore.Routing.EndpointMiddleware[0]
      Executing endpoint 'gRPC - /UnityILPP.PostProcessing/PostProcessAssembly'
info: Microsoft.AspNetCore.Hosting.Diagnostics[1]
      Request starting HTTP/2 POST http://ilpp/UnityILPP.PostProcessing/PostProcessAssembly application/grpc -
info: Microsoft.AspNetCore.Routing.EndpointMiddleware[0]
      Executing endpoint 'gRPC - /UnityILPP.PostProcessing/PostProcessAssembly'
info: Unity.ILPP.Runner.PostProcessingPipeline[0]
      Processing assembly Library/Bee/artifacts/2000b0aEDbg.dag/Unity.InputSystem.dll, with 123 defines and 257 references
info: Unity.ILPP.Runner.PostProcessingPipeline[0]
      processors: Unity.Jobs.CodeGen.JobsILPostProcessor, zzzUnity.Burst.CodeGen.BurstILPostProcessor
info: Unity.ILPP.Runner.PostProcessingPipeline[0]
      Processing assembly Library/Bee/artifacts/2000b0aEDbg.dag/Unity.VisualScripting.Core.dll, with 115 defines and 258 references
info: Unity.ILPP.Runner.PostProcessingPipeline[0]
      processors: Unity.Jobs.CodeGen.JobsILPostProcessor, zzzUnity.Burst.CodeGen.BurstILPostProcessor
info: Unity.ILPP.Runner.PostProcessingPipeline[0]
      Processing assembly Library/Bee/artifacts/2000b0aEDbg.dag/Unity.InputSystem.ForUI.dll, with 110 defines and 258 references
info: Unity.ILPP.Runner.PostProcessingPipeline[0]
      processors: Unity.Jobs.CodeGen.JobsILPostProcessor, zzzUnity.Burst.CodeGen.BurstILPostProcessor
info: Unity.ILPP.Runner.PostProcessingPipeline[0]
      running Unity.Jobs.CodeGen.JobsILPostProcessor
info: Unity.ILPP.Runner.PostProcessingPipeline[0]
      running zzzUnity.Burst.CodeGen.BurstILPostProcessor
info: Unity.ILPP.Runner.PostProcessingPipeline[0]
      running Unity.Jobs.CodeGen.JobsILPostProcessor
info: Unity.ILPP.Runner.PostProcessingPipeline[0]
      running zzzUnity.Burst.CodeGen.BurstILPostProcessor
info: Microsoft.AspNetCore.Routing.EndpointMiddleware[1]
      Executed endpoint 'gRPC - /UnityILPP.PostProcessing/PostProcessAssembly'
info: Microsoft.AspNetCore.Hosting.Diagnostics[2]
      Request finished HTTP/2 POST http://ilpp/UnityILPP.PostProcessing/PostProcessAssembly application/grpc - - 200 - application/grpc 2.2786ms
info: Unity.ILPP.Runner.PostProcessingPipeline[0]
      running Unity.Jobs.CodeGen.JobsILPostProcessor
info: Unity.ILPP.Runner.PostProcessingPipeline[0]
      running zzzUnity.Burst.CodeGen.BurstILPostProcessor
info: Microsoft.AspNetCore.Routing.EndpointMiddleware[1]
      Executed endpoint 'gRPC - /UnityILPP.PostProcessing/PostProcessAssembly'
info: Microsoft.AspNetCore.Hosting.Diagnostics[2]
      Request finished HTTP/2 POST http://ilpp/UnityILPP.PostProcessing/PostProcessAssembly application/grpc - - 200 - application/grpc 9.5896ms
info: Microsoft.AspNetCore.Routing.EndpointMiddleware[1]
      Executed endpoint 'gRPC - /UnityILPP.PostProcessing/PostProcessAssembly'
info: Microsoft.AspNetCore.Hosting.Diagnostics[2]
      Request finished HTTP/2 POST http://ilpp/UnityILPP.PostProcessing/PostProcessAssembly application/grpc - - 200 - application/grpc 36.7264ms
info: Microsoft.AspNetCore.Hosting.Diagnostics[1]
      Request starting HTTP/2 POST http://ilpp/UnityILPP.PostProcessing/PostProcessAssembly application/grpc -
info: Microsoft.AspNetCore.Routing.EndpointMiddleware[0]
      Executing endpoint 'gRPC - /UnityILPP.PostProcessing/PostProcessAssembly'
info: Microsoft.AspNetCore.Hosting.Diagnostics[1]
      Request starting HTTP/2 POST http://ilpp/UnityILPP.PostProcessing/PostProcessAssembly application/grpc -
info: Microsoft.AspNetCore.Routing.EndpointMiddleware[0]
      Executing endpoint 'gRPC - /UnityILPP.PostProcessing/PostProcessAssembly'
info: Unity.ILPP.Runner.PostProcessingPipeline[0]
      Processing assembly Library/Bee/artifacts/2000b0aEDbg.dag/Unity.InputSystem.IntegrationTests.dll, with 110 defines and 242 references
info: Unity.ILPP.Runner.PostProcessingPipeline[0]
      processors: Unity.Jobs.CodeGen.JobsILPostProcessor, zzzUnity.Burst.CodeGen.BurstILPostProcessor
info: Unity.ILPP.Runner.PostProcessingPipeline[0]
      running Unity.Jobs.CodeGen.JobsILPostProcessor
info: Unity.ILPP.Runner.PostProcessingPipeline[0]
      running zzzUnity.Burst.CodeGen.BurstILPostProcessor
info: Microsoft.AspNetCore.Hosting.Diagnostics[1]
      Request starting HTTP/2 POST http://ilpp/UnityILPP.PostProcessing/PostProcessAssembly application/grpc -
info: Microsoft.AspNetCore.Hosting.Diagnostics[1]
      Request starting HTTP/2 POST http://ilpp/UnityILPP.PostProcessing/PostProcessAssembly application/grpc -
info: Microsoft.AspNetCore.Routing.EndpointMiddleware[0]
      Executing endpoint 'gRPC - /UnityILPP.PostProcessing/PostProcessAssembly'
info: Unity.ILPP.Runner.PostProcessingPipeline[0]
      Processing assembly Library/Bee/artifacts/2000b0aEDbg.dag/Unity.TextMeshPro.dll, with 111 defines and 257 references
info: Unity.ILPP.Runner.PostProcessingPipeline[0]
      processors: Unity.Jobs.CodeGen.JobsILPostProcessor, zzzUnity.Burst.CodeGen.BurstILPostProcessor
info: Microsoft.AspNetCore.Routing.EndpointMiddleware[0]
      Executing endpoint 'gRPC - /UnityILPP.PostProcessing/PostProcessAssembly'
info: Unity.ILPP.Runner.PostProcessingPipeline[0]
      Processing assembly Library/Bee/artifacts/2000b0aEDbg.dag/Unity.PerformanceTesting.dll, with 111 defines and 239 references
info: Unity.ILPP.Runner.PostProcessingPipeline[0]
      processors: Unity.Jobs.CodeGen.JobsILPostProcessor, zzzUnity.Burst.CodeGen.BurstILPostProcessor
info: Unity.ILPP.Runner.PostProcessingPipeline[0]
      running Unity.Jobs.CodeGen.JobsILPostProcessor
info: Unity.ILPP.Runner.PostProcessingPipeline[0]
      running zzzUnity.Burst.CodeGen.BurstILPostProcessor
info: Microsoft.AspNetCore.Routing.EndpointMiddleware[1]
      Executed endpoint 'gRPC - /UnityILPP.PostProcessing/PostProcessAssembly'
info: Microsoft.AspNetCore.Hosting.Diagnostics[2]
      Request finished HTTP/2 POST http://ilpp/UnityILPP.PostProcessing/PostProcessAssembly application/grpc - - 200 - application/grpc 9.0347ms
info: Unity.ILPP.Runner.PostProcessingPipeline[0]
      running Unity.Jobs.CodeGen.JobsILPostProcessor
info: Unity.ILPP.Runner.PostProcessingPipeline[0]
      running zzzUnity.Burst.CodeGen.BurstILPostProcessor
info: Unity.ILPP.Runner.PostProcessingPipeline[0]
      Processing assembly Library/Bee/artifacts/2000b0aEDbg.dag/Unity.VisualScripting.Flow.dll, with 118 defines and 259 references
info: Unity.ILPP.Runner.PostProcessingPipeline[0]
      processors: Unity.Jobs.CodeGen.JobsILPostProcessor, zzzUnity.Burst.CodeGen.BurstILPostProcessor
info: Microsoft.AspNetCore.Routing.EndpointMiddleware[1]
      Executed endpoint 'gRPC - /UnityILPP.PostProcessing/PostProcessAssembly'
info: Microsoft.AspNetCore.Hosting.Diagnostics[2]
      Request finished HTTP/2 POST http://ilpp/UnityILPP.PostProcessing/PostProcessAssembly application/grpc - - 200 - application/grpc 5.7775ms
info: Microsoft.AspNetCore.Routing.EndpointMiddleware[1]
      Executed endpoint 'gRPC - /UnityILPP.PostProcessing/PostProcessAssembly'
info: Microsoft.AspNetCore.Hosting.Diagnostics[2]
      Request finished HTTP/2 POST http://ilpp/UnityILPP.PostProcessing/PostProcessAssembly application/grpc - - 200 - application/grpc 11.8018ms
info: Unity.ILPP.Runner.PostProcessingPipeline[0]
      running Unity.Jobs.CodeGen.JobsILPostProcessor
info: Unity.ILPP.Runner.PostProcessingPipeline[0]
      running zzzUnity.Burst.CodeGen.BurstILPostProcessor
info: Microsoft.AspNetCore.Hosting.Diagnostics[1]
      Request starting HTTP/2 POST http://ilpp/UnityILPP.PostProcessing/PostProcessAssembly application/grpc -
info: Microsoft.AspNetCore.Routing.EndpointMiddleware[0]
      Executing endpoint 'gRPC - /UnityILPP.PostProcessing/PostProcessAssembly'
info: Microsoft.AspNetCore.Routing.EndpointMiddleware[1]
      Executed endpoint 'gRPC - /UnityILPP.PostProcessing/PostProcessAssembly'
info: Microsoft.AspNetCore.Hosting.Diagnostics[2]
      Request finished HTTP/2 POST http://ilpp/UnityILPP.PostProcessing/PostProcessAssembly application/grpc - - 200 - application/grpc 13.5928ms
info: Unity.ILPP.Runner.PostProcessingPipeline[0]
      Processing assembly Library/Bee/artifacts/2000b0aEDbg.dag/Unity.Multiplayer.Center.Common.dll, with 110 defines and 257 references
info: Unity.ILPP.Runner.PostProcessingPipeline[0]
      processors: Unity.Jobs.CodeGen.JobsILPostProcessor, zzzUnity.Burst.CodeGen.BurstILPostProcessor
info: Unity.ILPP.Runner.PostProcessingPipeline[0]
      running Unity.Jobs.CodeGen.JobsILPostProcessor
info: Unity.ILPP.Runner.PostProcessingPipeline[0]
      running zzzUnity.Burst.CodeGen.BurstILPostProcessor
info: Microsoft.AspNetCore.Routing.EndpointMiddleware[1]
      Executed endpoint 'gRPC - /UnityILPP.PostProcessing/PostProcessAssembly'
info: Microsoft.AspNetCore.Hosting.Diagnostics[2]
      Request finished HTTP/2 POST http://ilpp/UnityILPP.PostProcessing/PostProcessAssembly application/grpc - - 200 - application/grpc 7.1000ms
info: Microsoft.AspNetCore.Routing.EndpointMiddleware[1]
      Executed endpoint 'gRPC - /UnityILPP.PostProcessing/PostProcessAssembly'
info: Microsoft.AspNetCore.Hosting.Diagnostics[2]
      Request finished HTTP/2 POST http://ilpp/UnityILPP.PostProcessing/PostProcessAssembly application/grpc - - 200 - application/grpc 483.0175ms
info: Unity.ILPP.Runner.PostProcessingPipeline[0]
      running zzzUnity.Burst.CodeGen.BurstILPostProcessor
info: Microsoft.AspNetCore.Routing.EndpointMiddleware[1]
      Executed endpoint 'gRPC - /UnityILPP.PostProcessing/PostProcessAssembly'
info: Microsoft.AspNetCore.Hosting.Diagnostics[2]
      Request finished HTTP/2 POST http://ilpp/UnityILPP.PostProcessing/PostProcessAssembly application/grpc - - 200 - application/grpc 771.1497ms
info: Microsoft.AspNetCore.Hosting.Diagnostics[1]
      Request starting HTTP/2 POST http://ilpp/UnityILPP.PostProcessing/PostProcessAssembly application/grpc -
info: Microsoft.AspNetCore.Routing.EndpointMiddleware[0]
      Executing endpoint 'gRPC - /UnityILPP.PostProcessing/PostProcessAssembly'
info: Microsoft.AspNetCore.Hosting.Diagnostics[1]
      Request starting HTTP/2 POST http://ilpp/UnityILPP.PostProcessing/PostProcessAssembly application/grpc -
info: Microsoft.AspNetCore.Routing.EndpointMiddleware[0]
      Executing endpoint 'gRPC - /UnityILPP.PostProcessing/PostProcessAssembly'
info: Microsoft.AspNetCore.Hosting.Diagnostics[1]
      Request starting HTTP/2 POST http://ilpp/UnityILPP.PostProcessing/PostProcessAssembly application/grpc -
info: Microsoft.AspNetCore.Routing.EndpointMiddleware[0]
      Executing endpoint 'gRPC - /UnityILPP.PostProcessing/PostProcessAssembly'
info: Microsoft.AspNetCore.Hosting.Diagnostics[1]
      Request starting HTTP/2 POST http://ilpp/UnityILPP.PostProcessing/PostProcessAssembly application/grpc -
info: Microsoft.AspNetCore.Routing.EndpointMiddleware[0]
      Executing endpoint 'gRPC - /UnityILPP.PostProcessing/PostProcessAssembly'
info: Unity.ILPP.Runner.PostProcessingPipeline[0]
      Processing assembly Library/Bee/artifacts/2000b0aEDbg.dag/NoSafeCircle.DoorPrototype.Tests.Editor.dll, with 108 defines and 258 references
info: Unity.ILPP.Runner.PostProcessingPipeline[0]
      Processing assembly Library/Bee/artifacts/2000b0aEDbg.dag/Unity.Burst.Editor.dll, with 108 defines and 270 references
info: Unity.ILPP.Runner.PostProcessingPipeline[0]
      processors: Unity.Jobs.CodeGen.JobsILPostProcessor, zzzUnity.Burst.CodeGen.BurstILPostProcessor
info: Unity.ILPP.Runner.PostProcessingPipeline[0]
      processors: Unity.Jobs.CodeGen.JobsILPostProcessor, zzzUnity.Burst.CodeGen.BurstILPostProcessor
info: Unity.ILPP.Runner.PostProcessingPipeline[0]
      Processing assembly Library/Bee/artifacts/2000b0aEDbg.dag/Unity.Collections.Editor.dll, with 109 defines and 270 references
info: Unity.ILPP.Runner.PostProcessingPipeline[0]
      processors: Unity.Jobs.CodeGen.JobsILPostProcessor, zzzUnity.Burst.CodeGen.BurstILPostProcessor
info: Unity.ILPP.Runner.PostProcessingPipeline[0]
      running Unity.Jobs.CodeGen.JobsILPostProcessor
info: Unity.ILPP.Runner.PostProcessingPipeline[0]
      running zzzUnity.Burst.CodeGen.BurstILPostProcessor
info: Unity.ILPP.Runner.PostProcessingPipeline[0]
      Processing assembly Library/Bee/artifacts/2000b0aEDbg.dag/Unity.Mathematics.Editor.dll, with 108 defines and 270 references
info: Unity.ILPP.Runner.PostProcessingPipeline[0]
      processors: Unity.Jobs.CodeGen.JobsILPostProcessor, zzzUnity.Burst.CodeGen.BurstILPostProcessor
info: Unity.ILPP.Runner.PostProcessingPipeline[0]
      running Unity.Jobs.CodeGen.JobsILPostProcessor
info: Unity.ILPP.Runner.PostProcessingPipeline[0]
      running zzzUnity.Burst.CodeGen.BurstILPostProcessor
info: Unity.ILPP.Runner.PostProcessingPipeline[0]
      running Unity.Jobs.CodeGen.JobsILPostProcessor
info: Unity.ILPP.Runner.PostProcessingPipeline[0]
      running zzzUnity.Burst.CodeGen.BurstILPostProcessor
info: Unity.ILPP.Runner.PostProcessingPipeline[0]
      running Unity.Jobs.CodeGen.JobsILPostProcessor
info: Microsoft.AspNetCore.Routing.EndpointMiddleware[1]
      Executed endpoint 'gRPC - /UnityILPP.PostProcessing/PostProcessAssembly'
info: Microsoft.AspNetCore.Hosting.Diagnostics[2]
      Request finished HTTP/2 POST http://ilpp/UnityILPP.PostProcessing/PostProcessAssembly application/grpc - - 200 - application/grpc 3.4726ms
info: Microsoft.AspNetCore.Routing.EndpointMiddleware[1]
      Executed endpoint 'gRPC - /UnityILPP.PostProcessing/PostProcessAssembly'
info: Microsoft.AspNetCore.Hosting.Diagnostics[2]
      Request finished HTTP/2 POST http://ilpp/UnityILPP.PostProcessing/PostProcessAssembly application/grpc - - 200 - application/grpc 46.8828ms
info: Microsoft.AspNetCore.Hosting.Diagnostics[1]
      Request starting HTTP/2 POST http://ilpp/UnityILPP.PostProcessing/PostProcessAssembly application/grpc -
info: Microsoft.AspNetCore.Routing.EndpointMiddleware[0]
      Executing endpoint 'gRPC - /UnityILPP.PostProcessing/PostProcessAssembly'
info: Microsoft.AspNetCore.Hosting.Diagnostics[1]
      Request starting HTTP/2 POST http://ilpp/UnityILPP.PostProcessing/PostProcessAssembly application/grpc -
info: Microsoft.AspNetCore.Routing.EndpointMiddleware[0]
      Executing endpoint 'gRPC - /UnityILPP.PostProcessing/PostProcessAssembly'
info: Microsoft.AspNetCore.Hosting.Diagnostics[1]
      Request starting HTTP/2 POST http://ilpp/UnityILPP.PostProcessing/PostProcessAssembly application/grpc -
info: Microsoft.AspNetCore.Routing.EndpointMiddleware[0]
      Executing endpoint 'gRPC - /UnityILPP.PostProcessing/PostProcessAssembly'
info: Unity.ILPP.Runner.PostProcessingPipeline[0]
      Processing assembly Library/Bee/artifacts/2000b0aEDbg.dag/Unity.PerformanceTesting.Editor.dll, with 109 defines and 253 references
info: Unity.ILPP.Runner.PostProcessingPipeline[0]
      Processing assembly Library/Bee/artifacts/2000b0aEDbg.dag/Unity.TestTools.CodeCoverage.Editor.OpenCover.Model.dll, with 108 defines and 269 references
info: Unity.ILPP.Runner.PostProcessingPipeline[0]
      processors: Unity.Jobs.CodeGen.JobsILPostProcessor, zzzUnity.Burst.CodeGen.BurstILPostProcessor
info: Unity.ILPP.Runner.PostProcessingPipeline[0]
      processors: Unity.Jobs.CodeGen.JobsILPostProcessor, zzzUnity.Burst.CodeGen.BurstILPostProcessor
info: Unity.ILPP.Runner.PostProcessingPipeline[0]
      Processing assembly Library/Bee/artifacts/2000b0aEDbg.dag/Unity.2D.Tilemap.Editor.dll, with 108 defines and 269 references
info: Unity.ILPP.Runner.PostProcessingPipeline[0]
      processors: Unity.Jobs.CodeGen.JobsILPostProcessor, zzzUnity.Burst.CodeGen.BurstILPostProcessor
info: Unity.ILPP.Runner.PostProcessingPipeline[0]
      running Unity.Jobs.CodeGen.JobsILPostProcessor
info: Unity.ILPP.Runner.PostProcessingPipeline[0]
      running zzzUnity.Burst.CodeGen.BurstILPostProcessor
info: Unity.ILPP.Runner.PostProcessingPipeline[0]
      running Unity.Jobs.CodeGen.JobsILPostProcessor
info: Unity.ILPP.Runner.PostProcessingPipeline[0]
      running zzzUnity.Burst.CodeGen.BurstILPostProcessor
info: Unity.ILPP.Runner.PostProcessingPipeline[0]
      running Unity.Jobs.CodeGen.JobsILPostProcessor
info: Unity.ILPP.Runner.PostProcessingPipeline[0]
      running zzzUnity.Burst.CodeGen.BurstILPostProcessor
info: Unity.ILPP.Runner.PostProcessingPipeline[0]
      running zzzUnity.Burst.CodeGen.BurstILPostProcessor
info: Microsoft.AspNetCore.Routing.EndpointMiddleware[1]
      Executed endpoint 'gRPC - /UnityILPP.PostProcessing/PostProcessAssembly'
info: Microsoft.AspNetCore.Hosting.Diagnostics[2]
      Request finished HTTP/2 POST http://ilpp/UnityILPP.PostProcessing/PostProcessAssembly application/grpc - - 200 - application/grpc 3.2699ms
info: Microsoft.AspNetCore.Routing.EndpointMiddleware[1]
      Executed endpoint 'gRPC - /UnityILPP.PostProcessing/PostProcessAssembly'
info: Microsoft.AspNetCore.Hosting.Diagnostics[2]
      Request finished HTTP/2 POST http://ilpp/UnityILPP.PostProcessing/PostProcessAssembly application/grpc - - 200 - application/grpc 3.2253ms
info: Microsoft.AspNetCore.Routing.EndpointMiddleware[1]
      Executed endpoint 'gRPC - /UnityILPP.PostProcessing/PostProcessAssembly'
info: Microsoft.AspNetCore.Hosting.Diagnostics[2]
      Request finished HTTP/2 POST http://ilpp/UnityILPP.PostProcessing/PostProcessAssembly application/grpc - - 200 - application/grpc 3.9474ms
info: Microsoft.AspNetCore.Routing.EndpointMiddleware[1]
      Executed endpoint 'gRPC - /UnityILPP.PostProcessing/PostProcessAssembly'
info: Microsoft.AspNetCore.Hosting.Diagnostics[2]
      Request finished HTTP/2 POST http://ilpp/UnityILPP.PostProcessing/PostProcessAssembly application/grpc - - 200 - application/grpc 51.4081ms
info: Microsoft.AspNetCore.Routing.EndpointMiddleware[1]
      Executed endpoint 'gRPC - /UnityILPP.PostProcessing/PostProcessAssembly'
info: Microsoft.AspNetCore.Hosting.Diagnostics[2]
      Request finished HTTP/2 POST http://ilpp/UnityILPP.PostProcessing/PostProcessAssembly application/grpc - - 200 - application/grpc 85.1791ms
info: Microsoft.AspNetCore.Hosting.Diagnostics[1]
      Request starting HTTP/2 POST http://ilpp/UnityILPP.PostProcessing/PostProcessAssembly application/grpc -
info: Microsoft.AspNetCore.Routing.EndpointMiddleware[0]
      Executing endpoint 'gRPC - /UnityILPP.PostProcessing/PostProcessAssembly'
info: Unity.ILPP.Runner.PostProcessingPipeline[0]
      Processing assembly Library/Bee/artifacts/2000b0aEDbg.dag/Unity.Settings.Editor.dll, with 108 defines and 269 references
info: Unity.ILPP.Runner.PostProcessingPipeline[0]
      processors: Unity.Jobs.CodeGen.JobsILPostProcessor, zzzUnity.Burst.CodeGen.BurstILPostProcessor
info: Unity.ILPP.Runner.PostProcessingPipeline[0]
      running Unity.Jobs.CodeGen.JobsILPostProcessor
info: Unity.ILPP.Runner.PostProcessingPipeline[0]
      running zzzUnity.Burst.CodeGen.BurstILPostProcessor
info: Microsoft.AspNetCore.Routing.EndpointMiddleware[1]
      Executed endpoint 'gRPC - /UnityILPP.PostProcessing/PostProcessAssembly'
info: Microsoft.AspNetCore.Hosting.Diagnostics[2]
      Request finished HTTP/2 POST http://ilpp/UnityILPP.PostProcessing/PostProcessAssembly application/grpc - - 200 - application/grpc 20.6319ms
info: Microsoft.AspNetCore.Hosting.Diagnostics[1]
      Request starting HTTP/2 POST http://ilpp/UnityILPP.PostProcessing/PostProcessAssembly application/grpc -
info: Microsoft.AspNetCore.Routing.EndpointMiddleware[0]
      Executing endpoint 'gRPC - /UnityILPP.PostProcessing/PostProcessAssembly'
info: Microsoft.AspNetCore.Hosting.Diagnostics[1]
      Request starting HTTP/2 POST http://ilpp/UnityILPP.PostProcessing/PostProcessAssembly application/grpc -
info: Microsoft.AspNetCore.Routing.EndpointMiddleware[0]
      Executing endpoint 'gRPC - /UnityILPP.PostProcessing/PostProcessAssembly'
info: Unity.ILPP.Runner.PostProcessingPipeline[0]
      Processing assembly Library/Bee/artifacts/2000b0aEDbg.dag/Unity.InputSystem.DocCodeSamples.dll, with 108 defines and 253 references
info: Unity.ILPP.Runner.PostProcessingPipeline[0]
      processors: Unity.Jobs.CodeGen.JobsILPostProcessor, zzzUnity.Burst.CodeGen.BurstILPostProcessor
info: Unity.ILPP.Runner.PostProcessingPipeline[0]
      running Unity.Jobs.CodeGen.JobsILPostProcessor
info: Unity.ILPP.Runner.PostProcessingPipeline[0]
      running zzzUnity.Burst.CodeGen.BurstILPostProcessor
info: Unity.ILPP.Runner.PostProcessingPipeline[0]
      Processing assembly Library/Bee/artifacts/2000b0aEDbg.dag/Unity.VisualScripting.State.dll, with 110 defines and 259 references
info: Unity.ILPP.Runner.PostProcessingPipeline[0]
      processors: Unity.Jobs.CodeGen.JobsILPostProcessor, zzzUnity.Burst.CodeGen.BurstILPostProcessor
info: Unity.ILPP.Runner.PostProcessingPipeline[0]
      running Unity.Jobs.CodeGen.JobsILPostProcessor
info: Unity.ILPP.Runner.PostProcessingPipeline[0]
      running zzzUnity.Burst.CodeGen.BurstILPostProcessor
info: Microsoft.AspNetCore.Routing.EndpointMiddleware[1]
      Executed endpoint 'gRPC - /UnityILPP.PostProcessing/PostProcessAssembly'
info: Microsoft.AspNetCore.Hosting.Diagnostics[2]
      Request finished HTTP/2 POST http://ilpp/UnityILPP.PostProcessing/PostProcessAssembly application/grpc - - 200 - application/grpc 8.4350ms
info: Microsoft.AspNetCore.Hosting.Diagnostics[1]
      Request starting HTTP/2 POST http://ilpp/UnityILPP.PostProcessing/PostProcessAssembly application/grpc -
info: Microsoft.AspNetCore.Routing.EndpointMiddleware[0]
      Executing endpoint 'gRPC - /UnityILPP.PostProcessing/PostProcessAssembly'
info: Microsoft.AspNetCore.Routing.EndpointMiddleware[1]
      Executed endpoint 'gRPC - /UnityILPP.PostProcessing/PostProcessAssembly'
info: Microsoft.AspNetCore.Hosting.Diagnostics[2]
      Request finished HTTP/2 POST http://ilpp/UnityILPP.PostProcessing/PostProcessAssembly application/grpc - - 200 - application/grpc 8.8571ms
info: Microsoft.AspNetCore.Hosting.Diagnostics[1]
      Request starting HTTP/2 POST http://ilpp/UnityILPP.PostProcessing/PostProcessAssembly application/grpc -
info: Microsoft.AspNetCore.Routing.EndpointMiddleware[0]
      Executing endpoint 'gRPC - /UnityILPP.PostProcessing/PostProcessAssembly'
info: Unity.ILPP.Runner.PostProcessingPipeline[0]
      Processing assembly Library/Bee/artifacts/2000b0aEDbg.dag/UnityEditor.UI.dll, with 111 defines and 268 references
info: Unity.ILPP.Runner.PostProcessingPipeline[0]
      Processing assembly Library/Bee/artifacts/2000b0aEDbg.dag/Unity.PlasticSCM.Editor.dll, with 108 defines and 258 references
info: Unity.ILPP.Runner.PostProcessingPipeline[0]
      processors: Unity.Jobs.CodeGen.JobsILPostProcessor, zzzUnity.Burst.CodeGen.BurstILPostProcessor
info: Unity.ILPP.Runner.PostProcessingPipeline[0]
      processors: Unity.Jobs.CodeGen.JobsILPostProcessor, zzzUnity.Burst.CodeGen.BurstILPostProcessor
info: Unity.ILPP.Runner.PostProcessingPipeline[0]
      running Unity.Jobs.CodeGen.JobsILPostProcessor
info: Unity.ILPP.Runner.PostProcessingPipeline[0]
      running zzzUnity.Burst.CodeGen.BurstILPostProcessor
info: Unity.ILPP.Runner.PostProcessingPipeline[0]
      running Unity.Jobs.CodeGen.JobsILPostProcessor
info: Microsoft.AspNetCore.Hosting.Diagnostics[1]
      Request starting HTTP/2 POST http://ilpp/UnityILPP.PostProcessing/PostProcessAssembly application/grpc -
info: Microsoft.AspNetCore.Routing.EndpointMiddleware[0]
      Executing endpoint 'gRPC - /UnityILPP.PostProcessing/PostProcessAssembly'
info: Unity.ILPP.Runner.PostProcessingPipeline[0]
      Processing assembly Library/Bee/artifacts/2000b0aEDbg.dag/Unity.Multiplayer.Center.Editor.dll, with 108 defines and 270 references
info: Unity.ILPP.Runner.PostProcessingPipeline[0]
      processors: Unity.Jobs.CodeGen.JobsILPostProcessor, zzzUnity.Burst.CodeGen.BurstILPostProcessor
info: Microsoft.AspNetCore.Routing.EndpointMiddleware[1]
      Executed endpoint 'gRPC - /UnityILPP.PostProcessing/PostProcessAssembly'
info: Microsoft.AspNetCore.Hosting.Diagnostics[2]
      Request finished HTTP/2 POST http://ilpp/UnityILPP.PostProcessing/PostProcessAssembly application/grpc - - 200 - application/grpc 4.4030ms
info: Unity.ILPP.Runner.PostProcessingPipeline[0]
      running Unity.Jobs.CodeGen.JobsILPostProcessor
info: Unity.ILPP.Runner.PostProcessingPipeline[0]
      running zzzUnity.Burst.CodeGen.BurstILPostProcessor
info: Microsoft.AspNetCore.Routing.EndpointMiddleware[1]
      Executed endpoint 'gRPC - /UnityILPP.PostProcessing/PostProcessAssembly'
info: Microsoft.AspNetCore.Hosting.Diagnostics[2]
      Request finished HTTP/2 POST http://ilpp/UnityILPP.PostProcessing/PostProcessAssembly application/grpc - - 200 - application/grpc 3.5759ms
info: Microsoft.AspNetCore.Hosting.Diagnostics[1]
      Request starting HTTP/2 POST http://ilpp/UnityILPP.PostProcessing/PostProcessAssembly application/grpc -
info: Microsoft.AspNetCore.Routing.EndpointMiddleware[0]
      Executing endpoint 'gRPC - /UnityILPP.PostProcessing/PostProcessAssembly'
info: Microsoft.AspNetCore.Hosting.Diagnostics[1]
      Request starting HTTP/2 POST http://ilpp/UnityILPP.PostProcessing/PostProcessAssembly application/grpc -
info: Microsoft.AspNetCore.Routing.EndpointMiddleware[0]
      Executing endpoint 'gRPC - /UnityILPP.PostProcessing/PostProcessAssembly'
info: Microsoft.AspNetCore.Hosting.Diagnostics[1]
      Request starting HTTP/2 POST http://ilpp/UnityILPP.PostProcessing/PostProcessAssembly application/grpc -
info: Microsoft.AspNetCore.Routing.EndpointMiddleware[0]
      Executing endpoint 'gRPC - /UnityILPP.PostProcessing/PostProcessAssembly'
info: Unity.ILPP.Runner.PostProcessingPipeline[0]
      Processing assembly Library/Bee/artifacts/2000b0aEDbg.dag/Unity.Timeline.Editor.dll, with 109 defines and 270 references
info: Unity.ILPP.Runner.PostProcessingPipeline[0]
      processors: Unity.Jobs.CodeGen.JobsILPostProcessor, zzzUnity.Burst.CodeGen.BurstILPostProcessor
info: Unity.ILPP.Runner.PostProcessingPipeline[0]
      Processing assembly Library/Bee/artifacts/2000b0aEDbg.dag/NoSafeCircle.DoorPrototype.Editor.dll, with 108 defines and 271 references
info: Unity.ILPP.Runner.PostProcessingPipeline[0]
      processors: Unity.Jobs.CodeGen.JobsILPostProcessor, zzzUnity.Burst.CodeGen.BurstILPostProcessor
info: Unity.ILPP.Runner.PostProcessingPipeline[0]
      running Unity.Jobs.CodeGen.JobsILPostProcessor
info: Unity.ILPP.Runner.PostProcessingPipeline[0]
      running zzzUnity.Burst.CodeGen.BurstILPostProcessor
info: Unity.ILPP.Runner.PostProcessingPipeline[0]
      Processing assembly Library/Bee/artifacts/2000b0aEDbg.dag/Unity.AI.Navigation.Updater.dll, with 108 defines and 272 references
info: Microsoft.AspNetCore.Routing.EndpointMiddleware[1]
      Executed endpoint 'gRPC - /UnityILPP.PostProcessing/PostProcessAssembly'
info: Microsoft.AspNetCore.Hosting.Diagnostics[2]
      Request finished HTTP/2 POST http://ilpp/UnityILPP.PostProcessing/PostProcessAssembly application/grpc - - 200 - application/grpc 3.5547ms
info: Unity.ILPP.Runner.PostProcessingPipeline[0]
      processors: Unity.Jobs.CodeGen.JobsILPostProcessor, zzzUnity.Burst.CodeGen.BurstILPostProcessor
info: Unity.ILPP.Runner.PostProcessingPipeline[0]
      running Unity.Jobs.CodeGen.JobsILPostProcessor
info: Unity.ILPP.Runner.PostProcessingPipeline[0]
      running zzzUnity.Burst.CodeGen.BurstILPostProcessor
info: Unity.ILPP.Runner.PostProcessingPipeline[0]
      running Unity.Jobs.CodeGen.JobsILPostProcessor
info: Unity.ILPP.Runner.PostProcessingPipeline[0]
      running zzzUnity.Burst.CodeGen.BurstILPostProcessor
info: Microsoft.AspNetCore.Hosting.Diagnostics[1]
      Request starting HTTP/2 POST http://ilpp/UnityILPP.PostProcessing/PostProcessAssembly application/grpc -
info: Microsoft.AspNetCore.Hosting.Diagnostics[1]
      Request starting HTTP/2 POST http://ilpp/UnityILPP.PostProcessing/PostProcessAssembly application/grpc -
info: Microsoft.AspNetCore.Routing.EndpointMiddleware[0]
      Executing endpoint 'gRPC - /UnityILPP.PostProcessing/PostProcessAssembly'
info: Microsoft.AspNetCore.Routing.EndpointMiddleware[0]
      Executing endpoint 'gRPC - /UnityILPP.PostProcessing/PostProcessAssembly'
info: Microsoft.AspNetCore.Routing.EndpointMiddleware[1]
      Executed endpoint 'gRPC - /UnityILPP.PostProcessing/PostProcessAssembly'
info: Microsoft.AspNetCore.Hosting.Diagnostics[2]
      Request finished HTTP/2 POST http://ilpp/UnityILPP.PostProcessing/PostProcessAssembly application/grpc - - 200 - application/grpc 6.3511ms
info: Unity.ILPP.Runner.PostProcessingPipeline[0]
      Processing assembly Library/Bee/artifacts/2000b0aEDbg.dag/Unity.EditorCoroutines.Editor.dll, with 108 defines and 269 references
info: Unity.ILPP.Runner.PostProcessingPipeline[0]
      processors: Unity.Jobs.CodeGen.JobsILPostProcessor, zzzUnity.Burst.CodeGen.BurstILPostProcessor
info: Unity.ILPP.Runner.PostProcessingPipeline[0]
      running Unity.Jobs.CodeGen.JobsILPostProcessor
info: Unity.ILPP.Runner.PostProcessingPipeline[0]
      running zzzUnity.Burst.CodeGen.BurstILPostProcessor
info: Microsoft.AspNetCore.Routing.EndpointMiddleware[1]
      Executed endpoint 'gRPC - /UnityILPP.PostProcessing/PostProcessAssembly'
info: Microsoft.AspNetCore.Hosting.Diagnostics[2]
      Request finished HTTP/2 POST http://ilpp/UnityILPP.PostProcessing/PostProcessAssembly application/grpc - - 200 - application/grpc 7.6325ms
info: Unity.ILPP.Runner.PostProcessingPipeline[0]
      Processing assembly Library/Bee/artifacts/2000b0aEDbg.dag/Unity.TextMeshPro.Editor.dll, with 108 defines and 270 references
info: Unity.ILPP.Runner.PostProcessingPipeline[0]
      processors: Unity.Jobs.CodeGen.JobsILPostProcessor, zzzUnity.Burst.CodeGen.BurstILPostProcessor
info: Unity.ILPP.Runner.PostProcessingPipeline[0]
      running Unity.Jobs.CodeGen.JobsILPostProcessor
info: Unity.ILPP.Runner.PostProcessingPipeline[0]
      running zzzUnity.Burst.CodeGen.BurstILPostProcessor
info: Microsoft.AspNetCore.Routing.EndpointMiddleware[1]
      Executed endpoint 'gRPC - /UnityILPP.PostProcessing/PostProcessAssembly'
info: Microsoft.AspNetCore.Hosting.Diagnostics[2]
      Request finished HTTP/2 POST http://ilpp/UnityILPP.PostProcessing/PostProcessAssembly application/grpc - - 200 - application/grpc 6.3914ms
info: Microsoft.AspNetCore.Routing.EndpointMiddleware[1]
      Executed endpoint 'gRPC - /UnityILPP.PostProcessing/PostProcessAssembly'
info: Microsoft.AspNetCore.Hosting.Diagnostics[2]
      Request finished HTTP/2 POST http://ilpp/UnityILPP.PostProcessing/PostProcessAssembly application/grpc - - 200 - application/grpc 6.6557ms
info: Unity.ILPP.Runner.PostProcessingPipeline[0]
      running zzzUnity.Burst.CodeGen.BurstILPostProcessor
info: Microsoft.AspNetCore.Routing.EndpointMiddleware[1]
      Executed endpoint 'gRPC - /UnityILPP.PostProcessing/PostProcessAssembly'
info: Microsoft.AspNetCore.Hosting.Diagnostics[2]
      Request finished HTTP/2 POST http://ilpp/UnityILPP.PostProcessing/PostProcessAssembly application/grpc - - 200 - application/grpc 169.3786ms
info: Microsoft.AspNetCore.Hosting.Diagnostics[1]
      Request starting HTTP/2 POST http://ilpp/UnityILPP.PostProcessing/PostProcessAssembly application/grpc -
info: Microsoft.AspNetCore.Routing.EndpointMiddleware[0]
      Executing endpoint 'gRPC - /UnityILPP.PostProcessing/PostProcessAssembly'
info: Microsoft.AspNetCore.Hosting.Diagnostics[1]
      Request starting HTTP/2 POST http://ilpp/UnityILPP.PostProcessing/PostProcessAssembly application/grpc -
info: Microsoft.AspNetCore.Routing.EndpointMiddleware[0]
      Executing endpoint 'gRPC - /UnityILPP.PostProcessing/PostProcessAssembly'
info: Unity.ILPP.Runner.PostProcessingPipeline[0]
      Processing assembly Library/Bee/artifacts/2000b0aEDbg.dag/Unity.VisualScripting.Flow.Editor.dll, with 110 defines and 273 references
info: Unity.ILPP.Runner.PostProcessingPipeline[0]
      processors: Unity.Jobs.CodeGen.JobsILPostProcessor, zzzUnity.Burst.CodeGen.BurstILPostProcessor
info: Microsoft.AspNetCore.Hosting.Diagnostics[1]
      Request starting HTTP/2 POST http://ilpp/UnityILPP.PostProcessing/PostProcessAssembly application/grpc -
info: Microsoft.AspNetCore.Routing.EndpointMiddleware[0]
      Executing endpoint 'gRPC - /UnityILPP.PostProcessing/PostProcessAssembly'
info: Microsoft.AspNetCore.Hosting.Diagnostics[1]
      Request starting HTTP/2 POST http://ilpp/UnityILPP.PostProcessing/PostProcessAssembly application/grpc -
info: Unity.ILPP.Runner.PostProcessingPipeline[0]
      running Unity.Jobs.CodeGen.JobsILPostProcessor
info: Microsoft.AspNetCore.Routing.EndpointMiddleware[0]
      Executing endpoint 'gRPC - /UnityILPP.PostProcessing/PostProcessAssembly'
info: Unity.ILPP.Runner.PostProcessingPipeline[0]
      running zzzUnity.Burst.CodeGen.BurstILPostProcessor
info: Unity.ILPP.Runner.PostProcessingPipeline[0]
      Processing assembly Library/Bee/artifacts/2000b0aEDbg.dag/Unity.TestTools.CodeCoverage.Editor.dll, with 113 defines and 256 references
info: Unity.ILPP.Runner.PostProcessingPipeline[0]
      processors: Unity.Jobs.CodeGen.JobsILPostProcessor, zzzUnity.Burst.CodeGen.BurstILPostProcessor
info: Unity.ILPP.Runner.PostProcessingPipeline[0]
      Processing assembly Library/Bee/artifacts/2000b0aEDbg.dag/Unity.AI.Navigation.Editor.ConversionSystem.dll, with 108 defines and 269 references
info: Unity.ILPP.Runner.PostProcessingPipeline[0]
      processors: Unity.Jobs.CodeGen.JobsILPostProcessor, zzzUnity.Burst.CodeGen.BurstILPostProcessor
info: Unity.ILPP.Runner.PostProcessingPipeline[0]
      Processing assembly Library/Bee/artifacts/2000b0aEDbg.dag/Unity.VisualScripting.Core.Editor.dll, with 108 defines and 270 references
info: Unity.ILPP.Runner.PostProcessingPipeline[0]
      processors: Unity.Jobs.CodeGen.JobsILPostProcessor, zzzUnity.Burst.CodeGen.BurstILPostProcessor
info: Unity.ILPP.Runner.PostProcessingPipeline[0]
      running Unity.Jobs.CodeGen.JobsILPostProcessor
info: Unity.ILPP.Runner.PostProcessingPipeline[0]
      running zzzUnity.Burst.CodeGen.BurstILPostProcessor
info: Unity.ILPP.Runner.PostProcessingPipeline[0]
      running Unity.Jobs.CodeGen.JobsILPostProcessor
info: Unity.ILPP.Runner.PostProcessingPipeline[0]
      running zzzUnity.Burst.CodeGen.BurstILPostProcessor
info: Unity.ILPP.Runner.PostProcessingPipeline[0]
      running Unity.Jobs.CodeGen.JobsILPostProcessor
info: Unity.ILPP.Runner.PostProcessingPipeline[0]
      running zzzUnity.Burst.CodeGen.BurstILPostProcessor
info: Microsoft.AspNetCore.Routing.EndpointMiddleware[1]
      Executed endpoint 'gRPC - /UnityILPP.PostProcessing/PostProcessAssembly'
info: Microsoft.AspNetCore.Hosting.Diagnostics[2]
      Request finished HTTP/2 POST http://ilpp/UnityILPP.PostProcessing/PostProcessAssembly application/grpc - - 200 - application/grpc 2.9328ms
info: Microsoft.AspNetCore.Routing.EndpointMiddleware[1]
      Executed endpoint 'gRPC - /UnityILPP.PostProcessing/PostProcessAssembly'
info: Microsoft.AspNetCore.Hosting.Diagnostics[2]
      Request finished HTTP/2 POST http://ilpp/UnityILPP.PostProcessing/PostProcessAssembly application/grpc - - 200 - application/grpc 3.7541ms
info: Microsoft.AspNetCore.Routing.EndpointMiddleware[1]
      Executed endpoint 'gRPC - /UnityILPP.PostProcessing/PostProcessAssembly'
info: Microsoft.AspNetCore.Hosting.Diagnostics[2]
      Request finished HTTP/2 POST http://ilpp/UnityILPP.PostProcessing/PostProcessAssembly application/grpc - - 200 - application/grpc 3.2745ms
info: Microsoft.AspNetCore.Routing.EndpointMiddleware[1]
      Executed endpoint 'gRPC - /UnityILPP.PostProcessing/PostProcessAssembly'
info: Microsoft.AspNetCore.Hosting.Diagnostics[2]
      Request finished HTTP/2 POST http://ilpp/UnityILPP.PostProcessing/PostProcessAssembly application/grpc - - 200 - application/grpc 5.4053ms
info: Microsoft.AspNetCore.Hosting.Diagnostics[1]
      Request starting HTTP/2 POST http://ilpp/UnityILPP.PostProcessing/PostProcessAssembly application/grpc -
info: Microsoft.AspNetCore.Hosting.Diagnostics[1]
      Request starting HTTP/2 POST http://ilpp/UnityILPP.PostProcessing/PostProcessAssembly application/grpc -
info: Microsoft.AspNetCore.Routing.EndpointMiddleware[0]
      Executing endpoint 'gRPC - /UnityILPP.PostProcessing/PostProcessAssembly'
info: Microsoft.AspNetCore.Routing.EndpointMiddleware[0]
      Executing endpoint 'gRPC - /UnityILPP.PostProcessing/PostProcessAssembly'
info: Unity.ILPP.Runner.PostProcessingPipeline[0]
      Processing assembly Library/Bee/artifacts/2000b0aEDbg.dag/Unity.TestTools.CodeCoverage.Editor.OpenCover.Mono.Reflection.dll, with 108 defines and 269 references
info: Unity.ILPP.Runner.PostProcessingPipeline[0]
      processors: Unity.Jobs.CodeGen.JobsILPostProcessor, zzzUnity.Burst.CodeGen.BurstILPostProcessor
info: Unity.ILPP.Runner.PostProcessingPipeline[0]
      Processing assembly Library/Bee/artifacts/2000b0aEDbg.dag/Unity.Performance.Profile-Analyzer.Editor.dll, with 108 defines and 269 references
info: Unity.ILPP.Runner.PostProcessingPipeline[0]
      processors: Unity.Jobs.CodeGen.JobsILPostProcessor, zzzUnity.Burst.CodeGen.BurstILPostProcessor
info: Unity.ILPP.Runner.PostProcessingPipeline[0]
      running Unity.Jobs.CodeGen.JobsILPostProcessor
info: Unity.ILPP.Runner.PostProcessingPipeline[0]
      running zzzUnity.Burst.CodeGen.BurstILPostProcessor
info: Unity.ILPP.Runner.PostProcessingPipeline[0]
      running Unity.Jobs.CodeGen.JobsILPostProcessor
info: Unity.ILPP.Runner.PostProcessingPipeline[0]
      running zzzUnity.Burst.CodeGen.BurstILPostProcessor
info: Microsoft.AspNetCore.Routing.EndpointMiddleware[1]
      Executed endpoint 'gRPC - /UnityILPP.PostProcessing/PostProcessAssembly'
info: Microsoft.AspNetCore.Hosting.Diagnostics[2]
      Request finished HTTP/2 POST http://ilpp/UnityILPP.PostProcessing/PostProcessAssembly application/grpc - - 200 - application/grpc 2.8468ms
info: Microsoft.AspNetCore.Routing.EndpointMiddleware[1]
      Executed endpoint 'gRPC - /UnityILPP.PostProcessing/PostProcessAssembly'
info: Microsoft.AspNetCore.Hosting.Diagnostics[2]
      Request finished HTTP/2 POST http://ilpp/UnityILPP.PostProcessing/PostProcessAssembly application/grpc - - 200 - application/grpc 2.9861ms
info: Microsoft.AspNetCore.Hosting.Diagnostics[1]
      Request starting HTTP/2 POST http://ilpp/UnityILPP.PostProcessing/PostProcessAssembly application/grpc -
info: Microsoft.AspNetCore.Routing.EndpointMiddleware[0]
      Executing endpoint 'gRPC - /UnityILPP.PostProcessing/PostProcessAssembly'
info: Unity.ILPP.Runner.PostProcessingPipeline[0]
      Processing assembly Library/Bee/artifacts/2000b0aEDbg.dag/Unity.PlasticSCM.Editor.Assistant.dll, with 108 defines and 270 references
info: Unity.ILPP.Runner.PostProcessingPipeline[0]
      processors: Unity.Jobs.CodeGen.JobsILPostProcessor, zzzUnity.Burst.CodeGen.BurstILPostProcessor
info: Unity.ILPP.Runner.PostProcessingPipeline[0]
      running Unity.Jobs.CodeGen.JobsILPostProcessor
info: Unity.ILPP.Runner.PostProcessingPipeline[0]
      running zzzUnity.Burst.CodeGen.BurstILPostProcessor
info: Microsoft.AspNetCore.Routing.EndpointMiddleware[1]
      Executed endpoint 'gRPC - /UnityILPP.PostProcessing/PostProcessAssembly'
info: Microsoft.AspNetCore.Hosting.Diagnostics[2]
      Request finished HTTP/2 POST http://ilpp/UnityILPP.PostProcessing/PostProcessAssembly application/grpc - - 200 - application/grpc 1.9145ms
info: Microsoft.AspNetCore.Hosting.Diagnostics[1]
      Request starting HTTP/2 POST http://ilpp/UnityILPP.PostProcessing/PostProcessAssembly application/grpc -
info: Microsoft.AspNetCore.Routing.EndpointMiddleware[0]
      Executing endpoint 'gRPC - /UnityILPP.PostProcessing/PostProcessAssembly'
info: Microsoft.AspNetCore.Hosting.Diagnostics[1]
      Request starting HTTP/2 POST http://ilpp/UnityILPP.PostProcessing/PostProcessAssembly application/grpc -
info: Microsoft.AspNetCore.Routing.EndpointMiddleware[0]
      Executing endpoint 'gRPC - /UnityILPP.PostProcessing/PostProcessAssembly'
info: Unity.ILPP.Runner.PostProcessingPipeline[0]
      Processing assembly Library/Bee/artifacts/2000b0aEDbg.dag/Unity.PlasticSCM.Editor.Entities.dll, with 108 defines and 270 references
info: Unity.ILPP.Runner.PostProcessingPipeline[0]
      processors: Unity.Jobs.CodeGen.JobsILPostProcessor, zzzUnity.Burst.CodeGen.BurstILPostProcessor
info: Unity.ILPP.Runner.PostProcessingPipeline[0]
      running Unity.Jobs.CodeGen.JobsILPostProcessor
info: Unity.ILPP.Runner.PostProcessingPipeline[0]
      running zzzUnity.Burst.CodeGen.BurstILPostProcessor
info: Microsoft.AspNetCore.Routing.EndpointMiddleware[1]
      Executed endpoint 'gRPC - /UnityILPP.PostProcessing/PostProcessAssembly'
info: Microsoft.AspNetCore.Hosting.Diagnostics[2]
      Request finished HTTP/2 POST http://ilpp/UnityILPP.PostProcessing/PostProcessAssembly application/grpc - - 200 - application/grpc 2.8020ms
info: Unity.ILPP.Runner.PostProcessingPipeline[0]
      Processing assembly Library/Bee/artifacts/2000b0aEDbg.dag/Unity.VisualScripting.SettingsProvider.Editor.dll, with 108 defines and 274 references
info: Unity.ILPP.Runner.PostProcessingPipeline[0]
      processors: Unity.Jobs.CodeGen.JobsILPostProcessor, zzzUnity.Burst.CodeGen.BurstILPostProcessor
info: Unity.ILPP.Runner.PostProcessingPipeline[0]
      running Unity.Jobs.CodeGen.JobsILPostProcessor
info: Unity.ILPP.Runner.PostProcessingPipeline[0]
      running zzzUnity.Burst.CodeGen.BurstILPostProcessor
info: Microsoft.AspNetCore.Routing.EndpointMiddleware[1]
      Executed endpoint 'gRPC - /UnityILPP.PostProcessing/PostProcessAssembly'
info: Microsoft.AspNetCore.Hosting.Diagnostics[2]
      Request finished HTTP/2 POST http://ilpp/UnityILPP.PostProcessing/PostProcessAssembly application/grpc - - 200 - application/grpc 11.0485ms
info: Microsoft.AspNetCore.Hosting.Diagnostics[1]
      Request starting HTTP/2 POST http://ilpp/UnityILPP.PostProcessing/PostProcessAssembly application/grpc -
info: Microsoft.AspNetCore.Routing.EndpointMiddleware[0]
      Executing endpoint 'gRPC - /UnityILPP.PostProcessing/PostProcessAssembly'
info: Microsoft.AspNetCore.Hosting.Diagnostics[1]
      Request starting HTTP/2 POST http://ilpp/UnityILPP.PostProcessing/PostProcessAssembly application/grpc -
info: Microsoft.AspNetCore.Routing.EndpointMiddleware[0]
      Executing endpoint 'gRPC - /UnityILPP.PostProcessing/PostProcessAssembly'
info: Unity.ILPP.Runner.PostProcessingPipeline[0]
      Processing assembly Library/Bee/artifacts/2000b0aEDbg.dag/Unity.VisualScripting.State.Editor.dll, with 108 defines and 274 references
info: Unity.ILPP.Runner.PostProcessingPipeline[0]
      processors: Unity.Jobs.CodeGen.JobsILPostProcessor, zzzUnity.Burst.CodeGen.BurstILPostProcessor
info: Unity.ILPP.Runner.PostProcessingPipeline[0]
      Processing assembly Library/Bee/artifacts/2000b0aEDbg.dag/Unity.CollabProxy.Editor.dll, with 108 defines and 270 references
info: Unity.ILPP.Runner.PostProcessingPipeline[0]
      processors: Unity.Jobs.CodeGen.JobsILPostProcessor, zzzUnity.Burst.CodeGen.BurstILPostProcessor
info: Unity.ILPP.Runner.PostProcessingPipeline[0]
      running Unity.Jobs.CodeGen.JobsILPostProcessor
info: Unity.ILPP.Runner.PostProcessingPipeline[0]
      running zzzUnity.Burst.CodeGen.BurstILPostProcessor
info: Unity.ILPP.Runner.PostProcessingPipeline[0]
      running Unity.Jobs.CodeGen.JobsILPostProcessor
info: Unity.ILPP.Runner.PostProcessingPipeline[0]
      running zzzUnity.Burst.CodeGen.BurstILPostProcessor
info: Microsoft.AspNetCore.Routing.EndpointMiddleware[1]
      Executed endpoint 'gRPC - /UnityILPP.PostProcessing/PostProcessAssembly'
info: Microsoft.AspNetCore.Hosting.Diagnostics[2]
      Request finished HTTP/2 POST http://ilpp/UnityILPP.PostProcessing/PostProcessAssembly application/grpc - - 200 - application/grpc 2.5242ms
info: Microsoft.AspNetCore.Routing.EndpointMiddleware[1]
      Executed endpoint 'gRPC - /UnityILPP.PostProcessing/PostProcessAssembly'
info: Microsoft.AspNetCore.Hosting.Diagnostics[2]
      Request finished HTTP/2 POST http://ilpp/UnityILPP.PostProcessing/PostProcessAssembly application/grpc - - 200 - application/grpc 2.5812ms
info: Microsoft.AspNetCore.Hosting.Diagnostics[1]
      Request starting HTTP/2 POST http://ilpp/UnityILPP.PostProcessing/PostProcessAssembly application/grpc -
info: Microsoft.AspNetCore.Routing.EndpointMiddleware[0]
      Executing endpoint 'gRPC - /UnityILPP.PostProcessing/PostProcessAssembly'
info: Unity.ILPP.Runner.PostProcessingPipeline[0]
      Processing assembly Library/Bee/artifacts/2000b0aEDbg.dag/Unity.VisualScripting.Shared.Editor.dll, with 108 defines and 275 references
info: Unity.ILPP.Runner.PostProcessingPipeline[0]
      processors: Unity.Jobs.CodeGen.JobsILPostProcessor, zzzUnity.Burst.CodeGen.BurstILPostProcessor
info: Unity.ILPP.Runner.PostProcessingPipeline[0]
      running Unity.Jobs.CodeGen.JobsILPostProcessor
info: Unity.ILPP.Runner.PostProcessingPipeline[0]
      running zzzUnity.Burst.CodeGen.BurstILPostProcessor
info: Microsoft.AspNetCore.Routing.EndpointMiddleware[1]
      Executed endpoint 'gRPC - /UnityILPP.PostProcessing/PostProcessAssembly'
info: Microsoft.AspNetCore.Hosting.Diagnostics[2]
      Request finished HTTP/2 POST http://ilpp/UnityILPP.PostProcessing/PostProcessAssembly application/grpc - - 200 - application/grpc 2.1527ms
info: Microsoft.AspNetCore.Hosting.Diagnostics[1]
      Request starting HTTP/2 POST http://ilpp/UnityILPP.PostProcessing/PostProcessAssembly application/grpc -
info: Microsoft.AspNetCore.Routing.EndpointMiddleware[0]
      Executing endpoint 'gRPC - /UnityILPP.PostProcessing/PostProcessAssembly'
info: Unity.ILPP.Runner.PostProcessingPipeline[0]
      Processing assembly Library/Bee/artifacts/2000b0aEDbg.dag/Assembly-CSharp-firstpass.dll, with 110 defines and 285 references
info: Unity.ILPP.Runner.PostProcessingPipeline[0]
      processors: Unity.Jobs.CodeGen.JobsILPostProcessor, zzzUnity.Burst.CodeGen.BurstILPostProcessor
info: Unity.ILPP.Runner.PostProcessingPipeline[0]
      running Unity.Jobs.CodeGen.JobsILPostProcessor
info: Unity.ILPP.Runner.PostProcessingPipeline[0]
      running zzzUnity.Burst.CodeGen.BurstILPostProcessor
info: Microsoft.AspNetCore.Routing.EndpointMiddleware[1]
      Executed endpoint 'gRPC - /UnityILPP.PostProcessing/PostProcessAssembly'
info: Microsoft.AspNetCore.Hosting.Diagnostics[2]
      Request finished HTTP/2 POST http://ilpp/UnityILPP.PostProcessing/PostProcessAssembly application/grpc - - 200 - application/grpc 19.1980ms
ExitCode: 0 Duration: 17s
Finished compiling graph: 732 nodes, 11625 flattened edges (9721 ToBuild, 112 ToUse), maximum node priority 758
[129/729    0s] WriteText Library/Bee/artifacts/2000b0aEDbg.dag/UnityEngine.TestRunner.rsp2
[131/729    0s] WriteText Library/Bee/artifacts/2000b0aEDbg.dag/UnityEngine.TestRunner.UnityAdditionalFile.txt
[132/729    0s] WriteText Library/Bee/artifacts/2000b0aEDbg.dag/UnityEngine.TestRunner.dll.mvfrm.rsp
[133/729    0s] WriteText Library/Bee/artifacts/2000b0aEDbg.dag/UnityEngine.UI.dll.mvfrm.rsp
[134/729    0s] WriteText Library/Bee/artifacts/2000b0aEDbg.dag/UnityEngine.UI.UnityAdditionalFile.txt
[135/729    0s] WriteText Library/Bee/artifacts/2000b0aEDbg.dag/UnityEditor.TestRunner.rsp2
[136/729    0s] WriteText Library/Bee/artifacts/2000b0aEDbg.dag/UnityEditor.TestRunner.dll.mvfrm.rsp
[137/729    0s] WriteText Library/Bee/artifacts/2000b0aEDbg.dag/UnityEngine.UI.rsp2
[138/729    0s] WriteText Library/Bee/artifacts/2000b0aEDbg.dag/UnityEditor.UI.rsp2
[139/729    0s] WriteText Library/Bee/artifacts/2000b0aEDbg.dag/UnityEditor.TestRunner.UnityAdditionalFile.txt
[140/729    0s] WriteText Library/Bee/artifacts/2000b0aEDbg.dag/UnityEngine.UI.rsp
[141/729    0s] WriteText Library/Bee/artifacts/2000b0aEDbg.dag/UnityEditor.TestRunner.rsp
[142/729    0s] WriteText Library/Bee/artifacts/2000b0aEDbg.dag/Unity.Burst.UnityAdditionalFile.txt
[143/729    0s] WriteText Library/Bee/artifacts/2000b0aEDbg.dag/UnityEditor.UI.dll.mvfrm.rsp
[144/729    0s] WriteText Library/Bee/artifacts/2000b0aEDbg.dag/Unity.Burst.rsp2
[145/729    0s] WriteText Library/Bee/artifacts/2000b0aEDbg.dag/UnityEditor.UI.UnityAdditionalFile.txt
[146/729    0s] WriteText Library/Bee/artifacts/2000b0aEDbg.dag/UnityEngine.TestRunner.rsp
[147/729    0s] WriteText Library/Bee/artifacts/2000b0aEDbg.dag/UnityEditor.UI.rsp
[149/729    0s] WriteText Library/Bee/artifacts/2000b0aEDbg.dag/Unity.Mathematics.rsp2
[151/729    0s] WriteText Library/Bee/artifacts/2000b0aEDbg.dag/Unity.Mathematics.UnityAdditionalFile.txt
[155/729    0s] WriteText Library/Bee/artifacts/2000b0aEDbg.dag/Unity.Burst.dll.mvfrm.rsp
[156/729    0s] WriteText Library/Bee/artifacts/2000b0aEDbg.dag/Unity.Burst.rsp
[157/729    0s] WriteText Library/Bee/artifacts/2000b0aEDbg.dag/Unity.Mathematics.dll.mvfrm.rsp
[158/729    0s] WriteText Library/Bee/artifacts/2000b0aEDbg.dag/Unity.Mathematics.rsp
[159/729    0s] WriteText Library/Bee/artifacts/2000b0aEDbg.dag/Unity.Collections.UnityAdditionalFile.txt
[160/729    0s] WriteText Library/Bee/artifacts/2000b0aEDbg.dag/Unity.Collections.rsp2
[161/729    0s] WriteText Library/Bee/artifacts/2000b0aEDbg.dag/Unity.InputSystem.UnityAdditionalFile.txt
[162/729    0s] WriteText Library/Bee/artifacts/2000b0aEDbg.dag/Unity.InputSystem.rsp2
[163/729    0s] WriteText Library/Bee/artifacts/2000b0aEDbg.dag/Unity.Burst.CodeGen.UnityAdditionalFile.txt
[164/729    0s] WriteText Library/Bee/artifacts/2000b0aEDbg.dag/Unity.Collections.CodeGen.rsp2
[165/729    0s] WriteText Library/Bee/artifacts/2000b0aEDbg.dag/Unity.Collections.rsp
[166/729    0s] WriteText Library/Bee/artifacts/2000b0aEDbg.dag/Unity.InputSystem.dll.mvfrm.rsp
[167/729    0s] WriteText Library/Bee/artifacts/2000b0aEDbg.dag/Unity.Collections.CodeGen.UnityAdditionalFile.txt
[168/729    0s] WriteText Library/Bee/artifacts/2000b0aEDbg.dag/Unity.Burst.CodeGen.rsp2
[169/729    0s] WriteText Library/Bee/artifacts/2000b0aEDbg.dag/Unity.Collections.dll.mvfrm.rsp
[170/729    0s] WriteText Library/Bee/artifacts/2000b0aEDbg.dag/Unity.InputSystem.rsp
[171/729    0s] WriteText Library/Bee/artifacts/2000b0aEDbg.dag/Unity.VisualScripting.Core.UnityAdditionalFile.txt
[172/729    0s] WriteText Library/Bee/artifacts/2000b0aEDbg.dag/Unity.VisualScripting.Core.rsp2
[173/729    0s] WriteText Library/Bee/artifacts/2000b0aEDbg.dag/Unity.Collections.CodeGen.dll.mvfrm.rsp
[174/729    0s] WriteText Library/Bee/artifacts/2000b0aEDbg.dag/Unity.Burst.CodeGen.dll.mvfrm.rsp
[175/729    0s] WriteResponseFile Library/Bee/artifacts/rsp/4747638433968585886.rsp
[176/729    0s] WriteText Library/Bee/artifacts/2000b0aEDbg.dag/Unity.Collections.CodeGen.rsp
[177/729    0s] WriteText Library/Bee/artifacts/2000b0aEDbg.dag/Unity.Burst.CodeGen.rsp
[178/729    0s] WriteText Library/Bee/artifacts/2000b0aEDbg.dag/Unity.VisualScripting.Core.dll.mvfrm.rsp
[179/729    0s] WriteText Library/Bee/artifacts/2000b0aEDbg.dag/Unity.VisualScripting.Flow.UnityAdditionalFile.txt
[180/729    0s] WriteText Library/Bee/artifacts/2000b0aEDbg.dag/Unity.VisualScripting.Core.rsp
[181/729    0s] WriteText Library/Bee/artifacts/2000b0aEDbg.dag/Unity.VisualScripting.Core.Editor.rsp2
[182/729    0s] WriteText Library/Bee/artifacts/2000b0aEDbg.dag/Unity.VisualScripting.Core.Editor.UnityAdditionalFile.txt
[183/729    0s] WriteText Library/Bee/artifacts/2000b0aEDbg.dag/Unity.VisualScripting.Flow.rsp2
[184/729    0s] WriteText Library/Bee/artifacts/2000b0aEDbg.dag/Unity.VisualScripting.Flow.rsp
[185/729    0s] WriteText Library/Bee/artifacts/2000b0aEDbg.dag/Unity.VisualScripting.Core.Editor.dll.mvfrm.rsp
[186/729    0s] WriteText Library/Bee/artifacts/2000b0aEDbg.dag/Unity.AI.Navigation.rsp2
[187/729    0s] WriteText Library/Bee/artifacts/2000b0aEDbg.dag/Unity.VisualScripting.Flow.dll.mvfrm.rsp
[188/729    0s] WriteText Library/Bee/artifacts/2000b0aEDbg.dag/Unity.VisualScripting.State.rsp2
[189/729    0s] WriteText Library/Bee/artifacts/2000b0aEDbg.dag/Unity.AI.Navigation.UnityAdditionalFile.txt
[190/729    0s] WriteText Library/Bee/artifacts/2000b0aEDbg.dag/Unity.VisualScripting.Flow.Editor.rsp2
[191/729    0s] WriteText Library/Bee/artifacts/2000b0aEDbg.dag/Unity.VisualScripting.Flow.Editor.UnityAdditionalFile.txt
[192/729    0s] WriteText Library/Bee/artifacts/2000b0aEDbg.dag/Unity.VisualScripting.State.UnityAdditionalFile.txt
[193/729    0s] WriteText Library/Bee/artifacts/2000b0aEDbg.dag/Unity.VisualScripting.Core.Editor.rsp
[194/729    0s] WriteText Library/Bee/artifacts/2000b0aEDbg.dag/Unity.AI.Navigation.Editor.ConversionSystem.UnityAdditionalFile.txt
[195/729    0s] WriteText Library/Bee/artifacts/2000b0aEDbg.dag/Unity.AI.Navigation.dll.mvfrm.rsp
[196/729    0s] WriteText Library/Bee/artifacts/2000b0aEDbg.dag/Unity.AI.Navigation.Editor.ConversionSystem.rsp2
[197/729    0s] WriteText Library/Bee/artifacts/2000b0aEDbg.dag/Unity.AI.Navigation.rsp
[198/729    0s] WriteText Library/Bee/artifacts/2000b0aEDbg.dag/Unity.VisualScripting.State.dll.mvfrm.rsp
[199/729    0s] WriteText Library/Bee/artifacts/2000b0aEDbg.dag/Unity.VisualScripting.Flow.Editor.dll.mvfrm.rsp
[200/729    0s] WriteText Library/Bee/artifacts/2000b0aEDbg.dag/Unity.VisualScripting.State.rsp
[201/729    0s] WriteText Library/Bee/artifacts/2000b0aEDbg.dag/Unity.VisualScripting.Flow.Editor.rsp
[202/729    0s] WriteText Library/Bee/artifacts/2000b0aEDbg.dag/Unity.AI.Navigation.Editor.ConversionSystem.dll.mvfrm.rsp
[203/729    0s] WriteText Library/Bee/artifacts/2000b0aEDbg.dag/Unity.PlasticSCM.Editor.UnityAdditionalFile.txt
[204/729    0s] WriteText Library/Bee/artifacts/2000b0aEDbg.dag/Unity.PlasticSCM.Editor.rsp2
[205/729    0s] WriteText Library/Bee/artifacts/2000b0aEDbg.dag/Unity.AI.Navigation.Editor.ConversionSystem.rsp
[206/729    0s] WriteText Library/Bee/artifacts/2000b0aEDbg.dag/deVoid.Signals.dll.mvfrm.rsp
[207/729    0s] WriteText Library/Bee/artifacts/2000b0aEDbg.dag/Unity.PlasticSCM.Editor.dll.mvfrm.rsp
[208/729    0s] WriteText Library/Bee/artifacts/2000b0aEDbg.dag/deVoid.Signals.rsp2
[209/729    0s] WriteText Library/Bee/artifacts/2000b0aEDbg.dag/Unity.InputSystem.TestFramework.UnityAdditionalFile.txt
[210/729    0s] WriteText Library/Bee/artifacts/2000b0aEDbg.dag/deVoid.Signals.UnityAdditionalFile.txt
[211/729    0s] WriteText Library/Bee/artifacts/2000b0aEDbg.dag/Unity.InputSystem.TestFramework.rsp2
[212/729    0s] WriteText Library/Bee/artifacts/2000b0aEDbg.dag/deVoid.Signals.rsp
[213/729    0s] WriteText Library/Bee/artifacts/2000b0aEDbg.dag/Unity.TestTools.CodeCoverage.Editor.OpenCover.Model.UnityAdditionalFile.txt
[214/729    0s] WriteText Library/Bee/artifacts/2000b0aEDbg.dag/Unity.Settings.Editor.rsp2
[215/729    0s] WriteText Library/Bee/artifacts/2000b0aEDbg.dag/Unity.Settings.Editor.UnityAdditionalFile.txt
[216/729    0s] WriteText Library/Bee/artifacts/2000b0aEDbg.dag/Unity.Multiplayer.Center.Common.rsp2
[217/729    0s] WriteText Library/Bee/artifacts/2000b0aEDbg.dag/NoSafeCircle.DoorPrototype.rsp2
[218/729    0s] WriteText Library/Bee/artifacts/2000b0aEDbg.dag/Unity.Multiplayer.Center.Common.UnityAdditionalFile.txt
[219/729    0s] WriteText Library/Bee/artifacts/2000b0aEDbg.dag/NoSafeCircle.DoorPrototype.UnityAdditionalFile.txt
[220/729    0s] WriteText Library/Bee/artifacts/2000b0aEDbg.dag/Unity.VisualScripting.State.Editor.UnityAdditionalFile.txt
[221/729    0s] WriteText Library/Bee/artifacts/2000b0aEDbg.dag/Unity.VisualScripting.State.Editor.rsp2
[222/729    0s] WriteText Library/Bee/artifacts/2000b0aEDbg.dag/Unity.AI.Navigation.Editor.rsp2
[223/729    0s] WriteText Library/Bee/artifacts/2000b0aEDbg.dag/Unity.PlasticSCM.Editor.rsp
[224/729    0s] WriteText Library/Bee/artifacts/2000b0aEDbg.dag/Unity.AI.Navigation.Editor.UnityAdditionalFile.txt
[225/729    0s] WriteText Library/Bee/artifacts/2000b0aEDbg.dag/Unity.TextMeshPro.rsp2
[226/729    0s] WriteText Library/Bee/artifacts/2000b0aEDbg.dag/Unity.Timeline.rsp2
[227/729    0s] WriteText Library/Bee/artifacts/2000b0aEDbg.dag/Unity.Timeline.UnityAdditionalFile.txt
[228/729    0s] WriteText Library/Bee/artifacts/2000b0aEDbg.dag/Unity.TextMeshPro.UnityAdditionalFile.txt
[229/729    0s] WriteText Library/Bee/artifacts/2000b0aEDbg.dag/Unity.TestTools.CodeCoverage.Editor.OpenCover.Mono.Reflection.rsp2
[230/729    0s] WriteText Library/Bee/artifacts/2000b0aEDbg.dag/Unity.TestTools.CodeCoverage.Editor.OpenCover.Mono.Reflection.UnityAdditionalFile.txt
[231/729    0s] WriteText Library/Bee/artifacts/2000b0aEDbg.dag/Unity.VisualScripting.State.Editor.dll.mvfrm.rsp
[232/729    0s] WriteText Library/Bee/artifacts/2000b0aEDbg.dag/Unity.Timeline.dll.mvfrm.rsp
[233/729    0s] WriteText Library/Bee/artifacts/2000b0aEDbg.dag/Unity.TestTools.CodeCoverage.Editor.OpenCover.Model.rsp2
[234/729    0s] WriteText Library/Bee/artifacts/2000b0aEDbg.dag/Unity.TextMeshPro.dll.mvfrm.rsp
[235/729    0s] WriteText Library/Bee/artifacts/2000b0aEDbg.dag/Unity.Multiplayer.Center.Common.dll.mvfrm.rsp
[236/729    0s] WriteText Library/Bee/artifacts/2000b0aEDbg.dag/Unity.AI.Navigation.Editor.dll.mvfrm.rsp
[237/729    0s] WriteText Library/Bee/artifacts/2000b0aEDbg.dag/Unity.TestTools.CodeCoverage.Editor.OpenCover.Mono.Reflection.dll.mvfrm.rsp
[238/729    0s] WriteText Library/Bee/artifacts/2000b0aEDbg.dag/Unity.TestTools.CodeCoverage.Editor.OpenCover.Model.dll.mvfrm.rsp
[239/729    0s] WriteText Library/Bee/artifacts/2000b0aEDbg.dag/Unity.Settings.Editor.dll.mvfrm.rsp
[240/729    0s] WriteText Library/Bee/artifacts/2000b0aEDbg.dag/Unity.Multiplayer.Center.Common.rsp
[241/729    0s] WriteText Library/Bee/artifacts/2000b0aEDbg.dag/Unity.TextMeshPro.rsp
[242/729    0s] WriteText Library/Bee/artifacts/2000b0aEDbg.dag/Unity.VisualScripting.State.Editor.rsp
[243/729    0s] WriteText Library/Bee/artifacts/2000b0aEDbg.dag/Unity.Settings.Editor.rsp
[244/729    0s] WriteText Library/Bee/artifacts/2000b0aEDbg.dag/Unity.TestTools.CodeCoverage.Editor.OpenCover.Mono.Reflection.rsp
[245/729    0s] WriteText Library/Bee/artifacts/2000b0aEDbg.dag/Unity.TestTools.CodeCoverage.Editor.OpenCover.Model.rsp
[246/729    0s] WriteText Library/Bee/artifacts/2000b0aEDbg.dag/Unity.Timeline.rsp
[247/729    0s] WriteText Library/Bee/artifacts/2000b0aEDbg.dag/Unity.AI.Navigation.Editor.rsp
[248/729    0s] WriteText Library/Bee/artifacts/2000b0aEDbg.dag/NoSafeCircle.DoorPrototype.dll.mvfrm.rsp
[249/729    0s] WriteText Library/Bee/artifacts/2000b0aEDbg.dag/Unity.InputSystem.TestFramework.rsp
[250/729    0s] WriteText Library/Bee/artifacts/2000b0aEDbg.dag/Unity.InputSystem.TestFramework.dll.mvfrm.rsp
[251/729    0s] WriteText Library/Bee/artifacts/2000b0aEDbg.dag/NoSafeCircle.DoorPrototype.rsp
[252/729    0s] WriteText Library/Bee/artifacts/2000b0aEDbg.dag/Unity.Rider.Editor.UnityAdditionalFile.txt
[253/729    0s] WriteText Library/Bee/artifacts/2000b0aEDbg.dag/Unity.VisualStudio.Editor.rsp2
[254/729    0s] WriteText Library/Bee/artifacts/2000b0aEDbg.dag/Unity.Rider.Editor.rsp2
[255/729    0s] WriteText Library/Bee/artifacts/2000b0aEDbg.dag/NoSafeCircle.DoorPrototype.Editor.rsp2
[256/729    0s] WriteText Library/Bee/artifacts/2000b0aEDbg.dag/Unity.VisualStudio.Editor.UnityAdditionalFile.txt
[257/729    0s] WriteText Library/Bee/artifacts/2000b0aEDbg.dag/NoSafeCircle.DoorPrototype.Editor.UnityAdditionalFile.txt
[258/729    0s] WriteText Library/Bee/artifacts/2000b0aEDbg.dag/Unity.EditorCoroutines.Editor.UnityAdditionalFile.txt
[259/729    0s] WriteText Library/Bee/artifacts/2000b0aEDbg.dag/Unity.VisualScripting.SettingsProvider.Editor.rsp2
[260/729    0s] WriteText Library/Bee/artifacts/2000b0aEDbg.dag/Unity.InputSystem.ForUI.UnityAdditionalFile.txt
[261/729    0s] WriteText Library/Bee/artifacts/2000b0aEDbg.dag/Unity.Collections.Editor.rsp2
[262/729    0s] WriteText Library/Bee/artifacts/2000b0aEDbg.dag/Unity.Mathematics.Editor.UnityAdditionalFile.txt
[263/729    0s] WriteText Library/Bee/artifacts/2000b0aEDbg.dag/Unity.Mathematics.Editor.rsp2
[264/729    0s] WriteText Library/Bee/artifacts/2000b0aEDbg.dag/Unity.InputSystem.ForUI.rsp2
[265/729    0s] WriteText Library/Bee/artifacts/2000b0aEDbg.dag/Unity.Timeline.Editor.rsp2
[266/729    0s] WriteText Library/Bee/artifacts/2000b0aEDbg.dag/Unity.TestTools.CodeCoverage.Editor.rsp2
[267/729    0s] WriteText Library/Bee/artifacts/2000b0aEDbg.dag/Unity.Multiplayer.Center.Editor.UnityAdditionalFile.txt
[268/729    0s] WriteText Library/Bee/artifacts/2000b0aEDbg.dag/Unity.Timeline.Editor.UnityAdditionalFile.txt
[269/729    0s] WriteText Library/Bee/artifacts/2000b0aEDbg.dag/Unity.Multiplayer.Center.Editor.rsp2
[270/729    0s] WriteText Library/Bee/artifacts/2000b0aEDbg.dag/Unity.TestTools.CodeCoverage.Editor.UnityAdditionalFile.txt
[271/729    0s] WriteText Library/Bee/artifacts/2000b0aEDbg.dag/Unity.Performance.Profile-Analyzer.Editor.UnityAdditionalFile.txt
[272/729    0s] WriteText Library/Bee/artifacts/2000b0aEDbg.dag/Unity.TextMeshPro.Editor.rsp2
[273/729    0s] WriteText Library/Bee/artifacts/2000b0aEDbg.dag/Unity.Performance.Profile-Analyzer.Editor.rsp2
[274/729    0s] WriteText Library/Bee/artifacts/2000b0aEDbg.dag/Unity.2D.Tilemap.Editor.UnityAdditionalFile.txt
[275/729    0s] WriteText Library/Bee/artifacts/2000b0aEDbg.dag/Unity.2D.Tilemap.Editor.rsp2
[276/729    0s] WriteText Library/Bee/artifacts/2000b0aEDbg.dag/Unity.AI.Navigation.Updater.UnityAdditionalFile.txt
[277/729    0s] WriteText Library/Bee/artifacts/2000b0aEDbg.dag/Unity.EditorCoroutines.Editor.rsp2
[278/729    0s] WriteText Library/Bee/artifacts/2000b0aEDbg.dag/Unity.AI.Navigation.Updater.rsp2
[279/729    0s] WriteText Library/Bee/artifacts/2000b0aEDbg.dag/Unity.Burst.Editor.UnityAdditionalFile.txt
[280/729    0s] WriteText Library/Bee/artifacts/2000b0aEDbg.dag/Unity.VisualScripting.SettingsProvider.Editor.UnityAdditionalFile.txt
[281/729    0s] WriteText Library/Bee/artifacts/2000b0aEDbg.dag/Unity.Burst.Editor.rsp2
[282/729    0s] WriteText Library/Bee/artifacts/2000b0aEDbg.dag/Unity.TextMeshPro.Editor.UnityAdditionalFile.txt
[283/729    0s] WriteText Library/Bee/artifacts/2000b0aEDbg.dag/Unity.Collections.Editor.UnityAdditionalFile.txt
[284/729    0s] WriteText Library/Bee/artifacts/2000b0aEDbg.dag/Unity.VisualScripting.Shared.Editor.rsp2
[285/729    0s] WriteText Library/Bee/artifacts/2000b0aEDbg.dag/Unity.PlasticSCM.Editor.Assistant.UnityAdditionalFile.txt
[286/729    0s] WriteText Library/Bee/artifacts/2000b0aEDbg.dag/Unity.VisualScripting.Shared.Editor.UnityAdditionalFile.txt
[287/729    0s] WriteText Library/Bee/artifacts/2000b0aEDbg.dag/Unity.PlasticSCM.Editor.Assistant.rsp2
[288/729    0s] WriteText Library/Bee/artifacts/2000b0aEDbg.dag/Unity.PerformanceTesting.UnityAdditionalFile.txt
[289/729    0s] WriteText Library/Bee/artifacts/2000b0aEDbg.dag/Unity.PerformanceTesting.rsp2
[290/729    0s] WriteText Library/Bee/artifacts/2000b0aEDbg.dag/Unity.VisualStudio.Editor.dll.mvfrm.rsp
[291/729    0s] WriteText Library/Bee/artifacts/2000b0aEDbg.dag/Unity.Rider.Editor.dll.mvfrm.rsp
[292/729    0s] WriteText Library/Bee/artifacts/2000b0aEDbg.dag/Unity.AI.Navigation.Updater.dll.mvfrm.rsp
[293/729    0s] WriteText Library/Bee/artifacts/2000b0aEDbg.dag/Unity.Burst.Editor.dll.mvfrm.rsp
[294/729    0s] WriteText Library/Bee/artifacts/2000b0aEDbg.dag/Unity.Collections.Editor.dll.mvfrm.rsp
[295/729    0s] WriteText Library/Bee/artifacts/2000b0aEDbg.dag/Unity.EditorCoroutines.Editor.dll.mvfrm.rsp
[296/729    0s] WriteText Library/Bee/artifacts/2000b0aEDbg.dag/Unity.Mathematics.Editor.dll.mvfrm.rsp
[297/729    0s] WriteText Library/Bee/artifacts/2000b0aEDbg.dag/Unity.InputSystem.ForUI.dll.mvfrm.rsp
[298/729    0s] WriteText Library/Bee/artifacts/2000b0aEDbg.dag/Unity.Performance.Profile-Analyzer.Editor.dll.mvfrm.rsp
[299/729    0s] WriteText Library/Bee/artifacts/2000b0aEDbg.dag/Unity.PlasticSCM.Editor.Assistant.dll.mvfrm.rsp
[300/729    0s] WriteText Library/Bee/artifacts/2000b0aEDbg.dag/Unity.Multiplayer.Center.Editor.dll.mvfrm.rsp
[301/729    0s] WriteText Library/Bee/artifacts/2000b0aEDbg.dag/Unity.TestTools.CodeCoverage.Editor.dll.mvfrm.rsp
[302/729    0s] WriteText Library/Bee/artifacts/2000b0aEDbg.dag/Unity.TextMeshPro.Editor.dll.mvfrm.rsp
[303/729    0s] WriteText Library/Bee/artifacts/2000b0aEDbg.dag/Unity.Timeline.Editor.dll.mvfrm.rsp
[304/729    0s] WriteText Library/Bee/artifacts/2000b0aEDbg.dag/Unity.VisualScripting.SettingsProvider.Editor.dll.mvfrm.rsp
[305/729    0s] WriteText Library/Bee/artifacts/2000b0aEDbg.dag/Unity.VisualScripting.Shared.Editor.dll.mvfrm.rsp
[306/729    0s] WriteText Library/Bee/artifacts/2000b0aEDbg.dag/Unity.PerformanceTesting.dll.mvfrm.rsp
[307/729    0s] WriteText Library/Bee/artifacts/2000b0aEDbg.dag/Unity.2D.Tilemap.Editor.dll.mvfrm.rsp
[308/729    0s] WriteText Library/Bee/artifacts/2000b0aEDbg.dag/NoSafeCircle.DoorPrototype.Editor.dll.mvfrm.rsp
[309/729    0s] WriteText Library/Bee/artifacts/2000b0aEDbg.dag/Unity.VisualStudio.Editor.rsp
[310/729    0s] WriteText Library/Bee/artifacts/2000b0aEDbg.dag/Unity.Rider.Editor.rsp
[311/729    0s] WriteText Library/Bee/artifacts/2000b0aEDbg.dag/Unity.Performance.Profile-Analyzer.Editor.rsp
[312/729    0s] WriteText Library/Bee/artifacts/2000b0aEDbg.dag/Unity.Multiplayer.Center.Editor.rsp
[313/729    0s] WriteText Library/Bee/artifacts/2000b0aEDbg.dag/NoSafeCircle.DoorPrototype.Editor.rsp
[314/729    0s] WriteText Library/Bee/artifacts/2000b0aEDbg.dag/Unity.Timeline.Editor.rsp
[315/729    0s] WriteText Library/Bee/artifacts/2000b0aEDbg.dag/Unity.TestTools.CodeCoverage.Editor.rsp
[316/729    0s] WriteText Library/Bee/artifacts/2000b0aEDbg.dag/Unity.Mathematics.Editor.rsp
[317/729    0s] WriteText Library/Bee/artifacts/2000b0aEDbg.dag/Unity.InputSystem.ForUI.rsp
[318/729    0s] WriteText Library/Bee/artifacts/2000b0aEDbg.dag/Unity.VisualScripting.SettingsProvider.Editor.rsp
[319/729    0s] WriteText Library/Bee/artifacts/2000b0aEDbg.dag/Unity.AI.Navigation.Updater.rsp
[320/729    0s] WriteText Library/Bee/artifacts/2000b0aEDbg.dag/Unity.PlasticSCM.Editor.Assistant.rsp
[321/729    0s] WriteText Library/Bee/artifacts/2000b0aEDbg.dag/Unity.EditorCoroutines.Editor.rsp
[322/729    0s] WriteText Library/Bee/artifacts/2000b0aEDbg.dag/Unity.VisualScripting.Shared.Editor.rsp
[323/729    0s] WriteText Library/Bee/artifacts/2000b0aEDbg.dag/Unity.Collections.Editor.rsp
[324/729    0s] WriteText Library/Bee/artifacts/2000b0aEDbg.dag/Unity.TextMeshPro.Editor.rsp
[325/729    0s] WriteText Library/Bee/artifacts/2000b0aEDbg.dag/Unity.Burst.Editor.rsp
[326/729    0s] WriteText Library/Bee/artifacts/2000b0aEDbg.dag/Unity.2D.Tilemap.Editor.rsp
[327/729    0s] WriteText Library/Bee/artifacts/2000b0aEDbg.dag/NoSafeCircle.DoorPrototype.Tests.UnityAdditionalFile.txt
[328/729    0s] WriteText Library/Bee/artifacts/2000b0aEDbg.dag/Unity.PerformanceTesting.rsp
[329/729    0s] WriteText Library/Bee/artifacts/2000b0aEDbg.dag/NoSafeCircle.DoorPrototype.Tests.Editor.UnityAdditionalFile.txt
[330/729    0s] WriteText Library/Bee/artifacts/2000b0aEDbg.dag/NoSafeCircle.DoorPrototype.Tests.rsp2
[331/729    0s] WriteText Library/Bee/artifacts/2000b0aEDbg.dag/NoSafeCircle.DoorPrototype.Tests.Editor.rsp2
[332/729    0s] WriteText Library/Bee/artifacts/2000b0aEDbg.dag/NoSafeCircle.DoorPrototype.Tests.dll.mvfrm.rsp
[333/729    0s] WriteText Library/Bee/artifacts/2000b0aEDbg.dag/NoSafeCircle.DoorPrototype.Tests.Editor.dll.mvfrm.rsp
[334/729    0s] WriteText Library/Bee/artifacts/2000b0aEDbg.dag/NoSafeCircle.DoorPrototype.Tests.rsp
[335/729    0s] WriteText Library/Bee/artifacts/2000b0aEDbg.dag/NoSafeCircle.DoorPrototype.Tests.Editor.rsp
[336/729    0s] WriteText Library/Bee/artifacts/2000b0aEDbg.dag/Unity.InputSystem.IntegrationTests.dll.mvfrm.rsp
[337/729    0s] WriteText Library/Bee/artifacts/2000b0aEDbg.dag/Assembly-CSharp-firstpass.dll.mvfrm.rsp
[338/729    0s] WriteText Library/Bee/artifacts/2000b0aEDbg.dag/Assembly-CSharp-firstpass.UnityAdditionalFile.txt
[339/729    0s] WriteText Library/Bee/artifacts/2000b0aEDbg.dag/Assembly-CSharp-firstpass.rsp2
[340/729    0s] WriteText Library/Bee/artifacts/2000b0aEDbg.dag/Unity.InputSystem.IntegrationTests.rsp2
[341/729    0s] WriteResponseFile Library/Bee/artifacts/rsp/138598128313699517.rsp
[342/729    0s] WriteText Library/Bee/artifacts/2000b0aEDbg.dag/Unity.InputSystem.DocCodeSamples.dll.mvfrm.rsp
[343/729    0s] WriteText Library/Bee/artifacts/2000b0aEDbg.dag/Unity.PerformanceTesting.Editor.dll.mvfrm.rsp
[344/729    0s] WriteResponseFile Library/Bee/artifacts/rsp/9534932439506906491.rsp
[345/729    0s] WriteResponseFile Library/Bee/artifacts/rsp/3956703519328326974.rsp
[346/729    0s] WriteText Library/Bee/artifacts/2000b0aEDbg.dag/Unity.InputSystem.IntegrationTests.UnityAdditionalFile.txt
[347/729    0s] WriteResponseFile Library/Bee/artifacts/rsp/1274561977909408936.rsp
[348/729    0s] WriteText Library/Bee/artifacts/2000b0aEDbg.dag/Unity.CollabProxy.Editor.dll.mvfrm.rsp
[349/729    0s] WriteResponseFile Library/Bee/artifacts/rsp/3897170114639281036.rsp
[350/729    0s] WriteResponseFile Library/Bee/artifacts/rsp/15327574423113539401.rsp
[351/729    0s] WriteText Library/Bee/artifacts/2000b0aEDbg.dag/Unity.PlasticSCM.Editor.Entities.dll.mvfrm.rsp
[352/729    0s] WriteResponseFile Library/Bee/artifacts/rsp/11621389207104113906.rsp
[353/729    0s] WriteResponseFile Library/Bee/artifacts/rsp/10251152606357592771.rsp
[354/729    0s] WriteText Library/Bee/artifacts/2000b0aEDbg.dag/Assembly-CSharp-firstpass.rsp
[355/729    0s] WriteText Library/Bee/artifacts/2000b0aEDbg.dag/Unity.PerformanceTesting.Editor.UnityAdditionalFile.txt
[356/729    0s] WriteText Library/Bee/artifacts/2000b0aEDbg.dag/Unity.PlasticSCM.Editor.Entities.rsp2
[357/729    0s] WriteResponseFile Library/Bee/artifacts/rsp/5048938615459051496.rsp
[358/729    0s] WriteText Library/Bee/artifacts/2000b0aEDbg.dag/Unity.InputSystem.IntegrationTests.rsp
[359/729    0s] WriteText Library/Bee/artifacts/2000b0aEDbg.dag/Unity.CollabProxy.Editor.UnityAdditionalFile.txt
[360/729    0s] WriteText Library/Bee/artifacts/2000b0aEDbg.dag/Unity.PerformanceTesting.Editor.rsp2
[361/729    0s] WriteText Library/Bee/artifacts/2000b0aEDbg.dag/Unity.PlasticSCM.Editor.Entities.UnityAdditionalFile.txt
[362/729    0s] WriteResponseFile Library/Bee/artifacts/rsp/1195079210867691324.rsp
[363/729    0s] WriteResponseFile Library/Bee/artifacts/rsp/8415023175672272240.rsp
[364/729    0s] WriteText Library/Bee/artifacts/2000b0aEDbg.dag/Unity.CollabProxy.Editor.rsp2
[365/729    0s] WriteResponseFile Library/Bee/artifacts/rsp/8761207070610789223.rsp
[366/729    0s] WriteText Library/Bee/artifacts/2000b0aEDbg.dag/Unity.InputSystem.DocCodeSamples.rsp2
[367/729    0s] WriteText Library/Bee/artifacts/2000b0aEDbg.dag/Unity.InputSystem.DocCodeSamples.UnityAdditionalFile.txt
[368/729    0s] WriteText Library/Bee/artifacts/2000b0aEDbg.dag/Unity.CollabProxy.Editor.rsp
[369/729    0s] WriteResponseFile Library/Bee/artifacts/rsp/14193227277920145980.rsp
[370/729    0s] WriteText Library/Bee/artifacts/2000b0aEDbg.dag/Unity.PlasticSCM.Editor.Entities.rsp
[371/729    0s] WriteText Library/Bee/artifacts/2000b0aEDbg.dag/Unity.InputSystem.DocCodeSamples.rsp
[372/729    0s] WriteText Library/Bee/artifacts/2000b0aEDbg.dag/Unity.PerformanceTesting.Editor.rsp
[373/729    0s] WriteResponseFile Library/Bee/artifacts/rsp/14398633798699763625.rsp
[374/729    0s] WriteResponseFile Library/Bee/artifacts/rsp/3527495650160303887.rsp
[375/729    0s] WriteResponseFile Library/Bee/artifacts/rsp/14854247321264041149.rsp
[376/729    0s] WriteResponseFile Library/Bee/artifacts/rsp/8171976510184216069.rsp
[377/729    0s] WriteResponseFile Library/Bee/artifacts/rsp/11234635430410113962.rsp
[378/729    0s] WriteResponseFile Library/Bee/artifacts/rsp/8382859636710661714.rsp
[379/729    0s] WriteResponseFile Library/Bee/artifacts/rsp/14783558640204377368.rsp
[380/729    0s] WriteResponseFile Library/Bee/artifacts/rsp/13118230201224445521.rsp
[381/729    0s] WriteResponseFile Library/Bee/artifacts/rsp/339969776742329494.rsp
[382/729    0s] WriteResponseFile Library/Bee/artifacts/rsp/6846200765604418504.rsp
[383/729    0s] WriteResponseFile Library/Bee/artifacts/rsp/4711306163071476602.rsp
[384/729    0s] WriteResponseFile Library/Bee/artifacts/rsp/17282143002570087332.rsp
[385/729    0s] WriteResponseFile Library/Bee/artifacts/rsp/14240997962441593741.rsp
[386/729    0s] WriteResponseFile Library/Bee/artifacts/rsp/14756493657925448648.rsp
[387/729    0s] WriteResponseFile Library/Bee/artifacts/rsp/13743862545560901445.rsp
[388/729    0s] WriteResponseFile Library/Bee/artifacts/rsp/2162512942342857613.rsp
[389/729    0s] WriteResponseFile Library/Bee/artifacts/rsp/1803735822626484765.rsp
[390/729    0s] WriteResponseFile Library/Bee/artifacts/rsp/5105451109831312461.rsp
[391/729    0s] WriteResponseFile Library/Bee/artifacts/rsp/3160522428084408722.rsp
[392/729    0s] WriteResponseFile Library/Bee/artifacts/rsp/16683026368355361491.rsp
[393/729    0s] WriteResponseFile Library/Bee/artifacts/rsp/12491912877895766653.rsp
[394/729    0s] WriteResponseFile Library/Bee/artifacts/rsp/156979712800722403.rsp
[395/729    0s] WriteResponseFile Library/Bee/artifacts/rsp/12432589192495578388.rsp
[396/729    0s] WriteResponseFile Library/Bee/artifacts/rsp/320920928941310263.rsp
[397/729    0s] WriteResponseFile Library/Bee/artifacts/rsp/17040797320491504055.rsp
[398/729    0s] WriteResponseFile Library/Bee/artifacts/rsp/13977242807113843417.rsp
[399/729    0s] WriteResponseFile Library/Bee/artifacts/rsp/17535359238949955618.rsp
[400/729    0s] WriteResponseFile Library/Bee/artifacts/rsp/3251989239529634954.rsp
[401/729    0s] WriteResponseFile Library/Bee/artifacts/rsp/4612468758091511893.rsp
[402/729    0s] WriteResponseFile Library/Bee/artifacts/rsp/4861703770874889961.rsp
[403/729    0s] WriteResponseFile Library/Bee/artifacts/rsp/16936501890430648628.rsp
[404/729    0s] WriteResponseFile Library/Bee/artifacts/rsp/9029327756790759999.rsp
[405/729    0s] WriteResponseFile Library/Bee/artifacts/rsp/9071688860112058992.rsp
[406/729    0s] WriteResponseFile Library/Bee/artifacts/rsp/17328531111144216655.rsp
[407/729    0s] WriteResponseFile Library/Bee/artifacts/rsp/7690169062636506944.rsp
[408/729    0s] WriteResponseFile Library/Bee/artifacts/rsp/11140490646431796823.rsp
[409/729    0s] WriteResponseFile Library/Bee/artifacts/rsp/7718778326892956572.rsp
[410/729    0s] MovedFromExtractor Library/Bee/artifacts/mvdfrm/UnityEngine.WebGLModule.dll_E463828C8BDD7062.mvfrm
[411/729    0s] MovedFromExtractor-Combine Library/Bee/artifacts/2000b0aEDbg.dag/UnityEngine.TestRunner.dll.mvfrm
[412/729    0s] MovedFromExtractor-Combine Library/Bee/artifacts/2000b0aEDbg.dag/UnityEngine.UI.dll.mvfrm
[413/729    1s] Csc Library/Bee/artifacts/2000b0aEDbg.dag/UnityEngine.TestRunner.dll (+2 others)
[414/729    1s] Csc Library/Bee/artifacts/2000b0aEDbg.dag/UnityEngine.UI.dll (+2 others)
[           0s] Csc Library/Bee/artifacts/2000b0aEDbg.dag/UnityEngine.UI.dll (+2 others) [CacheWrite 00000000000000000000000000000004]
[           0s] Csc Library/Bee/artifacts/2000b0aEDbg.dag/UnityEngine.TestRunner.dll (+2 others) [CacheWrite 00000000000000000000000000000004]
[415/729    0s] CopyFiles Library/ScriptAssemblies/UnityEngine.TestRunner.pdb
[416/729    0s] CopyFiles Library/ScriptAssemblies/UnityEngine.TestRunner.dll
[417/729    0s] MovedFromExtractor Library/Bee/artifacts/mvdfrm/UnityEngine.UI.ref.dll_CC711E74D88B8EAF.mvfrm
[418/729    0s] MovedFromExtractor Library/Bee/artifacts/mvdfrm/UnityEngine.TestRunner.ref.dll_4CF2BFC3EADE566D.mvfrm
[419/729    0s] MovedFromExtractor-Combine Library/Bee/artifacts/2000b0aEDbg.dag/UnityEditor.TestRunner.dll.mvfrm
[420/729    0s] Csc Library/Bee/artifacts/2000b0aEDbg.dag/UnityEditor.TestRunner.dll (+2 others)
[           0s] Csc Library/Bee/artifacts/2000b0aEDbg.dag/UnityEditor.TestRunner.dll (+2 others) [CacheWrite 00000000000000000000000000000004]
[421/729    0s] CopyFiles Library/ScriptAssemblies/UnityEditor.TestRunner.pdb
[422/729    0s] CopyFiles Library/ScriptAssemblies/UnityEditor.TestRunner.dll
[423/729    0s] MovedFromExtractor Library/Bee/artifacts/mvdfrm/UnityEditor.TestRunner.ref.dll_80D47515BF1AF882.mvfrm
[424/729    0s] MovedFromExtractor-Combine Library/Bee/artifacts/2000b0aEDbg.dag/UnityEditor.UI.dll.mvfrm
[425/729    0s] Csc Library/Bee/artifacts/2000b0aEDbg.dag/UnityEditor.UI.dll (+2 others)
[           0s] Csc Library/Bee/artifacts/2000b0aEDbg.dag/UnityEditor.UI.dll (+2 others) [CacheWrite 00000000000000000000000000000004]
[426/729    0s] MovedFromExtractor Library/Bee/artifacts/mvdfrm/UnityEditor.UI.ref.dll_100B4819D2696644.mvfrm
[427/729    0s] MovedFromExtractor-Combine Library/Bee/artifacts/2000b0aEDbg.dag/Unity.Burst.dll.mvfrm
[428/729    0s] MovedFromExtractor-Combine Library/Bee/artifacts/2000b0aEDbg.dag/Unity.VisualStudio.Editor.dll.mvfrm
[429/729    0s] MovedFromExtractor-Combine Library/Bee/artifacts/2000b0aEDbg.dag/Unity.Mathematics.dll.mvfrm
[430/729    0s] MovedFromExtractor-Combine Library/Bee/artifacts/2000b0aEDbg.dag/Unity.InputSystem.dll.mvfrm
[431/729    0s] MovedFromExtractor-Combine Library/Bee/artifacts/2000b0aEDbg.dag/Unity.Timeline.dll.mvfrm
[432/729    0s] MovedFromExtractor-Combine Library/Bee/artifacts/2000b0aEDbg.dag/Unity.TextMeshPro.dll.mvfrm
[433/729    0s] MovedFromExtractor-Combine Library/Bee/artifacts/2000b0aEDbg.dag/Unity.Multiplayer.Center.Common.dll.mvfrm
[434/729    0s] MovedFromExtractor-Combine Library/Bee/artifacts/2000b0aEDbg.dag/Unity.TestTools.CodeCoverage.Editor.OpenCover.Mono.Reflection.dll.mvfrm
[435/729    0s] MovedFromExtractor-Combine Library/Bee/artifacts/2000b0aEDbg.dag/Unity.EditorCoroutines.Editor.dll.mvfrm
[436/729    0s] MovedFromExtractor-Combine Library/Bee/artifacts/2000b0aEDbg.dag/Unity.2D.Tilemap.Editor.dll.mvfrm
[437/729    0s] MovedFromExtractor-Combine Library/Bee/artifacts/2000b0aEDbg.dag/deVoid.Signals.dll.mvfrm
[438/729    0s] MovedFromExtractor-Combine Library/Bee/artifacts/2000b0aEDbg.dag/Unity.Performance.Profile-Analyzer.Editor.dll.mvfrm
[439/729    0s] MovedFromExtractor-Combine Library/Bee/artifacts/2000b0aEDbg.dag/Unity.TestTools.CodeCoverage.Editor.OpenCover.Model.dll.mvfrm
[440/729    0s] MovedFromExtractor-Combine Library/Bee/artifacts/2000b0aEDbg.dag/Unity.PerformanceTesting.dll.mvfrm
[441/729    0s] MovedFromExtractor-Combine Library/Bee/artifacts/2000b0aEDbg.dag/Unity.Rider.Editor.dll.mvfrm
[442/729    0s] MovedFromExtractor-Combine Library/Bee/artifacts/2000b0aEDbg.dag/Unity.AI.Navigation.Editor.ConversionSystem.dll.mvfrm
[443/729    0s] MovedFromExtractor-Combine Library/Bee/artifacts/2000b0aEDbg.dag/Unity.AI.Navigation.dll.mvfrm
[444/729    0s] MovedFromExtractor-Combine Library/Bee/artifacts/2000b0aEDbg.dag/Unity.Settings.Editor.dll.mvfrm
[445/729    0s] Csc Library/Bee/artifacts/2000b0aEDbg.dag/Unity.Multiplayer.Center.Common.dll (+2 others)
[446/729    0s] Csc Library/Bee/artifacts/2000b0aEDbg.dag/deVoid.Signals.dll (+2 others)
[447/729    0s] Csc Library/Bee/artifacts/2000b0aEDbg.dag/Unity.EditorCoroutines.Editor.dll (+2 others)
[448/729    0s] Csc Library/Bee/artifacts/2000b0aEDbg.dag/Unity.TestTools.CodeCoverage.Editor.OpenCover.Mono.Reflection.dll (+2 others)
[449/729    0s] Csc Library/Bee/artifacts/2000b0aEDbg.dag/Unity.VisualStudio.Editor.dll (+2 others)
[450/729    0s] Csc Library/Bee/artifacts/2000b0aEDbg.dag/Unity.PerformanceTesting.dll (+2 others)
[451/729    1s] Csc Library/Bee/artifacts/2000b0aEDbg.dag/Unity.Timeline.dll (+2 others)
[           0s] Csc Library/Bee/artifacts/2000b0aEDbg.dag/Unity.PerformanceTesting.dll (+2 others) [CacheWrite 00000000000000000000000000000004]
[           0s] Csc Library/Bee/artifacts/2000b0aEDbg.dag/Unity.TestTools.CodeCoverage.Editor.OpenCover.Mono.Reflection.dll (+2 others) [CacheWrite 00000000000000000000000000000004]
[           0s] Csc Library/Bee/artifacts/2000b0aEDbg.dag/Unity.EditorCoroutines.Editor.dll (+2 others) [CacheWrite 00000000000000000000000000000004]
[           0s] Csc Library/Bee/artifacts/2000b0aEDbg.dag/Unity.VisualStudio.Editor.dll (+2 others) [CacheWrite 00000000000000000000000000000004]
[           0s] Csc Library/Bee/artifacts/2000b0aEDbg.dag/Unity.Multiplayer.Center.Common.dll (+2 others) [CacheWrite 00000000000000000000000000000004]
[452/729    0s] CopyFiles Library/ScriptAssemblies/Unity.VisualStudio.Editor.pdb
[453/729    0s] CopyFiles Library/ScriptAssemblies/Unity.VisualStudio.Editor.dll
[           0s] Csc Library/Bee/artifacts/2000b0aEDbg.dag/Unity.Timeline.dll (+2 others) [CacheWrite 00000000000000000000000000000004]
[454/729    1s] Csc Library/Bee/artifacts/2000b0aEDbg.dag/Unity.TextMeshPro.dll (+2 others)
[455/729    1s] Csc Library/Bee/artifacts/2000b0aEDbg.dag/Unity.Burst.dll (+2 others)
[456/729    1s] Csc Library/Bee/artifacts/2000b0aEDbg.dag/Unity.2D.Tilemap.Editor.dll (+2 others)
[           0s] Csc Library/Bee/artifacts/2000b0aEDbg.dag/Unity.TextMeshPro.dll (+2 others) [CacheWrite 00000000000000000000000000000004]
[457/729    1s] Csc Library/Bee/artifacts/2000b0aEDbg.dag/Unity.AI.Navigation.Editor.ConversionSystem.dll (+2 others)
[458/729    0s] MovedFromExtractor Library/Bee/artifacts/mvdfrm/Unity.EditorCoroutines.Editor.ref.dll_6284888256C61BFC.mvfrm
[459/729    0s] MovedFromExtractor Library/Bee/artifacts/mvdfrm/Unity.Multiplayer.Center.Common.ref.dll_9967A8768B378A09.mvfrm
[460/729    0s] MovedFromExtractor Library/Bee/artifacts/mvdfrm/Unity.TestTools.CodeCoverage.Editor.OpenCover.Mono.Reflection.ref.dll_31F4634DD076CB61.mvfrm
[461/729    0s] MovedFromExtractor Library/Bee/artifacts/mvdfrm/Unity.PerformanceTesting.ref.dll_682C6EC915B6270D.mvfrm
[462/729    0s] MovedFromExtractor Library/Bee/artifacts/mvdfrm/Unity.VisualStudio.Editor.ref.dll_2F530E66EBAC5D8E.mvfrm
[463/729    1s] Csc Library/Bee/artifacts/2000b0aEDbg.dag/Unity.TestTools.CodeCoverage.Editor.OpenCover.Model.dll (+2 others)
[464/729    1s] Csc Library/Bee/artifacts/2000b0aEDbg.dag/Unity.Settings.Editor.dll (+2 others)
[465/729    1s] Csc Library/Bee/artifacts/2000b0aEDbg.dag/Unity.AI.Navigation.dll (+2 others)
[466/729    1s] Csc Library/Bee/artifacts/2000b0aEDbg.dag/Unity.Rider.Editor.dll (+2 others)
[467/729    1s] Csc Library/Bee/artifacts/2000b0aEDbg.dag/Unity.Performance.Profile-Analyzer.Editor.dll (+2 others)
[           0s] Csc Library/Bee/artifacts/2000b0aEDbg.dag/Unity.Burst.dll (+2 others) [CacheWrite 00000000000000000000000000000004]
[           0s] Csc Library/Bee/artifacts/2000b0aEDbg.dag/Unity.2D.Tilemap.Editor.dll (+2 others) [CacheWrite 00000000000000000000000000000004]
[           0s] Csc Library/Bee/artifacts/2000b0aEDbg.dag/Unity.AI.Navigation.Editor.ConversionSystem.dll (+2 others) [CacheWrite 00000000000000000000000000000004]
[468/729    2s] Csc Library/Bee/artifacts/2000b0aEDbg.dag/Unity.InputSystem.dll (+2 others)
[469/729    0s] MovedFromExtractor Library/Bee/artifacts/mvdfrm/Unity.Timeline.ref.dll_258F521C937170DE.mvfrm
[470/729    0s] MovedFromExtractor Library/Bee/artifacts/mvdfrm/Unity.TextMeshPro.ref.dll_F0BA109017870B3C.mvfrm
[471/729    0s] MovedFromExtractor-Combine Library/Bee/artifacts/2000b0aEDbg.dag/Unity.Multiplayer.Center.Editor.dll.mvfrm
[472/729    2s] Csc Library/Bee/artifacts/2000b0aEDbg.dag/Unity.Mathematics.dll (+2 others)
[           0s] Csc Library/Bee/artifacts/2000b0aEDbg.dag/Unity.TestTools.CodeCoverage.Editor.OpenCover.Model.dll (+2 others) [CacheWrite 00000000000000000000000000000004]
[           0s] Csc Library/Bee/artifacts/2000b0aEDbg.dag/Unity.AI.Navigation.dll (+2 others) [CacheWrite 00000000000000000000000000000004]
[           0s] Csc Library/Bee/artifacts/2000b0aEDbg.dag/Unity.Settings.Editor.dll (+2 others) [CacheWrite 00000000000000000000000000000004]
[           0s] Csc Library/Bee/artifacts/2000b0aEDbg.dag/Unity.Performance.Profile-Analyzer.Editor.dll (+2 others) [CacheWrite 00000000000000000000000000000004]
[           0s] Csc Library/Bee/artifacts/2000b0aEDbg.dag/Unity.Rider.Editor.dll (+2 others) [CacheWrite 00000000000000000000000000000004]
[473/729    0s] CopyFiles Library/ScriptAssemblies/Unity.Rider.Editor.dll
[474/729    0s] CopyFiles Library/ScriptAssemblies/Unity.Rider.Editor.pdb
[           0s] Csc Library/Bee/artifacts/2000b0aEDbg.dag/Unity.InputSystem.dll (+2 others) [CacheWrite 00000000000000000000000000000004]
[475/729    0s] MovedFromExtractor-Combine Library/Bee/artifacts/2000b0aEDbg.dag/Unity.PerformanceTesting.Editor.dll.mvfrm
[476/729    0s] MovedFromExtractor Library/Bee/artifacts/mvdfrm/Unity.AI.Navigation.Editor.ConversionSystem.ref.dll_2E99F15EBA6C0CBB.mvfrm
[477/729    0s] MovedFromExtractor Library/Bee/artifacts/mvdfrm/Unity.2D.Tilemap.Editor.ref.dll_348E3FABE1390F52.mvfrm
[478/729    0s] MovedFromExtractor Library/Bee/artifacts/mvdfrm/Unity.Burst.ref.dll_1AFE0D50310CE769.mvfrm
[479/729    0s] MovedFromExtractor-Combine Library/Bee/artifacts/2000b0aEDbg.dag/Unity.Timeline.Editor.dll.mvfrm
[           0s] Csc Library/Bee/artifacts/2000b0aEDbg.dag/Unity.Mathematics.dll (+2 others) [CacheWrite 00000000000000000000000000000004]
[480/729    0s] MovedFromExtractor-Combine Library/Bee/artifacts/2000b0aEDbg.dag/Unity.TextMeshPro.Editor.dll.mvfrm
[481/729    0s] MovedFromExtractor Library/Bee/artifacts/mvdfrm/Unity.Performance.Profile-Analyzer.Editor.ref.dll_0D906C8E4382C50C.mvfrm
[482/729    0s] MovedFromExtractor Library/Bee/artifacts/mvdfrm/Unity.TestTools.CodeCoverage.Editor.OpenCover.Model.ref.dll_4E373D3FC4288114.mvfrm
[483/729    0s] MovedFromExtractor Library/Bee/artifacts/mvdfrm/Unity.AI.Navigation.ref.dll_B942E87875419393.mvfrm
[484/729    0s] MovedFromExtractor Library/Bee/artifacts/mvdfrm/Unity.Settings.Editor.ref.dll_4A34BA7CA1819951.mvfrm
[485/729    0s] MovedFromExtractor Library/Bee/artifacts/mvdfrm/Unity.Rider.Editor.ref.dll_0021F9A8ACF324BE.mvfrm
[486/729    0s] MovedFromExtractor-Combine Library/Bee/artifacts/2000b0aEDbg.dag/Unity.Burst.CodeGen.dll.mvfrm
[487/729    0s] MovedFromExtractor-Combine Library/Bee/artifacts/2000b0aEDbg.dag/Unity.Burst.Editor.dll.mvfrm
[488/729    0s] MovedFromExtractor Library/Bee/artifacts/mvdfrm/Unity.InputSystem.ref.dll_6944AFCE6EA168E2.mvfrm
[489/729    0s] Csc Library/Bee/artifacts/2000b0aEDbg.dag/Unity.Multiplayer.Center.Editor.dll (+2 others)
[490/729    0s] MovedFromExtractor Library/Bee/artifacts/mvdfrm/Unity.Mathematics.ref.dll_5505C26DE7119FAF.mvfrm
[491/729    0s] MovedFromExtractor-Combine Library/Bee/artifacts/2000b0aEDbg.dag/Unity.AI.Navigation.Editor.dll.mvfrm
[492/729    0s] MovedFromExtractor-Combine Library/Bee/artifacts/2000b0aEDbg.dag/Unity.TestTools.CodeCoverage.Editor.dll.mvfrm
[493/729    0s] MovedFromExtractor-Combine Library/Bee/artifacts/2000b0aEDbg.dag/Unity.InputSystem.ForUI.dll.mvfrm
[494/729    0s] MovedFromExtractor-Combine Library/Bee/artifacts/2000b0aEDbg.dag/Unity.VisualScripting.Core.dll.mvfrm
[495/729    0s] MovedFromExtractor-Combine Library/Bee/artifacts/2000b0aEDbg.dag/NoSafeCircle.DoorPrototype.dll.mvfrm
[496/729    0s] Csc Library/Bee/artifacts/2000b0aEDbg.dag/Unity.PerformanceTesting.Editor.dll (+2 others)
[           0s] Csc Library/Bee/artifacts/2000b0aEDbg.dag/Unity.Multiplayer.Center.Editor.dll (+2 others) [CacheWrite 00000000000000000000000000000004]
[497/729    0s] MovedFromExtractor-Combine Library/Bee/artifacts/2000b0aEDbg.dag/Unity.InputSystem.DocCodeSamples.dll.mvfrm
[498/729    0s] MovedFromExtractor-Combine Library/Bee/artifacts/2000b0aEDbg.dag/Unity.InputSystem.TestFramework.dll.mvfrm
[499/729    0s] MovedFromExtractor-Combine Library/Bee/artifacts/2000b0aEDbg.dag/NoSafeCircle.DoorPrototype.Editor.dll.mvfrm
[500/729    0s] MovedFromExtractor-Combine Library/Bee/artifacts/2000b0aEDbg.dag/Unity.Mathematics.Editor.dll.mvfrm
[501/729    0s] Csc Library/Bee/artifacts/2000b0aEDbg.dag/Unity.Timeline.Editor.dll (+2 others)
[502/729    0s] Csc Library/Bee/artifacts/2000b0aEDbg.dag/Unity.Burst.CodeGen.dll (+2 others)
[503/729    0s] Csc Library/Bee/artifacts/2000b0aEDbg.dag/Unity.TextMeshPro.Editor.dll (+2 others)
[           0s] Csc Library/Bee/artifacts/2000b0aEDbg.dag/Unity.PerformanceTesting.Editor.dll (+2 others) [CacheWrite 00000000000000000000000000000004]
[504/729    0s] MovedFromExtractor-Combine Library/Bee/artifacts/2000b0aEDbg.dag/Unity.Collections.dll.mvfrm
[505/729    0s] Csc Library/Bee/artifacts/2000b0aEDbg.dag/NoSafeCircle.DoorPrototype.dll (+2 others)
[           0s] Csc Library/Bee/artifacts/2000b0aEDbg.dag/Unity.Burst.CodeGen.dll (+2 others) [CacheWrite 00000000000000000000000000000004]
[506/729    0s] CopyFiles Library/ScriptAssemblies/Unity.Burst.CodeGen.dll
[507/729    0s] CopyFiles Library/ScriptAssemblies/Unity.Burst.CodeGen.pdb
[           0s] Csc Library/Bee/artifacts/2000b0aEDbg.dag/Unity.TextMeshPro.Editor.dll (+2 others) [CacheWrite 00000000000000000000000000000004]
Failure while invoking caching client: Csc Library/Bee/artifacts/2000b0aEDbg.dag/Unity.Timeline.Editor.dll (+2 others)
move_path failed: No error



[           0s] Csc Library/Bee/artifacts/2000b0aEDbg.dag/Unity.Timeline.Editor.dll (+2 others) [CacheWrite 00000000000000000000000000000004]
[508/729    0s] MovedFromExtractor Library/Bee/artifacts/mvdfrm/Unity.Multiplayer.Center.Editor.ref.dll_9650A0718C5EB48B.mvfrm
[509/729    0s] Csc Library/Bee/artifacts/2000b0aEDbg.dag/Unity.AI.Navigation.Editor.dll (+2 others)
[510/729    0s] Csc Library/Bee/artifacts/2000b0aEDbg.dag/Unity.TestTools.CodeCoverage.Editor.dll (+2 others)
[511/729    0s] Csc Library/Bee/artifacts/2000b0aEDbg.dag/Unity.InputSystem.ForUI.dll (+2 others)
[512/729    0s] Csc Library/Bee/artifacts/2000b0aEDbg.dag/Unity.InputSystem.TestFramework.dll (+2 others)
[513/729    0s] Csc Library/Bee/artifacts/2000b0aEDbg.dag/NoSafeCircle.DoorPrototype.Editor.dll (+2 others)
Assets\NoSafeCircle\DoorPrototype\Editor\DoorPrototypeSceneBuilder.cs(11,7): warning CS0105: The using directive for 'NoSafeCircle.DoorPrototype.World' appeared previously in this namespace

Assets\NoSafeCircle\DoorPrototype\Editor\Rooms\ChapelOfAshSceneBuilder.cs(58,19): warning CS0219: The variable 'roomWidth' is assigned but its value is never used
[           0s] Csc Library/Bee/artifacts/2000b0aEDbg.dag/Unity.AI.Navigation.Editor.dll (+2 others) [CacheWrite 00000000000000000000000000000004]
[           0s] Csc Library/Bee/artifacts/2000b0aEDbg.dag/Unity.TestTools.CodeCoverage.Editor.dll (+2 others) [CacheWrite 00000000000000000000000000000004]
[514/729    0s] MovedFromExtractor Library/Bee/artifacts/mvdfrm/Unity.Timeline.Editor.ref.dll_D816E13C0F2F8EB3.mvfrm
[515/729    1s] MovedFromExtractor Library/Bee/artifacts/mvdfrm/Unity.TextMeshPro.Editor.ref.dll_842CABBDDB800435.mvfrm
[516/729    1s] Csc Library/Bee/artifacts/2000b0aEDbg.dag/Unity.InputSystem.DocCodeSamples.dll (+2 others)
[517/729    2s] Csc Library/Bee/artifacts/2000b0aEDbg.dag/Unity.Burst.Editor.dll (+2 others)
[518/729    1s] Csc Library/Bee/artifacts/2000b0aEDbg.dag/Unity.Mathematics.Editor.dll (+2 others)
[519/729    1s] Csc Library/Bee/artifacts/2000b0aEDbg.dag/Unity.VisualScripting.Core.dll (+2 others)
[           0s] Csc Library/Bee/artifacts/2000b0aEDbg.dag/Unity.InputSystem.ForUI.dll (+2 others) [CacheWrite 00000000000000000000000000000004]
[           0s] Csc Library/Bee/artifacts/2000b0aEDbg.dag/Unity.InputSystem.TestFramework.dll (+2 others) [CacheWrite 00000000000000000000000000000004]
[           0s] Csc Library/Bee/artifacts/2000b0aEDbg.dag/Unity.Burst.Editor.dll (+2 others) [CacheWrite 00000000000000000000000000000004]
[           0s] Csc Library/Bee/artifacts/2000b0aEDbg.dag/Unity.InputSystem.DocCodeSamples.dll (+2 others) [CacheWrite 00000000000000000000000000000004]
[           0s] Csc Library/Bee/artifacts/2000b0aEDbg.dag/Unity.VisualScripting.Core.dll (+2 others) [CacheWrite 00000000000000000000000000000004]
[           0s] Csc Library/Bee/artifacts/2000b0aEDbg.dag/Unity.Mathematics.Editor.dll (+2 others) [CacheWrite 00000000000000000000000000000004]
[520/729    0s] MovedFromExtractor Library/Bee/artifacts/mvdfrm/Unity.AI.Navigation.Editor.ref.dll_002620D168B76E4E.mvfrm
[521/729    0s] MovedFromExtractor Library/Bee/artifacts/mvdfrm/Unity.TestTools.CodeCoverage.Editor.ref.dll_A82062BCD91BAC5A.mvfrm
[522/729    0s] MovedFromExtractor Library/Bee/artifacts/mvdfrm/Unity.InputSystem.ForUI.ref.dll_F59AE802E147B531.mvfrm
[523/729    0s] MovedFromExtractor Library/Bee/artifacts/mvdfrm/Unity.InputSystem.TestFramework.ref.dll_2A0D13BA02983610.mvfrm
[524/729    0s] MovedFromExtractor Library/Bee/artifacts/mvdfrm/Unity.Burst.Editor.ref.dll_47C595D38E4F69D8.mvfrm
[525/729    0s] MovedFromExtractor Library/Bee/artifacts/mvdfrm/Unity.Mathematics.Editor.ref.dll_08AF7574EFA017F2.mvfrm
[526/729    0s] MovedFromExtractor Library/Bee/artifacts/mvdfrm/Unity.VisualScripting.Core.ref.dll_5DFA73F2AE36C983.mvfrm
[527/729    0s] MovedFromExtractor-Combine Library/Bee/artifacts/2000b0aEDbg.dag/Unity.AI.Navigation.Updater.dll.mvfrm
[528/729    1s] Csc Library/Bee/artifacts/2000b0aEDbg.dag/Unity.Collections.dll (+2 others)
[529/729    0s] MovedFromExtractor-Combine Library/Bee/artifacts/2000b0aEDbg.dag/NoSafeCircle.DoorPrototype.Tests.dll.mvfrm
[530/729    0s] MovedFromExtractor-Combine Library/Bee/artifacts/2000b0aEDbg.dag/NoSafeCircle.DoorPrototype.Tests.Editor.dll.mvfrm
[531/729    0s] MovedFromExtractor-Combine Library/Bee/artifacts/2000b0aEDbg.dag/Unity.InputSystem.IntegrationTests.dll.mvfrm
[           0s] Csc Library/Bee/artifacts/2000b0aEDbg.dag/Unity.Collections.dll (+2 others) [CacheWrite 00000000000000000000000000000004]
[532/729    0s] MovedFromExtractor-Combine Library/Bee/artifacts/2000b0aEDbg.dag/Unity.VisualScripting.Flow.dll.mvfrm
[533/729    0s] MovedFromExtractor-Combine Library/Bee/artifacts/2000b0aEDbg.dag/Unity.VisualScripting.Core.Editor.dll.mvfrm
[534/729    0s] MovedFromExtractor Library/Bee/artifacts/mvdfrm/Unity.Collections.ref.dll_D1835B634136272E.mvfrm
[535/729    0s] Csc Library/Bee/artifacts/2000b0aEDbg.dag/Unity.AI.Navigation.Updater.dll (+2 others)
[536/729    0s] Csc Library/Bee/artifacts/2000b0aEDbg.dag/NoSafeCircle.DoorPrototype.Tests.Editor.dll (+2 others)
[537/729    0s] Csc Library/Bee/artifacts/2000b0aEDbg.dag/Unity.InputSystem.IntegrationTests.dll (+2 others)
[538/729    0s] Csc Library/Bee/artifacts/2000b0aEDbg.dag/NoSafeCircle.DoorPrototype.Tests.dll (+2 others)
[           0s] Csc Library/Bee/artifacts/2000b0aEDbg.dag/Unity.AI.Navigation.Updater.dll (+2 others) [CacheWrite 00000000000000000000000000000004]
[           0s] Csc Library/Bee/artifacts/2000b0aEDbg.dag/Unity.InputSystem.IntegrationTests.dll (+2 others) [CacheWrite 00000000000000000000000000000004]
[539/729    0s] MovedFromExtractor-Combine Library/Bee/artifacts/2000b0aEDbg.dag/Unity.PlasticSCM.Editor.dll.mvfrm
[540/729    0s] MovedFromExtractor-Combine Library/Bee/artifacts/2000b0aEDbg.dag/Unity.Collections.CodeGen.dll.mvfrm
[541/729    0s] MovedFromExtractor-Combine Library/Bee/artifacts/2000b0aEDbg.dag/Unity.Collections.Editor.dll.mvfrm
[542/729    0s] Csc Library/Bee/artifacts/2000b0aEDbg.dag/Unity.VisualScripting.Flow.dll (+2 others)
[543/729    0s] MovedFromExtractor Library/Bee/artifacts/mvdfrm/Unity.AI.Navigation.Updater.ref.dll_46BE42A0C722F66E.mvfrm
[           0s] Csc Library/Bee/artifacts/2000b0aEDbg.dag/Unity.VisualScripting.Flow.dll (+2 others) [CacheWrite 00000000000000000000000000000004]
[544/729    0s] Csc Library/Bee/artifacts/2000b0aEDbg.dag/Unity.VisualScripting.Core.Editor.dll (+2 others)
[545/729    0s] Csc Library/Bee/artifacts/2000b0aEDbg.dag/Unity.Collections.Editor.dll (+2 others)
[546/729    0s] Csc Library/Bee/artifacts/2000b0aEDbg.dag/Unity.Collections.CodeGen.dll (+2 others)
[           0s] Csc Library/Bee/artifacts/2000b0aEDbg.dag/Unity.VisualScripting.Core.Editor.dll (+2 others) [CacheWrite 00000000000000000000000000000004]
[           0s] Csc Library/Bee/artifacts/2000b0aEDbg.dag/Unity.Collections.Editor.dll (+2 others) [CacheWrite 00000000000000000000000000000004]
[           0s] Csc Library/Bee/artifacts/2000b0aEDbg.dag/Unity.Collections.CodeGen.dll (+2 others) [CacheWrite 00000000000000000000000000000004]
[547/729    0s] CopyFiles Library/ScriptAssemblies/Unity.Collections.CodeGen.pdb
[548/729    0s] CopyFiles Library/ScriptAssemblies/Unity.Collections.CodeGen.dll
[549/729    0s] MovedFromExtractor Library/Bee/artifacts/mvdfrm/Unity.VisualScripting.Flow.ref.dll_A50B544930403E32.mvfrm
[550/729    0s] MovedFromExtractor Library/Bee/artifacts/mvdfrm/Unity.VisualScripting.Core.Editor.ref.dll_6EA841B81729E75E.mvfrm
[551/729    0s] MovedFromExtractor-Combine Library/Bee/artifacts/2000b0aEDbg.dag/Unity.VisualScripting.State.dll.mvfrm
[552/729    0s] MovedFromExtractor Library/Bee/artifacts/mvdfrm/Unity.Collections.Editor.ref.dll_52D7C4392AFCAD63.mvfrm
[553/729    0s] MovedFromExtractor-Combine Library/Bee/artifacts/2000b0aEDbg.dag/Unity.VisualScripting.Flow.Editor.dll.mvfrm
[554/729    0s] ILPP-Configuration Library/ilpp-configuration.nevergeneratedoutput
[555/729    0s] Csc Library/Bee/artifacts/2000b0aEDbg.dag/Unity.VisualScripting.State.dll (+2 others)
[556/729    0s] Csc Library/Bee/artifacts/2000b0aEDbg.dag/Unity.VisualScripting.Flow.Editor.dll (+2 others)
[557/729    1s] Csc Library/Bee/artifacts/2000b0aEDbg.dag/Unity.PlasticSCM.Editor.dll (+2 others)
[558/729    0s] ILPostProcess Library/Bee/artifacts/2000b0aEDbg.dag/post-processed/UnityEngine.UI.dll (+pdb)
Processing assembly Library/Bee/artifacts/2000b0aEDbg.dag/UnityEngine.UI.dll, with 116 defines and 255 references

processors: Unity.Jobs.CodeGen.JobsILPostProcessor, zzzUnity.Burst.CodeGen.BurstILPostProcessor

running Unity.Jobs.CodeGen.JobsILPostProcessor

running zzzUnity.Burst.CodeGen.BurstILPostProcessor
[559/729    0s] ILPostProcess Library/Bee/artifacts/2000b0aEDbg.dag/post-processed/Unity.AI.Navigation.Editor.dll (+pdb)
Processing assembly Library/Bee/artifacts/2000b0aEDbg.dag/Unity.AI.Navigation.Editor.dll, with 109 defines and 271 references

processors: Unity.Jobs.CodeGen.JobsILPostProcessor, zzzUnity.Burst.CodeGen.BurstILPostProcessor

running Unity.Jobs.CodeGen.JobsILPostProcessor

running zzzUnity.Burst.CodeGen.BurstILPostProcessor
[560/729    0s] ILPostProcess Library/Bee/artifacts/2000b0aEDbg.dag/post-processed/NoSafeCircle.DoorPrototype.Tests.dll (+pdb)
Processing assembly Library/Bee/artifacts/2000b0aEDbg.dag/NoSafeCircle.DoorPrototype.Tests.dll, with 110 defines and 244 references

processors: Unity.Jobs.CodeGen.JobsILPostProcessor, zzzUnity.Burst.CodeGen.BurstILPostProcessor

running Unity.Jobs.CodeGen.JobsILPostProcessor

running zzzUnity.Burst.CodeGen.BurstILPostProcessor
[561/729    0s] ILPostProcess Library/Bee/artifacts/2000b0aEDbg.dag/post-processed/deVoid.Signals.dll (+pdb)
Processing assembly Library/Bee/artifacts/2000b0aEDbg.dag/deVoid.Signals.dll, with 110 defines and 257 references

processors: Unity.Jobs.CodeGen.JobsILPostProcessor, zzzUnity.Burst.CodeGen.BurstILPostProcessor

running Unity.Jobs.CodeGen.JobsILPostProcessor

running zzzUnity.Burst.CodeGen.BurstILPostProcessor
[562/729    0s] ILPostProcess Library/Bee/artifacts/2000b0aEDbg.dag/post-processed/Unity.AI.Navigation.dll (+pdb)
Processing assembly Library/Bee/artifacts/2000b0aEDbg.dag/Unity.AI.Navigation.dll, with 111 defines and 257 references

processors: Unity.Jobs.CodeGen.JobsILPostProcessor, zzzUnity.Burst.CodeGen.BurstILPostProcessor

running Unity.Jobs.CodeGen.JobsILPostProcessor

running zzzUnity.Burst.CodeGen.BurstILPostProcessor
[563/729    0s] ILPostProcess Library/Bee/artifacts/2000b0aEDbg.dag/post-processed/Unity.InputSystem.TestFramework.dll (+pdb)
Processing assembly Library/Bee/artifacts/2000b0aEDbg.dag/Unity.InputSystem.TestFramework.dll, with 111 defines and 241 references

processors: Unity.Jobs.CodeGen.JobsILPostProcessor, zzzUnity.Burst.CodeGen.BurstILPostProcessor

running Unity.Jobs.CodeGen.JobsILPostProcessor

running zzzUnity.Burst.CodeGen.BurstILPostProcessor
[564/729    0s] ILPostProcess Library/Bee/artifacts/2000b0aEDbg.dag/post-processed/Unity.Mathematics.dll (+pdb)
Processing assembly Library/Bee/artifacts/2000b0aEDbg.dag/Unity.Mathematics.dll, with 110 defines and 257 references

processors: Unity.Jobs.CodeGen.JobsILPostProcessor, zzzUnity.Burst.CodeGen.BurstILPostProcessor

running Unity.Jobs.CodeGen.JobsILPostProcessor

running zzzUnity.Burst.CodeGen.BurstILPostProcessor
[565/729    0s] ILPostProcess Library/Bee/artifacts/2000b0aEDbg.dag/post-processed/Unity.Timeline.dll (+pdb)
Processing assembly Library/Bee/artifacts/2000b0aEDbg.dag/Unity.Timeline.dll, with 111 defines and 257 references

processors: Unity.Jobs.CodeGen.JobsILPostProcessor, zzzUnity.Burst.CodeGen.BurstILPostProcessor

running Unity.Jobs.CodeGen.JobsILPostProcessor

running zzzUnity.Burst.CodeGen.BurstILPostProcessor
[566/729    0s] ILPostProcess Library/Bee/artifacts/2000b0aEDbg.dag/post-processed/NoSafeCircle.DoorPrototype.dll (+pdb)
Processing assembly Library/Bee/artifacts/2000b0aEDbg.dag/NoSafeCircle.DoorPrototype.dll, with 110 defines and 260 references

processors: Unity.Jobs.CodeGen.JobsILPostProcessor, zzzUnity.Burst.CodeGen.BurstILPostProcessor

running Unity.Jobs.CodeGen.JobsILPostProcessor

running zzzUnity.Burst.CodeGen.BurstILPostProcessor
[           0s] Csc Library/Bee/artifacts/2000b0aEDbg.dag/Unity.VisualScripting.State.dll (+2 others) [CacheWrite 00000000000000000000000000000004]
[           0s] Csc Library/Bee/artifacts/2000b0aEDbg.dag/Unity.PlasticSCM.Editor.dll (+2 others) [CacheWrite 00000000000000000000000000000004]
[           0s] Csc Library/Bee/artifacts/2000b0aEDbg.dag/Unity.VisualScripting.Flow.Editor.dll (+2 others) [CacheWrite 00000000000000000000000000000004]
[567/729    0s] ILPostProcess Library/Bee/artifacts/2000b0aEDbg.dag/post-processed/Unity.InputSystem.dll (+pdb)
Processing assembly Library/Bee/artifacts/2000b0aEDbg.dag/Unity.InputSystem.dll, with 123 defines and 257 references

processors: Unity.Jobs.CodeGen.JobsILPostProcessor, zzzUnity.Burst.CodeGen.BurstILPostProcessor

running Unity.Jobs.CodeGen.JobsILPostProcessor

running zzzUnity.Burst.CodeGen.BurstILPostProcessor
[568/729    0s] ILPostProcess Library/Bee/artifacts/2000b0aEDbg.dag/post-processed/Unity.VisualScripting.Core.dll (+pdb)
Processing assembly Library/Bee/artifacts/2000b0aEDbg.dag/Unity.VisualScripting.Core.dll, with 115 defines and 258 references

processors: Unity.Jobs.CodeGen.JobsILPostProcessor, zzzUnity.Burst.CodeGen.BurstILPostProcessor

running Unity.Jobs.CodeGen.JobsILPostProcessor

running zzzUnity.Burst.CodeGen.BurstILPostProcessor
[569/729    0s] ILPostProcess Library/Bee/artifacts/2000b0aEDbg.dag/post-processed/Unity.InputSystem.ForUI.dll (+pdb)
Processing assembly Library/Bee/artifacts/2000b0aEDbg.dag/Unity.InputSystem.ForUI.dll, with 110 defines and 258 references

processors: Unity.Jobs.CodeGen.JobsILPostProcessor, zzzUnity.Burst.CodeGen.BurstILPostProcessor

running Unity.Jobs.CodeGen.JobsILPostProcessor

running zzzUnity.Burst.CodeGen.BurstILPostProcessor
[570/729    0s] ILPostProcess Library/Bee/artifacts/2000b0aEDbg.dag/post-processed/Unity.InputSystem.IntegrationTests.dll (+pdb)
Processing assembly Library/Bee/artifacts/2000b0aEDbg.dag/Unity.InputSystem.IntegrationTests.dll, with 110 defines and 242 references

processors: Unity.Jobs.CodeGen.JobsILPostProcessor, zzzUnity.Burst.CodeGen.BurstILPostProcessor

running Unity.Jobs.CodeGen.JobsILPostProcessor

running zzzUnity.Burst.CodeGen.BurstILPostProcessor
[571/729    0s] ILPostProcess Library/Bee/artifacts/2000b0aEDbg.dag/post-processed/Unity.TextMeshPro.dll (+pdb)
Processing assembly Library/Bee/artifacts/2000b0aEDbg.dag/Unity.TextMeshPro.dll, with 111 defines and 257 references

processors: Unity.Jobs.CodeGen.JobsILPostProcessor, zzzUnity.Burst.CodeGen.BurstILPostProcessor

running Unity.Jobs.CodeGen.JobsILPostProcessor

running zzzUnity.Burst.CodeGen.BurstILPostProcessor
[572/729    0s] ILPostProcess Library/Bee/artifacts/2000b0aEDbg.dag/post-processed/Unity.PerformanceTesting.dll (+pdb)
Processing assembly Library/Bee/artifacts/2000b0aEDbg.dag/Unity.PerformanceTesting.dll, with 111 defines and 239 references

processors: Unity.Jobs.CodeGen.JobsILPostProcessor, zzzUnity.Burst.CodeGen.BurstILPostProcessor

running Unity.Jobs.CodeGen.JobsILPostProcessor

running zzzUnity.Burst.CodeGen.BurstILPostProcessor
[573/729    0s] ILPostProcess Library/Bee/artifacts/2000b0aEDbg.dag/post-processed/Unity.VisualScripting.Flow.dll (+pdb)
Processing assembly Library/Bee/artifacts/2000b0aEDbg.dag/Unity.VisualScripting.Flow.dll, with 118 defines and 259 references

processors: Unity.Jobs.CodeGen.JobsILPostProcessor, zzzUnity.Burst.CodeGen.BurstILPostProcessor

running Unity.Jobs.CodeGen.JobsILPostProcessor

running zzzUnity.Burst.CodeGen.BurstILPostProcessor
[574/729    0s] ILPostProcess Library/Bee/artifacts/2000b0aEDbg.dag/post-processed/Unity.Multiplayer.Center.Common.dll (+pdb)
Processing assembly Library/Bee/artifacts/2000b0aEDbg.dag/Unity.Multiplayer.Center.Common.dll, with 110 defines and 257 references

processors: Unity.Jobs.CodeGen.JobsILPostProcessor, zzzUnity.Burst.CodeGen.BurstILPostProcessor

running Unity.Jobs.CodeGen.JobsILPostProcessor

running zzzUnity.Burst.CodeGen.BurstILPostProcessor
[575/729    0s] ILPostProcess Library/Bee/artifacts/2000b0aEDbg.dag/post-processed/Unity.Burst.dll (+pdb)
Processing assembly Library/Bee/artifacts/2000b0aEDbg.dag/Unity.Burst.dll, with 110 defines and 241 references

processors: Unity.Jobs.CodeGen.JobsILPostProcessor, zzzUnity.Burst.CodeGen.BurstILPostProcessor

running Unity.Jobs.CodeGen.JobsILPostProcessor

running zzzUnity.Burst.CodeGen.BurstILPostProcessor
[576/729    1s] ILPostProcess Library/Bee/artifacts/2000b0aEDbg.dag/post-processed/Unity.Collections.dll (+pdb)
Processing assembly Library/Bee/artifacts/2000b0aEDbg.dag/Unity.Collections.dll, with 112 defines and 259 references

processors: Unity.Jobs.CodeGen.JobsILPostProcessor, zzzUnity.Burst.CodeGen.BurstILPostProcessor

running Unity.Jobs.CodeGen.JobsILPostProcessor

running zzzUnity.Burst.CodeGen.BurstILPostProcessor
[577/729    0s] ILPostProcess Library/Bee/artifacts/2000b0aEDbg.dag/post-processed/NoSafeCircle.DoorPrototype.Tests.Editor.dll (+pdb)
Processing assembly Library/Bee/artifacts/2000b0aEDbg.dag/NoSafeCircle.DoorPrototype.Tests.Editor.dll, with 108 defines and 258 references

processors: Unity.Jobs.CodeGen.JobsILPostProcessor, zzzUnity.Burst.CodeGen.BurstILPostProcessor

running Unity.Jobs.CodeGen.JobsILPostProcessor

running zzzUnity.Burst.CodeGen.BurstILPostProcessor
[578/729    0s] ILPostProcess Library/Bee/artifacts/2000b0aEDbg.dag/post-processed/Unity.Mathematics.Editor.dll (+pdb)
Processing assembly Library/Bee/artifacts/2000b0aEDbg.dag/Unity.Mathematics.Editor.dll, with 108 defines and 270 references

processors: Unity.Jobs.CodeGen.JobsILPostProcessor, zzzUnity.Burst.CodeGen.BurstILPostProcessor

running Unity.Jobs.CodeGen.JobsILPostProcessor

running zzzUnity.Burst.CodeGen.BurstILPostProcessor
[579/729    0s] ILPostProcess Library/Bee/artifacts/2000b0aEDbg.dag/post-processed/Unity.2D.Tilemap.Editor.dll (+pdb)
Processing assembly Library/Bee/artifacts/2000b0aEDbg.dag/Unity.2D.Tilemap.Editor.dll, with 108 defines and 269 references

processors: Unity.Jobs.CodeGen.JobsILPostProcessor, zzzUnity.Burst.CodeGen.BurstILPostProcessor

running Unity.Jobs.CodeGen.JobsILPostProcessor

running zzzUnity.Burst.CodeGen.BurstILPostProcessor
[580/729    0s] ILPostProcess Library/Bee/artifacts/2000b0aEDbg.dag/post-processed/Unity.PerformanceTesting.Editor.dll (+pdb)
Processing assembly Library/Bee/artifacts/2000b0aEDbg.dag/Unity.PerformanceTesting.Editor.dll, with 109 defines and 253 references

processors: Unity.Jobs.CodeGen.JobsILPostProcessor, zzzUnity.Burst.CodeGen.BurstILPostProcessor

running Unity.Jobs.CodeGen.JobsILPostProcessor

running zzzUnity.Burst.CodeGen.BurstILPostProcessor
[581/729    0s] ILPostProcess Library/Bee/artifacts/2000b0aEDbg.dag/post-processed/Unity.Collections.Editor.dll (+pdb)
Processing assembly Library/Bee/artifacts/2000b0aEDbg.dag/Unity.Collections.Editor.dll, with 109 defines and 270 references

processors: Unity.Jobs.CodeGen.JobsILPostProcessor, zzzUnity.Burst.CodeGen.BurstILPostProcessor

running Unity.Jobs.CodeGen.JobsILPostProcessor

running zzzUnity.Burst.CodeGen.BurstILPostProcessor
[582/729    0s] ILPostProcess Library/Bee/artifacts/2000b0aEDbg.dag/post-processed/Unity.TestTools.CodeCoverage.Editor.OpenCover.Model.dll (+pdb)
Processing assembly Library/Bee/artifacts/2000b0aEDbg.dag/Unity.TestTools.CodeCoverage.Editor.OpenCover.Model.dll, with 108 defines and 269 references

processors: Unity.Jobs.CodeGen.JobsILPostProcessor, zzzUnity.Burst.CodeGen.BurstILPostProcessor

running Unity.Jobs.CodeGen.JobsILPostProcessor

running zzzUnity.Burst.CodeGen.BurstILPostProcessor
[583/729    0s] ILPostProcess Library/Bee/artifacts/2000b0aEDbg.dag/post-processed/Unity.Burst.Editor.dll (+pdb)
Processing assembly Library/Bee/artifacts/2000b0aEDbg.dag/Unity.Burst.Editor.dll, with 108 defines and 270 references

processors: Unity.Jobs.CodeGen.JobsILPostProcessor, zzzUnity.Burst.CodeGen.BurstILPostProcessor

running Unity.Jobs.CodeGen.JobsILPostProcessor

running zzzUnity.Burst.CodeGen.BurstILPostProcessor
[584/729    0s] CopyFiles Library/ScriptAssemblies/Unity.VisualScripting.Core.dll
[585/729    0s] CopyFiles Library/ScriptAssemblies/Unity.TextMeshPro.dll
[586/729    0s] CopyFiles Library/ScriptAssemblies/NoSafeCircle.DoorPrototype.dll
[587/729    0s] CopyFiles Library/ScriptAssemblies/Unity.InputSystem.dll
[588/729    0s] CopyFiles Library/ScriptAssemblies/Unity.Collections.dll
[589/729    0s] CopyFiles Library/ScriptAssemblies/Unity.VisualScripting.Flow.dll
[590/729    0s] CopyFiles Library/ScriptAssemblies/Unity.InputSystem.TestFramework.dll
[591/729    0s] CopyFiles Library/ScriptAssemblies/Unity.InputSystem.IntegrationTests.dll
[592/729    0s] CopyFiles Library/ScriptAssemblies/UnityEngine.UI.dll
[593/729    0s] CopyFiles Library/ScriptAssemblies/Unity.AI.Navigation.dll
[594/729    0s] CopyFiles Library/ScriptAssemblies/Unity.InputSystem.ForUI.dll
[595/729    0s] CopyFiles Library/ScriptAssemblies/Unity.Burst.dll
[596/729    0s] CopyFiles Library/ScriptAssemblies/deVoid.Signals.dll
[597/729    0s] CopyFiles Library/ScriptAssemblies/Unity.PerformanceTesting.dll
[598/729    0s] CopyFiles Library/ScriptAssemblies/Unity.Mathematics.dll
[599/729    0s] CopyFiles Library/ScriptAssemblies/Unity.Timeline.dll
[600/729    0s] CopyFiles Library/ScriptAssemblies/NoSafeCircle.DoorPrototype.Tests.dll
[601/729    0s] CopyFiles Library/ScriptAssemblies/Unity.Multiplayer.Center.Common.dll
[602/729    0s] CopyFiles Library/ScriptAssemblies/Unity.2D.Tilemap.Editor.dll
[603/729    0s] CopyFiles Library/ScriptAssemblies/Unity.2D.Tilemap.Editor.pdb
[604/729    0s] CopyFiles Library/ScriptAssemblies/Unity.PerformanceTesting.Editor.pdb
[605/729    0s] CopyFiles Library/ScriptAssemblies/Unity.PerformanceTesting.Editor.dll
[606/729    0s] CopyFiles Library/ScriptAssemblies/Unity.TestTools.CodeCoverage.Editor.OpenCover.Model.pdb
[607/729    0s] CopyFiles Library/ScriptAssemblies/Unity.TestTools.CodeCoverage.Editor.OpenCover.Model.dll
[608/729    0s] CopyFiles Library/ScriptAssemblies/Unity.Mathematics.Editor.pdb
[609/729    0s] CopyFiles Library/ScriptAssemblies/Unity.Mathematics.Editor.dll
[610/729    0s] CopyFiles Library/ScriptAssemblies/Unity.Collections.Editor.pdb
[611/729    0s] CopyFiles Library/ScriptAssemblies/Unity.Collections.Editor.dll
[612/729    0s] CopyFiles Library/ScriptAssemblies/NoSafeCircle.DoorPrototype.Tests.Editor.pdb
[613/729    0s] CopyFiles Library/ScriptAssemblies/NoSafeCircle.DoorPrototype.Tests.Editor.dll
[614/729    0s] CopyFiles Library/ScriptAssemblies/Unity.Collections.pdb
[615/729    0s] CopyFiles Library/ScriptAssemblies/Unity.Burst.pdb
[616/729    0s] CopyFiles Library/ScriptAssemblies/Unity.Multiplayer.Center.Common.pdb
[617/729    0s] CopyFiles Library/ScriptAssemblies/Unity.Burst.Editor.pdb
[618/729    0s] CopyFiles Library/ScriptAssemblies/Unity.Burst.Editor.dll
[619/729    0s] CopyFiles Library/ScriptAssemblies/Unity.TextMeshPro.pdb
[620/729    0s] CopyFiles Library/ScriptAssemblies/Unity.PerformanceTesting.pdb
[621/729    0s] CopyFiles Library/ScriptAssemblies/Unity.InputSystem.IntegrationTests.pdb
[622/729    0s] CopyFiles Library/ScriptAssemblies/Unity.VisualScripting.Flow.pdb
[623/729    0s] CopyFiles Library/ScriptAssemblies/Unity.VisualScripting.Core.pdb
[624/729    0s] CopyFiles Library/ScriptAssemblies/Unity.InputSystem.ForUI.pdb
[625/729    0s] CopyFiles Library/ScriptAssemblies/Unity.InputSystem.pdb
[626/729    0s] CopyFiles Library/ScriptAssemblies/NoSafeCircle.DoorPrototype.pdb
[627/729    0s] CopyFiles Library/ScriptAssemblies/Unity.Timeline.pdb
[628/729    0s] CopyFiles Library/ScriptAssemblies/Unity.InputSystem.TestFramework.pdb
[629/729    0s] CopyFiles Library/ScriptAssemblies/Unity.AI.Navigation.pdb
[630/729    0s] CopyFiles Library/ScriptAssemblies/NoSafeCircle.DoorPrototype.Tests.pdb
[631/729    0s] CopyFiles Library/ScriptAssemblies/deVoid.Signals.pdb
[632/729    0s] CopyFiles Library/ScriptAssemblies/Unity.Mathematics.pdb
[633/729    0s] CopyFiles Library/ScriptAssemblies/Unity.AI.Navigation.Editor.dll
[634/729    0s] CopyFiles Library/ScriptAssemblies/Unity.AI.Navigation.Editor.pdb
[635/729    0s] CopyFiles Library/ScriptAssemblies/UnityEngine.UI.pdb
[636/729    1s] ILPostProcess Library/Bee/artifacts/2000b0aEDbg.dag/post-processed/Unity.Settings.Editor.dll (+pdb)
Processing assembly Library/Bee/artifacts/2000b0aEDbg.dag/Unity.Settings.Editor.dll, with 108 defines and 269 references

processors: Unity.Jobs.CodeGen.JobsILPostProcessor, zzzUnity.Burst.CodeGen.BurstILPostProcessor

running Unity.Jobs.CodeGen.JobsILPostProcessor

running zzzUnity.Burst.CodeGen.BurstILPostProcessor
[637/729    0s] ILPostProcess Library/Bee/artifacts/2000b0aEDbg.dag/post-processed/UnityEditor.UI.dll (+pdb)
Processing assembly Library/Bee/artifacts/2000b0aEDbg.dag/UnityEditor.UI.dll, with 111 defines and 268 references

processors: Unity.Jobs.CodeGen.JobsILPostProcessor, zzzUnity.Burst.CodeGen.BurstILPostProcessor

running Unity.Jobs.CodeGen.JobsILPostProcessor

running zzzUnity.Burst.CodeGen.BurstILPostProcessor
[638/729    0s] ILPostProcess Library/Bee/artifacts/2000b0aEDbg.dag/post-processed/Unity.Multiplayer.Center.Editor.dll (+pdb)
Processing assembly Library/Bee/artifacts/2000b0aEDbg.dag/Unity.Multiplayer.Center.Editor.dll, with 108 defines and 270 references

processors: Unity.Jobs.CodeGen.JobsILPostProcessor, zzzUnity.Burst.CodeGen.BurstILPostProcessor

running Unity.Jobs.CodeGen.JobsILPostProcessor

running zzzUnity.Burst.CodeGen.BurstILPostProcessor
[639/729    1s] ILPostProcess Library/Bee/artifacts/2000b0aEDbg.dag/post-processed/Unity.InputSystem.DocCodeSamples.dll (+pdb)
Processing assembly Library/Bee/artifacts/2000b0aEDbg.dag/Unity.InputSystem.DocCodeSamples.dll, with 108 defines and 253 references

processors: Unity.Jobs.CodeGen.JobsILPostProcessor, zzzUnity.Burst.CodeGen.BurstILPostProcessor

running Unity.Jobs.CodeGen.JobsILPostProcessor

running zzzUnity.Burst.CodeGen.BurstILPostProcessor
[640/729    0s] ILPostProcess Library/Bee/artifacts/2000b0aEDbg.dag/post-processed/NoSafeCircle.DoorPrototype.Editor.dll (+pdb)
Processing assembly Library/Bee/artifacts/2000b0aEDbg.dag/NoSafeCircle.DoorPrototype.Editor.dll, with 108 defines and 271 references

processors: Unity.Jobs.CodeGen.JobsILPostProcessor, zzzUnity.Burst.CodeGen.BurstILPostProcessor

running Unity.Jobs.CodeGen.JobsILPostProcessor

running zzzUnity.Burst.CodeGen.BurstILPostProcessor
[641/729    0s] ILPostProcess Library/Bee/artifacts/2000b0aEDbg.dag/post-processed/Unity.VisualScripting.State.dll (+pdb)
Processing assembly Library/Bee/artifacts/2000b0aEDbg.dag/Unity.VisualScripting.State.dll, with 110 defines and 259 references

processors: Unity.Jobs.CodeGen.JobsILPostProcessor, zzzUnity.Burst.CodeGen.BurstILPostProcessor

running Unity.Jobs.CodeGen.JobsILPostProcessor

running zzzUnity.Burst.CodeGen.BurstILPostProcessor
[642/729    0s] ILPostProcess Library/Bee/artifacts/2000b0aEDbg.dag/post-processed/Unity.Timeline.Editor.dll (+pdb)
Processing assembly Library/Bee/artifacts/2000b0aEDbg.dag/Unity.Timeline.Editor.dll, with 109 defines and 270 references

processors: Unity.Jobs.CodeGen.JobsILPostProcessor, zzzUnity.Burst.CodeGen.BurstILPostProcessor

running Unity.Jobs.CodeGen.JobsILPostProcessor

running zzzUnity.Burst.CodeGen.BurstILPostProcessor
[643/729    0s] ILPostProcess Library/Bee/artifacts/2000b0aEDbg.dag/post-processed/Unity.AI.Navigation.Updater.dll (+pdb)
Processing assembly Library/Bee/artifacts/2000b0aEDbg.dag/Unity.AI.Navigation.Updater.dll, with 108 defines and 272 references

processors: Unity.Jobs.CodeGen.JobsILPostProcessor, zzzUnity.Burst.CodeGen.BurstILPostProcessor

running Unity.Jobs.CodeGen.JobsILPostProcessor

running zzzUnity.Burst.CodeGen.BurstILPostProcessor
[644/729    0s] ILPostProcess Library/Bee/artifacts/2000b0aEDbg.dag/post-processed/Unity.TextMeshPro.Editor.dll (+pdb)
Processing assembly Library/Bee/artifacts/2000b0aEDbg.dag/Unity.TextMeshPro.Editor.dll, with 108 defines and 270 references

processors: Unity.Jobs.CodeGen.JobsILPostProcessor, zzzUnity.Burst.CodeGen.BurstILPostProcessor

running Unity.Jobs.CodeGen.JobsILPostProcessor

running zzzUnity.Burst.CodeGen.BurstILPostProcessor
[645/729    0s] ILPostProcess Library/Bee/artifacts/2000b0aEDbg.dag/post-processed/Unity.EditorCoroutines.Editor.dll (+pdb)
Processing assembly Library/Bee/artifacts/2000b0aEDbg.dag/Unity.EditorCoroutines.Editor.dll, with 108 defines and 269 references

processors: Unity.Jobs.CodeGen.JobsILPostProcessor, zzzUnity.Burst.CodeGen.BurstILPostProcessor

running Unity.Jobs.CodeGen.JobsILPostProcessor

running zzzUnity.Burst.CodeGen.BurstILPostProcessor
[646/729    0s] MovedFromExtractor Library/Bee/artifacts/mvdfrm/Unity.VisualScripting.State.ref.dll_EB1CCF9FEFB7F363.mvfrm
[647/729    0s] MovedFromExtractor Library/Bee/artifacts/mvdfrm/Unity.PlasticSCM.Editor.ref.dll_169D1CB9FC9A5F17.mvfrm
[648/729    0s] MovedFromExtractor Library/Bee/artifacts/mvdfrm/Unity.VisualScripting.Flow.Editor.ref.dll_EBD92A672608729F.mvfrm
[649/729    0s] CopyFiles Library/ScriptAssemblies/Unity.Settings.Editor.dll
[650/729    0s] CopyFiles Library/ScriptAssemblies/Unity.Settings.Editor.pdb
[651/729    0s] CopyFiles Library/ScriptAssemblies/Unity.InputSystem.DocCodeSamples.dll
[652/729    0s] CopyFiles Library/ScriptAssemblies/Unity.InputSystem.DocCodeSamples.pdb
[653/729    0s] CopyFiles Library/ScriptAssemblies/UnityEditor.UI.pdb
[654/729    0s] CopyFiles Library/ScriptAssemblies/UnityEditor.UI.dll
[655/729    0s] CopyFiles Library/ScriptAssemblies/Unity.Multiplayer.Center.Editor.pdb
[656/729    0s] CopyFiles Library/ScriptAssemblies/Unity.AI.Navigation.Updater.pdb
[657/729    0s] CopyFiles Library/ScriptAssemblies/Unity.Multiplayer.Center.Editor.dll
[658/729    0s] CopyFiles Library/ScriptAssemblies/Unity.VisualScripting.State.dll
[659/729    0s] CopyFiles Library/ScriptAssemblies/Unity.VisualScripting.State.pdb
[660/729    0s] CopyFiles Library/ScriptAssemblies/Unity.Timeline.Editor.pdb
[661/729    0s] CopyFiles Library/ScriptAssemblies/Unity.Timeline.Editor.dll
[662/729    0s] CopyFiles Library/ScriptAssemblies/NoSafeCircle.DoorPrototype.Editor.dll
[663/729    0s] CopyFiles Library/ScriptAssemblies/Unity.TextMeshPro.Editor.pdb
[664/729    0s] CopyFiles Library/ScriptAssemblies/Unity.TextMeshPro.Editor.dll
[665/729    0s] CopyFiles Library/ScriptAssemblies/Unity.AI.Navigation.Updater.dll
[666/729    0s] CopyFiles Library/ScriptAssemblies/NoSafeCircle.DoorPrototype.Editor.pdb
[667/729    0s] CopyFiles Library/ScriptAssemblies/Unity.EditorCoroutines.Editor.dll
[668/729    0s] CopyFiles Library/ScriptAssemblies/Unity.EditorCoroutines.Editor.pdb
[669/729    0s] ILPostProcess Library/Bee/artifacts/2000b0aEDbg.dag/post-processed/Unity.PlasticSCM.Editor.dll (+pdb)
Processing assembly Library/Bee/artifacts/2000b0aEDbg.dag/Unity.PlasticSCM.Editor.dll, with 108 defines and 258 references

processors: Unity.Jobs.CodeGen.JobsILPostProcessor, zzzUnity.Burst.CodeGen.BurstILPostProcessor

running Unity.Jobs.CodeGen.JobsILPostProcessor

running zzzUnity.Burst.CodeGen.BurstILPostProcessor
[670/729    0s] CopyFiles Library/ScriptAssemblies/Unity.PlasticSCM.Editor.pdb
[671/729    0s] CopyFiles Library/ScriptAssemblies/Unity.PlasticSCM.Editor.dll
[672/729    0s] ILPostProcess Library/Bee/artifacts/2000b0aEDbg.dag/post-processed/Unity.VisualScripting.Core.Editor.dll (+pdb)
Processing assembly Library/Bee/artifacts/2000b0aEDbg.dag/Unity.VisualScripting.Core.Editor.dll, with 108 defines and 270 references

processors: Unity.Jobs.CodeGen.JobsILPostProcessor, zzzUnity.Burst.CodeGen.BurstILPostProcessor

running Unity.Jobs.CodeGen.JobsILPostProcessor

running zzzUnity.Burst.CodeGen.BurstILPostProcessor
[673/729    0s] ILPostProcess Library/Bee/artifacts/2000b0aEDbg.dag/post-processed/Unity.AI.Navigation.Editor.ConversionSystem.dll (+pdb)
Processing assembly Library/Bee/artifacts/2000b0aEDbg.dag/Unity.AI.Navigation.Editor.ConversionSystem.dll, with 108 defines and 269 references

processors: Unity.Jobs.CodeGen.JobsILPostProcessor, zzzUnity.Burst.CodeGen.BurstILPostProcessor

running Unity.Jobs.CodeGen.JobsILPostProcessor

running zzzUnity.Burst.CodeGen.BurstILPostProcessor
[674/729    0s] ILPostProcess Library/Bee/artifacts/2000b0aEDbg.dag/post-processed/Unity.TestTools.CodeCoverage.Editor.dll (+pdb)
Processing assembly Library/Bee/artifacts/2000b0aEDbg.dag/Unity.TestTools.CodeCoverage.Editor.dll, with 113 defines and 256 references

processors: Unity.Jobs.CodeGen.JobsILPostProcessor, zzzUnity.Burst.CodeGen.BurstILPostProcessor

running Unity.Jobs.CodeGen.JobsILPostProcessor

running zzzUnity.Burst.CodeGen.BurstILPostProcessor
[675/729    0s] ILPostProcess Library/Bee/artifacts/2000b0aEDbg.dag/post-processed/Unity.VisualScripting.Flow.Editor.dll (+pdb)
Processing assembly Library/Bee/artifacts/2000b0aEDbg.dag/Unity.VisualScripting.Flow.Editor.dll, with 110 defines and 273 references

processors: Unity.Jobs.CodeGen.JobsILPostProcessor, zzzUnity.Burst.CodeGen.BurstILPostProcessor

running Unity.Jobs.CodeGen.JobsILPostProcessor

running zzzUnity.Burst.CodeGen.BurstILPostProcessor
[676/729    0s] ILPostProcess Library/Bee/artifacts/2000b0aEDbg.dag/post-processed/Unity.Performance.Profile-Analyzer.Editor.dll (+pdb)
Processing assembly Library/Bee/artifacts/2000b0aEDbg.dag/Unity.Performance.Profile-Analyzer.Editor.dll, with 108 defines and 269 references

processors: Unity.Jobs.CodeGen.JobsILPostProcessor, zzzUnity.Burst.CodeGen.BurstILPostProcessor

running Unity.Jobs.CodeGen.JobsILPostProcessor

running zzzUnity.Burst.CodeGen.BurstILPostProcessor
[677/729    0s] ILPostProcess Library/Bee/artifacts/2000b0aEDbg.dag/post-processed/Unity.TestTools.CodeCoverage.Editor.OpenCover.Mono.Reflection.dll (+pdb)
Processing assembly Library/Bee/artifacts/2000b0aEDbg.dag/Unity.TestTools.CodeCoverage.Editor.OpenCover.Mono.Reflection.dll, with 108 defines and 269 references

processors: Unity.Jobs.CodeGen.JobsILPostProcessor, zzzUnity.Burst.CodeGen.BurstILPostProcessor

running Unity.Jobs.CodeGen.JobsILPostProcessor

running zzzUnity.Burst.CodeGen.BurstILPostProcessor
[678/729    0s] CopyFiles Library/ScriptAssemblies/Unity.AI.Navigation.Editor.ConversionSystem.pdb
[679/729    0s] CopyFiles Library/ScriptAssemblies/Unity.TestTools.CodeCoverage.Editor.pdb
[680/729    0s] CopyFiles Library/ScriptAssemblies/Unity.AI.Navigation.Editor.ConversionSystem.dll
[681/729    0s] CopyFiles Library/ScriptAssemblies/Unity.TestTools.CodeCoverage.Editor.dll
[682/729    0s] CopyFiles Library/ScriptAssemblies/Unity.VisualScripting.Core.Editor.pdb
[683/729    0s] CopyFiles Library/ScriptAssemblies/Unity.VisualScripting.Core.Editor.dll
[684/729    0s] CopyFiles Library/ScriptAssemblies/Unity.VisualScripting.Flow.Editor.pdb
[685/729    0s] CopyFiles Library/ScriptAssemblies/Unity.VisualScripting.Flow.Editor.dll
[686/729    0s] CopyFiles Library/ScriptAssemblies/Unity.TestTools.CodeCoverage.Editor.OpenCover.Mono.Reflection.pdb
[687/729    0s] CopyFiles Library/ScriptAssemblies/Unity.TestTools.CodeCoverage.Editor.OpenCover.Mono.Reflection.dll
[688/729    0s] MovedFromExtractor-Combine Library/Bee/artifacts/2000b0aEDbg.dag/Unity.CollabProxy.Editor.dll.mvfrm
[689/729    0s] CopyFiles Library/ScriptAssemblies/Unity.Performance.Profile-Analyzer.Editor.pdb
[690/729    0s] CopyFiles Library/ScriptAssemblies/Unity.Performance.Profile-Analyzer.Editor.dll
[691/729    0s] MovedFromExtractor-Combine Library/Bee/artifacts/2000b0aEDbg.dag/Unity.PlasticSCM.Editor.Entities.dll.mvfrm
[692/729    0s] MovedFromExtractor-Combine Library/Bee/artifacts/2000b0aEDbg.dag/Unity.PlasticSCM.Editor.Assistant.dll.mvfrm
[693/729    0s] MovedFromExtractor-Combine Library/Bee/artifacts/2000b0aEDbg.dag/Unity.VisualScripting.State.Editor.dll.mvfrm
[694/729    0s] MovedFromExtractor-Combine Library/Bee/artifacts/2000b0aEDbg.dag/Unity.VisualScripting.SettingsProvider.Editor.dll.mvfrm
[695/729    0s] Csc Library/Bee/artifacts/2000b0aEDbg.dag/Unity.PlasticSCM.Editor.Assistant.dll (+2 others)
[696/729    0s] Csc Library/Bee/artifacts/2000b0aEDbg.dag/Unity.PlasticSCM.Editor.Entities.dll (+2 others)
[697/729    0s] Csc Library/Bee/artifacts/2000b0aEDbg.dag/Unity.CollabProxy.Editor.dll (+2 others)
[698/729    0s] Csc Library/Bee/artifacts/2000b0aEDbg.dag/Unity.VisualScripting.SettingsProvider.Editor.dll (+2 others)
[           0s] Csc Library/Bee/artifacts/2000b0aEDbg.dag/Unity.PlasticSCM.Editor.Assistant.dll (+2 others) [CacheWrite 00000000000000000000000000000004]
[699/729    0s] Csc Library/Bee/artifacts/2000b0aEDbg.dag/Unity.VisualScripting.State.Editor.dll (+2 others)
[           0s] Csc Library/Bee/artifacts/2000b0aEDbg.dag/Unity.PlasticSCM.Editor.Entities.dll (+2 others) [CacheWrite 00000000000000000000000000000004]
[           0s] Csc Library/Bee/artifacts/2000b0aEDbg.dag/Unity.CollabProxy.Editor.dll (+2 others) [CacheWrite 00000000000000000000000000000004]
[           0s] Csc Library/Bee/artifacts/2000b0aEDbg.dag/Unity.VisualScripting.SettingsProvider.Editor.dll (+2 others) [CacheWrite 00000000000000000000000000000004]
[           0s] Csc Library/Bee/artifacts/2000b0aEDbg.dag/Unity.VisualScripting.State.Editor.dll (+2 others) [CacheWrite 00000000000000000000000000000004]
[700/729    0s] ILPostProcess Library/Bee/artifacts/2000b0aEDbg.dag/post-processed/Unity.PlasticSCM.Editor.Assistant.dll (+pdb)
Processing assembly Library/Bee/artifacts/2000b0aEDbg.dag/Unity.PlasticSCM.Editor.Assistant.dll, with 108 defines and 270 references

processors: Unity.Jobs.CodeGen.JobsILPostProcessor, zzzUnity.Burst.CodeGen.BurstILPostProcessor

running Unity.Jobs.CodeGen.JobsILPostProcessor

running zzzUnity.Burst.CodeGen.BurstILPostProcessor
[701/729    0s] CopyFiles Library/ScriptAssemblies/Unity.PlasticSCM.Editor.Assistant.dll
[702/729    0s] CopyFiles Library/ScriptAssemblies/Unity.PlasticSCM.Editor.Assistant.pdb
[703/729    0s] MovedFromExtractor Library/Bee/artifacts/mvdfrm/Unity.PlasticSCM.Editor.Assistant.ref.dll_0F0F969A49577D87.mvfrm
[704/729    0s] ILPostProcess Library/Bee/artifacts/2000b0aEDbg.dag/post-processed/Unity.PlasticSCM.Editor.Entities.dll (+pdb)
Processing assembly Library/Bee/artifacts/2000b0aEDbg.dag/Unity.PlasticSCM.Editor.Entities.dll, with 108 defines and 270 references

processors: Unity.Jobs.CodeGen.JobsILPostProcessor, zzzUnity.Burst.CodeGen.BurstILPostProcessor

running Unity.Jobs.CodeGen.JobsILPostProcessor

running zzzUnity.Burst.CodeGen.BurstILPostProcessor
[705/729    0s] ILPostProcess Library/Bee/artifacts/2000b0aEDbg.dag/post-processed/Unity.VisualScripting.SettingsProvider.Editor.dll (+pdb)
Processing assembly Library/Bee/artifacts/2000b0aEDbg.dag/Unity.VisualScripting.SettingsProvider.Editor.dll, with 108 defines and 274 references

processors: Unity.Jobs.CodeGen.JobsILPostProcessor, zzzUnity.Burst.CodeGen.BurstILPostProcessor

running Unity.Jobs.CodeGen.JobsILPostProcessor

running zzzUnity.Burst.CodeGen.BurstILPostProcessor
[706/729    0s] ILPostProcess Library/Bee/artifacts/2000b0aEDbg.dag/post-processed/Unity.CollabProxy.Editor.dll (+pdb)
Processing assembly Library/Bee/artifacts/2000b0aEDbg.dag/Unity.CollabProxy.Editor.dll, with 108 defines and 270 references

processors: Unity.Jobs.CodeGen.JobsILPostProcessor, zzzUnity.Burst.CodeGen.BurstILPostProcessor

running Unity.Jobs.CodeGen.JobsILPostProcessor

running zzzUnity.Burst.CodeGen.BurstILPostProcessor
[707/729    0s] CopyFiles Library/ScriptAssemblies/Unity.PlasticSCM.Editor.Entities.pdb
[708/729    0s] CopyFiles Library/ScriptAssemblies/Unity.PlasticSCM.Editor.Entities.dll
[709/729    0s] ILPostProcess Library/Bee/artifacts/2000b0aEDbg.dag/post-processed/Unity.VisualScripting.State.Editor.dll (+pdb)
Processing assembly Library/Bee/artifacts/2000b0aEDbg.dag/Unity.VisualScripting.State.Editor.dll, with 108 defines and 274 references

processors: Unity.Jobs.CodeGen.JobsILPostProcessor, zzzUnity.Burst.CodeGen.BurstILPostProcessor

running Unity.Jobs.CodeGen.JobsILPostProcessor

running zzzUnity.Burst.CodeGen.BurstILPostProcessor
[710/729    0s] CopyFiles Library/ScriptAssemblies/Unity.VisualScripting.SettingsProvider.Editor.dll
[711/729    0s] CopyFiles Library/ScriptAssemblies/Unity.VisualScripting.SettingsProvider.Editor.pdb
[712/729    0s] MovedFromExtractor Library/Bee/artifacts/mvdfrm/Unity.VisualScripting.SettingsProvider.Editor.ref.dll_F8FE4B07A7224DC9.mvfrm
[713/729    0s] CopyFiles Library/ScriptAssemblies/Unity.CollabProxy.Editor.dll
[714/729    0s] CopyFiles Library/ScriptAssemblies/Unity.CollabProxy.Editor.pdb
[715/729    0s] CopyFiles Library/ScriptAssemblies/Unity.VisualScripting.State.Editor.pdb
[716/729    0s] CopyFiles Library/ScriptAssemblies/Unity.VisualScripting.State.Editor.dll
[717/729    0s] MovedFromExtractor Library/Bee/artifacts/mvdfrm/Unity.VisualScripting.State.Editor.ref.dll_368F8251F06DFB7E.mvfrm
[718/729    0s] MovedFromExtractor-Combine Library/Bee/artifacts/2000b0aEDbg.dag/Unity.VisualScripting.Shared.Editor.dll.mvfrm
[719/729    0s] Csc Library/Bee/artifacts/2000b0aEDbg.dag/Unity.VisualScripting.Shared.Editor.dll (+2 others)
[           0s] Csc Library/Bee/artifacts/2000b0aEDbg.dag/Unity.VisualScripting.Shared.Editor.dll (+2 others) [CacheWrite 00000000000000000000000000000004]
[720/729    0s] ILPostProcess Library/Bee/artifacts/2000b0aEDbg.dag/post-processed/Unity.VisualScripting.Shared.Editor.dll (+pdb)
Processing assembly Library/Bee/artifacts/2000b0aEDbg.dag/Unity.VisualScripting.Shared.Editor.dll, with 108 defines and 275 references

processors: Unity.Jobs.CodeGen.JobsILPostProcessor, zzzUnity.Burst.CodeGen.BurstILPostProcessor

running Unity.Jobs.CodeGen.JobsILPostProcessor

running zzzUnity.Burst.CodeGen.BurstILPostProcessor
[721/729    0s] CopyFiles Library/ScriptAssemblies/Unity.VisualScripting.Shared.Editor.pdb
[722/729    0s] CopyFiles Library/ScriptAssemblies/Unity.VisualScripting.Shared.Editor.dll
[723/729    0s] MovedFromExtractor Library/Bee/artifacts/mvdfrm/Unity.VisualScripting.Shared.Editor.ref.dll_4DED65266BA88F38.mvfrm
[724/729    0s] MovedFromExtractor-Combine Library/Bee/artifacts/2000b0aEDbg.dag/Assembly-CSharp-firstpass.dll.mvfrm
[725/729    0s] Csc Library/Bee/artifacts/2000b0aEDbg.dag/Assembly-CSharp-firstpass.dll (+2 others)
[726/729    0s] ILPostProcess Library/Bee/artifacts/2000b0aEDbg.dag/post-processed/Assembly-CSharp-firstpass.dll (+pdb)
Processing assembly Library/Bee/artifacts/2000b0aEDbg.dag/Assembly-CSharp-firstpass.dll, with 110 defines and 285 references

processors: Unity.Jobs.CodeGen.JobsILPostProcessor, zzzUnity.Burst.CodeGen.BurstILPostProcessor

running Unity.Jobs.CodeGen.JobsILPostProcessor

running zzzUnity.Burst.CodeGen.BurstILPostProcessor
[727/729    0s] CopyFiles Library/ScriptAssemblies/Assembly-CSharp-firstpass.dll
[728/729    0s] CopyFiles Library/ScriptAssemblies/Assembly-CSharp-firstpass.pdb
*** Tundra build success (16.82 seconds), 594 items updated, 729 evaluated
Assets\NoSafeCircle\DoorPrototype\Editor\DoorPrototypeSceneBuilder.cs(11,7): warning CS0105: The using directive for 'NoSafeCircle.DoorPrototype.World' appeared previously in this namespace
Assets\NoSafeCircle\DoorPrototype\Editor\Rooms\ChapelOfAshSceneBuilder.cs(58,19): warning CS0219: The variable 'roomWidth' is assigned but its value is never used
AssetDatabase: script compilation time: 18.310404s
Begin MonoManager ReloadAssembly
- Loaded All Assemblies, in  0.820 seconds
Refreshing native plugins compatible for Editor in 2.03 ms, found 4 plugins.
Native extension for WindowsStandalone target not found
Native extension for WebGL target not found
Refreshing native plugins compatible for Editor in 2.01 ms, found 4 plugins.
Mono: successfully reloaded assembly
- Finished resetting the current domain, in  4.216 seconds
Domain Reload Profiling: 5033ms
	BeginReloadAssembly (261ms)
		ExecutionOrderSort (0ms)
		DisableScriptedObjects (10ms)
		BackupInstance (0ms)
		ReleaseScriptingObjects (0ms)
		CreateAndSetChildDomain (134ms)
	RebuildCommonClasses (26ms)
	RebuildNativeTypeToScriptingClass (9ms)
	initialDomainReloadingComplete (28ms)
	LoadAllAssembliesAndSetupDomain (493ms)
		LoadAssemblies (390ms)
		RebuildTransferFunctionScriptingTraits (0ms)
		AnalyzeDomain (183ms)
			TypeCache.Refresh (143ms)
				TypeCache.ScanAssembly (134ms)
			BuildScriptInfoCaches (32ms)
			ResolveRequiredComponents (5ms)
	FinalizeReload (4217ms)
		ReleaseScriptCaches (0ms)
		RebuildScriptCaches (0ms)
		SetupLoadedEditorAssemblies (4007ms)
			LogAssemblyErrors (0ms)
			InitializePlatformSupportModulesInManaged (25ms)
			SetLoadedEditorAssemblies (4ms)
			BeforeProcessingInitializeOnLoad (159ms)
			ProcessInitializeOnLoadAttributes (3769ms)
			ProcessInitializeOnLoadMethodAttributes (44ms)
			AfterProcessingInitializeOnLoad (6ms)
			EditorAssembliesLoaded (0ms)
		ExecutionOrderSort2 (0ms)
		AwakeInstancesAfterBackupRestoration (10ms)
Refreshing native plugins compatible for Editor in 2.81 ms, found 4 plugins.
Preloading 0 native plugins for Editor in 0.00 ms.
Asset Pipeline Refresh (id=657bd258f2f27a04e90fda6be20469ee): Total: 24.439 seconds - Initiated by InitialRefreshV2(ForceSynchronousImport)
	Summary:
		Imports: total=0 (actual=0, local cache=0, cache server=0)
		Asset DB Process Time: managed=0 ms, native=4709 ms
		Asset DB Callback time: managed=512 ms, native=6 ms
		Scripting: domain reloads=1, domain reload time=821 ms, compile time=18312 ms, other=76 ms
		Project Asset Count: scripts=986, non-scripts=1498
		Asset File Changes: new=1, changed=2, moved=0, deleted=0
		Scan Filter Count: 0
	InvokeCustomDependenciesCallbacks: 0.001ms
	InvokePackagesCallback: 1.828ms
	ApplyChangesToAssetFolders: 0.448ms
	Scan: 231.805ms
	OnSourceAssetsModified: 0.622ms
	CategorizeAssetsWithTransientArtifact: 38.215ms
	ProcessAssetsWithTransientArtifactChanges: 44.696ms
	CategorizeAssets: 19.810ms
	ImportOutOfDateAssets: 4226.511ms (-14086.298ms without children)
		CompileScripts: 18311.982ms
		ReloadNativeAssets: 0.001ms
		UnloadImportedAssets: 0.213ms
		EnsureUptoDateAssetsAreRegisteredWithGuidPM: 0.284ms
		InitializingProgressBar: 0.000ms
		PostProcessAllAssetNotificationsAddChangedAssets: 0.000ms
		OnDemandSchedulerStart: 0.330ms
	PostProcessAllAssets: 512.372ms
	Hotreload: 6.325ms
	GatherAllCurrentPrimaryArtifactRevisions: 0.001ms
	UnloadStreamsBegin: 0.282ms
	PersistCurrentRevisions: 0.066ms
	UnloadStreamsEnd: 0.001ms
	GenerateScriptTypeHashes: 1.604ms
	Untracked: 19355.918ms

Application.AssetDatabase Initial Refresh End
Scanning for USB devices : 44.658ms
Initializing Unity extensions:
[Licensing::Client] Successfully resolved entitlement details
[MODES] ModeService[none].Initialize
[MODES] ModeService[none].LoadModes
[MODES] Loading mode Default (0) for mode-current-id-NoSafeCircle
Unloading 3 Unused Serialized files (Serialized files now loaded: 0)
Unloading 5033 unused Assets / (2.4 MB). Loaded Objects now: 5533.
Memory consumption went from 141.9 MB to 139.5 MB.
Total: 8.537100 ms (FindLiveObjects: 0.358100 ms CreateObjectMapping: 0.181100 ms MarkObjects: 5.805400 ms  DeleteObjects: 2.191500 ms)

Opening scene 'Assets/Scenes/DoorPrototype.unity'
Unloading 8 Unused Serialized files (Serialized files now loaded: 0)
Loaded scene 'Assets/Scenes/DoorPrototype.unity'
	Deserialize:            21.630 ms
	Integration:            208.436 ms
	Integration of assets:  1.286 ms
	Thread Wait Time:       0.027 ms
	Total Operation Time:   231.379 ms
Unloading 2 unused Assets / (Unknown). Loaded Objects now: 6828.
Memory consumption went from 136.5 MB to 138.5 MB.
Total: 5.387700 ms (FindLiveObjects: 0.421600 ms CreateObjectMapping: 0.159300 ms MarkObjects: 4.787300 ms  DeleteObjects: 0.018900 ms)

Launched and connected shader compiler UnityShaderCompiler.exe after 0.01 seconds
Start importing Assets/NoSafeCircle/DoorPrototype/Generated/ArchitecturalTiles/FloorTile.asset using Guid(ef41a67a8bf6c9448b0f1e0732b60b4b) (NativeFormatImporter) -> (artifact id: '8b334d15e1336fd9e322154e8a630edd') in 0.0097919 seconds
Refreshing native plugins compatible for Editor in 1.92 ms, found 4 plugins.
Preloading 0 native plugins for Editor in 0.00 ms.
Asset Pipeline Refresh (id=19b4d6f45047c9b459fbf09e6d339836): Total: 0.038 seconds - Initiated by StopAssetImportingV2(NoUpdateAssetOptions)
Start importing Assets/NoSafeCircle/DoorPrototype/Generated/ArchitecturalTiles/WallTile.asset using Guid(4a2a3879e8507b543b68d9eef20db2a9) (NativeFormatImporter) -> (artifact id: '9889d248879caee1dcc9f51a81f4e5c8') in 0.0027662 seconds
Refreshing native plugins compatible for Editor in 2.88 ms, found 4 plugins.
Preloading 0 native plugins for Editor in 0.00 ms.
Asset Pipeline Refresh (id=b6a586a4611cdde46afa7b22b06c2515): Total: 0.022 seconds - Initiated by StopAssetImportingV2(NoUpdateAssetOptions)
Start importing Assets/NoSafeCircle/DoorPrototype/Generated/ArchitecturalTiles/ArchitecturalBorderTile.asset using Guid(b6f0160d5f52f704b860d04529cf5d13) (NativeFormatImporter) -> (artifact id: '8f16ab88feb1039035acb4c2e6897446') in 0.00295 seconds
Refreshing native plugins compatible for Editor in 1.85 ms, found 4 plugins.
Preloading 0 native plugins for Editor in 0.00 ms.
Asset Pipeline Refresh (id=3320ca5881b98be4fb3dc03a5751a4b2): Total: 0.018 seconds - Initiated by StopAssetImportingV2(NoUpdateAssetOptions)
Opening scene 'Assets/Scenes/Rooms/RuinedEntry.unity additively'
Loaded scene 'Assets/Scenes/Rooms/RuinedEntry.unity'
	Deserialize:            4.939 ms
	Integration:            1.390 ms
	Integration of assets:  0.002 ms
	Thread Wait Time:       0.020 ms
	Total Operation Time:   6.351 ms
Opening scene 'Assets/Scenes/Rooms/BoneArchive.unity additively'
Loaded scene 'Assets/Scenes/Rooms/BoneArchive.unity'
	Deserialize:            1.693 ms
	Integration:            0.232 ms
	Integration of assets:  0.028 ms
	Thread Wait Time:       0.023 ms
	Total Operation Time:   1.975 ms
Opening scene 'Assets/Scenes/Rooms/ChapelOfAsh.unity additively'
Loaded scene 'Assets/Scenes/Rooms/ChapelOfAsh.unity'
	Deserialize:            2.279 ms
	Integration:            0.226 ms
	Integration of assets:  0.015 ms
	Thread Wait Time:       0.011 ms
	Total Operation Time:   2.531 ms
Opening scene 'Assets/Scenes/Rooms/LowerVault.unity additively'
Loaded scene 'Assets/Scenes/Rooms/LowerVault.unity'
	Deserialize:            2.819 ms
	Integration:            0.264 ms
	Integration of assets:  1.233 ms
	Thread Wait Time:       0.020 ms
	Total Operation Time:   4.337 ms
Opening scene 'Assets/Scenes/Rooms/FinalRoom.unity additively'
Loaded scene 'Assets/Scenes/Rooms/FinalRoom.unity'
	Deserialize:            2.462 ms
	Integration:            0.200 ms
	Integration of assets:  0.018 ms
	Thread Wait Time:       0.010 ms
	Total Operation Time:   2.690 ms
Start importing Assets/NoSafeCircle/DoorPrototype/Art/Wizard/Source/PixelLab/masculine-light/selected/standing/north.png using Guid(91c375ee4e2b5704283a23738abe263d) (TextureImporter) -> (artifact id: 'ac68ac7ccde84e218e4687baf3e8525c') in 0.0071726 seconds
Refreshing native plugins compatible for Editor in 2.00 ms, found 4 plugins.
Preloading 0 native plugins for Editor in 0.00 ms.
Asset Pipeline Refresh (id=1cf037659372c2b4faa1e0ae2efc077e): Total: 0.030 seconds - Initiated by StopAssetImportingV2(NoUpdateAssetOptions)
Start importing Assets/NoSafeCircle/DoorPrototype/Art/Wizard/Source/PixelLab/masculine-light/selected/standing/north.png using Guid(91c375ee4e2b5704283a23738abe263d) (TextureImporter) -> (artifact id: 'ac68ac7ccde84e218e4687baf3e8525c') in 0.0046342 seconds
Refreshing native plugins compatible for Editor in 3.09 ms, found 4 plugins.
Preloading 0 native plugins for Editor in 0.00 ms.
Asset Pipeline Refresh (id=590e25c101d406f4cb10e90e3a0578cc): Total: 0.019 seconds - Initiated by StopAssetImportingV2(NoUpdateAssetOptions)
Start importing Assets/NoSafeCircle/DoorPrototype/Art/Wizard/Source/PixelLab/masculine-light/selected/standing/north-east.png using Guid(5e344f0605b848f42982320da2ee30b0) (TextureImporter) -> (artifact id: 'd19b4b89bb4dce3c005a649d097b4434') in 0.0038138 seconds
Refreshing native plugins compatible for Editor in 2.85 ms, found 4 plugins.
Preloading 0 native plugins for Editor in 0.00 ms.
Asset Pipeline Refresh (id=9ab6f7112f904454393b872139619623): Total: 0.021 seconds - Initiated by StopAssetImportingV2(NoUpdateAssetOptions)
Start importing Assets/NoSafeCircle/DoorPrototype/Art/Wizard/Source/PixelLab/masculine-light/selected/standing/north-east.png using Guid(5e344f0605b848f42982320da2ee30b0) (TextureImporter) -> (artifact id: 'd19b4b89bb4dce3c005a649d097b4434') in 0.0050263 seconds
Refreshing native plugins compatible for Editor in 1.98 ms, found 4 plugins.
Preloading 0 native plugins for Editor in 0.00 ms.
Asset Pipeline Refresh (id=095972a64c94c594e916b0bc913cc1c5): Total: 0.022 seconds - Initiated by StopAssetImportingV2(NoUpdateAssetOptions)
Start importing Assets/NoSafeCircle/DoorPrototype/Art/Wizard/Source/PixelLab/masculine-light/selected/standing/east.png using Guid(855cc5850577ad643b9c96440c146d49) (TextureImporter) -> (artifact id: '14b2b91e912154b0e8678720180a9abb') in 0.0052185 seconds
Refreshing native plugins compatible for Editor in 1.97 ms, found 4 plugins.
Preloading 0 native plugins for Editor in 0.00 ms.
Asset Pipeline Refresh (id=832b22c8ccdeb914cbfff1bc657beca7): Total: 0.022 seconds - Initiated by StopAssetImportingV2(NoUpdateAssetOptions)
Start importing Assets/NoSafeCircle/DoorPrototype/Art/Wizard/Source/PixelLab/masculine-light/selected/standing/east.png using Guid(855cc5850577ad643b9c96440c146d49) (TextureImporter) -> (artifact id: '14b2b91e912154b0e8678720180a9abb') in 0.0035537 seconds
Refreshing native plugins compatible for Editor in 1.96 ms, found 4 plugins.
Preloading 0 native plugins for Editor in 0.00 ms.
Asset Pipeline Refresh (id=6090844de8b56d541b718f54420b3b16): Total: 0.017 seconds - Initiated by StopAssetImportingV2(NoUpdateAssetOptions)
Start importing Assets/NoSafeCircle/DoorPrototype/Art/Wizard/Source/PixelLab/masculine-light/selected/standing/south-east.png using Guid(ba32e804c3c549e43aa53b4a61cad7be) (TextureImporter) -> (artifact id: '61f1a89fb363a71cc1b5589a9eed5f87') in 0.0037928 seconds
Refreshing native plugins compatible for Editor in 3.04 ms, found 4 plugins.
Preloading 0 native plugins for Editor in 0.00 ms.
Asset Pipeline Refresh (id=cd364bb13f47db141881e758e0855dac): Total: 0.020 seconds - Initiated by StopAssetImportingV2(NoUpdateAssetOptions)
Start importing Assets/NoSafeCircle/DoorPrototype/Art/Wizard/Source/PixelLab/masculine-light/selected/standing/south-east.png using Guid(ba32e804c3c549e43aa53b4a61cad7be) (TextureImporter) -> (artifact id: '61f1a89fb363a71cc1b5589a9eed5f87') in 0.0056344 seconds
Refreshing native plugins compatible for Editor in 3.27 ms, found 4 plugins.
Preloading 0 native plugins for Editor in 0.00 ms.
Asset Pipeline Refresh (id=793873433062cd64282bc980e0d7868f): Total: 0.027 seconds - Initiated by StopAssetImportingV2(NoUpdateAssetOptions)
Start importing Assets/NoSafeCircle/DoorPrototype/Art/Wizard/Source/PixelLab/masculine-light/selected/standing/south.png using Guid(afd38f6e75ecac9469a8b9b3c8c5d9cf) (TextureImporter) -> (artifact id: '0ae0ee31ad995aecf8e93f35138c2b6b') in 0.0051004 seconds
Refreshing native plugins compatible for Editor in 2.74 ms, found 4 plugins.
Preloading 0 native plugins for Editor in 0.00 ms.
Asset Pipeline Refresh (id=cf3c6eadb51694844943a01f4785b29c): Total: 0.025 seconds - Initiated by StopAssetImportingV2(NoUpdateAssetOptions)
Start importing Assets/NoSafeCircle/DoorPrototype/Art/Wizard/Source/PixelLab/masculine-light/selected/standing/south.png using Guid(afd38f6e75ecac9469a8b9b3c8c5d9cf) (TextureImporter) -> (artifact id: '0ae0ee31ad995aecf8e93f35138c2b6b') in 0.0053073 seconds
Refreshing native plugins compatible for Editor in 3.56 ms, found 4 plugins.
Preloading 0 native plugins for Editor in 0.00 ms.
Asset Pipeline Refresh (id=8741de5a91e9516419e31d79a62910bc): Total: 0.025 seconds - Initiated by StopAssetImportingV2(NoUpdateAssetOptions)
Start importing Assets/NoSafeCircle/DoorPrototype/Art/Wizard/Source/PixelLab/masculine-light/selected/standing/south-west.png using Guid(f1200e2de20b94f4e82a8b06bf3373e4) (TextureImporter) -> (artifact id: '48aae1fc609c3488cd543cc160a9cf3a') in 0.0041647 seconds
Refreshing native plugins compatible for Editor in 2.14 ms, found 4 plugins.
Preloading 0 native plugins for Editor in 0.00 ms.
Asset Pipeline Refresh (id=5c5f0c9d8cfff7c4993f1f83a6bc0b7c): Total: 0.018 seconds - Initiated by StopAssetImportingV2(NoUpdateAssetOptions)
Start importing Assets/NoSafeCircle/DoorPrototype/Art/Wizard/Source/PixelLab/masculine-light/selected/standing/south-west.png using Guid(f1200e2de20b94f4e82a8b06bf3373e4) (TextureImporter) -> (artifact id: '48aae1fc609c3488cd543cc160a9cf3a') in 0.0037749 seconds
Refreshing native plugins compatible for Editor in 1.94 ms, found 4 plugins.
Preloading 0 native plugins for Editor in 0.00 ms.
Asset Pipeline Refresh (id=8705f7a42e26fba46a6772a525de65dd): Total: 0.017 seconds - Initiated by StopAssetImportingV2(NoUpdateAssetOptions)
Start importing Assets/NoSafeCircle/DoorPrototype/Art/Wizard/Source/PixelLab/masculine-light/selected/standing/west.png using Guid(fcab85bd8cb12954790ec61cad798011) (TextureImporter) -> (artifact id: '7af058dc5433801b48e2ee3d261b1edc') in 0.0036924 seconds
Refreshing native plugins compatible for Editor in 2.01 ms, found 4 plugins.
Preloading 0 native plugins for Editor in 0.00 ms.
Asset Pipeline Refresh (id=b214f61157c727746b519f01a3fc3a60): Total: 0.019 seconds - Initiated by StopAssetImportingV2(NoUpdateAssetOptions)
Start importing Assets/NoSafeCircle/DoorPrototype/Art/Wizard/Source/PixelLab/masculine-light/selected/standing/west.png using Guid(fcab85bd8cb12954790ec61cad798011) (TextureImporter) -> (artifact id: '7af058dc5433801b48e2ee3d261b1edc') in 0.0044311 seconds
Refreshing native plugins compatible for Editor in 3.13 ms, found 4 plugins.
Preloading 0 native plugins for Editor in 0.00 ms.
Asset Pipeline Refresh (id=0098dd67d6513c4478b2deec3d67b9cc): Total: 0.021 seconds - Initiated by StopAssetImportingV2(NoUpdateAssetOptions)
Start importing Assets/NoSafeCircle/DoorPrototype/Art/Wizard/Source/PixelLab/masculine-light/selected/standing/north-west.png using Guid(90987ee35d8dc3942b6c07b1e7be561d) (TextureImporter) -> (artifact id: '0580bf3fa62d7693d2f2e87b491a1f88') in 0.0064469 seconds
Refreshing native plugins compatible for Editor in 2.03 ms, found 4 plugins.
Preloading 0 native plugins for Editor in 0.00 ms.
Asset Pipeline Refresh (id=d32e7b63ebb8ff541bc396043bfd0cdd): Total: 0.024 seconds - Initiated by StopAssetImportingV2(NoUpdateAssetOptions)
Start importing Assets/NoSafeCircle/DoorPrototype/Art/Wizard/Source/PixelLab/masculine-light/selected/standing/north-west.png using Guid(90987ee35d8dc3942b6c07b1e7be561d) (TextureImporter) -> (artifact id: '0580bf3fa62d7693d2f2e87b491a1f88') in 0.0055614 seconds
Refreshing native plugins compatible for Editor in 2.35 ms, found 4 plugins.
Preloading 0 native plugins for Editor in 0.00 ms.
Asset Pipeline Refresh (id=ba62f4112c9c33c4e897615804a22a62): Total: 0.024 seconds - Initiated by StopAssetImportingV2(NoUpdateAssetOptions)
Start importing Assets/NoSafeCircle/DoorPrototype/Art/Wizard/Source/PixelLab/masculine-light/selected/standing/north-east.png using Guid(5e344f0605b848f42982320da2ee30b0) (TextureImporter) -> (artifact id: 'd19b4b89bb4dce3c005a649d097b4434') in 0.0049414 seconds
Refreshing native plugins compatible for Editor in 3.06 ms, found 4 plugins.
Preloading 0 native plugins for Editor in 0.00 ms.
Asset Pipeline Refresh (id=2df1d333ca4286944a6a654c2032e749): Total: 0.028 seconds - Initiated by StopAssetImportingV2(NoUpdateAssetOptions)
Start importing Assets/NoSafeCircle/DoorPrototype/Art/Wizard/Source/PixelLab/masculine-light/selected/standing/north-east.png using Guid(5e344f0605b848f42982320da2ee30b0) (TextureImporter) -> (artifact id: 'd19b4b89bb4dce3c005a649d097b4434') in 0.0048379 seconds
Refreshing native plugins compatible for Editor in 2.73 ms, found 4 plugins.
Preloading 0 native plugins for Editor in 0.00 ms.
Asset Pipeline Refresh (id=25a942ebd2dea7944ab456664d5f02a4): Total: 0.020 seconds - Initiated by StopAssetImportingV2(NoUpdateAssetOptions)
Start importing Assets/NoSafeCircle/DoorPrototype/Art/Wizard/Generated/Wizard_Masculine_White_idle_north-east.anim using Guid(b6d115ade9e83434da82a9731846674f) (NativeFormatImporter) -> (artifact id: '373a432c1b03ba084be089112e83d65d') in 0.0023838 seconds
Refreshing native plugins compatible for Editor in 2.06 ms, found 4 plugins.
Preloading 0 native plugins for Editor in 0.00 ms.
Asset Pipeline Refresh (id=d9fdf43d7da2de5428f214270d600796): Total: 0.018 seconds - Initiated by StopAssetImportingV2(NoUpdateAssetOptions)
Start importing Assets/NoSafeCircle/DoorPrototype/Art/Wizard/Source/PixelLab/masculine-light/selected/walk/north-east/frame_000.png using Guid(91d5e512fe9f09e468cc7cf22a015977) (TextureImporter) -> (artifact id: '6a503b7d25ce99ea2af3d0c42d80dcf7') in 0.0039517 seconds
Refreshing native plugins compatible for Editor in 1.93 ms, found 4 plugins.
Preloading 0 native plugins for Editor in 0.00 ms.
Asset Pipeline Refresh (id=a9fc60fa27b47cb498fcc661098783a3): Total: 0.016 seconds - Initiated by StopAssetImportingV2(NoUpdateAssetOptions)
Start importing Assets/NoSafeCircle/DoorPrototype/Art/Wizard/Source/PixelLab/masculine-light/selected/walk/north-east/frame_000.png using Guid(91d5e512fe9f09e468cc7cf22a015977) (TextureImporter) -> (artifact id: '6a503b7d25ce99ea2af3d0c42d80dcf7') in 0.0038479 seconds
Refreshing native plugins compatible for Editor in 1.96 ms, found 4 plugins.
Preloading 0 native plugins for Editor in 0.00 ms.
Asset Pipeline Refresh (id=a5d74c856aad53b4e88c1324eb70e270): Total: 0.021 seconds - Initiated by StopAssetImportingV2(NoUpdateAssetOptions)
Start importing Assets/NoSafeCircle/DoorPrototype/Art/Wizard/Source/PixelLab/masculine-light/selected/walk/north-east/frame_001.png using Guid(888094d9c0dcb964ead2060e7aa59107) (TextureImporter) -> (artifact id: 'd8cfba5f6f5ceabd17735530bdd2c1b4') in 0.0037759 seconds
Refreshing native plugins compatible for Editor in 2.86 ms, found 4 plugins.
Preloading 0 native plugins for Editor in 0.00 ms.
Asset Pipeline Refresh (id=57340bad738386745be411f407b1939f): Total: 0.018 seconds - Initiated by StopAssetImportingV2(NoUpdateAssetOptions)
Start importing Assets/NoSafeCircle/DoorPrototype/Art/Wizard/Source/PixelLab/masculine-light/selected/walk/north-east/frame_001.png using Guid(888094d9c0dcb964ead2060e7aa59107) (TextureImporter) -> (artifact id: 'd8cfba5f6f5ceabd17735530bdd2c1b4') in 0.0036179 seconds
Refreshing native plugins compatible for Editor in 2.42 ms, found 4 plugins.
Preloading 0 native plugins for Editor in 0.00 ms.
Asset Pipeline Refresh (id=42dcbbea7e09d904b994b745833b1044): Total: 0.018 seconds - Initiated by StopAssetImportingV2(NoUpdateAssetOptions)
Start importing Assets/NoSafeCircle/DoorPrototype/Art/Wizard/Source/PixelLab/masculine-light/selected/walk/north-east/frame_002.png using Guid(c67a1a0ffa7f2ce4b85b1c50f5eef908) (TextureImporter) -> (artifact id: '70634a58a39cbfd72a4bd63df136071e') in 0.0052711 seconds
Refreshing native plugins compatible for Editor in 1.98 ms, found 4 plugins.
Preloading 0 native plugins for Editor in 0.00 ms.
Asset Pipeline Refresh (id=56fe3ebabddd2de4aa96126f467314d1): Total: 0.022 seconds - Initiated by StopAssetImportingV2(NoUpdateAssetOptions)
Start importing Assets/NoSafeCircle/DoorPrototype/Art/Wizard/Source/PixelLab/masculine-light/selected/walk/north-east/frame_002.png using Guid(c67a1a0ffa7f2ce4b85b1c50f5eef908) (TextureImporter) -> (artifact id: '70634a58a39cbfd72a4bd63df136071e') in 0.0050267 seconds
Refreshing native plugins compatible for Editor in 3.21 ms, found 4 plugins.
Preloading 0 native plugins for Editor in 0.00 ms.
Asset Pipeline Refresh (id=1a82aee460be39148a7c006488ca2258): Total: 0.022 seconds - Initiated by StopAssetImportingV2(NoUpdateAssetOptions)
Start importing Assets/NoSafeCircle/DoorPrototype/Art/Wizard/Source/PixelLab/masculine-light/selected/walk/north-east/frame_003.png using Guid(897b32c0fc082a34386df214b8f891b8) (TextureImporter) -> (artifact id: 'd626c51500ed12f1b18190ba86944f4d') in 0.0038144 seconds
Refreshing native plugins compatible for Editor in 2.02 ms, found 4 plugins.
Preloading 0 native plugins for Editor in 0.00 ms.
Asset Pipeline Refresh (id=314440149fd93e8429269d4fed7d620a): Total: 0.017 seconds - Initiated by StopAssetImportingV2(NoUpdateAssetOptions)
Start importing Assets/NoSafeCircle/DoorPrototype/Art/Wizard/Source/PixelLab/masculine-light/selected/walk/north-east/frame_003.png using Guid(897b32c0fc082a34386df214b8f891b8) (TextureImporter) -> (artifact id: 'd626c51500ed12f1b18190ba86944f4d') in 0.0043622 seconds
Refreshing native plugins compatible for Editor in 2.89 ms, found 4 plugins.
Preloading 0 native plugins for Editor in 0.00 ms.
Asset Pipeline Refresh (id=50cf255b6937322439e3aba141641389): Total: 0.019 seconds - Initiated by StopAssetImportingV2(NoUpdateAssetOptions)
Start importing Assets/NoSafeCircle/DoorPrototype/Art/Wizard/Source/PixelLab/masculine-light/selected/walk/north-east/frame_004.png using Guid(9909792c548ef4d44830f41f491c679d) (TextureImporter) -> (artifact id: 'b252f0cd946e33cb8d81fd11e43f7a6f') in 0.0039518 seconds
Refreshing native plugins compatible for Editor in 2.74 ms, found 4 plugins.
Preloading 0 native plugins for Editor in 0.00 ms.
Asset Pipeline Refresh (id=95629de47b9f0dd4da7593cda6b9c11e): Total: 0.019 seconds - Initiated by StopAssetImportingV2(NoUpdateAssetOptions)
Start importing Assets/NoSafeCircle/DoorPrototype/Art/Wizard/Source/PixelLab/masculine-light/selected/walk/north-east/frame_004.png using Guid(9909792c548ef4d44830f41f491c679d) (TextureImporter) -> (artifact id: 'b252f0cd946e33cb8d81fd11e43f7a6f') in 0.0037925 seconds
Refreshing native plugins compatible for Editor in 2.02 ms, found 4 plugins.
Preloading 0 native plugins for Editor in 0.00 ms.
Asset Pipeline Refresh (id=5dedb39e0097b884c9f7a4b1db24d87b): Total: 0.021 seconds - Initiated by StopAssetImportingV2(NoUpdateAssetOptions)
Start importing Assets/NoSafeCircle/DoorPrototype/Art/Wizard/Source/PixelLab/masculine-light/selected/walk/north-east/frame_005.png using Guid(8937b18c2e140c844821069cc5bed355) (TextureImporter) -> (artifact id: '7bf5063e07403452390cc8e89ac83e18') in 0.0038473 seconds
Refreshing native plugins compatible for Editor in 2.07 ms, found 4 plugins.
Preloading 0 native plugins for Editor in 0.00 ms.
Asset Pipeline Refresh (id=eba13ad4d81753b408d182dddf37e9f2): Total: 0.017 seconds - Initiated by StopAssetImportingV2(NoUpdateAssetOptions)
Start importing Assets/NoSafeCircle/DoorPrototype/Art/Wizard/Source/PixelLab/masculine-light/selected/walk/north-east/frame_005.png using Guid(8937b18c2e140c844821069cc5bed355) (TextureImporter) -> (artifact id: '7bf5063e07403452390cc8e89ac83e18') in 0.0034741 seconds
Refreshing native plugins compatible for Editor in 2.99 ms, found 4 plugins.
Preloading 0 native plugins for Editor in 0.00 ms.
Asset Pipeline Refresh (id=e254339dc8de09e4fb26d133d7f94a62): Total: 0.017 seconds - Initiated by StopAssetImportingV2(NoUpdateAssetOptions)
Start importing Assets/NoSafeCircle/DoorPrototype/Art/Wizard/Generated/Wizard_Masculine_White_walk_north-east.anim using Guid(edec638159a30d14d89e481308982594) (NativeFormatImporter) -> (artifact id: '7119a38167ae67ab7f69ea5332241d95') in 0.0026103 seconds
Refreshing native plugins compatible for Editor in 2.65 ms, found 4 plugins.
Preloading 0 native plugins for Editor in 0.00 ms.
Asset Pipeline Refresh (id=964d3b69ed2845b4b85ff8161b1cbaf0): Total: 0.019 seconds - Initiated by StopAssetImportingV2(NoUpdateAssetOptions)
Start importing Assets/NoSafeCircle/DoorPrototype/Art/Wizard/Source/PixelLab/masculine-light/selected/standing/north-west.png using Guid(90987ee35d8dc3942b6c07b1e7be561d) (TextureImporter) -> (artifact id: '0580bf3fa62d7693d2f2e87b491a1f88') in 0.0038775 seconds
Refreshing native plugins compatible for Editor in 3.02 ms, found 4 plugins.
Preloading 0 native plugins for Editor in 0.00 ms.
Asset Pipeline Refresh (id=75bed611629a97c49b8bc0a37d0ad493): Total: 0.020 seconds - Initiated by StopAssetImportingV2(NoUpdateAssetOptions)
Start importing Assets/NoSafeCircle/DoorPrototype/Art/Wizard/Source/PixelLab/masculine-light/selected/standing/north-west.png using Guid(90987ee35d8dc3942b6c07b1e7be561d) (TextureImporter) -> (artifact id: '0580bf3fa62d7693d2f2e87b491a1f88') in 0.0038435 seconds
Refreshing native plugins compatible for Editor in 2.44 ms, found 4 plugins.
Preloading 0 native plugins for Editor in 0.00 ms.
Asset Pipeline Refresh (id=df0e6584d6220144c8d22672124483fe): Total: 0.018 seconds - Initiated by StopAssetImportingV2(NoUpdateAssetOptions)
Start importing Assets/NoSafeCircle/DoorPrototype/Art/Wizard/Generated/Wizard_Masculine_White_idle_north-west.anim using Guid(7652da59edab6324ea7b4b4a155a0f23) (NativeFormatImporter) -> (artifact id: 'ce27b6416f14268e491e9a4db222dbe0') in 0.0016769 seconds
Refreshing native plugins compatible for Editor in 1.98 ms, found 4 plugins.
Preloading 0 native plugins for Editor in 0.00 ms.
Asset Pipeline Refresh (id=7d9d6f7f8e0e4474cb606d5ac16b1fa7): Total: 0.014 seconds - Initiated by StopAssetImportingV2(NoUpdateAssetOptions)
Start importing Assets/NoSafeCircle/DoorPrototype/Art/Wizard/Source/PixelLab/masculine-light/selected/walk/north-west/frame_000.png using Guid(677b1a2b1ee5cdf478a4d802aaaeb8c9) (TextureImporter) -> (artifact id: '95458d6c25833851e127d2c27dcf80e2') in 0.0043032 seconds
Refreshing native plugins compatible for Editor in 1.86 ms, found 4 plugins.
Preloading 0 native plugins for Editor in 0.00 ms.
Asset Pipeline Refresh (id=a8f0de29cce0a544289e20b328dc0431): Total: 0.017 seconds - Initiated by StopAssetImportingV2(NoUpdateAssetOptions)
Start importing Assets/NoSafeCircle/DoorPrototype/Art/Wizard/Source/PixelLab/masculine-light/selected/walk/north-west/frame_000.png using Guid(677b1a2b1ee5cdf478a4d802aaaeb8c9) (TextureImporter) -> (artifact id: '95458d6c25833851e127d2c27dcf80e2') in 0.0035285 seconds
Refreshing native plugins compatible for Editor in 1.89 ms, found 4 plugins.
Preloading 0 native plugins for Editor in 0.00 ms.
Asset Pipeline Refresh (id=708a430bec629a24c8930a141044bf12): Total: 0.016 seconds - Initiated by StopAssetImportingV2(NoUpdateAssetOptions)
Start importing Assets/NoSafeCircle/DoorPrototype/Art/Wizard/Source/PixelLab/masculine-light/selected/walk/north-west/frame_001.png using Guid(30043e147cb157e48b727d6a625138d1) (TextureImporter) -> (artifact id: '431235f215ced1ef0fec5facfee00c75') in 0.0045119 seconds
Refreshing native plugins compatible for Editor in 1.79 ms, found 4 plugins.
Preloading 0 native plugins for Editor in 0.00 ms.
Asset Pipeline Refresh (id=42d1789106a8b8a45ba2dc347eb06a05): Total: 0.033 seconds - Initiated by StopAssetImportingV2(NoUpdateAssetOptions)
Start importing Assets/NoSafeCircle/DoorPrototype/Art/Wizard/Source/PixelLab/masculine-light/selected/walk/north-west/frame_001.png using Guid(30043e147cb157e48b727d6a625138d1) (TextureImporter) -> (artifact id: '431235f215ced1ef0fec5facfee00c75') in 0.0038278 seconds
Refreshing native plugins compatible for Editor in 1.83 ms, found 4 plugins.
Preloading 0 native plugins for Editor in 0.00 ms.
Asset Pipeline Refresh (id=0987a4ebee1471f46bc973617c1a02b9): Total: 0.017 seconds - Initiated by StopAssetImportingV2(NoUpdateAssetOptions)
Start importing Assets/NoSafeCircle/DoorPrototype/Art/Wizard/Source/PixelLab/masculine-light/selected/walk/north-west/frame_002.png using Guid(da876a2dd1ddfaf4784e8508e2b85b2d) (TextureImporter) -> (artifact id: '1c10dc99f139358d3136e9ab51e3d668') in 0.0036713 seconds
Refreshing native plugins compatible for Editor in 1.80 ms, found 4 plugins.
Preloading 0 native plugins for Editor in 0.00 ms.
Asset Pipeline Refresh (id=b4a520e6c42bdd346b9569b0fe65e52d): Total: 0.015 seconds - Initiated by StopAssetImportingV2(NoUpdateAssetOptions)
Start importing Assets/NoSafeCircle/DoorPrototype/Art/Wizard/Source/PixelLab/masculine-light/selected/walk/north-west/frame_002.png using Guid(da876a2dd1ddfaf4784e8508e2b85b2d) (TextureImporter) -> (artifact id: '1c10dc99f139358d3136e9ab51e3d668') in 0.0035525 seconds
Refreshing native plugins compatible for Editor in 1.88 ms, found 4 plugins.
Preloading 0 native plugins for Editor in 0.00 ms.
Asset Pipeline Refresh (id=8faeeb8294f2ecf47adbdc5f538aa1b8): Total: 0.016 seconds - Initiated by StopAssetImportingV2(NoUpdateAssetOptions)
Start importing Assets/NoSafeCircle/DoorPrototype/Art/Wizard/Source/PixelLab/masculine-light/selected/walk/north-west/frame_003.png using Guid(cb165ba370e93d24faa19fb73c65d3a2) (TextureImporter) -> (artifact id: 'b6738c899ff31f6dba315c754b52fc74') in 0.0041839 seconds
Refreshing native plugins compatible for Editor in 1.98 ms, found 4 plugins.
Preloading 0 native plugins for Editor in 0.00 ms.
Asset Pipeline Refresh (id=c542d20a5bb74804886837af52688871): Total: 0.017 seconds - Initiated by StopAssetImportingV2(NoUpdateAssetOptions)
Start importing Assets/NoSafeCircle/DoorPrototype/Art/Wizard/Source/PixelLab/masculine-light/selected/walk/north-west/frame_003.png using Guid(cb165ba370e93d24faa19fb73c65d3a2) (TextureImporter) -> (artifact id: 'b6738c899ff31f6dba315c754b52fc74') in 0.0049068 seconds
Refreshing native plugins compatible for Editor in 2.37 ms, found 4 plugins.
Preloading 0 native plugins for Editor in 0.00 ms.
Asset Pipeline Refresh (id=1ba8d32d6797be4409f7f40dfa78f599): Total: 0.023 seconds - Initiated by StopAssetImportingV2(NoUpdateAssetOptions)
Start importing Assets/NoSafeCircle/DoorPrototype/Art/Wizard/Source/PixelLab/masculine-light/selected/walk/north-west/frame_004.png using Guid(955aecbdbcf09294f8ff3f95ba81899e) (TextureImporter) -> (artifact id: '8717afdbe3808a6016c35ab826037f96') in 0.0067284 seconds
Refreshing native plugins compatible for Editor in 3.68 ms, found 4 plugins.
Preloading 0 native plugins for Editor in 0.00 ms.
Asset Pipeline Refresh (id=f098aaccc1c1ef24a91a6eb03e36b971): Total: 0.025 seconds - Initiated by StopAssetImportingV2(NoUpdateAssetOptions)
Start importing Assets/NoSafeCircle/DoorPrototype/Art/Wizard/Source/PixelLab/masculine-light/selected/walk/north-west/frame_004.png using Guid(955aecbdbcf09294f8ff3f95ba81899e) (TextureImporter) -> (artifact id: '8717afdbe3808a6016c35ab826037f96') in 0.0058624 seconds
Refreshing native plugins compatible for Editor in 3.10 ms, found 4 plugins.
Preloading 0 native plugins for Editor in 0.00 ms.
Asset Pipeline Refresh (id=3bb5a27295862a14a916f03c848c5afd): Total: 0.029 seconds - Initiated by StopAssetImportingV2(NoUpdateAssetOptions)
Start importing Assets/NoSafeCircle/DoorPrototype/Art/Wizard/Source/PixelLab/masculine-light/selected/walk/north-west/frame_005.png using Guid(8ebb18bbc00d6374f9dfab5a847428c8) (TextureImporter) -> (artifact id: 'e3e32297ecf30d974b458c1be299c869') in 0.0043207 seconds
Refreshing native plugins compatible for Editor in 1.85 ms, found 4 plugins.
Preloading 0 native plugins for Editor in 0.00 ms.
Asset Pipeline Refresh (id=2f72b7a9d38e0f942ac114bba693e99d): Total: 0.024 seconds - Initiated by StopAssetImportingV2(NoUpdateAssetOptions)
Start importing Assets/NoSafeCircle/DoorPrototype/Art/Wizard/Source/PixelLab/masculine-light/selected/walk/north-west/frame_005.png using Guid(8ebb18bbc00d6374f9dfab5a847428c8) (TextureImporter) -> (artifact id: 'e3e32297ecf30d974b458c1be299c869') in 0.0048835 seconds
Refreshing native plugins compatible for Editor in 2.23 ms, found 4 plugins.
Preloading 0 native plugins for Editor in 0.00 ms.
Asset Pipeline Refresh (id=eb7280eb1dab58b4fa8367b6045c0be2): Total: 0.018 seconds - Initiated by StopAssetImportingV2(NoUpdateAssetOptions)
Start importing Assets/NoSafeCircle/DoorPrototype/Art/Wizard/Generated/Wizard_Masculine_White_walk_north-west.anim using Guid(9e420108d6d789c42829311a3496c981) (NativeFormatImporter) -> (artifact id: 'f34e4fd597a1bff633b2946854850c78') in 0.0023937 seconds
Refreshing native plugins compatible for Editor in 2.51 ms, found 4 plugins.
Preloading 0 native plugins for Editor in 0.00 ms.
Asset Pipeline Refresh (id=c2cc4a30bc6d05645bc543e060e02136): Total: 0.019 seconds - Initiated by StopAssetImportingV2(NoUpdateAssetOptions)
Start importing Assets/NoSafeCircle/DoorPrototype/Art/Wizard/Source/PixelLab/masculine-light/selected/standing/south-east.png using Guid(ba32e804c3c549e43aa53b4a61cad7be) (TextureImporter) -> (artifact id: '61f1a89fb363a71cc1b5589a9eed5f87') in 0.0043213 seconds
Refreshing native plugins compatible for Editor in 1.99 ms, found 4 plugins.
Preloading 0 native plugins for Editor in 0.00 ms.
Asset Pipeline Refresh (id=fe376477b1c601447a50e6446f0c6fe6): Total: 0.019 seconds - Initiated by StopAssetImportingV2(NoUpdateAssetOptions)
Start importing Assets/NoSafeCircle/DoorPrototype/Art/Wizard/Source/PixelLab/masculine-light/selected/standing/south-east.png using Guid(ba32e804c3c549e43aa53b4a61cad7be) (TextureImporter) -> (artifact id: '61f1a89fb363a71cc1b5589a9eed5f87') in 0.0034634 seconds
Refreshing native plugins compatible for Editor in 1.99 ms, found 4 plugins.
Preloading 0 native plugins for Editor in 0.00 ms.
Asset Pipeline Refresh (id=bf83e73ee2d6c6a408b7fdc87302ea3e): Total: 0.017 seconds - Initiated by StopAssetImportingV2(NoUpdateAssetOptions)
Start importing Assets/NoSafeCircle/DoorPrototype/Art/Wizard/Generated/Wizard_Masculine_White_idle_south-east.anim using Guid(7f5e5cd45c65ffc4faa8d0f76ea96f2b) (NativeFormatImporter) -> (artifact id: '59106973e8be89c405788fd3e3b2db8e') in 0.0023449 seconds
Refreshing native plugins compatible for Editor in 2.59 ms, found 4 plugins.
Preloading 0 native plugins for Editor in 0.00 ms.
Asset Pipeline Refresh (id=3c0ed62b62d76d44abc5918099b7fad2): Total: 0.018 seconds - Initiated by StopAssetImportingV2(NoUpdateAssetOptions)
Start importing Assets/NoSafeCircle/DoorPrototype/Art/Wizard/Source/PixelLab/masculine-light/selected/walk/south-east/frame_000.png using Guid(1e573675621ad8743903439c37931a93) (TextureImporter) -> (artifact id: 'f0231ebab98ad019aee0dd96de13afef') in 0.003594 seconds
Refreshing native plugins compatible for Editor in 1.88 ms, found 4 plugins.
Preloading 0 native plugins for Editor in 0.00 ms.
Asset Pipeline Refresh (id=a6ac6a43fbc06d94f843df78e72f5e76): Total: 0.017 seconds - Initiated by StopAssetImportingV2(NoUpdateAssetOptions)
Start importing Assets/NoSafeCircle/DoorPrototype/Art/Wizard/Source/PixelLab/masculine-light/selected/walk/south-east/frame_000.png using Guid(1e573675621ad8743903439c37931a93) (TextureImporter) -> (artifact id: 'f0231ebab98ad019aee0dd96de13afef') in 0.0032864 seconds
Refreshing native plugins compatible for Editor in 2.04 ms, found 4 plugins.
Preloading 0 native plugins for Editor in 0.00 ms.
Asset Pipeline Refresh (id=e01faa9b3b82fd24da741229705da340): Total: 0.016 seconds - Initiated by StopAssetImportingV2(NoUpdateAssetOptions)
Start importing Assets/NoSafeCircle/DoorPrototype/Art/Wizard/Source/PixelLab/masculine-light/selected/walk/south-east/frame_001.png using Guid(0ec515a094b891441b0973e954904585) (TextureImporter) -> (artifact id: '4ae28cc8c6aca467061b02c95835793b') in 0.0052442 seconds
Refreshing native plugins compatible for Editor in 2.00 ms, found 4 plugins.
Preloading 0 native plugins for Editor in 0.00 ms.
Asset Pipeline Refresh (id=6830fcaa8a354d24eb7c6694b8004b44): Total: 0.025 seconds - Initiated by StopAssetImportingV2(NoUpdateAssetOptions)
Start importing Assets/NoSafeCircle/DoorPrototype/Art/Wizard/Source/PixelLab/masculine-light/selected/walk/south-east/frame_001.png using Guid(0ec515a094b891441b0973e954904585) (TextureImporter) -> (artifact id: '4ae28cc8c6aca467061b02c95835793b') in 0.0154414 seconds
Refreshing native plugins compatible for Editor in 1.84 ms, found 4 plugins.
Preloading 0 native plugins for Editor in 0.00 ms.
Asset Pipeline Refresh (id=221f66f5e06eeab42bb7ef6b66bbfe56): Total: 0.031 seconds - Initiated by StopAssetImportingV2(NoUpdateAssetOptions)
Start importing Assets/NoSafeCircle/DoorPrototype/Art/Wizard/Source/PixelLab/masculine-light/selected/walk/south-east/frame_002.png using Guid(24d9cf5c851b6ff40b80b312942c9ed4) (TextureImporter) -> (artifact id: '45aff7f12ff1849c401c22d472483086') in 0.0063078 seconds
Refreshing native plugins compatible for Editor in 2.18 ms, found 4 plugins.
Preloading 0 native plugins for Editor in 0.00 ms.
Asset Pipeline Refresh (id=79854ac639716d6458b3919a8f0acb77): Total: 0.021 seconds - Initiated by StopAssetImportingV2(NoUpdateAssetOptions)
Start importing Assets/NoSafeCircle/DoorPrototype/Art/Wizard/Source/PixelLab/masculine-light/selected/walk/south-east/frame_002.png using Guid(24d9cf5c851b6ff40b80b312942c9ed4) (TextureImporter) -> (artifact id: '45aff7f12ff1849c401c22d472483086') in 0.0043854 seconds
Refreshing native plugins compatible for Editor in 7.80 ms, found 4 plugins.
Preloading 0 native plugins for Editor in 0.00 ms.
Asset Pipeline Refresh (id=84b2f4a072406b642b2b743d3e0fa1cd): Total: 0.026 seconds - Initiated by StopAssetImportingV2(NoUpdateAssetOptions)
Start importing Assets/NoSafeCircle/DoorPrototype/Art/Wizard/Source/PixelLab/masculine-light/selected/walk/south-east/frame_003.png using Guid(61b4925b9e5b5904bb9c5590d1765130) (TextureImporter) -> (artifact id: 'b34b89038997f3e832e286f9d7a5c958') in 0.0037583 seconds
Refreshing native plugins compatible for Editor in 2.22 ms, found 4 plugins.
Preloading 0 native plugins for Editor in 0.00 ms.
Asset Pipeline Refresh (id=21a5b5e34a5be8f4592b33ebfbef9d3f): Total: 0.019 seconds - Initiated by StopAssetImportingV2(NoUpdateAssetOptions)
Start importing Assets/NoSafeCircle/DoorPrototype/Art/Wizard/Source/PixelLab/masculine-light/selected/walk/south-east/frame_003.png using Guid(61b4925b9e5b5904bb9c5590d1765130) (TextureImporter) -> (artifact id: 'b34b89038997f3e832e286f9d7a5c958') in 0.0036164 seconds
Refreshing native plugins compatible for Editor in 2.79 ms, found 4 plugins.
Preloading 0 native plugins for Editor in 0.00 ms.
Asset Pipeline Refresh (id=1e8fd539ad0dcde4ea3592383375e83a): Total: 0.017 seconds - Initiated by StopAssetImportingV2(NoUpdateAssetOptions)
Start importing Assets/NoSafeCircle/DoorPrototype/Art/Wizard/Source/PixelLab/masculine-light/selected/walk/south-east/frame_004.png using Guid(7df496d852adbe5499e42bfb29a57f7e) (TextureImporter) -> (artifact id: '1ad0cf598c91dd12a7af0fff9669af65') in 0.0039079 seconds
Refreshing native plugins compatible for Editor in 1.80 ms, found 4 plugins.
Preloading 0 native plugins for Editor in 0.00 ms.
Asset Pipeline Refresh (id=f34af4f7470a88d48982dfd8023cd3e8): Total: 0.016 seconds - Initiated by StopAssetImportingV2(NoUpdateAssetOptions)
Start importing Assets/NoSafeCircle/DoorPrototype/Art/Wizard/Source/PixelLab/masculine-light/selected/walk/south-east/frame_004.png using Guid(7df496d852adbe5499e42bfb29a57f7e) (TextureImporter) -> (artifact id: '1ad0cf598c91dd12a7af0fff9669af65') in 0.0037964 seconds
Refreshing native plugins compatible for Editor in 1.91 ms, found 4 plugins.
Preloading 0 native plugins for Editor in 0.00 ms.
Asset Pipeline Refresh (id=a0b22339cbd84d9469e3c1e3990d041b): Total: 0.017 seconds - Initiated by StopAssetImportingV2(NoUpdateAssetOptions)
Start importing Assets/NoSafeCircle/DoorPrototype/Art/Wizard/Source/PixelLab/masculine-light/selected/walk/south-east/frame_005.png using Guid(b9bef793cc514e44cac2d8b1591b9ab1) (TextureImporter) -> (artifact id: '9026b95bcba47c3fd875a408a9b72db8') in 0.0043133 seconds
Refreshing native plugins compatible for Editor in 1.93 ms, found 4 plugins.
Preloading 0 native plugins for Editor in 0.00 ms.
Asset Pipeline Refresh (id=6738021c4a756d040abaa7eae5db14dd): Total: 0.017 seconds - Initiated by StopAssetImportingV2(NoUpdateAssetOptions)
Start importing Assets/NoSafeCircle/DoorPrototype/Art/Wizard/Source/PixelLab/masculine-light/selected/walk/south-east/frame_005.png using Guid(b9bef793cc514e44cac2d8b1591b9ab1) (TextureImporter) -> (artifact id: '9026b95bcba47c3fd875a408a9b72db8') in 0.0040801 seconds
Refreshing native plugins compatible for Editor in 1.85 ms, found 4 plugins.
Preloading 0 native plugins for Editor in 0.00 ms.
Asset Pipeline Refresh (id=1a3ea6157ae18a74db7d8761a99c3650): Total: 0.017 seconds - Initiated by StopAssetImportingV2(NoUpdateAssetOptions)
Start importing Assets/NoSafeCircle/DoorPrototype/Art/Wizard/Generated/Wizard_Masculine_White_walk_south-east.anim using Guid(0b68bfc7a44c82e4b848f1456189e6aa) (NativeFormatImporter) -> (artifact id: '041faf5b642c04b998838c7232bfca03') in 0.0017819 seconds
Refreshing native plugins compatible for Editor in 1.94 ms, found 4 plugins.
Preloading 0 native plugins for Editor in 0.00 ms.
Asset Pipeline Refresh (id=554409ed79e5b924185b60056ff87e20): Total: 0.015 seconds - Initiated by StopAssetImportingV2(NoUpdateAssetOptions)
Start importing Assets/NoSafeCircle/DoorPrototype/Art/Wizard/Source/PixelLab/masculine-light/selected/standing/south-west.png using Guid(f1200e2de20b94f4e82a8b06bf3373e4) (TextureImporter) -> (artifact id: '48aae1fc609c3488cd543cc160a9cf3a') in 0.0036801 seconds
Refreshing native plugins compatible for Editor in 1.89 ms, found 4 plugins.
Preloading 0 native plugins for Editor in 0.00 ms.
Asset Pipeline Refresh (id=c9a243e43cd407e4c88726eb3f1c2733): Total: 0.018 seconds - Initiated by StopAssetImportingV2(NoUpdateAssetOptions)
Start importing Assets/NoSafeCircle/DoorPrototype/Art/Wizard/Source/PixelLab/masculine-light/selected/standing/south-west.png using Guid(f1200e2de20b94f4e82a8b06bf3373e4) (TextureImporter) -> (artifact id: '48aae1fc609c3488cd543cc160a9cf3a') in 0.0036591 seconds
Refreshing native plugins compatible for Editor in 1.91 ms, found 4 plugins.
Preloading 0 native plugins for Editor in 0.00 ms.
Asset Pipeline Refresh (id=f974c14734d621e47978691fc3e09b63): Total: 0.019 seconds - Initiated by StopAssetImportingV2(NoUpdateAssetOptions)
Start importing Assets/NoSafeCircle/DoorPrototype/Art/Wizard/Generated/Wizard_Masculine_White_idle_south-west.anim using Guid(b90d4c633bbf42942b6a77f242096ff0) (NativeFormatImporter) -> (artifact id: 'e852358f1cc5ccdb8683f4a1a50fd0f3') in 0.0015651 seconds
Refreshing native plugins compatible for Editor in 1.88 ms, found 4 plugins.
Preloading 0 native plugins for Editor in 0.00 ms.
Asset Pipeline Refresh (id=5880b2b30944ae54083ba22ed4d5df00): Total: 0.014 seconds - Initiated by StopAssetImportingV2(NoUpdateAssetOptions)
Start importing Assets/NoSafeCircle/DoorPrototype/Art/Wizard/Source/PixelLab/masculine-light/selected/walk/south-west/frame_000.png using Guid(da3d4fdcfebd8584ea6768eae4fa7e40) (TextureImporter) -> (artifact id: 'ad64e2139aaecc75767725c1b2f26805') in 0.0037427 seconds
Refreshing native plugins compatible for Editor in 3.02 ms, found 4 plugins.
Preloading 0 native plugins for Editor in 0.00 ms.
Asset Pipeline Refresh (id=4bc32e4e39a67634e97eb387e0848a48): Total: 0.018 seconds - Initiated by StopAssetImportingV2(NoUpdateAssetOptions)
Start importing Assets/NoSafeCircle/DoorPrototype/Art/Wizard/Source/PixelLab/masculine-light/selected/walk/south-west/frame_000.png using Guid(da3d4fdcfebd8584ea6768eae4fa7e40) (TextureImporter) -> (artifact id: 'ad64e2139aaecc75767725c1b2f26805') in 0.003858 seconds
Refreshing native plugins compatible for Editor in 1.85 ms, found 4 plugins.
Preloading 0 native plugins for Editor in 0.00 ms.
Asset Pipeline Refresh (id=1e642a339de76264e8ac48c69a337cce): Total: 0.018 seconds - Initiated by StopAssetImportingV2(NoUpdateAssetOptions)
Start importing Assets/NoSafeCircle/DoorPrototype/Art/Wizard/Source/PixelLab/masculine-light/selected/walk/south-west/frame_001.png using Guid(f99519450cc37d1488712b0da934c9b3) (TextureImporter) -> (artifact id: '069b44b533e574e967b53d650826ad9d') in 0.0048234 seconds
Refreshing native plugins compatible for Editor in 1.81 ms, found 4 plugins.
Preloading 0 native plugins for Editor in 0.00 ms.
Asset Pipeline Refresh (id=abe174516bc057346b51b06b63ff16e6): Total: 0.017 seconds - Initiated by StopAssetImportingV2(NoUpdateAssetOptions)
Start importing Assets/NoSafeCircle/DoorPrototype/Art/Wizard/Source/PixelLab/masculine-light/selected/walk/south-west/frame_001.png using Guid(f99519450cc37d1488712b0da934c9b3) (TextureImporter) -> (artifact id: '069b44b533e574e967b53d650826ad9d') in 0.0036647 seconds
Refreshing native plugins compatible for Editor in 1.86 ms, found 4 plugins.
Preloading 0 native plugins for Editor in 0.00 ms.
Asset Pipeline Refresh (id=4c338eb9ffba5104fbc27689b88ad0af): Total: 0.017 seconds - Initiated by StopAssetImportingV2(NoUpdateAssetOptions)
Start importing Assets/NoSafeCircle/DoorPrototype/Art/Wizard/Source/PixelLab/masculine-light/selected/walk/south-west/frame_002.png using Guid(6f02ea9a9b30ff04abb3c12ab5178eff) (TextureImporter) -> (artifact id: 'd2c8e75f83cc55c386e4b7afdd2914ac') in 0.0037953 seconds
Refreshing native plugins compatible for Editor in 1.77 ms, found 4 plugins.
Preloading 0 native plugins for Editor in 0.00 ms.
Asset Pipeline Refresh (id=a87482c522e1f2240a5e755ccadb857a): Total: 0.016 seconds - Initiated by StopAssetImportingV2(NoUpdateAssetOptions)
Start importing Assets/NoSafeCircle/DoorPrototype/Art/Wizard/Source/PixelLab/masculine-light/selected/walk/south-west/frame_002.png using Guid(6f02ea9a9b30ff04abb3c12ab5178eff) (TextureImporter) -> (artifact id: 'd2c8e75f83cc55c386e4b7afdd2914ac') in 0.0036865 seconds
Refreshing native plugins compatible for Editor in 1.87 ms, found 4 plugins.
Preloading 0 native plugins for Editor in 0.00 ms.
Asset Pipeline Refresh (id=860c4a9185fc5cc4da80e94a57b7609c): Total: 0.017 seconds - Initiated by StopAssetImportingV2(NoUpdateAssetOptions)
Start importing Assets/NoSafeCircle/DoorPrototype/Art/Wizard/Source/PixelLab/masculine-light/selected/walk/south-west/frame_003.png using Guid(43a7f5ed54226fe43b29a94dc9a90148) (TextureImporter) -> (artifact id: 'b7bce2331cb33efa7cd66395a0794c7d') in 0.0038825 seconds
Refreshing native plugins compatible for Editor in 2.03 ms, found 4 plugins.
Preloading 0 native plugins for Editor in 0.00 ms.
Asset Pipeline Refresh (id=1cd4b03aa2ce8a94d8d73160cbf653a9): Total: 0.017 seconds - Initiated by StopAssetImportingV2(NoUpdateAssetOptions)
Start importing Assets/NoSafeCircle/DoorPrototype/Art/Wizard/Source/PixelLab/masculine-light/selected/walk/south-west/frame_003.png using Guid(43a7f5ed54226fe43b29a94dc9a90148) (TextureImporter) -> (artifact id: 'b7bce2331cb33efa7cd66395a0794c7d') in 0.0036715 seconds
Refreshing native plugins compatible for Editor in 1.92 ms, found 4 plugins.
Preloading 0 native plugins for Editor in 0.00 ms.
Asset Pipeline Refresh (id=0db9e32797f748b47a55a041c938df48): Total: 0.017 seconds - Initiated by StopAssetImportingV2(NoUpdateAssetOptions)
Start importing Assets/NoSafeCircle/DoorPrototype/Art/Wizard/Source/PixelLab/masculine-light/selected/walk/south-west/frame_004.png using Guid(51532264872e0e84293f263e959c1e57) (TextureImporter) -> (artifact id: 'a8bea385ce4b478988a2d2f8e86b76a8') in 0.0037475 seconds
Refreshing native plugins compatible for Editor in 1.99 ms, found 4 plugins.
Preloading 0 native plugins for Editor in 0.00 ms.
Asset Pipeline Refresh (id=688bac2cacb012640b067d71c3f60361): Total: 0.016 seconds - Initiated by StopAssetImportingV2(NoUpdateAssetOptions)
Start importing Assets/NoSafeCircle/DoorPrototype/Art/Wizard/Source/PixelLab/masculine-light/selected/walk/south-west/frame_004.png using Guid(51532264872e0e84293f263e959c1e57) (TextureImporter) -> (artifact id: 'a8bea385ce4b478988a2d2f8e86b76a8') in 0.003682 seconds
Refreshing native plugins compatible for Editor in 1.83 ms, found 4 plugins.
Preloading 0 native plugins for Editor in 0.00 ms.
Asset Pipeline Refresh (id=4ddcb664c70487f458676640b5032da3): Total: 0.017 seconds - Initiated by StopAssetImportingV2(NoUpdateAssetOptions)
Start importing Assets/NoSafeCircle/DoorPrototype/Art/Wizard/Source/PixelLab/masculine-light/selected/walk/south-west/frame_005.png using Guid(e442009237360244fb731295b9de2ce1) (TextureImporter) -> (artifact id: 'c9be88d5766132c9e6d4b960c07cb428') in 0.0037986 seconds
Refreshing native plugins compatible for Editor in 1.83 ms, found 4 plugins.
Preloading 0 native plugins for Editor in 0.00 ms.
Asset Pipeline Refresh (id=76b5c30ffaef7cd4ba2207203afe82d9): Total: 0.016 seconds - Initiated by StopAssetImportingV2(NoUpdateAssetOptions)
Start importing Assets/NoSafeCircle/DoorPrototype/Art/Wizard/Source/PixelLab/masculine-light/selected/walk/south-west/frame_005.png using Guid(e442009237360244fb731295b9de2ce1) (TextureImporter) -> (artifact id: 'c9be88d5766132c9e6d4b960c07cb428') in 0.004012 seconds
Refreshing native plugins compatible for Editor in 1.87 ms, found 4 plugins.
Preloading 0 native plugins for Editor in 0.00 ms.
Asset Pipeline Refresh (id=ab3cba17d204c4949a87260402e24b17): Total: 0.017 seconds - Initiated by StopAssetImportingV2(NoUpdateAssetOptions)
Start importing Assets/NoSafeCircle/DoorPrototype/Art/Wizard/Generated/Wizard_Masculine_White_walk_south-west.anim using Guid(30506471e884bf54fa863b663748012e) (NativeFormatImporter) -> (artifact id: '73f2f654271ffa2e7abdb200a7f3e118') in 0.0019074 seconds
Refreshing native plugins compatible for Editor in 1.83 ms, found 4 plugins.
Preloading 0 native plugins for Editor in 0.00 ms.
Asset Pipeline Refresh (id=f0ff24e0e03fe404880927a19284fd4a): Total: 0.014 seconds - Initiated by StopAssetImportingV2(NoUpdateAssetOptions)
Start importing Assets/NoSafeCircle/DoorPrototype/Art/Wizard/Source/PixelLab/masculine-dark/selected/standing/north.png using Guid(72f11a7679e395346ab124f06174e442) (TextureImporter) -> (artifact id: 'db2479cc04a40c5b2494416f9180d75b') in 0.0045961 seconds
Refreshing native plugins compatible for Editor in 2.02 ms, found 4 plugins.
Preloading 0 native plugins for Editor in 0.00 ms.
Asset Pipeline Refresh (id=34c00ae3e721c274ea8b1e09dfe487c9): Total: 0.017 seconds - Initiated by StopAssetImportingV2(NoUpdateAssetOptions)
Start importing Assets/NoSafeCircle/DoorPrototype/Art/Wizard/Source/PixelLab/masculine-dark/selected/standing/north.png using Guid(72f11a7679e395346ab124f06174e442) (TextureImporter) -> (artifact id: 'db2479cc04a40c5b2494416f9180d75b') in 0.004417 seconds
Refreshing native plugins compatible for Editor in 2.79 ms, found 4 plugins.
Preloading 0 native plugins for Editor in 0.00 ms.
Asset Pipeline Refresh (id=f6c8845a77370ef49b577a2bd90bb96d): Total: 0.020 seconds - Initiated by StopAssetImportingV2(NoUpdateAssetOptions)
Start importing Assets/NoSafeCircle/DoorPrototype/Art/Wizard/Source/PixelLab/masculine-dark/selected/standing/north-east.png using Guid(6735524043016474aa7448c28d5f2ed0) (TextureImporter) -> (artifact id: '82d2fab1c557ca75f2b8ab006b74d631') in 0.0038359 seconds
Refreshing native plugins compatible for Editor in 2.04 ms, found 4 plugins.
Preloading 0 native plugins for Editor in 0.00 ms.
Asset Pipeline Refresh (id=fa1668a463e8cba43b38efb419b91965): Total: 0.019 seconds - Initiated by StopAssetImportingV2(NoUpdateAssetOptions)
Start importing Assets/NoSafeCircle/DoorPrototype/Art/Wizard/Source/PixelLab/masculine-dark/selected/standing/north-east.png using Guid(6735524043016474aa7448c28d5f2ed0) (TextureImporter) -> (artifact id: '82d2fab1c557ca75f2b8ab006b74d631') in 0.0037771 seconds
Refreshing native plugins compatible for Editor in 1.93 ms, found 4 plugins.
Preloading 0 native plugins for Editor in 0.00 ms.
Asset Pipeline Refresh (id=42f066ef601118741b9713a03466f616): Total: 0.017 seconds - Initiated by StopAssetImportingV2(NoUpdateAssetOptions)
Start importing Assets/NoSafeCircle/DoorPrototype/Art/Wizard/Source/PixelLab/masculine-dark/selected/standing/east.png using Guid(23c96c0551a1d5d41aba5a67067caf55) (TextureImporter) -> (artifact id: '76f20a2273eec00620eb2ca5338de1ae') in 0.0040476 seconds
Refreshing native plugins compatible for Editor in 1.97 ms, found 4 plugins.
Preloading 0 native plugins for Editor in 0.00 ms.
Asset Pipeline Refresh (id=fe75c1974f4d8944fad8892779ac6649): Total: 0.017 seconds - Initiated by StopAssetImportingV2(NoUpdateAssetOptions)
Start importing Assets/NoSafeCircle/DoorPrototype/Art/Wizard/Source/PixelLab/masculine-dark/selected/standing/east.png using Guid(23c96c0551a1d5d41aba5a67067caf55) (TextureImporter) -> (artifact id: '76f20a2273eec00620eb2ca5338de1ae') in 0.0040529 seconds
Refreshing native plugins compatible for Editor in 2.25 ms, found 4 plugins.
Preloading 0 native plugins for Editor in 0.00 ms.
Asset Pipeline Refresh (id=f3f1f099d4720b6449736dcb67938331): Total: 0.018 seconds - Initiated by StopAssetImportingV2(NoUpdateAssetOptions)
Start importing Assets/NoSafeCircle/DoorPrototype/Art/Wizard/Source/PixelLab/masculine-dark/selected/standing/south-east.png using Guid(64d787ff2e602f6429731e96dfa9db4d) (TextureImporter) -> (artifact id: '78696fd0ebce71db7e2914cd80ea486f') in 0.0039666 seconds
Refreshing native plugins compatible for Editor in 1.96 ms, found 4 plugins.
Preloading 0 native plugins for Editor in 0.00 ms.
Asset Pipeline Refresh (id=b07bdc6fb0b2071458fae9031a0ffd78): Total: 0.017 seconds - Initiated by StopAssetImportingV2(NoUpdateAssetOptions)
Start importing Assets/NoSafeCircle/DoorPrototype/Art/Wizard/Source/PixelLab/masculine-dark/selected/standing/south-east.png using Guid(64d787ff2e602f6429731e96dfa9db4d) (TextureImporter) -> (artifact id: '78696fd0ebce71db7e2914cd80ea486f') in 0.0035044 seconds
Refreshing native plugins compatible for Editor in 1.75 ms, found 4 plugins.
Preloading 0 native plugins for Editor in 0.00 ms.
Asset Pipeline Refresh (id=ee51a3806d034fd4da853cd004a0a298): Total: 0.016 seconds - Initiated by StopAssetImportingV2(NoUpdateAssetOptions)
Start importing Assets/NoSafeCircle/DoorPrototype/Art/Wizard/Source/PixelLab/masculine-dark/selected/standing/south.png using Guid(e4176867d0e8e284d9cc11f06e1338df) (TextureImporter) -> (artifact id: 'ac026c6ef192317fc6d6b5f84036639d') in 0.0039885 seconds
Refreshing native plugins compatible for Editor in 1.87 ms, found 4 plugins.
Preloading 0 native plugins for Editor in 0.00 ms.
Asset Pipeline Refresh (id=80d427e6cd726e14bb7c268db5acf087): Total: 0.017 seconds - Initiated by StopAssetImportingV2(NoUpdateAssetOptions)
Start importing Assets/NoSafeCircle/DoorPrototype/Art/Wizard/Source/PixelLab/masculine-dark/selected/standing/south.png using Guid(e4176867d0e8e284d9cc11f06e1338df) (TextureImporter) -> (artifact id: 'ac026c6ef192317fc6d6b5f84036639d') in 0.0036986 seconds
Refreshing native plugins compatible for Editor in 2.12 ms, found 4 plugins.
Preloading 0 native plugins for Editor in 0.00 ms.
Asset Pipeline Refresh (id=f87593b82510d604f95b5d376aec5a3f): Total: 0.017 seconds - Initiated by StopAssetImportingV2(NoUpdateAssetOptions)
Start importing Assets/NoSafeCircle/DoorPrototype/Art/Wizard/Source/PixelLab/masculine-dark/selected/standing/south-west.png using Guid(9beca6eb733e13b47adf2a5ef994fc16) (TextureImporter) -> (artifact id: '6c727a15048eb52a2bf9215a596b6770') in 0.0038661 seconds
Refreshing native plugins compatible for Editor in 2.07 ms, found 4 plugins.
Preloading 0 native plugins for Editor in 0.00 ms.
Asset Pipeline Refresh (id=d9a4a6b7a9494e54db5bf3a427b98a87): Total: 0.017 seconds - Initiated by StopAssetImportingV2(NoUpdateAssetOptions)
Start importing Assets/NoSafeCircle/DoorPrototype/Art/Wizard/Source/PixelLab/masculine-dark/selected/standing/south-west.png using Guid(9beca6eb733e13b47adf2a5ef994fc16) (TextureImporter) -> (artifact id: '6c727a15048eb52a2bf9215a596b6770') in 0.0036494 seconds
Refreshing native plugins compatible for Editor in 1.97 ms, found 4 plugins.
Preloading 0 native plugins for Editor in 0.00 ms.
Asset Pipeline Refresh (id=da395a843958acc45b840ad1ad6d947a): Total: 0.017 seconds - Initiated by StopAssetImportingV2(NoUpdateAssetOptions)
Start importing Assets/NoSafeCircle/DoorPrototype/Art/Wizard/Source/PixelLab/masculine-dark/selected/standing/west.png using Guid(73a6621521f4b884db960ca03998e8fe) (TextureImporter) -> (artifact id: '3d278bd5f1897f52e2298c4f9c6cf0c4') in 0.003683 seconds
Refreshing native plugins compatible for Editor in 1.98 ms, found 4 plugins.
Preloading 0 native plugins for Editor in 0.00 ms.
Asset Pipeline Refresh (id=fa479a5bfaf012747bcf1e71073f2338): Total: 0.017 seconds - Initiated by StopAssetImportingV2(NoUpdateAssetOptions)
Start importing Assets/NoSafeCircle/DoorPrototype/Art/Wizard/Source/PixelLab/masculine-dark/selected/standing/west.png using Guid(73a6621521f4b884db960ca03998e8fe) (TextureImporter) -> (artifact id: '3d278bd5f1897f52e2298c4f9c6cf0c4') in 0.0038929 seconds
Refreshing native plugins compatible for Editor in 1.90 ms, found 4 plugins.
Preloading 0 native plugins for Editor in 0.00 ms.
Asset Pipeline Refresh (id=4d70fd7dbc60c0c4385da275bf8b18b3): Total: 0.017 seconds - Initiated by StopAssetImportingV2(NoUpdateAssetOptions)
Start importing Assets/NoSafeCircle/DoorPrototype/Art/Wizard/Source/PixelLab/masculine-dark/selected/standing/north-west.png using Guid(e75263b3690bab04b8176ae917d18d88) (TextureImporter) -> (artifact id: '9544e2451474f353e46db395a976e121') in 0.0047825 seconds
Refreshing native plugins compatible for Editor in 2.21 ms, found 4 plugins.
Preloading 0 native plugins for Editor in 0.00 ms.
Asset Pipeline Refresh (id=e44c8b2530161bb4e9c27389c5f8b019): Total: 0.018 seconds - Initiated by StopAssetImportingV2(NoUpdateAssetOptions)
Start importing Assets/NoSafeCircle/DoorPrototype/Art/Wizard/Source/PixelLab/masculine-dark/selected/standing/north-west.png using Guid(e75263b3690bab04b8176ae917d18d88) (TextureImporter) -> (artifact id: '9544e2451474f353e46db395a976e121') in 0.0039747 seconds
Refreshing native plugins compatible for Editor in 1.81 ms, found 4 plugins.
Preloading 0 native plugins for Editor in 0.00 ms.
Asset Pipeline Refresh (id=b8e674502b3da9e4896bc8ae6a069237): Total: 0.018 seconds - Initiated by StopAssetImportingV2(NoUpdateAssetOptions)
Start importing Assets/NoSafeCircle/DoorPrototype/Art/Wizard/Source/PixelLab/masculine-dark/selected/standing/north-east.png using Guid(6735524043016474aa7448c28d5f2ed0) (TextureImporter) -> (artifact id: '82d2fab1c557ca75f2b8ab006b74d631') in 0.003906 seconds
Refreshing native plugins compatible for Editor in 1.93 ms, found 4 plugins.
Preloading 0 native plugins for Editor in 0.00 ms.
Asset Pipeline Refresh (id=f0883da3a5c77db43b235256c5247c48): Total: 0.017 seconds - Initiated by StopAssetImportingV2(NoUpdateAssetOptions)
Start importing Assets/NoSafeCircle/DoorPrototype/Art/Wizard/Source/PixelLab/masculine-dark/selected/standing/north-east.png using Guid(6735524043016474aa7448c28d5f2ed0) (TextureImporter) -> (artifact id: '82d2fab1c557ca75f2b8ab006b74d631') in 0.0038587 seconds
Refreshing native plugins compatible for Editor in 2.09 ms, found 4 plugins.
Preloading 0 native plugins for Editor in 0.00 ms.
Asset Pipeline Refresh (id=3154fef6be4513840b30665ec4d513ea): Total: 0.018 seconds - Initiated by StopAssetImportingV2(NoUpdateAssetOptions)
Start importing Assets/NoSafeCircle/DoorPrototype/Art/Wizard/Generated/Wizard_Masculine_Black_idle_north-east.anim using Guid(ee4ee09f1862ff143b0c7acc9bc465fb) (NativeFormatImporter) -> (artifact id: 'c0cc517b4168dcf52ef4f7b1a8de6582') in 0.0017465 seconds
Refreshing native plugins compatible for Editor in 1.96 ms, found 4 plugins.
Preloading 0 native plugins for Editor in 0.00 ms.
Asset Pipeline Refresh (id=5823ea53de810d44daf0a7bf72d710bd): Total: 0.014 seconds - Initiated by StopAssetImportingV2(NoUpdateAssetOptions)
Start importing Assets/NoSafeCircle/DoorPrototype/Art/Wizard/Source/PixelLab/masculine-dark/selected/walk/north-east/frame_000.png using Guid(d18508177a5df8945802a980a3a39443) (TextureImporter) -> (artifact id: '0830846eb7cb4748af05eec9b2469882') in 0.0038744 seconds
Refreshing native plugins compatible for Editor in 1.97 ms, found 4 plugins.
Preloading 0 native plugins for Editor in 0.00 ms.
Asset Pipeline Refresh (id=0c66c07dc364f0948ae8e9332814a7db): Total: 0.018 seconds - Initiated by StopAssetImportingV2(NoUpdateAssetOptions)
Start importing Assets/NoSafeCircle/DoorPrototype/Art/Wizard/Source/PixelLab/masculine-dark/selected/walk/north-east/frame_000.png using Guid(d18508177a5df8945802a980a3a39443) (TextureImporter) -> (artifact id: '0830846eb7cb4748af05eec9b2469882') in 0.0034973 seconds
Refreshing native plugins compatible for Editor in 1.89 ms, found 4 plugins.
Preloading 0 native plugins for Editor in 0.00 ms.
Asset Pipeline Refresh (id=3adca4039c3c0114ab00be6d9c33ac35): Total: 0.017 seconds - Initiated by StopAssetImportingV2(NoUpdateAssetOptions)
Start importing Assets/NoSafeCircle/DoorPrototype/Art/Wizard/Source/PixelLab/masculine-dark/selected/walk/north-east/frame_001.png using Guid(0826798e86f0dda4b942b7af1afdf792) (TextureImporter) -> (artifact id: '1e5bea97b783b914c9d0e6e1db2931c2') in 0.0041297 seconds
Refreshing native plugins compatible for Editor in 1.84 ms, found 4 plugins.
Preloading 0 native plugins for Editor in 0.00 ms.
Asset Pipeline Refresh (id=97b21f6351aa6394fb61a6179396ac4b): Total: 0.017 seconds - Initiated by StopAssetImportingV2(NoUpdateAssetOptions)
Start importing Assets/NoSafeCircle/DoorPrototype/Art/Wizard/Source/PixelLab/masculine-dark/selected/walk/north-east/frame_001.png using Guid(0826798e86f0dda4b942b7af1afdf792) (TextureImporter) -> (artifact id: '1e5bea97b783b914c9d0e6e1db2931c2') in 0.0034964 seconds
Refreshing native plugins compatible for Editor in 1.89 ms, found 4 plugins.
Preloading 0 native plugins for Editor in 0.00 ms.
Asset Pipeline Refresh (id=21f4a8f317202fb4bb52835d1874c00b): Total: 0.016 seconds - Initiated by StopAssetImportingV2(NoUpdateAssetOptions)
Start importing Assets/NoSafeCircle/DoorPrototype/Art/Wizard/Source/PixelLab/masculine-dark/selected/walk/north-east/frame_002.png using Guid(c7b9af4f539ff884cb9b7506b2656bf3) (TextureImporter) -> (artifact id: '2d47d212d29ec71f318859aaab556349') in 0.0038861 seconds
Refreshing native plugins compatible for Editor in 2.11 ms, found 4 plugins.
Preloading 0 native plugins for Editor in 0.00 ms.
Asset Pipeline Refresh (id=4583efed8b812f74eb4f3e5fed0b3b4d): Total: 0.017 seconds - Initiated by StopAssetImportingV2(NoUpdateAssetOptions)
Start importing Assets/NoSafeCircle/DoorPrototype/Art/Wizard/Source/PixelLab/masculine-dark/selected/walk/north-east/frame_002.png using Guid(c7b9af4f539ff884cb9b7506b2656bf3) (TextureImporter) -> (artifact id: '2d47d212d29ec71f318859aaab556349') in 0.0035745 seconds
Refreshing native plugins compatible for Editor in 2.23 ms, found 4 plugins.
Preloading 0 native plugins for Editor in 0.00 ms.
Asset Pipeline Refresh (id=5a8523a823d5881448175fb64fbb5b8d): Total: 0.017 seconds - Initiated by StopAssetImportingV2(NoUpdateAssetOptions)
Start importing Assets/NoSafeCircle/DoorPrototype/Art/Wizard/Source/PixelLab/masculine-dark/selected/walk/north-east/frame_003.png using Guid(39854119ecb0c1041bb4e73b9d3a0b02) (TextureImporter) -> (artifact id: '4bdb92fa81709f8f4c23e92716a44e39') in 0.0041296 seconds
Refreshing native plugins compatible for Editor in 2.05 ms, found 4 plugins.
Preloading 0 native plugins for Editor in 0.00 ms.
Asset Pipeline Refresh (id=8b6d58e5a284eef4fa9ec1c653a33b04): Total: 0.018 seconds - Initiated by StopAssetImportingV2(NoUpdateAssetOptions)
Start importing Assets/NoSafeCircle/DoorPrototype/Art/Wizard/Source/PixelLab/masculine-dark/selected/walk/north-east/frame_003.png using Guid(39854119ecb0c1041bb4e73b9d3a0b02) (TextureImporter) -> (artifact id: '4bdb92fa81709f8f4c23e92716a44e39') in 0.0039818 seconds
Refreshing native plugins compatible for Editor in 2.21 ms, found 4 plugins.
Preloading 0 native plugins for Editor in 0.00 ms.
Asset Pipeline Refresh (id=2ebe4277cc7b6fd4e9ef4657f8b6aaa6): Total: 0.018 seconds - Initiated by StopAssetImportingV2(NoUpdateAssetOptions)
Start importing Assets/NoSafeCircle/DoorPrototype/Art/Wizard/Source/PixelLab/masculine-dark/selected/walk/north-east/frame_004.png using Guid(41b4dfae49e90d74fb4b4db60ffd8869) (TextureImporter) -> (artifact id: 'd4a5740fb98fc647b9697704f3a46d3d') in 0.0039468 seconds
Refreshing native plugins compatible for Editor in 1.94 ms, found 4 plugins.
Preloading 0 native plugins for Editor in 0.00 ms.
Asset Pipeline Refresh (id=eb8a2d78932b0d5488fdfd6690b35cea): Total: 0.018 seconds - Initiated by StopAssetImportingV2(NoUpdateAssetOptions)
Start importing Assets/NoSafeCircle/DoorPrototype/Art/Wizard/Source/PixelLab/masculine-dark/selected/walk/north-east/frame_004.png using Guid(41b4dfae49e90d74fb4b4db60ffd8869) (TextureImporter) -> (artifact id: 'd4a5740fb98fc647b9697704f3a46d3d') in 0.0037831 seconds
Refreshing native plugins compatible for Editor in 1.95 ms, found 4 plugins.
Preloading 0 native plugins for Editor in 0.00 ms.
Asset Pipeline Refresh (id=3b615433515bd1e428b67f0941dc91c9): Total: 0.017 seconds - Initiated by StopAssetImportingV2(NoUpdateAssetOptions)
Start importing Assets/NoSafeCircle/DoorPrototype/Art/Wizard/Source/PixelLab/masculine-dark/selected/walk/north-east/frame_005.png using Guid(d6dfb9c438a72c0429ebba391e201ec5) (TextureImporter) -> (artifact id: 'ca44de05aff69bec9455e3c5bdfe61d2') in 0.0041078 seconds
Refreshing native plugins compatible for Editor in 2.03 ms, found 4 plugins.
Preloading 0 native plugins for Editor in 0.00 ms.
Asset Pipeline Refresh (id=b0c39220e6c612d478e5e28678e9f747): Total: 0.017 seconds - Initiated by StopAssetImportingV2(NoUpdateAssetOptions)
Start importing Assets/NoSafeCircle/DoorPrototype/Art/Wizard/Source/PixelLab/masculine-dark/selected/walk/north-east/frame_005.png using Guid(d6dfb9c438a72c0429ebba391e201ec5) (TextureImporter) -> (artifact id: 'ca44de05aff69bec9455e3c5bdfe61d2') in 0.00385 seconds
Refreshing native plugins compatible for Editor in 2.08 ms, found 4 plugins.
Preloading 0 native plugins for Editor in 0.00 ms.
Asset Pipeline Refresh (id=d273be11b0aecd94b8bb14b7396d947c): Total: 0.017 seconds - Initiated by StopAssetImportingV2(NoUpdateAssetOptions)
Start importing Assets/NoSafeCircle/DoorPrototype/Art/Wizard/Generated/Wizard_Masculine_Black_walk_north-east.anim using Guid(2a7e815becc7a98438a2be5a2def5b1f) (NativeFormatImporter) -> (artifact id: 'cd6ea1d0f98508c0ed703852c6fe8ba9') in 0.0018589 seconds
Refreshing native plugins compatible for Editor in 1.79 ms, found 4 plugins.
Preloading 0 native plugins for Editor in 0.00 ms.
Asset Pipeline Refresh (id=43c88fd05eabdca45ba94021fb4f43cf): Total: 0.015 seconds - Initiated by StopAssetImportingV2(NoUpdateAssetOptions)
Start importing Assets/NoSafeCircle/DoorPrototype/Art/Wizard/Source/PixelLab/masculine-dark/selected/standing/north-west.png using Guid(e75263b3690bab04b8176ae917d18d88) (TextureImporter) -> (artifact id: '9544e2451474f353e46db395a976e121') in 0.0040649 seconds
Refreshing native plugins compatible for Editor in 2.16 ms, found 4 plugins.
Preloading 0 native plugins for Editor in 0.00 ms.
Asset Pipeline Refresh (id=988dabaaf2f2eea46b7743c72868614d): Total: 0.018 seconds - Initiated by StopAssetImportingV2(NoUpdateAssetOptions)
Start importing Assets/NoSafeCircle/DoorPrototype/Art/Wizard/Source/PixelLab/masculine-dark/selected/standing/north-west.png using Guid(e75263b3690bab04b8176ae917d18d88) (TextureImporter) -> (artifact id: '9544e2451474f353e46db395a976e121') in 0.0036288 seconds
Refreshing native plugins compatible for Editor in 1.97 ms, found 4 plugins.
Preloading 0 native plugins for Editor in 0.00 ms.
Asset Pipeline Refresh (id=9eaeca7b0a2655b409a35ef95f13e3ca): Total: 0.018 seconds - Initiated by StopAssetImportingV2(NoUpdateAssetOptions)
Start importing Assets/NoSafeCircle/DoorPrototype/Art/Wizard/Generated/Wizard_Masculine_Black_idle_north-west.anim using Guid(d8d7214b5b33c7d45b473512f6a6b552) (NativeFormatImporter) -> (artifact id: 'c5174fedb345871cf9928c56649a7f4f') in 0.0019581 seconds
Refreshing native plugins compatible for Editor in 1.96 ms, found 4 plugins.
Preloading 0 native plugins for Editor in 0.00 ms.
Asset Pipeline Refresh (id=a658fe5bfdda7bc4183815967d131d4d): Total: 0.015 seconds - Initiated by StopAssetImportingV2(NoUpdateAssetOptions)
Start importing Assets/NoSafeCircle/DoorPrototype/Art/Wizard/Source/PixelLab/masculine-dark/selected/walk/north-west/frame_000.png using Guid(59be03f1f8ed05044b44945bfb672c37) (TextureImporter) -> (artifact id: 'c9ec3b3a1696f646da62ae3d60977376') in 0.0043723 seconds
Refreshing native plugins compatible for Editor in 2.33 ms, found 4 plugins.
Preloading 0 native plugins for Editor in 0.00 ms.
Asset Pipeline Refresh (id=b651f2e30d3fa7748b6d855f79425ccb): Total: 0.018 seconds - Initiated by StopAssetImportingV2(NoUpdateAssetOptions)
Start importing Assets/NoSafeCircle/DoorPrototype/Art/Wizard/Source/PixelLab/masculine-dark/selected/walk/north-west/frame_000.png using Guid(59be03f1f8ed05044b44945bfb672c37) (TextureImporter) -> (artifact id: 'c9ec3b3a1696f646da62ae3d60977376') in 0.0039945 seconds
Refreshing native plugins compatible for Editor in 2.21 ms, found 4 plugins.
Preloading 0 native plugins for Editor in 0.00 ms.
Asset Pipeline Refresh (id=40ec8bc88364fcf40abe83566baf5020): Total: 0.022 seconds - Initiated by StopAssetImportingV2(NoUpdateAssetOptions)
Start importing Assets/NoSafeCircle/DoorPrototype/Art/Wizard/Source/PixelLab/masculine-dark/selected/walk/north-west/frame_001.png using Guid(ac8d39179fc68a0498b9c8efc35d1ea6) (TextureImporter) -> (artifact id: '1eac88a25f280cde02d17ee2a20a100d') in 0.004149 seconds
Refreshing native plugins compatible for Editor in 2.14 ms, found 4 plugins.
Preloading 0 native plugins for Editor in 0.00 ms.
Asset Pipeline Refresh (id=d6f0aaaff414ac14a844f48c028af8e5): Total: 0.026 seconds - Initiated by StopAssetImportingV2(NoUpdateAssetOptions)
Start importing Assets/NoSafeCircle/DoorPrototype/Art/Wizard/Source/PixelLab/masculine-dark/selected/walk/north-west/frame_001.png using Guid(ac8d39179fc68a0498b9c8efc35d1ea6) (TextureImporter) -> (artifact id: '1eac88a25f280cde02d17ee2a20a100d') in 0.0041393 seconds
Refreshing native plugins compatible for Editor in 2.40 ms, found 4 plugins.
Preloading 0 native plugins for Editor in 0.00 ms.
Asset Pipeline Refresh (id=893c549decdd44045a2cabfca4cc95c9): Total: 0.020 seconds - Initiated by StopAssetImportingV2(NoUpdateAssetOptions)
Start importing Assets/NoSafeCircle/DoorPrototype/Art/Wizard/Source/PixelLab/masculine-dark/selected/walk/north-west/frame_002.png using Guid(47ac16eb16a35744190743cc30f44756) (TextureImporter) -> (artifact id: '7324813016f79ea128c554addd63c31f') in 0.0039823 seconds
Refreshing native plugins compatible for Editor in 1.93 ms, found 4 plugins.
Preloading 0 native plugins for Editor in 0.00 ms.
Asset Pipeline Refresh (id=7c8bbd8bf0b73154a9424e14909035b3): Total: 0.018 seconds - Initiated by StopAssetImportingV2(NoUpdateAssetOptions)
Start importing Assets/NoSafeCircle/DoorPrototype/Art/Wizard/Source/PixelLab/masculine-dark/selected/walk/north-west/frame_002.png using Guid(47ac16eb16a35744190743cc30f44756) (TextureImporter) -> (artifact id: '7324813016f79ea128c554addd63c31f') in 0.0038892 seconds
Refreshing native plugins compatible for Editor in 2.08 ms, found 4 plugins.
Preloading 0 native plugins for Editor in 0.00 ms.
Asset Pipeline Refresh (id=3f39414720aaa634b8bd2373d353ce23): Total: 0.018 seconds - Initiated by StopAssetImportingV2(NoUpdateAssetOptions)
Start importing Assets/NoSafeCircle/DoorPrototype/Art/Wizard/Source/PixelLab/masculine-dark/selected/walk/north-west/frame_003.png using Guid(bd77fb88b248f494c9d5619b0b04fd2e) (TextureImporter) -> (artifact id: '181b65c879cd477713610823d398da14') in 0.0042913 seconds
Refreshing native plugins compatible for Editor in 1.90 ms, found 4 plugins.
Preloading 0 native plugins for Editor in 0.00 ms.
Asset Pipeline Refresh (id=ef79c70835b791542a0f8b13ed1d96b2): Total: 0.018 seconds - Initiated by StopAssetImportingV2(NoUpdateAssetOptions)
Start importing Assets/NoSafeCircle/DoorPrototype/Art/Wizard/Source/PixelLab/masculine-dark/selected/walk/north-west/frame_003.png using Guid(bd77fb88b248f494c9d5619b0b04fd2e) (TextureImporter) -> (artifact id: '181b65c879cd477713610823d398da14') in 0.0043287 seconds
Refreshing native plugins compatible for Editor in 2.02 ms, found 4 plugins.
Preloading 0 native plugins for Editor in 0.00 ms.
Asset Pipeline Refresh (id=b144951de8ecdb34daadaab775132a2c): Total: 0.019 seconds - Initiated by StopAssetImportingV2(NoUpdateAssetOptions)
Start importing Assets/NoSafeCircle/DoorPrototype/Art/Wizard/Source/PixelLab/masculine-dark/selected/walk/north-west/frame_004.png using Guid(68823b30a08d2a84c80a7e2d2c377c51) (TextureImporter) -> (artifact id: 'eebbb2d37be38651548e6b05dd4343a6') in 0.0044434 seconds
Refreshing native plugins compatible for Editor in 2.46 ms, found 4 plugins.
Preloading 0 native plugins for Editor in 0.00 ms.
Asset Pipeline Refresh (id=f9c95df8d31b9474bbe15a17704be655): Total: 0.019 seconds - Initiated by StopAssetImportingV2(NoUpdateAssetOptions)
Start importing Assets/NoSafeCircle/DoorPrototype/Art/Wizard/Source/PixelLab/masculine-dark/selected/walk/north-west/frame_004.png using Guid(68823b30a08d2a84c80a7e2d2c377c51) (TextureImporter) -> (artifact id: 'eebbb2d37be38651548e6b05dd4343a6') in 0.0040899 seconds
Refreshing native plugins compatible for Editor in 2.16 ms, found 4 plugins.
Preloading 0 native plugins for Editor in 0.00 ms.
Asset Pipeline Refresh (id=5fea17b96d878dd4fb209e6b56306d0c): Total: 0.019 seconds - Initiated by StopAssetImportingV2(NoUpdateAssetOptions)
Start importing Assets/NoSafeCircle/DoorPrototype/Art/Wizard/Source/PixelLab/masculine-dark/selected/walk/north-west/frame_005.png using Guid(cbfaa1dec76a34840905881d83fcf717) (TextureImporter) -> (artifact id: '17eb1acd277f9d4b51a34e7c68c5ea21') in 0.004126 seconds
Refreshing native plugins compatible for Editor in 1.96 ms, found 4 plugins.
Preloading 0 native plugins for Editor in 0.00 ms.
Asset Pipeline Refresh (id=24ea1d058d1200f4d8d19b086ed132e8): Total: 0.018 seconds - Initiated by StopAssetImportingV2(NoUpdateAssetOptions)
Start importing Assets/NoSafeCircle/DoorPrototype/Art/Wizard/Source/PixelLab/masculine-dark/selected/walk/north-west/frame_005.png using Guid(cbfaa1dec76a34840905881d83fcf717) (TextureImporter) -> (artifact id: '17eb1acd277f9d4b51a34e7c68c5ea21') in 0.0041719 seconds
Refreshing native plugins compatible for Editor in 2.00 ms, found 4 plugins.
Preloading 0 native plugins for Editor in 0.00 ms.
Asset Pipeline Refresh (id=a393abe1d354ab146b53d892b7d60622): Total: 0.018 seconds - Initiated by StopAssetImportingV2(NoUpdateAssetOptions)
Start importing Assets/NoSafeCircle/DoorPrototype/Art/Wizard/Generated/Wizard_Masculine_Black_walk_north-west.anim using Guid(ffa34882f71fcbf4b8faf50c3d8281e4) (NativeFormatImporter) -> (artifact id: 'b5e48767b478eb5011ac9f89ddb4579b') in 0.0019158 seconds
Refreshing native plugins compatible for Editor in 2.04 ms, found 4 plugins.
Preloading 0 native plugins for Editor in 0.00 ms.
Asset Pipeline Refresh (id=40ec0ca4c42231240838d42b829bd9c9): Total: 0.017 seconds - Initiated by StopAssetImportingV2(NoUpdateAssetOptions)
Start importing Assets/NoSafeCircle/DoorPrototype/Art/Wizard/Source/PixelLab/masculine-dark/selected/standing/south-east.png using Guid(64d787ff2e602f6429731e96dfa9db4d) (TextureImporter) -> (artifact id: '78696fd0ebce71db7e2914cd80ea486f') in 0.0036654 seconds
Refreshing native plugins compatible for Editor in 2.52 ms, found 4 plugins.
Preloading 0 native plugins for Editor in 0.00 ms.
Asset Pipeline Refresh (id=794da1c3fdc84f148ad8fd3d16b34e10): Total: 0.018 seconds - Initiated by StopAssetImportingV2(NoUpdateAssetOptions)
Start importing Assets/NoSafeCircle/DoorPrototype/Art/Wizard/Source/PixelLab/masculine-dark/selected/standing/south-east.png using Guid(64d787ff2e602f6429731e96dfa9db4d) (TextureImporter) -> (artifact id: '78696fd0ebce71db7e2914cd80ea486f') in 0.0038148 seconds
Refreshing native plugins compatible for Editor in 2.06 ms, found 4 plugins.
Preloading 0 native plugins for Editor in 0.00 ms.
Asset Pipeline Refresh (id=9a4a71c6624a23c4793d00fdec87796c): Total: 0.018 seconds - Initiated by StopAssetImportingV2(NoUpdateAssetOptions)
Start importing Assets/NoSafeCircle/DoorPrototype/Art/Wizard/Generated/Wizard_Masculine_Black_idle_south-east.anim using Guid(0d5325e7f66e52449aaf29755541897e) (NativeFormatImporter) -> (artifact id: 'f8930b24d6c82f10967c34f6f97470cc') in 0.0021907 seconds
Refreshing native plugins compatible for Editor in 2.02 ms, found 4 plugins.
Preloading 0 native plugins for Editor in 0.00 ms.
Asset Pipeline Refresh (id=6f374b17762ea6445b575419633e83ce): Total: 0.016 seconds - Initiated by StopAssetImportingV2(NoUpdateAssetOptions)
Start importing Assets/NoSafeCircle/DoorPrototype/Art/Wizard/Source/PixelLab/masculine-dark/selected/walk/south-east/frame_000.png using Guid(adc4b8054a61e4e4893fc433ef941c71) (TextureImporter) -> (artifact id: '39137446e66352ca71fcf447d53cbac7') in 0.0038434 seconds
Refreshing native plugins compatible for Editor in 1.97 ms, found 4 plugins.
Preloading 0 native plugins for Editor in 0.00 ms.
Asset Pipeline Refresh (id=2fabc68103d8d5b428c4e1dab58e7c66): Total: 0.017 seconds - Initiated by StopAssetImportingV2(NoUpdateAssetOptions)
Start importing Assets/NoSafeCircle/DoorPrototype/Art/Wizard/Source/PixelLab/masculine-dark/selected/walk/south-east/frame_000.png using Guid(adc4b8054a61e4e4893fc433ef941c71) (TextureImporter) -> (artifact id: '39137446e66352ca71fcf447d53cbac7') in 0.0037038 seconds
Refreshing native plugins compatible for Editor in 2.28 ms, found 4 plugins.
Preloading 0 native plugins for Editor in 0.00 ms.
Asset Pipeline Refresh (id=e81a121d366f4e749a278ba1ef0c3c40): Total: 0.018 seconds - Initiated by StopAssetImportingV2(NoUpdateAssetOptions)
Start importing Assets/NoSafeCircle/DoorPrototype/Art/Wizard/Source/PixelLab/masculine-dark/selected/walk/south-east/frame_001.png using Guid(4ecf7752526a894489c9c07a9dc2653c) (TextureImporter) -> (artifact id: 'a823179819d24a28dd35f0dda8e1c62c') in 0.003975 seconds
Refreshing native plugins compatible for Editor in 2.24 ms, found 4 plugins.
Preloading 0 native plugins for Editor in 0.00 ms.
Asset Pipeline Refresh (id=d4aa5dd88bc507648adc684381902468): Total: 0.018 seconds - Initiated by StopAssetImportingV2(NoUpdateAssetOptions)
Start importing Assets/NoSafeCircle/DoorPrototype/Art/Wizard/Source/PixelLab/masculine-dark/selected/walk/south-east/frame_001.png using Guid(4ecf7752526a894489c9c07a9dc2653c) (TextureImporter) -> (artifact id: 'a823179819d24a28dd35f0dda8e1c62c') in 0.0051674 seconds
Refreshing native plugins compatible for Editor in 2.52 ms, found 4 plugins.
Preloading 0 native plugins for Editor in 0.00 ms.
Asset Pipeline Refresh (id=2aa8e5ce87036fb48bcb994c1187699a): Total: 0.023 seconds - Initiated by StopAssetImportingV2(NoUpdateAssetOptions)
Start importing Assets/NoSafeCircle/DoorPrototype/Art/Wizard/Source/PixelLab/masculine-dark/selected/walk/south-east/frame_002.png using Guid(68e154ea28a89aa49b8057aaaac53c80) (TextureImporter) -> (artifact id: '300be47ea62e54bc1c5b7e1dfc5b65d9') in 0.0040166 seconds
Refreshing native plugins compatible for Editor in 1.97 ms, found 4 plugins.
Preloading 0 native plugins for Editor in 0.00 ms.
Asset Pipeline Refresh (id=acc2a0b3d12c91846ae9f9e3d24d5df5): Total: 0.019 seconds - Initiated by StopAssetImportingV2(NoUpdateAssetOptions)
Start importing Assets/NoSafeCircle/DoorPrototype/Art/Wizard/Source/PixelLab/masculine-dark/selected/walk/south-east/frame_002.png using Guid(68e154ea28a89aa49b8057aaaac53c80) (TextureImporter) -> (artifact id: '300be47ea62e54bc1c5b7e1dfc5b65d9') in 0.0038342 seconds
Refreshing native plugins compatible for Editor in 1.87 ms, found 4 plugins.
Preloading 0 native plugins for Editor in 0.00 ms.
Asset Pipeline Refresh (id=c921bcef87551504caeeb0f6d945547d): Total: 0.018 seconds - Initiated by StopAssetImportingV2(NoUpdateAssetOptions)
Start importing Assets/NoSafeCircle/DoorPrototype/Art/Wizard/Source/PixelLab/masculine-dark/selected/walk/south-east/frame_003.png using Guid(87a4a0fa52cebf648a80fd84985db7e9) (TextureImporter) -> (artifact id: '5b14cfe27ceea75b292984f662602f7c') in 0.0042587 seconds
Refreshing native plugins compatible for Editor in 1.99 ms, found 4 plugins.
Preloading 0 native plugins for Editor in 0.00 ms.
Asset Pipeline Refresh (id=87ac111bd882f284ea294894b22218e5): Total: 0.018 seconds - Initiated by StopAssetImportingV2(NoUpdateAssetOptions)
Start importing Assets/NoSafeCircle/DoorPrototype/Art/Wizard/Source/PixelLab/masculine-dark/selected/walk/south-east/frame_003.png using Guid(87a4a0fa52cebf648a80fd84985db7e9) (TextureImporter) -> (artifact id: '5b14cfe27ceea75b292984f662602f7c') in 0.0038943 seconds
Refreshing native plugins compatible for Editor in 2.04 ms, found 4 plugins.
Preloading 0 native plugins for Editor in 0.00 ms.
Asset Pipeline Refresh (id=f829c8710d1e6994283a137e0fa2edde): Total: 0.018 seconds - Initiated by StopAssetImportingV2(NoUpdateAssetOptions)
Start importing Assets/NoSafeCircle/DoorPrototype/Art/Wizard/Source/PixelLab/masculine-dark/selected/walk/south-east/frame_004.png using Guid(db930ddbd3fa09548baa788dc43bee27) (TextureImporter) -> (artifact id: '749886dcb9e47e60c86267ceb7f95e2c') in 0.0042011 seconds
Refreshing native plugins compatible for Editor in 2.09 ms, found 4 plugins.
Preloading 0 native plugins for Editor in 0.00 ms.
Asset Pipeline Refresh (id=93feac65aac51a44bb98b401b726ae23): Total: 0.018 seconds - Initiated by StopAssetImportingV2(NoUpdateAssetOptions)
Start importing Assets/NoSafeCircle/DoorPrototype/Art/Wizard/Source/PixelLab/masculine-dark/selected/walk/south-east/frame_004.png using Guid(db930ddbd3fa09548baa788dc43bee27) (TextureImporter) -> (artifact id: '749886dcb9e47e60c86267ceb7f95e2c') in 0.0051319 seconds
Refreshing native plugins compatible for Editor in 2.19 ms, found 4 plugins.
Preloading 0 native plugins for Editor in 0.00 ms.
Asset Pipeline Refresh (id=0b2b3a653b7bb6e4296ffc6e5dfa931b): Total: 0.020 seconds - Initiated by StopAssetImportingV2(NoUpdateAssetOptions)
Start importing Assets/NoSafeCircle/DoorPrototype/Art/Wizard/Source/PixelLab/masculine-dark/selected/walk/south-east/frame_005.png using Guid(c3ba11f3d98a06944af95355c90ab0dc) (TextureImporter) -> (artifact id: '89b113447fd616e1d2a6e6deab69aa7e') in 0.0041248 seconds
Refreshing native plugins compatible for Editor in 2.31 ms, found 4 plugins.
Preloading 0 native plugins for Editor in 0.00 ms.
Asset Pipeline Refresh (id=a47f23c00fcd88842a82c482e47f9b07): Total: 0.020 seconds - Initiated by StopAssetImportingV2(NoUpdateAssetOptions)
Start importing Assets/NoSafeCircle/DoorPrototype/Art/Wizard/Source/PixelLab/masculine-dark/selected/walk/south-east/frame_005.png using Guid(c3ba11f3d98a06944af95355c90ab0dc) (TextureImporter) -> (artifact id: '89b113447fd616e1d2a6e6deab69aa7e') in 0.0051226 seconds
Refreshing native plugins compatible for Editor in 2.05 ms, found 4 plugins.
Preloading 0 native plugins for Editor in 0.00 ms.
Asset Pipeline Refresh (id=295801b0c28736d42b72a7aa708be314): Total: 0.020 seconds - Initiated by StopAssetImportingV2(NoUpdateAssetOptions)
Start importing Assets/NoSafeCircle/DoorPrototype/Art/Wizard/Generated/Wizard_Masculine_Black_walk_south-east.anim using Guid(468e8b10a6a848c4f9dfa20eb126eb05) (NativeFormatImporter) -> (artifact id: '930376f2bb818c0ac0ceec507ae994c4') in 0.0019862 seconds
Refreshing native plugins compatible for Editor in 2.11 ms, found 4 plugins.
Preloading 0 native plugins for Editor in 0.00 ms.
Asset Pipeline Refresh (id=6292b9934e2aece4795e3113d017c83f): Total: 0.015 seconds - Initiated by StopAssetImportingV2(NoUpdateAssetOptions)
Start importing Assets/NoSafeCircle/DoorPrototype/Art/Wizard/Source/PixelLab/masculine-dark/selected/standing/south-west.png using Guid(9beca6eb733e13b47adf2a5ef994fc16) (TextureImporter) -> (artifact id: '6c727a15048eb52a2bf9215a596b6770') in 0.0037712 seconds
Refreshing native plugins compatible for Editor in 1.91 ms, found 4 plugins.
Preloading 0 native plugins for Editor in 0.00 ms.
Asset Pipeline Refresh (id=dab93621d4a23084b81e42f64a0a20a8): Total: 0.018 seconds - Initiated by StopAssetImportingV2(NoUpdateAssetOptions)
Start importing Assets/NoSafeCircle/DoorPrototype/Art/Wizard/Source/PixelLab/masculine-dark/selected/standing/south-west.png using Guid(9beca6eb733e13b47adf2a5ef994fc16) (TextureImporter) -> (artifact id: '6c727a15048eb52a2bf9215a596b6770') in 0.0037027 seconds
Refreshing native plugins compatible for Editor in 2.59 ms, found 4 plugins.
Preloading 0 native plugins for Editor in 0.00 ms.
Asset Pipeline Refresh (id=2a01eaac9f4e7fb4fa3dd7150103ce86): Total: 0.019 seconds - Initiated by StopAssetImportingV2(NoUpdateAssetOptions)
Start importing Assets/NoSafeCircle/DoorPrototype/Art/Wizard/Generated/Wizard_Masculine_Black_idle_south-west.anim using Guid(c25f1674d3647dc48af767d514f21035) (NativeFormatImporter) -> (artifact id: 'a9b4cc3a1c2a905d28dc80391fd6148f') in 0.0022488 seconds
Refreshing native plugins compatible for Editor in 1.98 ms, found 4 plugins.
Preloading 0 native plugins for Editor in 0.00 ms.
Asset Pipeline Refresh (id=e6d538eb7d92df84e9dfeed54b442d89): Total: 0.018 seconds - Initiated by StopAssetImportingV2(NoUpdateAssetOptions)
Start importing Assets/NoSafeCircle/DoorPrototype/Art/Wizard/Source/PixelLab/masculine-dark/selected/walk/south-west/frame_000.png using Guid(776f5c35d81166b44ab22e18dc0146a5) (TextureImporter) -> (artifact id: '79ee8b30a56bfb5eff036b0abbbdfdf4') in 0.0046695 seconds
Refreshing native plugins compatible for Editor in 2.19 ms, found 4 plugins.
Preloading 0 native plugins for Editor in 0.00 ms.
Asset Pipeline Refresh (id=bbdd4557b85226942a49f8d97cada523): Total: 0.018 seconds - Initiated by StopAssetImportingV2(NoUpdateAssetOptions)
Start importing Assets/NoSafeCircle/DoorPrototype/Art/Wizard/Source/PixelLab/masculine-dark/selected/walk/south-west/frame_000.png using Guid(776f5c35d81166b44ab22e18dc0146a5) (TextureImporter) -> (artifact id: '79ee8b30a56bfb5eff036b0abbbdfdf4') in 0.004643 seconds
Refreshing native plugins compatible for Editor in 1.93 ms, found 4 plugins.
Preloading 0 native plugins for Editor in 0.00 ms.
Asset Pipeline Refresh (id=2c166d2e3bdc3304db5e5f52cda6b151): Total: 0.019 seconds - Initiated by StopAssetImportingV2(NoUpdateAssetOptions)
Start importing Assets/NoSafeCircle/DoorPrototype/Art/Wizard/Source/PixelLab/masculine-dark/selected/walk/south-west/frame_001.png using Guid(2cd3b109b7aec9740aa8c8908862f1c9) (TextureImporter) -> (artifact id: 'dba62cda73a430db9c180b290b018c96') in 0.0046782 seconds
Refreshing native plugins compatible for Editor in 2.00 ms, found 4 plugins.
Preloading 0 native plugins for Editor in 0.00 ms.
Asset Pipeline Refresh (id=e198d42400475404a981860d726228f8): Total: 0.019 seconds - Initiated by StopAssetImportingV2(NoUpdateAssetOptions)
Start importing Assets/NoSafeCircle/DoorPrototype/Art/Wizard/Source/PixelLab/masculine-dark/selected/walk/south-west/frame_001.png using Guid(2cd3b109b7aec9740aa8c8908862f1c9) (TextureImporter) -> (artifact id: 'dba62cda73a430db9c180b290b018c96') in 0.0037207 seconds
Refreshing native plugins compatible for Editor in 1.85 ms, found 4 plugins.
Preloading 0 native plugins for Editor in 0.00 ms.
Asset Pipeline Refresh (id=d5acb1da657a5174aa5557465499762c): Total: 0.017 seconds - Initiated by StopAssetImportingV2(NoUpdateAssetOptions)
Start importing Assets/NoSafeCircle/DoorPrototype/Art/Wizard/Source/PixelLab/masculine-dark/selected/walk/south-west/frame_002.png using Guid(c40791ff841863a419cdc5ee365aa963) (TextureImporter) -> (artifact id: '2809fc1ceeee4390829cd4f93dff63b4') in 0.0040848 seconds
Refreshing native plugins compatible for Editor in 2.24 ms, found 4 plugins.
Preloading 0 native plugins for Editor in 0.00 ms.
Asset Pipeline Refresh (id=fdc3079ed31742f48b0f6a99e380e4c7): Total: 0.018 seconds - Initiated by StopAssetImportingV2(NoUpdateAssetOptions)
Start importing Assets/NoSafeCircle/DoorPrototype/Art/Wizard/Source/PixelLab/masculine-dark/selected/walk/south-west/frame_002.png using Guid(c40791ff841863a419cdc5ee365aa963) (TextureImporter) -> (artifact id: '2809fc1ceeee4390829cd4f93dff63b4') in 0.0058991 seconds
Refreshing native plugins compatible for Editor in 1.92 ms, found 4 plugins.
Preloading 0 native plugins for Editor in 0.00 ms.
Asset Pipeline Refresh (id=36a7ef2e015fcbc4282c1a74cea6160a): Total: 0.020 seconds - Initiated by StopAssetImportingV2(NoUpdateAssetOptions)
Start importing Assets/NoSafeCircle/DoorPrototype/Art/Wizard/Source/PixelLab/masculine-dark/selected/walk/south-west/frame_003.png using Guid(d637417f30449724dafcf42e356b1f56) (TextureImporter) -> (artifact id: 'd87e3d24dcd75ca8c14840aec253cdc4') in 0.0045258 seconds
Refreshing native plugins compatible for Editor in 2.29 ms, found 4 plugins.
Preloading 0 native plugins for Editor in 0.00 ms.
Asset Pipeline Refresh (id=991754fcc59c0374a8c80c8cc90d36ba): Total: 0.020 seconds - Initiated by StopAssetImportingV2(NoUpdateAssetOptions)
Start importing Assets/NoSafeCircle/DoorPrototype/Art/Wizard/Source/PixelLab/masculine-dark/selected/walk/south-west/frame_003.png using Guid(d637417f30449724dafcf42e356b1f56) (TextureImporter) -> (artifact id: 'd87e3d24dcd75ca8c14840aec253cdc4') in 0.0043002 seconds
Refreshing native plugins compatible for Editor in 1.92 ms, found 4 plugins.
Preloading 0 native plugins for Editor in 0.00 ms.
Asset Pipeline Refresh (id=4052d16a09466854f893e5967f41658c): Total: 0.019 seconds - Initiated by StopAssetImportingV2(NoUpdateAssetOptions)
Start importing Assets/NoSafeCircle/DoorPrototype/Art/Wizard/Source/PixelLab/masculine-dark/selected/walk/south-west/frame_004.png using Guid(5c5d970a282cced45a93a2cac9cee61f) (TextureImporter) -> (artifact id: '8cf4cc58dcc7cf57b005616d4efc7cce') in 0.0042462 seconds
Refreshing native plugins compatible for Editor in 1.98 ms, found 4 plugins.
Preloading 0 native plugins for Editor in 0.00 ms.
Asset Pipeline Refresh (id=881ba96c00cd3e94c8960bbc5d7fa8ea): Total: 0.018 seconds - Initiated by StopAssetImportingV2(NoUpdateAssetOptions)
Start importing Assets/NoSafeCircle/DoorPrototype/Art/Wizard/Source/PixelLab/masculine-dark/selected/walk/south-west/frame_004.png using Guid(5c5d970a282cced45a93a2cac9cee61f) (TextureImporter) -> (artifact id: '8cf4cc58dcc7cf57b005616d4efc7cce') in 0.0041553 seconds
Refreshing native plugins compatible for Editor in 2.04 ms, found 4 plugins.
Preloading 0 native plugins for Editor in 0.00 ms.
Asset Pipeline Refresh (id=b78fbc2d4297e0f41933c2ec8699e8a4): Total: 0.018 seconds - Initiated by StopAssetImportingV2(NoUpdateAssetOptions)
Start importing Assets/NoSafeCircle/DoorPrototype/Art/Wizard/Source/PixelLab/masculine-dark/selected/walk/south-west/frame_005.png using Guid(1445c2a3f84863d4b807f983659fcfb0) (TextureImporter) -> (artifact id: '5062fdef21acb64374247a8715711a9c') in 0.0040551 seconds
Refreshing native plugins compatible for Editor in 1.98 ms, found 4 plugins.
Preloading 0 native plugins for Editor in 0.00 ms.
Asset Pipeline Refresh (id=fd220ebd0442f394e9713bd46b132453): Total: 0.018 seconds - Initiated by StopAssetImportingV2(NoUpdateAssetOptions)
Start importing Assets/NoSafeCircle/DoorPrototype/Art/Wizard/Source/PixelLab/masculine-dark/selected/walk/south-west/frame_005.png using Guid(1445c2a3f84863d4b807f983659fcfb0) (TextureImporter) -> (artifact id: '5062fdef21acb64374247a8715711a9c') in 0.0038624 seconds
Refreshing native plugins compatible for Editor in 2.35 ms, found 4 plugins.
Preloading 0 native plugins for Editor in 0.00 ms.
Asset Pipeline Refresh (id=9c3cf8d226b2e5d4c9d56adccd663d35): Total: 0.019 seconds - Initiated by StopAssetImportingV2(NoUpdateAssetOptions)
Start importing Assets/NoSafeCircle/DoorPrototype/Art/Wizard/Generated/Wizard_Masculine_Black_walk_south-west.anim using Guid(72ae457a93eb234459c3362196a53f69) (NativeFormatImporter) -> (artifact id: 'a4dbe88908005c57969dbcf188d6a23f') in 0.0018848 seconds
Refreshing native plugins compatible for Editor in 2.36 ms, found 4 plugins.
Preloading 0 native plugins for Editor in 0.00 ms.
Asset Pipeline Refresh (id=e75972d13fd482a4ea13954d2e151d8c): Total: 0.016 seconds - Initiated by StopAssetImportingV2(NoUpdateAssetOptions)
Start importing Assets/NoSafeCircle/DoorPrototype/Art/Wizard/Source/PixelLab/feminine-light/selected/standing/north.png using Guid(ac9b52e1340fb394787642749536edb3) (TextureImporter) -> (artifact id: '67863cbcef949dd4cecd84a0b06d3ebe') in 0.0038098 seconds
Refreshing native plugins compatible for Editor in 2.05 ms, found 4 plugins.
Preloading 0 native plugins for Editor in 0.00 ms.
Asset Pipeline Refresh (id=073ca9fe37c7e2f408cf2ac130b549a6): Total: 0.017 seconds - Initiated by StopAssetImportingV2(NoUpdateAssetOptions)
Start importing Assets/NoSafeCircle/DoorPrototype/Art/Wizard/Source/PixelLab/feminine-light/selected/standing/north.png using Guid(ac9b52e1340fb394787642749536edb3) (TextureImporter) -> (artifact id: '67863cbcef949dd4cecd84a0b06d3ebe') in 0.004059 seconds
Refreshing native plugins compatible for Editor in 1.96 ms, found 4 plugins.
Preloading 0 native plugins for Editor in 0.00 ms.
Asset Pipeline Refresh (id=c18766a3b13600842a52c7c4aa2b4bde): Total: 0.018 seconds - Initiated by StopAssetImportingV2(NoUpdateAssetOptions)
Start importing Assets/NoSafeCircle/DoorPrototype/Art/Wizard/Source/PixelLab/feminine-light/selected/standing/north-east.png using Guid(3a29d5ea152c58241a5bc6cb67a3a543) (TextureImporter) -> (artifact id: 'b4cce0e751156b6e097a78aeba836457') in 0.0042307 seconds
Refreshing native plugins compatible for Editor in 1.88 ms, found 4 plugins.
Preloading 0 native plugins for Editor in 0.00 ms.
Asset Pipeline Refresh (id=c04b34b05eeb1e8478444fca307af650): Total: 0.018 seconds - Initiated by StopAssetImportingV2(NoUpdateAssetOptions)
Start importing Assets/NoSafeCircle/DoorPrototype/Art/Wizard/Source/PixelLab/feminine-light/selected/standing/north-east.png using Guid(3a29d5ea152c58241a5bc6cb67a3a543) (TextureImporter) -> (artifact id: 'b4cce0e751156b6e097a78aeba836457') in 0.0038531 seconds
Refreshing native plugins compatible for Editor in 1.83 ms, found 4 plugins.
Preloading 0 native plugins for Editor in 0.00 ms.
Asset Pipeline Refresh (id=39041f2797230e743a4cc86be9ac340b): Total: 0.017 seconds - Initiated by StopAssetImportingV2(NoUpdateAssetOptions)
Start importing Assets/NoSafeCircle/DoorPrototype/Art/Wizard/Source/PixelLab/feminine-light/selected/standing/east.png using Guid(bc7e4d4b177892d468986d5ff6f53ba4) (TextureImporter) -> (artifact id: 'bf2d09ec64e868aa4eb8c152ff221193') in 0.0043007 seconds
Refreshing native plugins compatible for Editor in 1.98 ms, found 4 plugins.
Preloading 0 native plugins for Editor in 0.00 ms.
Asset Pipeline Refresh (id=d84b4be07be09e74ba27ccd489f58b4f): Total: 0.021 seconds - Initiated by StopAssetImportingV2(NoUpdateAssetOptions)
Start importing Assets/NoSafeCircle/DoorPrototype/Art/Wizard/Source/PixelLab/feminine-light/selected/standing/east.png using Guid(bc7e4d4b177892d468986d5ff6f53ba4) (TextureImporter) -> (artifact id: 'bf2d09ec64e868aa4eb8c152ff221193') in 0.0040517 seconds
Refreshing native plugins compatible for Editor in 2.07 ms, found 4 plugins.
Preloading 0 native plugins for Editor in 0.00 ms.
Asset Pipeline Refresh (id=7f13a5117d8a45449b8561744c58a2fb): Total: 0.018 seconds - Initiated by StopAssetImportingV2(NoUpdateAssetOptions)
Start importing Assets/NoSafeCircle/DoorPrototype/Art/Wizard/Source/PixelLab/feminine-light/selected/standing/south-east.png using Guid(1fb2dac316457be4bada3f5a5606f7df) (TextureImporter) -> (artifact id: '92b6486b158f2d2f6dc2fe43bec8fafe') in 0.0040899 seconds
Refreshing native plugins compatible for Editor in 2.00 ms, found 4 plugins.
Preloading 0 native plugins for Editor in 0.00 ms.
Asset Pipeline Refresh (id=01c7bc7152dacb54fa5350a7f7c4fc49): Total: 0.018 seconds - Initiated by StopAssetImportingV2(NoUpdateAssetOptions)
Start importing Assets/NoSafeCircle/DoorPrototype/Art/Wizard/Source/PixelLab/feminine-light/selected/standing/south-east.png using Guid(1fb2dac316457be4bada3f5a5606f7df) (TextureImporter) -> (artifact id: '92b6486b158f2d2f6dc2fe43bec8fafe') in 0.003914 seconds
Refreshing native plugins compatible for Editor in 1.95 ms, found 4 plugins.
Preloading 0 native plugins for Editor in 0.00 ms.
Asset Pipeline Refresh (id=000a55aab76e2da4fb3947370f49179f): Total: 0.018 seconds - Initiated by StopAssetImportingV2(NoUpdateAssetOptions)
Start importing Assets/NoSafeCircle/DoorPrototype/Art/Wizard/Source/PixelLab/feminine-light/selected/standing/south.png using Guid(910f6f5068b180b4d8ff24012fa1b10e) (TextureImporter) -> (artifact id: '5a2e0a74ae8542b23efa37e48e98577a') in 0.0043284 seconds
Refreshing native plugins compatible for Editor in 1.99 ms, found 4 plugins.
Preloading 0 native plugins for Editor in 0.00 ms.
Asset Pipeline Refresh (id=605e728b5c6631f40b7a8a33af5bb6a0): Total: 0.018 seconds - Initiated by StopAssetImportingV2(NoUpdateAssetOptions)
Start importing Assets/NoSafeCircle/DoorPrototype/Art/Wizard/Source/PixelLab/feminine-light/selected/standing/south.png using Guid(910f6f5068b180b4d8ff24012fa1b10e) (TextureImporter) -> (artifact id: '5a2e0a74ae8542b23efa37e48e98577a') in 0.0036861 seconds
Refreshing native plugins compatible for Editor in 2.09 ms, found 4 plugins.
Preloading 0 native plugins for Editor in 0.00 ms.
Asset Pipeline Refresh (id=b2e33dd683452714d89b846348fbd272): Total: 0.017 seconds - Initiated by StopAssetImportingV2(NoUpdateAssetOptions)
Start importing Assets/NoSafeCircle/DoorPrototype/Art/Wizard/Source/PixelLab/feminine-light/selected/standing/south-west.png using Guid(69675d2f21dcbf0408dc56b39566ad44) (TextureImporter) -> (artifact id: 'bdaccad554c87749033e62ba05cf1c99') in 0.0038699 seconds
Refreshing native plugins compatible for Editor in 2.01 ms, found 4 plugins.
Preloading 0 native plugins for Editor in 0.00 ms.
Asset Pipeline Refresh (id=40fc0c8b3cc90db478ad79730b8e7a9a): Total: 0.018 seconds - Initiated by StopAssetImportingV2(NoUpdateAssetOptions)
Start importing Assets/NoSafeCircle/DoorPrototype/Art/Wizard/Source/PixelLab/feminine-light/selected/standing/south-west.png using Guid(69675d2f21dcbf0408dc56b39566ad44) (TextureImporter) -> (artifact id: 'bdaccad554c87749033e62ba05cf1c99') in 0.0047521 seconds
Refreshing native plugins compatible for Editor in 1.98 ms, found 4 plugins.
Preloading 0 native plugins for Editor in 0.00 ms.
Asset Pipeline Refresh (id=764208cfb655ed04c904d03f19294aec): Total: 0.019 seconds - Initiated by StopAssetImportingV2(NoUpdateAssetOptions)
Start importing Assets/NoSafeCircle/DoorPrototype/Art/Wizard/Source/PixelLab/feminine-light/selected/standing/west.png using Guid(d3e076e1e7bf71646827412177215b56) (TextureImporter) -> (artifact id: '4552a1ca274a151af787b6cb0f9769be') in 0.0039003 seconds
Refreshing native plugins compatible for Editor in 1.95 ms, found 4 plugins.
Preloading 0 native plugins for Editor in 0.00 ms.
Asset Pipeline Refresh (id=edbf5cf0111ed8f4e99c972686f6cd30): Total: 0.018 seconds - Initiated by StopAssetImportingV2(NoUpdateAssetOptions)
Start importing Assets/NoSafeCircle/DoorPrototype/Art/Wizard/Source/PixelLab/feminine-light/selected/standing/west.png using Guid(d3e076e1e7bf71646827412177215b56) (TextureImporter) -> (artifact id: '4552a1ca274a151af787b6cb0f9769be') in 0.0045457 seconds
Refreshing native plugins compatible for Editor in 2.05 ms, found 4 plugins.
Preloading 0 native plugins for Editor in 0.00 ms.
Asset Pipeline Refresh (id=eb2436cfaa8889c48abe5ca3f1ce7897): Total: 0.026 seconds - Initiated by StopAssetImportingV2(NoUpdateAssetOptions)
Start importing Assets/NoSafeCircle/DoorPrototype/Art/Wizard/Source/PixelLab/feminine-light/selected/standing/north-west.png using Guid(d70b4b3e3697fc74a8819908aa834e8e) (TextureImporter) -> (artifact id: 'cfbd73babb2eafe1a9692c2cf865b106') in 0.0044541 seconds
Refreshing native plugins compatible for Editor in 1.92 ms, found 4 plugins.
Preloading 0 native plugins for Editor in 0.00 ms.
Asset Pipeline Refresh (id=a18e7ca72397f424ea42b7ab6f97bd67): Total: 0.018 seconds - Initiated by StopAssetImportingV2(NoUpdateAssetOptions)
Start importing Assets/NoSafeCircle/DoorPrototype/Art/Wizard/Source/PixelLab/feminine-light/selected/standing/north-west.png using Guid(d70b4b3e3697fc74a8819908aa834e8e) (TextureImporter) -> (artifact id: 'cfbd73babb2eafe1a9692c2cf865b106') in 0.0038899 seconds
Refreshing native plugins compatible for Editor in 1.96 ms, found 4 plugins.
Preloading 0 native plugins for Editor in 0.00 ms.
Asset Pipeline Refresh (id=62b3c853386a5644696240fcaf77e560): Total: 0.018 seconds - Initiated by StopAssetImportingV2(NoUpdateAssetOptions)
Start importing Assets/NoSafeCircle/DoorPrototype/Art/Wizard/Source/PixelLab/feminine-light/selected/standing/north-east.png using Guid(3a29d5ea152c58241a5bc6cb67a3a543) (TextureImporter) -> (artifact id: 'b4cce0e751156b6e097a78aeba836457') in 0.0037207 seconds
Refreshing native plugins compatible for Editor in 2.13 ms, found 4 plugins.
Preloading 0 native plugins for Editor in 0.00 ms.
Asset Pipeline Refresh (id=8e28827a34343414bbe76237e381a11a): Total: 0.018 seconds - Initiated by StopAssetImportingV2(NoUpdateAssetOptions)
Start importing Assets/NoSafeCircle/DoorPrototype/Art/Wizard/Source/PixelLab/feminine-light/selected/standing/north-east.png using Guid(3a29d5ea152c58241a5bc6cb67a3a543) (TextureImporter) -> (artifact id: 'b4cce0e751156b6e097a78aeba836457') in 0.0037587 seconds
Refreshing native plugins compatible for Editor in 2.03 ms, found 4 plugins.
Preloading 0 native plugins for Editor in 0.00 ms.
Asset Pipeline Refresh (id=67fce47f7c78f87498dec036874710ec): Total: 0.018 seconds - Initiated by StopAssetImportingV2(NoUpdateAssetOptions)
Start importing Assets/NoSafeCircle/DoorPrototype/Art/Wizard/Generated/Wizard_Feminine_White_idle_north-east.anim using Guid(e42d5fa15071bc84c9a2bc0955fc584b) (NativeFormatImporter) -> (artifact id: '5f0ec9375b368b165ad93878248f0c52') in 0.0019302 seconds
Refreshing native plugins compatible for Editor in 1.90 ms, found 4 plugins.
Preloading 0 native plugins for Editor in 0.00 ms.
Asset Pipeline Refresh (id=89296b4003e22b243aa6e40546f340fd): Total: 0.015 seconds - Initiated by StopAssetImportingV2(NoUpdateAssetOptions)
Start importing Assets/NoSafeCircle/DoorPrototype/Art/Wizard/Source/PixelLab/feminine-light/selected/walk/north-east/frame_000.png using Guid(05b72720e1db8df41b83f320b6c2ce8f) (TextureImporter) -> (artifact id: '149dc26157c081bf22a4eafd43dd5fd2') in 0.0039137 seconds
Refreshing native plugins compatible for Editor in 2.15 ms, found 4 plugins.
Preloading 0 native plugins for Editor in 0.00 ms.
Asset Pipeline Refresh (id=c96edeb6e729ffb429350d79f2f0d986): Total: 0.021 seconds - Initiated by StopAssetImportingV2(NoUpdateAssetOptions)
Start importing Assets/NoSafeCircle/DoorPrototype/Art/Wizard/Source/PixelLab/feminine-light/selected/walk/north-east/frame_000.png using Guid(05b72720e1db8df41b83f320b6c2ce8f) (TextureImporter) -> (artifact id: '149dc26157c081bf22a4eafd43dd5fd2') in 0.0034853 seconds
Refreshing native plugins compatible for Editor in 2.01 ms, found 4 plugins.
Preloading 0 native plugins for Editor in 0.00 ms.
Asset Pipeline Refresh (id=416776f968572c442ac406262261658e): Total: 0.017 seconds - Initiated by StopAssetImportingV2(NoUpdateAssetOptions)
Start importing Assets/NoSafeCircle/DoorPrototype/Art/Wizard/Source/PixelLab/feminine-light/selected/walk/north-east/frame_001.png using Guid(0b38e0a077dc3b1408029a0f19061d3d) (TextureImporter) -> (artifact id: '729f9b555441173d0e9c63a0f87481d5') in 0.0041734 seconds
Refreshing native plugins compatible for Editor in 2.04 ms, found 4 plugins.
Preloading 0 native plugins for Editor in 0.00 ms.
Asset Pipeline Refresh (id=7e64c395beb2f004392e106589406cff): Total: 0.018 seconds - Initiated by StopAssetImportingV2(NoUpdateAssetOptions)
Start importing Assets/NoSafeCircle/DoorPrototype/Art/Wizard/Source/PixelLab/feminine-light/selected/walk/north-east/frame_001.png using Guid(0b38e0a077dc3b1408029a0f19061d3d) (TextureImporter) -> (artifact id: '729f9b555441173d0e9c63a0f87481d5') in 0.0037872 seconds
Refreshing native plugins compatible for Editor in 2.05 ms, found 4 plugins.
Preloading 0 native plugins for Editor in 0.00 ms.
Asset Pipeline Refresh (id=48d28022b95a81b4291bbed14061c821): Total: 0.017 seconds - Initiated by StopAssetImportingV2(NoUpdateAssetOptions)
Start importing Assets/NoSafeCircle/DoorPrototype/Art/Wizard/Source/PixelLab/feminine-light/selected/walk/north-east/frame_002.png using Guid(55a241624c68fcd45a57295365306560) (TextureImporter) -> (artifact id: '384acc739d11b3b13cc7b80ae7abcac0') in 0.0042311 seconds
Refreshing native plugins compatible for Editor in 2.14 ms, found 4 plugins.
Preloading 0 native plugins for Editor in 0.00 ms.
Asset Pipeline Refresh (id=a348438ee2b3e324c95673640533f16f): Total: 0.018 seconds - Initiated by StopAssetImportingV2(NoUpdateAssetOptions)
Start importing Assets/NoSafeCircle/DoorPrototype/Art/Wizard/Source/PixelLab/feminine-light/selected/walk/north-east/frame_002.png using Guid(55a241624c68fcd45a57295365306560) (TextureImporter) -> (artifact id: '384acc739d11b3b13cc7b80ae7abcac0') in 0.0039466 seconds
Refreshing native plugins compatible for Editor in 1.98 ms, found 4 plugins.
Preloading 0 native plugins for Editor in 0.00 ms.
Asset Pipeline Refresh (id=5554ebe76c6d03a4ab331c83158b2e16): Total: 0.017 seconds - Initiated by StopAssetImportingV2(NoUpdateAssetOptions)
Start importing Assets/NoSafeCircle/DoorPrototype/Art/Wizard/Source/PixelLab/feminine-light/selected/walk/north-east/frame_003.png using Guid(1bf1f3a6449a11a4aacaef706b06cae9) (TextureImporter) -> (artifact id: 'f4b46f7d5eb260a616223494f6598d19') in 0.0038938 seconds
Refreshing native plugins compatible for Editor in 1.91 ms, found 4 plugins.
Preloading 0 native plugins for Editor in 0.00 ms.
Asset Pipeline Refresh (id=3292ad57161491a48a823a2530d48eec): Total: 0.017 seconds - Initiated by StopAssetImportingV2(NoUpdateAssetOptions)
Start importing Assets/NoSafeCircle/DoorPrototype/Art/Wizard/Source/PixelLab/feminine-light/selected/walk/north-east/frame_003.png using Guid(1bf1f3a6449a11a4aacaef706b06cae9) (TextureImporter) -> (artifact id: 'f4b46f7d5eb260a616223494f6598d19') in 0.0043028 seconds
Refreshing native plugins compatible for Editor in 1.99 ms, found 4 plugins.
Preloading 0 native plugins for Editor in 0.00 ms.
Asset Pipeline Refresh (id=e369df62268b79d4389f81230861bdb1): Total: 0.018 seconds - Initiated by StopAssetImportingV2(NoUpdateAssetOptions)
Start importing Assets/NoSafeCircle/DoorPrototype/Art/Wizard/Source/PixelLab/feminine-light/selected/walk/north-east/frame_004.png using Guid(03aa8d83ae4e8ea40881b62cef75f623) (TextureImporter) -> (artifact id: '0e01c6749b1863ac1b948db974a3cb81') in 0.0036656 seconds
Refreshing native plugins compatible for Editor in 2.04 ms, found 4 plugins.
Preloading 0 native plugins for Editor in 0.00 ms.
Asset Pipeline Refresh (id=d2b0f1448045a2f478785cde2a6f15bc): Total: 0.019 seconds - Initiated by StopAssetImportingV2(NoUpdateAssetOptions)
Start importing Assets/NoSafeCircle/DoorPrototype/Art/Wizard/Source/PixelLab/feminine-light/selected/walk/north-east/frame_004.png using Guid(03aa8d83ae4e8ea40881b62cef75f623) (TextureImporter) -> (artifact id: '0e01c6749b1863ac1b948db974a3cb81') in 0.0036442 seconds
Refreshing native plugins compatible for Editor in 2.15 ms, found 4 plugins.
Preloading 0 native plugins for Editor in 0.00 ms.
Asset Pipeline Refresh (id=9346bbd9539badb46a1a67ca0d80b797): Total: 0.018 seconds - Initiated by StopAssetImportingV2(NoUpdateAssetOptions)
Start importing Assets/NoSafeCircle/DoorPrototype/Art/Wizard/Source/PixelLab/feminine-light/selected/walk/north-east/frame_005.png using Guid(1e60c61dcabe1a243a7d6d7b823bdee0) (TextureImporter) -> (artifact id: 'a08636238af0f878f3c49f3f80d5f3a3') in 0.0038747 seconds
Refreshing native plugins compatible for Editor in 1.94 ms, found 4 plugins.
Preloading 0 native plugins for Editor in 0.00 ms.
Asset Pipeline Refresh (id=165cd939d77b66b46836a4f79dd8f78c): Total: 0.017 seconds - Initiated by StopAssetImportingV2(NoUpdateAssetOptions)
Start importing Assets/NoSafeCircle/DoorPrototype/Art/Wizard/Source/PixelLab/feminine-light/selected/walk/north-east/frame_005.png using Guid(1e60c61dcabe1a243a7d6d7b823bdee0) (TextureImporter) -> (artifact id: 'a08636238af0f878f3c49f3f80d5f3a3') in 0.0038435 seconds
Refreshing native plugins compatible for Editor in 2.48 ms, found 4 plugins.
Preloading 0 native plugins for Editor in 0.00 ms.
Asset Pipeline Refresh (id=99d718ed6958159459475d9150eefdb0): Total: 0.018 seconds - Initiated by StopAssetImportingV2(NoUpdateAssetOptions)
Start importing Assets/NoSafeCircle/DoorPrototype/Art/Wizard/Generated/Wizard_Feminine_White_walk_north-east.anim using Guid(8082b591b68e5ef4a89905d20d9d0c4c) (NativeFormatImporter) -> (artifact id: '2a2ef3a424614781db0d0c7796065477') in 0.0018082 seconds
Refreshing native plugins compatible for Editor in 2.22 ms, found 4 plugins.
Preloading 0 native plugins for Editor in 0.00 ms.
Asset Pipeline Refresh (id=5ad2280afd073ef4abd17a9d2fe2c37c): Total: 0.015 seconds - Initiated by StopAssetImportingV2(NoUpdateAssetOptions)
Start importing Assets/NoSafeCircle/DoorPrototype/Art/Wizard/Source/PixelLab/feminine-light/selected/standing/north-west.png using Guid(d70b4b3e3697fc74a8819908aa834e8e) (TextureImporter) -> (artifact id: 'cfbd73babb2eafe1a9692c2cf865b106') in 0.0037948 seconds
Refreshing native plugins compatible for Editor in 2.19 ms, found 4 plugins.
Preloading 0 native plugins for Editor in 0.00 ms.
Asset Pipeline Refresh (id=16e40f82ab768134eb03a4250981e302): Total: 0.017 seconds - Initiated by StopAssetImportingV2(NoUpdateAssetOptions)
Start importing Assets/NoSafeCircle/DoorPrototype/Art/Wizard/Source/PixelLab/feminine-light/selected/standing/north-west.png using Guid(d70b4b3e3697fc74a8819908aa834e8e) (TextureImporter) -> (artifact id: 'cfbd73babb2eafe1a9692c2cf865b106') in 0.0038572 seconds
Refreshing native plugins compatible for Editor in 1.93 ms, found 4 plugins.
Preloading 0 native plugins for Editor in 0.00 ms.
Asset Pipeline Refresh (id=e32e9c83948b7e549a9f6b06febe7d46): Total: 0.019 seconds - Initiated by StopAssetImportingV2(NoUpdateAssetOptions)
Start importing Assets/NoSafeCircle/DoorPrototype/Art/Wizard/Generated/Wizard_Feminine_White_idle_north-west.anim using Guid(6c175dc876e9f6c4ca6b4fbdc4e17bb4) (NativeFormatImporter) -> (artifact id: 'b8ca1fedd014ee886cec722a8b1f4aeb') in 0.0018829 seconds
Refreshing native plugins compatible for Editor in 1.87 ms, found 4 plugins.
Preloading 0 native plugins for Editor in 0.00 ms.
Asset Pipeline Refresh (id=4c2b520c7b6b7a44b893a820518c613f): Total: 0.015 seconds - Initiated by StopAssetImportingV2(NoUpdateAssetOptions)
Start importing Assets/NoSafeCircle/DoorPrototype/Art/Wizard/Source/PixelLab/feminine-light/selected/walk/north-west/frame_000.png using Guid(f10c702eda6b0bc498b63aff8c1462d0) (TextureImporter) -> (artifact id: '81c70f7b5e9981c4f2c5db1720608301') in 0.0041547 seconds
Refreshing native plugins compatible for Editor in 2.42 ms, found 4 plugins.
Preloading 0 native plugins for Editor in 0.00 ms.
Asset Pipeline Refresh (id=802cfa1cea6740541b837c6c6a944807): Total: 0.018 seconds - Initiated by StopAssetImportingV2(NoUpdateAssetOptions)
Start importing Assets/NoSafeCircle/DoorPrototype/Art/Wizard/Source/PixelLab/feminine-light/selected/walk/north-west/frame_000.png using Guid(f10c702eda6b0bc498b63aff8c1462d0) (TextureImporter) -> (artifact id: '81c70f7b5e9981c4f2c5db1720608301') in 0.0038779 seconds
Refreshing native plugins compatible for Editor in 1.95 ms, found 4 plugins.
Preloading 0 native plugins for Editor in 0.00 ms.
Asset Pipeline Refresh (id=60c0f7230b73cf94a9cbb52efd3772bf): Total: 0.018 seconds - Initiated by StopAssetImportingV2(NoUpdateAssetOptions)
Start importing Assets/NoSafeCircle/DoorPrototype/Art/Wizard/Source/PixelLab/feminine-light/selected/walk/north-west/frame_001.png using Guid(4aa6ec8679abc8b489de0df01a392c37) (TextureImporter) -> (artifact id: '177285651ecc680db7a7847eebce944a') in 0.004729 seconds
Refreshing native plugins compatible for Editor in 2.02 ms, found 4 plugins.
Preloading 0 native plugins for Editor in 0.00 ms.
Asset Pipeline Refresh (id=21b06503b81a97447935dfb41afef0d3): Total: 0.018 seconds - Initiated by StopAssetImportingV2(NoUpdateAssetOptions)
Start importing Assets/NoSafeCircle/DoorPrototype/Art/Wizard/Source/PixelLab/feminine-light/selected/walk/north-west/frame_001.png using Guid(4aa6ec8679abc8b489de0df01a392c37) (TextureImporter) -> (artifact id: '177285651ecc680db7a7847eebce944a') in 0.0040827 seconds
Refreshing native plugins compatible for Editor in 1.89 ms, found 4 plugins.
Preloading 0 native plugins for Editor in 0.00 ms.
Asset Pipeline Refresh (id=35c2ad0f56ab32e4cb94fb8879f0eb77): Total: 0.018 seconds - Initiated by StopAssetImportingV2(NoUpdateAssetOptions)
Start importing Assets/NoSafeCircle/DoorPrototype/Art/Wizard/Source/PixelLab/feminine-light/selected/walk/north-west/frame_002.png using Guid(080d7d6cd5d36994989d903675132bfa) (TextureImporter) -> (artifact id: '56132eb8f0800c435c3137aaea677fd2') in 0.0041213 seconds
Refreshing native plugins compatible for Editor in 1.95 ms, found 4 plugins.
Preloading 0 native plugins for Editor in 0.00 ms.
Asset Pipeline Refresh (id=d741c71b8c5f55344a15a0e01e9b26fd): Total: 0.017 seconds - Initiated by StopAssetImportingV2(NoUpdateAssetOptions)
Start importing Assets/NoSafeCircle/DoorPrototype/Art/Wizard/Source/PixelLab/feminine-light/selected/walk/north-west/frame_002.png using Guid(080d7d6cd5d36994989d903675132bfa) (TextureImporter) -> (artifact id: '56132eb8f0800c435c3137aaea677fd2') in 0.0038022 seconds
Refreshing native plugins compatible for Editor in 1.88 ms, found 4 plugins.
Preloading 0 native plugins for Editor in 0.00 ms.
Asset Pipeline Refresh (id=53d44ba816e67d543a734ca715a53518): Total: 0.018 seconds - Initiated by StopAssetImportingV2(NoUpdateAssetOptions)
Start importing Assets/NoSafeCircle/DoorPrototype/Art/Wizard/Source/PixelLab/feminine-light/selected/walk/north-west/frame_003.png using Guid(26a262b8fa2598441b020c71d16ec900) (TextureImporter) -> (artifact id: 'cb8c3e6d1fec7c25eafa0bca4daf5964') in 0.0039608 seconds
Refreshing native plugins compatible for Editor in 2.29 ms, found 4 plugins.
Preloading 0 native plugins for Editor in 0.00 ms.
Asset Pipeline Refresh (id=94dbc59c7c6431a40b3f84ce42ea1952): Total: 0.018 seconds - Initiated by StopAssetImportingV2(NoUpdateAssetOptions)
Start importing Assets/NoSafeCircle/DoorPrototype/Art/Wizard/Source/PixelLab/feminine-light/selected/walk/north-west/frame_003.png using Guid(26a262b8fa2598441b020c71d16ec900) (TextureImporter) -> (artifact id: 'cb8c3e6d1fec7c25eafa0bca4daf5964') in 0.0036337 seconds
Refreshing native plugins compatible for Editor in 2.20 ms, found 4 plugins.
Preloading 0 native plugins for Editor in 0.00 ms.
Asset Pipeline Refresh (id=741e8bf286bd337488bcb8a2a010812a): Total: 0.017 seconds - Initiated by StopAssetImportingV2(NoUpdateAssetOptions)
Start importing Assets/NoSafeCircle/DoorPrototype/Art/Wizard/Source/PixelLab/feminine-light/selected/walk/north-west/frame_004.png using Guid(70a602b2113bba04ca48403252b86875) (TextureImporter) -> (artifact id: '5b41d854a4e60894eb995210ced4385e') in 0.0042222 seconds
Refreshing native plugins compatible for Editor in 2.22 ms, found 4 plugins.
Preloading 0 native plugins for Editor in 0.00 ms.
Asset Pipeline Refresh (id=3787c314c3f4acc44a6875a9dfa5b970): Total: 0.018 seconds - Initiated by StopAssetImportingV2(NoUpdateAssetOptions)
Start importing Assets/NoSafeCircle/DoorPrototype/Art/Wizard/Source/PixelLab/feminine-light/selected/walk/north-west/frame_004.png using Guid(70a602b2113bba04ca48403252b86875) (TextureImporter) -> (artifact id: '5b41d854a4e60894eb995210ced4385e') in 0.0038768 seconds
Refreshing native plugins compatible for Editor in 1.98 ms, found 4 plugins.
Preloading 0 native plugins for Editor in 0.00 ms.
Asset Pipeline Refresh (id=ef69a0865e8a75647ad63f791be6d835): Total: 0.019 seconds - Initiated by StopAssetImportingV2(NoUpdateAssetOptions)
Start importing Assets/NoSafeCircle/DoorPrototype/Art/Wizard/Source/PixelLab/feminine-light/selected/walk/north-west/frame_005.png using Guid(53bb7d2264c5fc64bafb50637f621a9c) (TextureImporter) -> (artifact id: '608442806233f3a3cac9c1e70c7f2189') in 0.0038946 seconds
Refreshing native plugins compatible for Editor in 1.94 ms, found 4 plugins.
Preloading 0 native plugins for Editor in 0.00 ms.
Asset Pipeline Refresh (id=233ab668a7304aa4ead9e5551abb2547): Total: 0.018 seconds - Initiated by StopAssetImportingV2(NoUpdateAssetOptions)
Start importing Assets/NoSafeCircle/DoorPrototype/Art/Wizard/Source/PixelLab/feminine-light/selected/walk/north-west/frame_005.png using Guid(53bb7d2264c5fc64bafb50637f621a9c) (TextureImporter) -> (artifact id: '608442806233f3a3cac9c1e70c7f2189') in 0.0043728 seconds
Refreshing native plugins compatible for Editor in 2.36 ms, found 4 plugins.
Preloading 0 native plugins for Editor in 0.00 ms.
Asset Pipeline Refresh (id=f3b897111dc38e8428537deded0be606): Total: 0.018 seconds - Initiated by StopAssetImportingV2(NoUpdateAssetOptions)
Start importing Assets/NoSafeCircle/DoorPrototype/Art/Wizard/Generated/Wizard_Feminine_White_walk_north-west.anim using Guid(1afdb32c71b21e843a556eec21a17728) (NativeFormatImporter) -> (artifact id: '9b69464bd4308c4425cb4c7c911add7b') in 0.0020267 seconds
Refreshing native plugins compatible for Editor in 2.34 ms, found 4 plugins.
Preloading 0 native plugins for Editor in 0.00 ms.
Asset Pipeline Refresh (id=71e6508d735735e48a4c49f912155285): Total: 0.015 seconds - Initiated by StopAssetImportingV2(NoUpdateAssetOptions)
Start importing Assets/NoSafeCircle/DoorPrototype/Art/Wizard/Source/PixelLab/feminine-light/selected/standing/south-east.png using Guid(1fb2dac316457be4bada3f5a5606f7df) (TextureImporter) -> (artifact id: '92b6486b158f2d2f6dc2fe43bec8fafe') in 0.0037839 seconds
Refreshing native plugins compatible for Editor in 2.09 ms, found 4 plugins.
Preloading 0 native plugins for Editor in 0.00 ms.
Asset Pipeline Refresh (id=04415645f69d31f47bf46532a1132963): Total: 0.018 seconds - Initiated by StopAssetImportingV2(NoUpdateAssetOptions)
Start importing Assets/NoSafeCircle/DoorPrototype/Art/Wizard/Source/PixelLab/feminine-light/selected/standing/south-east.png using Guid(1fb2dac316457be4bada3f5a5606f7df) (TextureImporter) -> (artifact id: '92b6486b158f2d2f6dc2fe43bec8fafe') in 0.004195 seconds
Refreshing native plugins compatible for Editor in 2.01 ms, found 4 plugins.
Preloading 0 native plugins for Editor in 0.00 ms.
Asset Pipeline Refresh (id=9d63bb0feace110419efc8879d78926e): Total: 0.017 seconds - Initiated by StopAssetImportingV2(NoUpdateAssetOptions)
Start importing Assets/NoSafeCircle/DoorPrototype/Art/Wizard/Generated/Wizard_Feminine_White_idle_south-east.anim using Guid(bbda5a9de6368bb45a82e03ca9d6d1db) (NativeFormatImporter) -> (artifact id: 'c573a7bc336f5f1c25fc0192f6db25a9') in 0.0019681 seconds
Refreshing native plugins compatible for Editor in 2.26 ms, found 4 plugins.
Preloading 0 native plugins for Editor in 0.00 ms.
Asset Pipeline Refresh (id=e9e1fce85e3f68b479f7a2597e3b4319): Total: 0.016 seconds - Initiated by StopAssetImportingV2(NoUpdateAssetOptions)
Start importing Assets/NoSafeCircle/DoorPrototype/Art/Wizard/Source/PixelLab/feminine-light/selected/walk/south-east/frame_000.png using Guid(976a04156ad0de54d8d7002c8f52312b) (TextureImporter) -> (artifact id: '57bf2772d48e6432a368cfc5e2b7dde3') in 0.004099 seconds
Refreshing native plugins compatible for Editor in 2.04 ms, found 4 plugins.
Preloading 0 native plugins for Editor in 0.00 ms.
Asset Pipeline Refresh (id=55c7127875dfe8f42b6722c3f61df2d8): Total: 0.017 seconds - Initiated by StopAssetImportingV2(NoUpdateAssetOptions)
Start importing Assets/NoSafeCircle/DoorPrototype/Art/Wizard/Source/PixelLab/feminine-light/selected/walk/south-east/frame_000.png using Guid(976a04156ad0de54d8d7002c8f52312b) (TextureImporter) -> (artifact id: '57bf2772d48e6432a368cfc5e2b7dde3') in 0.003919 seconds
Refreshing native plugins compatible for Editor in 2.50 ms, found 4 plugins.
Preloading 0 native plugins for Editor in 0.00 ms.
Asset Pipeline Refresh (id=4205591c920bb364bbc003dbc1e3892c): Total: 0.019 seconds - Initiated by StopAssetImportingV2(NoUpdateAssetOptions)
Start importing Assets/NoSafeCircle/DoorPrototype/Art/Wizard/Source/PixelLab/feminine-light/selected/walk/south-east/frame_001.png using Guid(36a12f4dfea3eda4ea0aa0ccfc4aecdd) (TextureImporter) -> (artifact id: 'f6b687386ef930eb528a193e0cc71411') in 0.0039123 seconds
Refreshing native plugins compatible for Editor in 2.30 ms, found 4 plugins.
Preloading 0 native plugins for Editor in 0.00 ms.
Asset Pipeline Refresh (id=52858f4198fb19e4d899d485ad0f995e): Total: 0.018 seconds - Initiated by StopAssetImportingV2(NoUpdateAssetOptions)
Start importing Assets/NoSafeCircle/DoorPrototype/Art/Wizard/Source/PixelLab/feminine-light/selected/walk/south-east/frame_001.png using Guid(36a12f4dfea3eda4ea0aa0ccfc4aecdd) (TextureImporter) -> (artifact id: 'f6b687386ef930eb528a193e0cc71411') in 0.0044043 seconds
Refreshing native plugins compatible for Editor in 2.01 ms, found 4 plugins.
Preloading 0 native plugins for Editor in 0.00 ms.
Asset Pipeline Refresh (id=6ac8dd3a7d321cc428b9b1031cd879e3): Total: 0.019 seconds - Initiated by StopAssetImportingV2(NoUpdateAssetOptions)
Start importing Assets/NoSafeCircle/DoorPrototype/Art/Wizard/Source/PixelLab/feminine-light/selected/walk/south-east/frame_002.png using Guid(d5c9bb0fcd2881643ad42d6490cdbb2f) (TextureImporter) -> (artifact id: '124090b0714b2fb161f387e327467de9') in 0.0046023 seconds
Refreshing native plugins compatible for Editor in 2.06 ms, found 4 plugins.
Preloading 0 native plugins for Editor in 0.00 ms.
Asset Pipeline Refresh (id=e773ed024f1030d499d1d9e41053100c): Total: 0.018 seconds - Initiated by StopAssetImportingV2(NoUpdateAssetOptions)
Start importing Assets/NoSafeCircle/DoorPrototype/Art/Wizard/Source/PixelLab/feminine-light/selected/walk/south-east/frame_002.png using Guid(d5c9bb0fcd2881643ad42d6490cdbb2f) (TextureImporter) -> (artifact id: '124090b0714b2fb161f387e327467de9') in 0.003783 seconds
Refreshing native plugins compatible for Editor in 1.95 ms, found 4 plugins.
Preloading 0 native plugins for Editor in 0.00 ms.
Asset Pipeline Refresh (id=0cb9a04f750caaf478fd73581f88047c): Total: 0.018 seconds - Initiated by StopAssetImportingV2(NoUpdateAssetOptions)
Start importing Assets/NoSafeCircle/DoorPrototype/Art/Wizard/Source/PixelLab/feminine-light/selected/walk/south-east/frame_003.png using Guid(7735190ab7b7ad24f9f00fdcda06ce21) (TextureImporter) -> (artifact id: '7afd681d920b39d442fd53eae8f0dbd0') in 0.0040317 seconds
Refreshing native plugins compatible for Editor in 2.14 ms, found 4 plugins.
Preloading 0 native plugins for Editor in 0.00 ms.
Asset Pipeline Refresh (id=75eacbc4cb60aa047a969abcf5817f81): Total: 0.020 seconds - Initiated by StopAssetImportingV2(NoUpdateAssetOptions)
Start importing Assets/NoSafeCircle/DoorPrototype/Art/Wizard/Source/PixelLab/feminine-light/selected/walk/south-east/frame_003.png using Guid(7735190ab7b7ad24f9f00fdcda06ce21) (TextureImporter) -> (artifact id: '7afd681d920b39d442fd53eae8f0dbd0') in 0.0034228 seconds
Refreshing native plugins compatible for Editor in 1.91 ms, found 4 plugins.
Preloading 0 native plugins for Editor in 0.00 ms.
Asset Pipeline Refresh (id=d56ff910d4454e94a9b7ce9c6e0aed50): Total: 0.017 seconds - Initiated by StopAssetImportingV2(NoUpdateAssetOptions)
Start importing Assets/NoSafeCircle/DoorPrototype/Art/Wizard/Source/PixelLab/feminine-light/selected/walk/south-east/frame_004.png using Guid(0ebf9a95e19be54498ed3f815cf1bce4) (TextureImporter) -> (artifact id: 'bf1a938090261312bca9984afb4f9215') in 0.0045169 seconds
Refreshing native plugins compatible for Editor in 2.48 ms, found 4 plugins.
Preloading 0 native plugins for Editor in 0.00 ms.
Asset Pipeline Refresh (id=451fd99fc0d223f48ab7ad7129ca0994): Total: 0.020 seconds - Initiated by StopAssetImportingV2(NoUpdateAssetOptions)
Start importing Assets/NoSafeCircle/DoorPrototype/Art/Wizard/Source/PixelLab/feminine-light/selected/walk/south-east/frame_004.png using Guid(0ebf9a95e19be54498ed3f815cf1bce4) (TextureImporter) -> (artifact id: 'bf1a938090261312bca9984afb4f9215') in 0.004094 seconds
Refreshing native plugins compatible for Editor in 2.41 ms, found 4 plugins.
Preloading 0 native plugins for Editor in 0.00 ms.
Asset Pipeline Refresh (id=dd544d770fc26154b8e4cf7b06cd97c0): Total: 0.019 seconds - Initiated by StopAssetImportingV2(NoUpdateAssetOptions)
Start importing Assets/NoSafeCircle/DoorPrototype/Art/Wizard/Source/PixelLab/feminine-light/selected/walk/south-east/frame_005.png using Guid(28e4eaa2bf37ba54aafb34db68d6e60a) (TextureImporter) -> (artifact id: '443cdb52d5c2a2ac6c38423f08c5e610') in 0.0039223 seconds
Refreshing native plugins compatible for Editor in 1.87 ms, found 4 plugins.
Preloading 0 native plugins for Editor in 0.00 ms.
Asset Pipeline Refresh (id=c77956dc0f944394f8bfee758e2a219d): Total: 0.017 seconds - Initiated by StopAssetImportingV2(NoUpdateAssetOptions)
Start importing Assets/NoSafeCircle/DoorPrototype/Art/Wizard/Source/PixelLab/feminine-light/selected/walk/south-east/frame_005.png using Guid(28e4eaa2bf37ba54aafb34db68d6e60a) (TextureImporter) -> (artifact id: '443cdb52d5c2a2ac6c38423f08c5e610') in 0.0036466 seconds
Refreshing native plugins compatible for Editor in 2.30 ms, found 4 plugins.
Preloading 0 native plugins for Editor in 0.00 ms.
Asset Pipeline Refresh (id=e709d57e0b391f946963ec672ddfb5f8): Total: 0.017 seconds - Initiated by StopAssetImportingV2(NoUpdateAssetOptions)
Start importing Assets/NoSafeCircle/DoorPrototype/Art/Wizard/Generated/Wizard_Feminine_White_walk_south-east.anim using Guid(f54a6762bb01e2b4694a7bdbb61dd759) (NativeFormatImporter) -> (artifact id: '7c0df26bf41748d78714baf66d4d90a6') in 0.0018308 seconds
Refreshing native plugins compatible for Editor in 1.90 ms, found 4 plugins.
Preloading 0 native plugins for Editor in 0.00 ms.
Asset Pipeline Refresh (id=ce95bab3682f1b94b99001b60917ed96): Total: 0.015 seconds - Initiated by StopAssetImportingV2(NoUpdateAssetOptions)
Start importing Assets/NoSafeCircle/DoorPrototype/Art/Wizard/Source/PixelLab/feminine-light/selected/standing/south-west.png using Guid(69675d2f21dcbf0408dc56b39566ad44) (TextureImporter) -> (artifact id: 'bdaccad554c87749033e62ba05cf1c99') in 0.0045286 seconds
Refreshing native plugins compatible for Editor in 1.98 ms, found 4 plugins.
Preloading 0 native plugins for Editor in 0.00 ms.
Asset Pipeline Refresh (id=1649e9934c60c2346b37bdca86fb1ce4): Total: 0.024 seconds - Initiated by StopAssetImportingV2(NoUpdateAssetOptions)
Start importing Assets/NoSafeCircle/DoorPrototype/Art/Wizard/Source/PixelLab/feminine-light/selected/standing/south-west.png using Guid(69675d2f21dcbf0408dc56b39566ad44) (TextureImporter) -> (artifact id: 'bdaccad554c87749033e62ba05cf1c99') in 0.0034564 seconds
Refreshing native plugins compatible for Editor in 1.84 ms, found 4 plugins.
Preloading 0 native plugins for Editor in 0.00 ms.
Asset Pipeline Refresh (id=e1c16feeaac995c4f863c938ce3695c4): Total: 0.017 seconds - Initiated by StopAssetImportingV2(NoUpdateAssetOptions)
Start importing Assets/NoSafeCircle/DoorPrototype/Art/Wizard/Generated/Wizard_Feminine_White_idle_south-west.anim using Guid(fa2edab4ad57a644397eccafb9507c05) (NativeFormatImporter) -> (artifact id: '54c2a60dca40b2e8462530143cd8351d') in 0.0017893 seconds
Refreshing native plugins compatible for Editor in 2.37 ms, found 4 plugins.
Preloading 0 native plugins for Editor in 0.00 ms.
Asset Pipeline Refresh (id=25889509ee1ce2b4daa91491f4981eb7): Total: 0.015 seconds - Initiated by StopAssetImportingV2(NoUpdateAssetOptions)
Start importing Assets/NoSafeCircle/DoorPrototype/Art/Wizard/Source/PixelLab/feminine-light/selected/walk/south-west/frame_000.png using Guid(7051eb9ef52226946989500d6c536ec0) (TextureImporter) -> (artifact id: '4f96afed6555e5cf0baf11458eb70a8d') in 0.0041458 seconds
Refreshing native plugins compatible for Editor in 1.89 ms, found 4 plugins.
Preloading 0 native plugins for Editor in 0.00 ms.
Asset Pipeline Refresh (id=9d0f354fdf3f8334996f52e19fc1b0e7): Total: 0.018 seconds - Initiated by StopAssetImportingV2(NoUpdateAssetOptions)
Start importing Assets/NoSafeCircle/DoorPrototype/Art/Wizard/Source/PixelLab/feminine-light/selected/walk/south-west/frame_000.png using Guid(7051eb9ef52226946989500d6c536ec0) (TextureImporter) -> (artifact id: '4f96afed6555e5cf0baf11458eb70a8d') in 0.0038273 seconds
Refreshing native plugins compatible for Editor in 2.09 ms, found 4 plugins.
Preloading 0 native plugins for Editor in 0.00 ms.
Asset Pipeline Refresh (id=e63ab648acbef18479721f3bd726a410): Total: 0.018 seconds - Initiated by StopAssetImportingV2(NoUpdateAssetOptions)
Start importing Assets/NoSafeCircle/DoorPrototype/Art/Wizard/Source/PixelLab/feminine-light/selected/walk/south-west/frame_001.png using Guid(829350b9940d51b4280d34867812cbcf) (TextureImporter) -> (artifact id: 'ba05e4ad96267eae635b0788853f17e3') in 0.0035547 seconds
Refreshing native plugins compatible for Editor in 2.19 ms, found 4 plugins.
Preloading 0 native plugins for Editor in 0.00 ms.
Asset Pipeline Refresh (id=f19c07f426bbd60428e8c19a38fa4102): Total: 0.016 seconds - Initiated by StopAssetImportingV2(NoUpdateAssetOptions)
Start importing Assets/NoSafeCircle/DoorPrototype/Art/Wizard/Source/PixelLab/feminine-light/selected/walk/south-west/frame_001.png using Guid(829350b9940d51b4280d34867812cbcf) (TextureImporter) -> (artifact id: 'ba05e4ad96267eae635b0788853f17e3') in 0.0037162 seconds
Refreshing native plugins compatible for Editor in 2.02 ms, found 4 plugins.
Preloading 0 native plugins for Editor in 0.00 ms.
Asset Pipeline Refresh (id=fab93aea0cd38874e8a7899c005e90d2): Total: 0.017 seconds - Initiated by StopAssetImportingV2(NoUpdateAssetOptions)
Start importing Assets/NoSafeCircle/DoorPrototype/Art/Wizard/Source/PixelLab/feminine-light/selected/walk/south-west/frame_002.png using Guid(5fd7ed3bb4dd132498ee0c1e910f20d4) (TextureImporter) -> (artifact id: 'ac02dc4435f740ba2754d4f24a7eced2') in 0.0037846 seconds
Refreshing native plugins compatible for Editor in 1.96 ms, found 4 plugins.
Preloading 0 native plugins for Editor in 0.00 ms.
Asset Pipeline Refresh (id=22c5be3d190e47048bc0b172137f17e5): Total: 0.018 seconds - Initiated by StopAssetImportingV2(NoUpdateAssetOptions)
Start importing Assets/NoSafeCircle/DoorPrototype/Art/Wizard/Source/PixelLab/feminine-light/selected/walk/south-west/frame_002.png using Guid(5fd7ed3bb4dd132498ee0c1e910f20d4) (TextureImporter) -> (artifact id: 'ac02dc4435f740ba2754d4f24a7eced2') in 0.0042711 seconds
Refreshing native plugins compatible for Editor in 2.03 ms, found 4 plugins.
Preloading 0 native plugins for Editor in 0.00 ms.
Asset Pipeline Refresh (id=a9e060b2379f3b7459dee28b3526d8a3): Total: 0.018 seconds - Initiated by StopAssetImportingV2(NoUpdateAssetOptions)
Start importing Assets/NoSafeCircle/DoorPrototype/Art/Wizard/Source/PixelLab/feminine-light/selected/walk/south-west/frame_003.png using Guid(9b58399de27eb7e4ca2835b6ee0ab351) (TextureImporter) -> (artifact id: 'e7f4e05e1704dda0c0713a798a2793a0') in 0.0039923 seconds
Refreshing native plugins compatible for Editor in 2.16 ms, found 4 plugins.
Preloading 0 native plugins for Editor in 0.00 ms.
Asset Pipeline Refresh (id=80a7da7d9399b644695805ae428bd7bc): Total: 0.017 seconds - Initiated by StopAssetImportingV2(NoUpdateAssetOptions)
Start importing Assets/NoSafeCircle/DoorPrototype/Art/Wizard/Source/PixelLab/feminine-light/selected/walk/south-west/frame_003.png using Guid(9b58399de27eb7e4ca2835b6ee0ab351) (TextureImporter) -> (artifact id: 'e7f4e05e1704dda0c0713a798a2793a0') in 0.0035667 seconds
Refreshing native plugins compatible for Editor in 2.21 ms, found 4 plugins.
Preloading 0 native plugins for Editor in 0.00 ms.
Asset Pipeline Refresh (id=8f83f744c7cb33b4aaa5506b24ad9500): Total: 0.018 seconds - Initiated by StopAssetImportingV2(NoUpdateAssetOptions)
Start importing Assets/NoSafeCircle/DoorPrototype/Art/Wizard/Source/PixelLab/feminine-light/selected/walk/south-west/frame_004.png using Guid(ed5cea1de1090394aaf67a645de66f29) (TextureImporter) -> (artifact id: '3cd5463d2820d2535e957371103eea0a') in 0.0044602 seconds
Refreshing native plugins compatible for Editor in 1.94 ms, found 4 plugins.
Preloading 0 native plugins for Editor in 0.00 ms.
Asset Pipeline Refresh (id=1f4b49cabef3710498c11ee66a1cb1a2): Total: 0.018 seconds - Initiated by StopAssetImportingV2(NoUpdateAssetOptions)
Start importing Assets/NoSafeCircle/DoorPrototype/Art/Wizard/Source/PixelLab/feminine-light/selected/walk/south-west/frame_004.png using Guid(ed5cea1de1090394aaf67a645de66f29) (TextureImporter) -> (artifact id: '3cd5463d2820d2535e957371103eea0a') in 0.003808 seconds
Refreshing native plugins compatible for Editor in 1.78 ms, found 4 plugins.
Preloading 0 native plugins for Editor in 0.00 ms.
Asset Pipeline Refresh (id=8c4d85c5d4f8bba4ab0ecd72cb69eaf1): Total: 0.017 seconds - Initiated by StopAssetImportingV2(NoUpdateAssetOptions)
Start importing Assets/NoSafeCircle/DoorPrototype/Art/Wizard/Source/PixelLab/feminine-light/selected/walk/south-west/frame_005.png using Guid(512b6e4e52dd7ff458348443ea8ea2ad) (TextureImporter) -> (artifact id: 'ed3766d81e8227eba94a58d11b7cbd3a') in 0.0038829 seconds
Refreshing native plugins compatible for Editor in 1.72 ms, found 4 plugins.
Preloading 0 native plugins for Editor in 0.00 ms.
Asset Pipeline Refresh (id=efa7b9b5dfaa21f47b8eb573c8d50f8a): Total: 0.016 seconds - Initiated by StopAssetImportingV2(NoUpdateAssetOptions)
Start importing Assets/NoSafeCircle/DoorPrototype/Art/Wizard/Source/PixelLab/feminine-light/selected/walk/south-west/frame_005.png using Guid(512b6e4e52dd7ff458348443ea8ea2ad) (TextureImporter) -> (artifact id: 'ed3766d81e8227eba94a58d11b7cbd3a') in 0.0036381 seconds
Refreshing native plugins compatible for Editor in 1.77 ms, found 4 plugins.
Preloading 0 native plugins for Editor in 0.00 ms.
Asset Pipeline Refresh (id=5d228c3968be0e44d94d342be3d4def4): Total: 0.017 seconds - Initiated by StopAssetImportingV2(NoUpdateAssetOptions)
Start importing Assets/NoSafeCircle/DoorPrototype/Art/Wizard/Generated/Wizard_Feminine_White_walk_south-west.anim using Guid(ce4f2cf7f6f25e9418c755199a0badd5) (NativeFormatImporter) -> (artifact id: '1a2d36f9ae9d278bd3531c3699f82b44') in 0.0017635 seconds
Refreshing native plugins compatible for Editor in 1.75 ms, found 4 plugins.
Preloading 0 native plugins for Editor in 0.00 ms.
Asset Pipeline Refresh (id=ea5c1052f1dda0442a20683624263c55): Total: 0.014 seconds - Initiated by StopAssetImportingV2(NoUpdateAssetOptions)
Start importing Assets/NoSafeCircle/DoorPrototype/Art/Wizard/Source/PixelLab/feminine-dark/selected/standing/north.png using Guid(2feb146e8a7a73047b887b1ade0e55fa) (TextureImporter) -> (artifact id: '9dfa3cb157a4fd1a8fbd0e4da3981c94') in 0.0040607 seconds
Refreshing native plugins compatible for Editor in 2.44 ms, found 4 plugins.
Preloading 0 native plugins for Editor in 0.00 ms.
Asset Pipeline Refresh (id=2d148349b34bdd640a89942f12c07a23): Total: 0.018 seconds - Initiated by StopAssetImportingV2(NoUpdateAssetOptions)
Start importing Assets/NoSafeCircle/DoorPrototype/Art/Wizard/Source/PixelLab/feminine-dark/selected/standing/north.png using Guid(2feb146e8a7a73047b887b1ade0e55fa) (TextureImporter) -> (artifact id: '9dfa3cb157a4fd1a8fbd0e4da3981c94') in 0.0037852 seconds
Refreshing native plugins compatible for Editor in 1.83 ms, found 4 plugins.
Preloading 0 native plugins for Editor in 0.00 ms.
Asset Pipeline Refresh (id=aa61f7a41a1dced4a933015130343a52): Total: 0.017 seconds - Initiated by StopAssetImportingV2(NoUpdateAssetOptions)
Start importing Assets/NoSafeCircle/DoorPrototype/Art/Wizard/Source/PixelLab/feminine-dark/selected/standing/north-east.png using Guid(a1217821b0169bb4a87454fdd117b348) (TextureImporter) -> (artifact id: '7f74f10dd648c38d37ac91154c77a633') in 0.0039971 seconds
Refreshing native plugins compatible for Editor in 1.78 ms, found 4 plugins.
Preloading 0 native plugins for Editor in 0.00 ms.
Asset Pipeline Refresh (id=5bd6e205891f0d240a795192c6b4b8ad): Total: 0.017 seconds - Initiated by StopAssetImportingV2(NoUpdateAssetOptions)
Start importing Assets/NoSafeCircle/DoorPrototype/Art/Wizard/Source/PixelLab/feminine-dark/selected/standing/north-east.png using Guid(a1217821b0169bb4a87454fdd117b348) (TextureImporter) -> (artifact id: '7f74f10dd648c38d37ac91154c77a633') in 0.0039036 seconds
Refreshing native plugins compatible for Editor in 2.12 ms, found 4 plugins.
Preloading 0 native plugins for Editor in 0.00 ms.
Asset Pipeline Refresh (id=8ab911ca078494145a80471547aefe08): Total: 0.017 seconds - Initiated by StopAssetImportingV2(NoUpdateAssetOptions)
Start importing Assets/NoSafeCircle/DoorPrototype/Art/Wizard/Source/PixelLab/feminine-dark/selected/standing/east.png using Guid(265f095eae845d544b4fe1e5d828a4c6) (TextureImporter) -> (artifact id: '9cb5002d73d144c814fcda58e67cfdae') in 0.0038452 seconds
Refreshing native plugins compatible for Editor in 1.84 ms, found 4 plugins.
Preloading 0 native plugins for Editor in 0.00 ms.
Asset Pipeline Refresh (id=908e6fb5955fb654e97aacc23bf8c9b2): Total: 0.016 seconds - Initiated by StopAssetImportingV2(NoUpdateAssetOptions)
Start importing Assets/NoSafeCircle/DoorPrototype/Art/Wizard/Source/PixelLab/feminine-dark/selected/standing/east.png using Guid(265f095eae845d544b4fe1e5d828a4c6) (TextureImporter) -> (artifact id: '9cb5002d73d144c814fcda58e67cfdae') in 0.0040863 seconds
Refreshing native plugins compatible for Editor in 2.28 ms, found 4 plugins.
Preloading 0 native plugins for Editor in 0.00 ms.
Asset Pipeline Refresh (id=5fc00b5e3f928ae4091d5e3ce2f6a461): Total: 0.017 seconds - Initiated by StopAssetImportingV2(NoUpdateAssetOptions)
Start importing Assets/NoSafeCircle/DoorPrototype/Art/Wizard/Source/PixelLab/feminine-dark/selected/standing/south-east.png using Guid(69f3c2f3d7452fd41b949253110967be) (TextureImporter) -> (artifact id: '4397a1c5a0be66d178884061a923b2e1') in 0.0037871 seconds
Refreshing native plugins compatible for Editor in 1.79 ms, found 4 plugins.
Preloading 0 native plugins for Editor in 0.00 ms.
Asset Pipeline Refresh (id=79be75daef7a99e4d879e29a5945759e): Total: 0.017 seconds - Initiated by StopAssetImportingV2(NoUpdateAssetOptions)
Start importing Assets/NoSafeCircle/DoorPrototype/Art/Wizard/Source/PixelLab/feminine-dark/selected/standing/south-east.png using Guid(69f3c2f3d7452fd41b949253110967be) (TextureImporter) -> (artifact id: '4397a1c5a0be66d178884061a923b2e1') in 0.0038653 seconds
Refreshing native plugins compatible for Editor in 2.41 ms, found 4 plugins.
Preloading 0 native plugins for Editor in 0.00 ms.
Asset Pipeline Refresh (id=7eaa943368c46864184481b2c2ee839d): Total: 0.017 seconds - Initiated by StopAssetImportingV2(NoUpdateAssetOptions)
Start importing Assets/NoSafeCircle/DoorPrototype/Art/Wizard/Source/PixelLab/feminine-dark/selected/standing/south.png using Guid(395f313db6b829b4e98b7bb95d03047b) (TextureImporter) -> (artifact id: '06e800e892dcd9905fe5060b28b5f432') in 0.0036919 seconds
Refreshing native plugins compatible for Editor in 1.89 ms, found 4 plugins.
Preloading 0 native plugins for Editor in 0.00 ms.
Asset Pipeline Refresh (id=bab0ba8a12ff6a847814b1a36491c2f4): Total: 0.016 seconds - Initiated by StopAssetImportingV2(NoUpdateAssetOptions)
Start importing Assets/NoSafeCircle/DoorPrototype/Art/Wizard/Source/PixelLab/feminine-dark/selected/standing/south.png using Guid(395f313db6b829b4e98b7bb95d03047b) (TextureImporter) -> (artifact id: '06e800e892dcd9905fe5060b28b5f432') in 0.0035033 seconds
Refreshing native plugins compatible for Editor in 1.95 ms, found 4 plugins.
Preloading 0 native plugins for Editor in 0.00 ms.
Asset Pipeline Refresh (id=879f7f12f0118e74d962dff80b6ea31a): Total: 0.016 seconds - Initiated by StopAssetImportingV2(NoUpdateAssetOptions)
Start importing Assets/NoSafeCircle/DoorPrototype/Art/Wizard/Source/PixelLab/feminine-dark/selected/standing/south-west.png using Guid(d340bd93ea196354289606025f38f94d) (TextureImporter) -> (artifact id: 'fc38acd69fd6ef105e1ff51b08ba01a8') in 0.0042037 seconds
Refreshing native plugins compatible for Editor in 2.24 ms, found 4 plugins.
Preloading 0 native plugins for Editor in 0.00 ms.
Asset Pipeline Refresh (id=e2f5eeb0d009cb047abf7e2ee7e13d3c): Total: 0.017 seconds - Initiated by StopAssetImportingV2(NoUpdateAssetOptions)
Start importing Assets/NoSafeCircle/DoorPrototype/Art/Wizard/Source/PixelLab/feminine-dark/selected/standing/south-west.png using Guid(d340bd93ea196354289606025f38f94d) (TextureImporter) -> (artifact id: 'fc38acd69fd6ef105e1ff51b08ba01a8') in 0.0036804 seconds
Refreshing native plugins compatible for Editor in 1.90 ms, found 4 plugins.
Preloading 0 native plugins for Editor in 0.00 ms.
Asset Pipeline Refresh (id=b2661c8bc71b3be4db26b87a316fb2a5): Total: 0.017 seconds - Initiated by StopAssetImportingV2(NoUpdateAssetOptions)
Start importing Assets/NoSafeCircle/DoorPrototype/Art/Wizard/Source/PixelLab/feminine-dark/selected/standing/west.png using Guid(6cc81d4fd67acb649b32359d6fc7cd2e) (TextureImporter) -> (artifact id: 'b22bc9c968cc47cf6a010376ebac42d0') in 0.0037285 seconds
Refreshing native plugins compatible for Editor in 2.06 ms, found 4 plugins.
Preloading 0 native plugins for Editor in 0.00 ms.
Asset Pipeline Refresh (id=aa9ad53defab69d429f4e92013e507ae): Total: 0.016 seconds - Initiated by StopAssetImportingV2(NoUpdateAssetOptions)
Start importing Assets/NoSafeCircle/DoorPrototype/Art/Wizard/Source/PixelLab/feminine-dark/selected/standing/west.png using Guid(6cc81d4fd67acb649b32359d6fc7cd2e) (TextureImporter) -> (artifact id: 'b22bc9c968cc47cf6a010376ebac42d0') in 0.0040641 seconds
Refreshing native plugins compatible for Editor in 1.99 ms, found 4 plugins.
Preloading 0 native plugins for Editor in 0.00 ms.
Asset Pipeline Refresh (id=a78ba69e3011751479743b1fc8627bf3): Total: 0.017 seconds - Initiated by StopAssetImportingV2(NoUpdateAssetOptions)
Start importing Assets/NoSafeCircle/DoorPrototype/Art/Wizard/Source/PixelLab/feminine-dark/selected/standing/north-west.png using Guid(2769efd7b13347c4b8f686924823a27d) (TextureImporter) -> (artifact id: '4ea3b11b57e1340ea36d6987b7b12d69') in 0.0043213 seconds
Refreshing native plugins compatible for Editor in 2.69 ms, found 4 plugins.
Preloading 0 native plugins for Editor in 0.00 ms.
Asset Pipeline Refresh (id=04f442ee9939e1948848dc8d2e1f8ff4): Total: 0.018 seconds - Initiated by StopAssetImportingV2(NoUpdateAssetOptions)
Start importing Assets/NoSafeCircle/DoorPrototype/Art/Wizard/Source/PixelLab/feminine-dark/selected/standing/north-west.png using Guid(2769efd7b13347c4b8f686924823a27d) (TextureImporter) -> (artifact id: '4ea3b11b57e1340ea36d6987b7b12d69') in 0.0038555 seconds
Refreshing native plugins compatible for Editor in 1.83 ms, found 4 plugins.
Preloading 0 native plugins for Editor in 0.00 ms.
Asset Pipeline Refresh (id=960910650e84aa3459e92954813f47ab): Total: 0.017 seconds - Initiated by StopAssetImportingV2(NoUpdateAssetOptions)
Start importing Assets/NoSafeCircle/DoorPrototype/Art/Wizard/Source/PixelLab/feminine-dark/selected/standing/north-east.png using Guid(a1217821b0169bb4a87454fdd117b348) (TextureImporter) -> (artifact id: '7f74f10dd648c38d37ac91154c77a633') in 0.0042624 seconds
Refreshing native plugins compatible for Editor in 1.86 ms, found 4 plugins.
Preloading 0 native plugins for Editor in 0.00 ms.
Asset Pipeline Refresh (id=5541805ec6e93674681146114fe6501c): Total: 0.017 seconds - Initiated by StopAssetImportingV2(NoUpdateAssetOptions)
Start importing Assets/NoSafeCircle/DoorPrototype/Art/Wizard/Source/PixelLab/feminine-dark/selected/standing/north-east.png using Guid(a1217821b0169bb4a87454fdd117b348) (TextureImporter) -> (artifact id: '7f74f10dd648c38d37ac91154c77a633') in 0.0035863 seconds
Refreshing native plugins compatible for Editor in 1.79 ms, found 4 plugins.
Preloading 0 native plugins for Editor in 0.00 ms.
Asset Pipeline Refresh (id=3d8fc110e0dc3da4fad78c8fe7f76b28): Total: 0.016 seconds - Initiated by StopAssetImportingV2(NoUpdateAssetOptions)
Start importing Assets/NoSafeCircle/DoorPrototype/Art/Wizard/Generated/Wizard_Feminine_Black_idle_north-east.anim using Guid(6e96856c748dc8749a34e5d581109c72) (NativeFormatImporter) -> (artifact id: '1a71f74bbd4507ade701795058a82ee4') in 0.0020975 seconds
Refreshing native plugins compatible for Editor in 1.83 ms, found 4 plugins.
Preloading 0 native plugins for Editor in 0.00 ms.
Asset Pipeline Refresh (id=c49c49e4c5f43344e96acbe77a55cc56): Total: 0.015 seconds - Initiated by StopAssetImportingV2(NoUpdateAssetOptions)
Start importing Assets/NoSafeCircle/DoorPrototype/Art/Wizard/Source/PixelLab/feminine-dark/selected/walk/north-east/frame_000.png using Guid(d462df5423f92c7419f5747437825c54) (TextureImporter) -> (artifact id: '7124e47df7330065f093327497894fab') in 0.0039913 seconds
Refreshing native plugins compatible for Editor in 2.19 ms, found 4 plugins.
Preloading 0 native plugins for Editor in 0.00 ms.
Asset Pipeline Refresh (id=73eb4fe42b221634e9c1dd2cd3045630): Total: 0.016 seconds - Initiated by StopAssetImportingV2(NoUpdateAssetOptions)
Start importing Assets/NoSafeCircle/DoorPrototype/Art/Wizard/Source/PixelLab/feminine-dark/selected/walk/north-east/frame_000.png using Guid(d462df5423f92c7419f5747437825c54) (TextureImporter) -> (artifact id: '7124e47df7330065f093327497894fab') in 0.0034581 seconds
Refreshing native plugins compatible for Editor in 2.13 ms, found 4 plugins.
Preloading 0 native plugins for Editor in 0.00 ms.
Asset Pipeline Refresh (id=6a5a705adeadb8043ba6d9e56820aa2b): Total: 0.017 seconds - Initiated by StopAssetImportingV2(NoUpdateAssetOptions)
Start importing Assets/NoSafeCircle/DoorPrototype/Art/Wizard/Source/PixelLab/feminine-dark/selected/walk/north-east/frame_001.png using Guid(934c5236f2abf814bbbafe6d5feb2a49) (TextureImporter) -> (artifact id: 'f87ecdc53322f7836efcedd9c08972b9') in 0.0040643 seconds
Refreshing native plugins compatible for Editor in 2.19 ms, found 4 plugins.
Preloading 0 native plugins for Editor in 0.00 ms.
Asset Pipeline Refresh (id=3f6d082a001e28645b402af07711f341): Total: 0.017 seconds - Initiated by StopAssetImportingV2(NoUpdateAssetOptions)
Start importing Assets/NoSafeCircle/DoorPrototype/Art/Wizard/Source/PixelLab/feminine-dark/selected/walk/north-east/frame_001.png using Guid(934c5236f2abf814bbbafe6d5feb2a49) (TextureImporter) -> (artifact id: 'f87ecdc53322f7836efcedd9c08972b9') in 0.0043419 seconds
Refreshing native plugins compatible for Editor in 2.21 ms, found 4 plugins.
Preloading 0 native plugins for Editor in 0.00 ms.
Asset Pipeline Refresh (id=9b6f89665ad1a9e4792b12ddc6bb1d2a): Total: 0.019 seconds - Initiated by StopAssetImportingV2(NoUpdateAssetOptions)
Start importing Assets/NoSafeCircle/DoorPrototype/Art/Wizard/Source/PixelLab/feminine-dark/selected/walk/north-east/frame_002.png using Guid(5bbcf96f77eecea47b3a25f4a4c5cff2) (TextureImporter) -> (artifact id: 'fad893d8d97b9df80fb79846e64e8f9d') in 0.0039915 seconds
Refreshing native plugins compatible for Editor in 1.91 ms, found 4 plugins.
Preloading 0 native plugins for Editor in 0.00 ms.
Asset Pipeline Refresh (id=ec0ae3d2c9a2bd6439c516e90d16a913): Total: 0.020 seconds - Initiated by StopAssetImportingV2(NoUpdateAssetOptions)
Start importing Assets/NoSafeCircle/DoorPrototype/Art/Wizard/Source/PixelLab/feminine-dark/selected/walk/north-east/frame_002.png using Guid(5bbcf96f77eecea47b3a25f4a4c5cff2) (TextureImporter) -> (artifact id: 'fad893d8d97b9df80fb79846e64e8f9d') in 0.003962 seconds
Refreshing native plugins compatible for Editor in 2.04 ms, found 4 plugins.
Preloading 0 native plugins for Editor in 0.00 ms.
Asset Pipeline Refresh (id=a6bb8c631beb82c4b82cfa7528c0f973): Total: 0.019 seconds - Initiated by StopAssetImportingV2(NoUpdateAssetOptions)
Start importing Assets/NoSafeCircle/DoorPrototype/Art/Wizard/Source/PixelLab/feminine-dark/selected/walk/north-east/frame_003.png using Guid(c43b36f333c165b4a8fe72630a574c70) (TextureImporter) -> (artifact id: 'ce520155dd853bf7b1c91cf9e722dcae') in 0.0041133 seconds
Refreshing native plugins compatible for Editor in 2.28 ms, found 4 plugins.
Preloading 0 native plugins for Editor in 0.00 ms.
Asset Pipeline Refresh (id=7a7bacaa430364246a163fc5832d8365): Total: 0.018 seconds - Initiated by StopAssetImportingV2(NoUpdateAssetOptions)
Start importing Assets/NoSafeCircle/DoorPrototype/Art/Wizard/Source/PixelLab/feminine-dark/selected/walk/north-east/frame_003.png using Guid(c43b36f333c165b4a8fe72630a574c70) (TextureImporter) -> (artifact id: 'ce520155dd853bf7b1c91cf9e722dcae') in 0.0047123 seconds
Refreshing native plugins compatible for Editor in 1.84 ms, found 4 plugins.
Preloading 0 native plugins for Editor in 0.00 ms.
Asset Pipeline Refresh (id=ca7eadb40a4787643ab5b98d92f1606d): Total: 0.020 seconds - Initiated by StopAssetImportingV2(NoUpdateAssetOptions)
Start importing Assets/NoSafeCircle/DoorPrototype/Art/Wizard/Source/PixelLab/feminine-dark/selected/walk/north-east/frame_004.png using Guid(8aa232288451d3e46bd8d8a2871385a5) (TextureImporter) -> (artifact id: '14fecc6bf621722cbe1f151388f12054') in 0.0040965 seconds
Refreshing native plugins compatible for Editor in 1.85 ms, found 4 plugins.
Preloading 0 native plugins for Editor in 0.00 ms.
Asset Pipeline Refresh (id=41f28201ecb6ce744adc49a662b665bf): Total: 0.020 seconds - Initiated by StopAssetImportingV2(NoUpdateAssetOptions)
Start importing Assets/NoSafeCircle/DoorPrototype/Art/Wizard/Source/PixelLab/feminine-dark/selected/walk/north-east/frame_004.png using Guid(8aa232288451d3e46bd8d8a2871385a5) (TextureImporter) -> (artifact id: '14fecc6bf621722cbe1f151388f12054') in 0.0037531 seconds
Refreshing native plugins compatible for Editor in 1.94 ms, found 4 plugins.
Preloading 0 native plugins for Editor in 0.00 ms.
Asset Pipeline Refresh (id=24937ad410847154999de4cfd6a2e4c1): Total: 0.017 seconds - Initiated by StopAssetImportingV2(NoUpdateAssetOptions)
Start importing Assets/NoSafeCircle/DoorPrototype/Art/Wizard/Source/PixelLab/feminine-dark/selected/walk/north-east/frame_005.png using Guid(a0894ac601da64545a9082c129c40dd1) (TextureImporter) -> (artifact id: '99c0eb2a866e7c6332754dd836ef7d23') in 0.0040597 seconds
Refreshing native plugins compatible for Editor in 1.81 ms, found 4 plugins.
Preloading 0 native plugins for Editor in 0.00 ms.
Asset Pipeline Refresh (id=a47d12a0cfbb06c42baf8bd64ee65d2e): Total: 0.017 seconds - Initiated by StopAssetImportingV2(NoUpdateAssetOptions)
Start importing Assets/NoSafeCircle/DoorPrototype/Art/Wizard/Source/PixelLab/feminine-dark/selected/walk/north-east/frame_005.png using Guid(a0894ac601da64545a9082c129c40dd1) (TextureImporter) -> (artifact id: '99c0eb2a866e7c6332754dd836ef7d23') in 0.0119187 seconds
Refreshing native plugins compatible for Editor in 1.94 ms, found 4 plugins.
Preloading 0 native plugins for Editor in 0.00 ms.
Asset Pipeline Refresh (id=b2731dfb6a793ab45aefe55a1ae992a3): Total: 0.026 seconds - Initiated by StopAssetImportingV2(NoUpdateAssetOptions)
Start importing Assets/NoSafeCircle/DoorPrototype/Art/Wizard/Generated/Wizard_Feminine_Black_walk_north-east.anim using Guid(1431d10fec45c5641a6381d12aa09fd5) (NativeFormatImporter) -> (artifact id: 'f9cbf81ad735db7593eb5a1164b167ae') in 0.0019125 seconds
Refreshing native plugins compatible for Editor in 2.53 ms, found 4 plugins.
Preloading 0 native plugins for Editor in 0.00 ms.
Asset Pipeline Refresh (id=cf26866d285a3f8489afecb9aa885638): Total: 0.015 seconds - Initiated by StopAssetImportingV2(NoUpdateAssetOptions)
Start importing Assets/NoSafeCircle/DoorPrototype/Art/Wizard/Source/PixelLab/feminine-dark/selected/standing/north-west.png using Guid(2769efd7b13347c4b8f686924823a27d) (TextureImporter) -> (artifact id: '4ea3b11b57e1340ea36d6987b7b12d69') in 0.0037909 seconds
Refreshing native plugins compatible for Editor in 1.92 ms, found 4 plugins.
Preloading 0 native plugins for Editor in 0.00 ms.
Asset Pipeline Refresh (id=4060db8fd8c86bf4b9de66c6cec7afd3): Total: 0.017 seconds - Initiated by StopAssetImportingV2(NoUpdateAssetOptions)
Start importing Assets/NoSafeCircle/DoorPrototype/Art/Wizard/Source/PixelLab/feminine-dark/selected/standing/north-west.png using Guid(2769efd7b13347c4b8f686924823a27d) (TextureImporter) -> (artifact id: '4ea3b11b57e1340ea36d6987b7b12d69') in 0.0038682 seconds
Refreshing native plugins compatible for Editor in 1.88 ms, found 4 plugins.
Preloading 0 native plugins for Editor in 0.00 ms.
Asset Pipeline Refresh (id=3d4e8522a6e6a32458b6918081002b1f): Total: 0.017 seconds - Initiated by StopAssetImportingV2(NoUpdateAssetOptions)
Start importing Assets/NoSafeCircle/DoorPrototype/Art/Wizard/Generated/Wizard_Feminine_Black_idle_north-west.anim using Guid(f361f02204528d1409ed0bb8ba3a11cf) (NativeFormatImporter) -> (artifact id: 'e0c0fe93ec292d37ff23e08ee10cd410') in 0.0019878 seconds
Refreshing native plugins compatible for Editor in 1.90 ms, found 4 plugins.
Preloading 0 native plugins for Editor in 0.00 ms.
Asset Pipeline Refresh (id=98e213df5be5205458a9e7f12d0c3f87): Total: 0.015 seconds - Initiated by StopAssetImportingV2(NoUpdateAssetOptions)
Start importing Assets/NoSafeCircle/DoorPrototype/Art/Wizard/Source/PixelLab/feminine-dark/selected/walk/north-west/frame_000.png using Guid(b2d5757cf9982f6438b0a0968e942f4e) (TextureImporter) -> (artifact id: 'c24ef045d3c1cf4fc4fe8fb650bb5204') in 0.0037761 seconds
Refreshing native plugins compatible for Editor in 1.82 ms, found 4 plugins.
Preloading 0 native plugins for Editor in 0.00 ms.
Asset Pipeline Refresh (id=3d959696aa58ee845ba68da27aefad87): Total: 0.017 seconds - Initiated by StopAssetImportingV2(NoUpdateAssetOptions)
Start importing Assets/NoSafeCircle/DoorPrototype/Art/Wizard/Source/PixelLab/feminine-dark/selected/walk/north-west/frame_000.png using Guid(b2d5757cf9982f6438b0a0968e942f4e) (TextureImporter) -> (artifact id: 'c24ef045d3c1cf4fc4fe8fb650bb5204') in 0.0034545 seconds
Refreshing native plugins compatible for Editor in 1.88 ms, found 4 plugins.
Preloading 0 native plugins for Editor in 0.00 ms.
Asset Pipeline Refresh (id=ee545ca5720c9004e8ce3c097ea0db07): Total: 0.017 seconds - Initiated by StopAssetImportingV2(NoUpdateAssetOptions)
Start importing Assets/NoSafeCircle/DoorPrototype/Art/Wizard/Source/PixelLab/feminine-dark/selected/walk/north-west/frame_001.png using Guid(bacfb0912685f2c47be59332eecfb79f) (TextureImporter) -> (artifact id: 'bea36bd28fdc0f7d5c4bcb2415053062') in 0.0036763 seconds
Refreshing native plugins compatible for Editor in 1.92 ms, found 4 plugins.
Preloading 0 native plugins for Editor in 0.00 ms.
Asset Pipeline Refresh (id=34c12450c66f0814f8f2a13eb67ec18e): Total: 0.018 seconds - Initiated by StopAssetImportingV2(NoUpdateAssetOptions)
Start importing Assets/NoSafeCircle/DoorPrototype/Art/Wizard/Source/PixelLab/feminine-dark/selected/walk/north-west/frame_001.png using Guid(bacfb0912685f2c47be59332eecfb79f) (TextureImporter) -> (artifact id: 'bea36bd28fdc0f7d5c4bcb2415053062') in 0.0035517 seconds
Refreshing native plugins compatible for Editor in 1.96 ms, found 4 plugins.
Preloading 0 native plugins for Editor in 0.00 ms.
Asset Pipeline Refresh (id=cd671bdfb2f4bdf44bd8cd21a42a49fc): Total: 0.017 seconds - Initiated by StopAssetImportingV2(NoUpdateAssetOptions)
Start importing Assets/NoSafeCircle/DoorPrototype/Art/Wizard/Source/PixelLab/feminine-dark/selected/walk/north-west/frame_002.png using Guid(43641314ffd78644bbb8d79a9776b84c) (TextureImporter) -> (artifact id: 'ed81ced7411fb7fc4f5edef5cc9b2b9f') in 0.0036595 seconds
Refreshing native plugins compatible for Editor in 1.91 ms, found 4 plugins.
Preloading 0 native plugins for Editor in 0.00 ms.
Asset Pipeline Refresh (id=a1528aa5fe743124b964ced9af3ca7c7): Total: 0.017 seconds - Initiated by StopAssetImportingV2(NoUpdateAssetOptions)
Start importing Assets/NoSafeCircle/DoorPrototype/Art/Wizard/Source/PixelLab/feminine-dark/selected/walk/north-west/frame_002.png using Guid(43641314ffd78644bbb8d79a9776b84c) (TextureImporter) -> (artifact id: 'ed81ced7411fb7fc4f5edef5cc9b2b9f') in 0.0037813 seconds
Refreshing native plugins compatible for Editor in 2.14 ms, found 4 plugins.
Preloading 0 native plugins for Editor in 0.00 ms.
Asset Pipeline Refresh (id=5444d513c36dc3345b1291e0be80aa95): Total: 0.017 seconds - Initiated by StopAssetImportingV2(NoUpdateAssetOptions)
Start importing Assets/NoSafeCircle/DoorPrototype/Art/Wizard/Source/PixelLab/feminine-dark/selected/walk/north-west/frame_003.png using Guid(61e25e85aead3e74cb96a92501bf59ed) (TextureImporter) -> (artifact id: 'd50ce355a979d76e97cf951d09d7a7ef') in 0.0038461 seconds
Refreshing native plugins compatible for Editor in 2.01 ms, found 4 plugins.
Preloading 0 native plugins for Editor in 0.00 ms.
Asset Pipeline Refresh (id=9485d064f25f6ed449b0fa21ca0351eb): Total: 0.016 seconds - Initiated by StopAssetImportingV2(NoUpdateAssetOptions)
Start importing Assets/NoSafeCircle/DoorPrototype/Art/Wizard/Source/PixelLab/feminine-dark/selected/walk/north-west/frame_003.png using Guid(61e25e85aead3e74cb96a92501bf59ed) (TextureImporter) -> (artifact id: 'd50ce355a979d76e97cf951d09d7a7ef') in 0.0037501 seconds
Refreshing native plugins compatible for Editor in 1.87 ms, found 4 plugins.
Preloading 0 native plugins for Editor in 0.00 ms.
Asset Pipeline Refresh (id=f2c1422e03aef77488122e15533b8313): Total: 0.017 seconds - Initiated by StopAssetImportingV2(NoUpdateAssetOptions)
Start importing Assets/NoSafeCircle/DoorPrototype/Art/Wizard/Source/PixelLab/feminine-dark/selected/walk/north-west/frame_004.png using Guid(cba25ac15602f0e4e823186fb93689ee) (TextureImporter) -> (artifact id: '7541b6e23aa38e5ad1847a783cec4a31') in 0.0045714 seconds
Refreshing native plugins compatible for Editor in 1.91 ms, found 4 plugins.
Preloading 0 native plugins for Editor in 0.00 ms.
Asset Pipeline Refresh (id=d969e1e7078a71b488f60d32756f067c): Total: 0.017 seconds - Initiated by StopAssetImportingV2(NoUpdateAssetOptions)
Start importing Assets/NoSafeCircle/DoorPrototype/Art/Wizard/Source/PixelLab/feminine-dark/selected/walk/north-west/frame_004.png using Guid(cba25ac15602f0e4e823186fb93689ee) (TextureImporter) -> (artifact id: '7541b6e23aa38e5ad1847a783cec4a31') in 0.0038113 seconds
Refreshing native plugins compatible for Editor in 1.91 ms, found 4 plugins.
Preloading 0 native plugins for Editor in 0.00 ms.
Asset Pipeline Refresh (id=8b273c0d492db0a42aba5f87f9943ad6): Total: 0.017 seconds - Initiated by StopAssetImportingV2(NoUpdateAssetOptions)
Start importing Assets/NoSafeCircle/DoorPrototype/Art/Wizard/Source/PixelLab/feminine-dark/selected/walk/north-west/frame_005.png using Guid(ee707e37c718b5746a0aa049cf661457) (TextureImporter) -> (artifact id: '9db9930a716d84507bd1a2b123cffbe9') in 0.0037333 seconds
Refreshing native plugins compatible for Editor in 1.84 ms, found 4 plugins.
Preloading 0 native plugins for Editor in 0.00 ms.
Asset Pipeline Refresh (id=1b0024430c1cbcd40be88895fd14ca99): Total: 0.017 seconds - Initiated by StopAssetImportingV2(NoUpdateAssetOptions)
Start importing Assets/NoSafeCircle/DoorPrototype/Art/Wizard/Source/PixelLab/feminine-dark/selected/walk/north-west/frame_005.png using Guid(ee707e37c718b5746a0aa049cf661457) (TextureImporter) -> (artifact id: '9db9930a716d84507bd1a2b123cffbe9') in 0.0038046 seconds
Refreshing native plugins compatible for Editor in 1.84 ms, found 4 plugins.
Preloading 0 native plugins for Editor in 0.00 ms.
Asset Pipeline Refresh (id=c83ffadc9fbc0384798a9774574edc52): Total: 0.017 seconds - Initiated by StopAssetImportingV2(NoUpdateAssetOptions)
Start importing Assets/NoSafeCircle/DoorPrototype/Art/Wizard/Generated/Wizard_Feminine_Black_walk_north-west.anim using Guid(72332a3000f552f4f91ad3412153d01c) (NativeFormatImporter) -> (artifact id: 'a4cee882528f8335d008583b95f0119d') in 0.0018237 seconds
Refreshing native plugins compatible for Editor in 2.36 ms, found 4 plugins.
Preloading 0 native plugins for Editor in 0.00 ms.
Asset Pipeline Refresh (id=c42a4fc5897b3754cb9f3c89582383e0): Total: 0.015 seconds - Initiated by StopAssetImportingV2(NoUpdateAssetOptions)
Start importing Assets/NoSafeCircle/DoorPrototype/Art/Wizard/Source/PixelLab/feminine-dark/selected/standing/south-east.png using Guid(69f3c2f3d7452fd41b949253110967be) (TextureImporter) -> (artifact id: '4397a1c5a0be66d178884061a923b2e1') in 0.0042363 seconds
Refreshing native plugins compatible for Editor in 1.94 ms, found 4 plugins.
Preloading 0 native plugins for Editor in 0.00 ms.
Asset Pipeline Refresh (id=df886bcae7d949743801a146e79e94f7): Total: 0.017 seconds - Initiated by StopAssetImportingV2(NoUpdateAssetOptions)
Start importing Assets/NoSafeCircle/DoorPrototype/Art/Wizard/Source/PixelLab/feminine-dark/selected/standing/south-east.png using Guid(69f3c2f3d7452fd41b949253110967be) (TextureImporter) -> (artifact id: '4397a1c5a0be66d178884061a923b2e1') in 0.0045282 seconds
Refreshing native plugins compatible for Editor in 2.62 ms, found 4 plugins.
Preloading 0 native plugins for Editor in 0.00 ms.
Asset Pipeline Refresh (id=6a98eb97c412c4746911196626927de6): Total: 0.019 seconds - Initiated by StopAssetImportingV2(NoUpdateAssetOptions)
Start importing Assets/NoSafeCircle/DoorPrototype/Art/Wizard/Generated/Wizard_Feminine_Black_idle_south-east.anim using Guid(0dd27da7f0277cd4a8bd40abecd08b59) (NativeFormatImporter) -> (artifact id: 'f74c149ccf15f37feca4abdfe2df5319') in 0.001911 seconds
Refreshing native plugins compatible for Editor in 1.89 ms, found 4 plugins.
Preloading 0 native plugins for Editor in 0.00 ms.
Asset Pipeline Refresh (id=a74ce161d29552e4e9014fa029007df8): Total: 0.015 seconds - Initiated by StopAssetImportingV2(NoUpdateAssetOptions)
Start importing Assets/NoSafeCircle/DoorPrototype/Art/Wizard/Source/PixelLab/feminine-dark/selected/walk/south-east/frame_000.png using Guid(42dd774045ddbc744be866ab33da0f8d) (TextureImporter) -> (artifact id: '600f193814c7180306f32c4693e99939') in 0.0038825 seconds
Refreshing native plugins compatible for Editor in 1.83 ms, found 4 plugins.
Preloading 0 native plugins for Editor in 0.00 ms.
Asset Pipeline Refresh (id=32a638f8c3bd2ff4597afceda795e6e1): Total: 0.017 seconds - Initiated by StopAssetImportingV2(NoUpdateAssetOptions)
Start importing Assets/NoSafeCircle/DoorPrototype/Art/Wizard/Source/PixelLab/feminine-dark/selected/walk/south-east/frame_000.png using Guid(42dd774045ddbc744be866ab33da0f8d) (TextureImporter) -> (artifact id: '600f193814c7180306f32c4693e99939') in 0.0036078 seconds
Refreshing native plugins compatible for Editor in 1.84 ms, found 4 plugins.
Preloading 0 native plugins for Editor in 0.00 ms.
Asset Pipeline Refresh (id=5cc1836ba337df94b90cd29177aaa05a): Total: 0.017 seconds - Initiated by StopAssetImportingV2(NoUpdateAssetOptions)
Start importing Assets/NoSafeCircle/DoorPrototype/Art/Wizard/Source/PixelLab/feminine-dark/selected/walk/south-east/frame_001.png using Guid(f44a7393b774d5442ba1251cde6646cf) (TextureImporter) -> (artifact id: '72751aa741cfbe3e62b3bf540775cb91') in 0.0040889 seconds
Refreshing native plugins compatible for Editor in 1.87 ms, found 4 plugins.
Preloading 0 native plugins for Editor in 0.00 ms.
Asset Pipeline Refresh (id=ba2347355659ce746bcf8ea20d035c1e): Total: 0.017 seconds - Initiated by StopAssetImportingV2(NoUpdateAssetOptions)
Start importing Assets/NoSafeCircle/DoorPrototype/Art/Wizard/Source/PixelLab/feminine-dark/selected/walk/south-east/frame_001.png using Guid(f44a7393b774d5442ba1251cde6646cf) (TextureImporter) -> (artifact id: '72751aa741cfbe3e62b3bf540775cb91') in 0.0038695 seconds
Refreshing native plugins compatible for Editor in 2.05 ms, found 4 plugins.
Preloading 0 native plugins for Editor in 0.00 ms.
Asset Pipeline Refresh (id=e08150aaddb41d545858eaee3f3e34f0): Total: 0.017 seconds - Initiated by StopAssetImportingV2(NoUpdateAssetOptions)
Start importing Assets/NoSafeCircle/DoorPrototype/Art/Wizard/Source/PixelLab/feminine-dark/selected/walk/south-east/frame_002.png using Guid(aa283dd44f6c7fb46b54a6f6ea040ed0) (TextureImporter) -> (artifact id: 'b9d8c4b4fd0ccab59f948aeadaf2c3af') in 0.0037318 seconds
Refreshing native plugins compatible for Editor in 1.83 ms, found 4 plugins.
Preloading 0 native plugins for Editor in 0.00 ms.
Asset Pipeline Refresh (id=44c7b1d8e83562548afa9e09b0e35263): Total: 0.016 seconds - Initiated by StopAssetImportingV2(NoUpdateAssetOptions)
Start importing Assets/NoSafeCircle/DoorPrototype/Art/Wizard/Source/PixelLab/feminine-dark/selected/walk/south-east/frame_002.png using Guid(aa283dd44f6c7fb46b54a6f6ea040ed0) (TextureImporter) -> (artifact id: 'b9d8c4b4fd0ccab59f948aeadaf2c3af') in 0.003716 seconds
Refreshing native plugins compatible for Editor in 1.87 ms, found 4 plugins.
Preloading 0 native plugins for Editor in 0.00 ms.
Asset Pipeline Refresh (id=1413ecb42f4782d4e9c446de901ada95): Total: 0.016 seconds - Initiated by StopAssetImportingV2(NoUpdateAssetOptions)
Start importing Assets/NoSafeCircle/DoorPrototype/Art/Wizard/Source/PixelLab/feminine-dark/selected/walk/south-east/frame_003.png using Guid(a7fff011355f1f84a8b447804a104b20) (TextureImporter) -> (artifact id: '710c504c094dfc56e2d7b28d82a6baba') in 0.003821 seconds
Refreshing native plugins compatible for Editor in 2.13 ms, found 4 plugins.
Preloading 0 native plugins for Editor in 0.00 ms.
Asset Pipeline Refresh (id=90588ee94b7bfd04f94c091bb9450b43): Total: 0.017 seconds - Initiated by StopAssetImportingV2(NoUpdateAssetOptions)
Start importing Assets/NoSafeCircle/DoorPrototype/Art/Wizard/Source/PixelLab/feminine-dark/selected/walk/south-east/frame_003.png using Guid(a7fff011355f1f84a8b447804a104b20) (TextureImporter) -> (artifact id: '710c504c094dfc56e2d7b28d82a6baba') in 0.0044601 seconds
Refreshing native plugins compatible for Editor in 2.14 ms, found 4 plugins.
Preloading 0 native plugins for Editor in 0.00 ms.
Asset Pipeline Refresh (id=60850910cf71e3f4fba769a297f58c6b): Total: 0.018 seconds - Initiated by StopAssetImportingV2(NoUpdateAssetOptions)
Start importing Assets/NoSafeCircle/DoorPrototype/Art/Wizard/Source/PixelLab/feminine-dark/selected/walk/south-east/frame_004.png using Guid(01492cb486f6c914583ea38853044689) (TextureImporter) -> (artifact id: '6fa297b56a951424520c024b5cbb3fd6') in 0.0039547 seconds
Refreshing native plugins compatible for Editor in 1.91 ms, found 4 plugins.
Preloading 0 native plugins for Editor in 0.00 ms.
Asset Pipeline Refresh (id=45738ffcf85e7e642be5fc8ee9c62246): Total: 0.017 seconds - Initiated by StopAssetImportingV2(NoUpdateAssetOptions)
Start importing Assets/NoSafeCircle/DoorPrototype/Art/Wizard/Source/PixelLab/feminine-dark/selected/walk/south-east/frame_004.png using Guid(01492cb486f6c914583ea38853044689) (TextureImporter) -> (artifact id: '6fa297b56a951424520c024b5cbb3fd6') in 0.0037353 seconds
Refreshing native plugins compatible for Editor in 1.94 ms, found 4 plugins.
Preloading 0 native plugins for Editor in 0.00 ms.
Asset Pipeline Refresh (id=4168146584e81424aa9f9878d8297a60): Total: 0.017 seconds - Initiated by StopAssetImportingV2(NoUpdateAssetOptions)
Start importing Assets/NoSafeCircle/DoorPrototype/Art/Wizard/Source/PixelLab/feminine-dark/selected/walk/south-east/frame_005.png using Guid(7171027cf4425fe4a94f7642fc6e9771) (TextureImporter) -> (artifact id: 'a7cd63b03cee117cfc5cf439e8a7d69e') in 0.0039048 seconds
Refreshing native plugins compatible for Editor in 2.02 ms, found 4 plugins.
Preloading 0 native plugins for Editor in 0.00 ms.
Asset Pipeline Refresh (id=8db04c932ae4954419568c29d8b855cc): Total: 0.017 seconds - Initiated by StopAssetImportingV2(NoUpdateAssetOptions)
Start importing Assets/NoSafeCircle/DoorPrototype/Art/Wizard/Source/PixelLab/feminine-dark/selected/walk/south-east/frame_005.png using Guid(7171027cf4425fe4a94f7642fc6e9771) (TextureImporter) -> (artifact id: 'a7cd63b03cee117cfc5cf439e8a7d69e') in 0.0037582 seconds
Refreshing native plugins compatible for Editor in 2.44 ms, found 4 plugins.
Preloading 0 native plugins for Editor in 0.00 ms.
Asset Pipeline Refresh (id=0d4ddb34c821dcd4f8c8fa82e702533d): Total: 0.019 seconds - Initiated by StopAssetImportingV2(NoUpdateAssetOptions)
Start importing Assets/NoSafeCircle/DoorPrototype/Art/Wizard/Generated/Wizard_Feminine_Black_walk_south-east.anim using Guid(ed25b7f324d907c43bae3068122da65f) (NativeFormatImporter) -> (artifact id: '76e74549ba772f794f594a21d489763e') in 0.0019967 seconds
Refreshing native plugins compatible for Editor in 2.08 ms, found 4 plugins.
Preloading 0 native plugins for Editor in 0.00 ms.
Asset Pipeline Refresh (id=3bb16472ee1bb704484ac56089521859): Total: 0.015 seconds - Initiated by StopAssetImportingV2(NoUpdateAssetOptions)
Start importing Assets/NoSafeCircle/DoorPrototype/Art/Wizard/Source/PixelLab/feminine-dark/selected/standing/south-west.png using Guid(d340bd93ea196354289606025f38f94d) (TextureImporter) -> (artifact id: 'fc38acd69fd6ef105e1ff51b08ba01a8') in 0.0043473 seconds
Refreshing native plugins compatible for Editor in 1.94 ms, found 4 plugins.
Preloading 0 native plugins for Editor in 0.00 ms.
Asset Pipeline Refresh (id=2626f4881642e974c8ee01029417a2d5): Total: 0.018 seconds - Initiated by StopAssetImportingV2(NoUpdateAssetOptions)
Start importing Assets/NoSafeCircle/DoorPrototype/Art/Wizard/Source/PixelLab/feminine-dark/selected/standing/south-west.png using Guid(d340bd93ea196354289606025f38f94d) (TextureImporter) -> (artifact id: 'fc38acd69fd6ef105e1ff51b08ba01a8') in 0.0038025 seconds
Refreshing native plugins compatible for Editor in 1.83 ms, found 4 plugins.
Preloading 0 native plugins for Editor in 0.00 ms.
Asset Pipeline Refresh (id=d4b7d9c5fea9f58469351c83a214f1f1): Total: 0.018 seconds - Initiated by StopAssetImportingV2(NoUpdateAssetOptions)
Start importing Assets/NoSafeCircle/DoorPrototype/Art/Wizard/Generated/Wizard_Feminine_Black_idle_south-west.anim using Guid(bf261637b1d7d8d4ab5e51947309c429) (NativeFormatImporter) -> (artifact id: '217744601dc286ec5ea7ac1422d9783a') in 0.0018608 seconds
Refreshing native plugins compatible for Editor in 1.81 ms, found 4 plugins.
Preloading 0 native plugins for Editor in 0.00 ms.
Asset Pipeline Refresh (id=3213e1054d843c847acfb701c63e9eba): Total: 0.015 seconds - Initiated by StopAssetImportingV2(NoUpdateAssetOptions)
Start importing Assets/NoSafeCircle/DoorPrototype/Art/Wizard/Source/PixelLab/feminine-dark/selected/walk/south-west/frame_000.png using Guid(e6869e02dfb3c8245b1f25e335eccc30) (TextureImporter) -> (artifact id: 'fe195950609abc4335f1aa6a0c361bbb') in 0.0041975 seconds
Refreshing native plugins compatible for Editor in 1.97 ms, found 4 plugins.
Preloading 0 native plugins for Editor in 0.00 ms.
Asset Pipeline Refresh (id=284f18b16588c564699518c25fbccff2): Total: 0.018 seconds - Initiated by StopAssetImportingV2(NoUpdateAssetOptions)
Start importing Assets/NoSafeCircle/DoorPrototype/Art/Wizard/Source/PixelLab/feminine-dark/selected/walk/south-west/frame_000.png using Guid(e6869e02dfb3c8245b1f25e335eccc30) (TextureImporter) -> (artifact id: 'fe195950609abc4335f1aa6a0c361bbb') in 0.0036487 seconds
Refreshing native plugins compatible for Editor in 1.84 ms, found 4 plugins.
Preloading 0 native plugins for Editor in 0.00 ms.
Asset Pipeline Refresh (id=e17cef498feef9e4eaf6e13902828059): Total: 0.017 seconds - Initiated by StopAssetImportingV2(NoUpdateAssetOptions)
Start importing Assets/NoSafeCircle/DoorPrototype/Art/Wizard/Source/PixelLab/feminine-dark/selected/walk/south-west/frame_001.png using Guid(20b8291cd2748074f8e43235b7bd74ae) (TextureImporter) -> (artifact id: 'f2501b8126d82508f24ae1443b6a4532') in 0.0039144 seconds
Refreshing native plugins compatible for Editor in 2.15 ms, found 4 plugins.
Preloading 0 native plugins for Editor in 0.00 ms.
Asset Pipeline Refresh (id=1a553703454afed4a9bcd4c68f5f58f3): Total: 0.017 seconds - Initiated by StopAssetImportingV2(NoUpdateAssetOptions)
Start importing Assets/NoSafeCircle/DoorPrototype/Art/Wizard/Source/PixelLab/feminine-dark/selected/walk/south-west/frame_001.png using Guid(20b8291cd2748074f8e43235b7bd74ae) (TextureImporter) -> (artifact id: 'f2501b8126d82508f24ae1443b6a4532') in 0.0037156 seconds
Refreshing native plugins compatible for Editor in 1.98 ms, found 4 plugins.
Preloading 0 native plugins for Editor in 0.00 ms.
Asset Pipeline Refresh (id=f4fddae866960a64b9097b53da818576): Total: 0.018 seconds - Initiated by StopAssetImportingV2(NoUpdateAssetOptions)
Start importing Assets/NoSafeCircle/DoorPrototype/Art/Wizard/Source/PixelLab/feminine-dark/selected/walk/south-west/frame_002.png using Guid(05e3fc8b77328f840b0fce4d8257eff1) (TextureImporter) -> (artifact id: '2f7e0d41861ac8d8b8ed9f96988030a2') in 0.0062554 seconds
Refreshing native plugins compatible for Editor in 2.14 ms, found 4 plugins.
Preloading 0 native plugins for Editor in 0.00 ms.
Asset Pipeline Refresh (id=68cfa807ef6be904999efa5604a02218): Total: 0.023 seconds - Initiated by StopAssetImportingV2(NoUpdateAssetOptions)
Start importing Assets/NoSafeCircle/DoorPrototype/Art/Wizard/Source/PixelLab/feminine-dark/selected/walk/south-west/frame_002.png using Guid(05e3fc8b77328f840b0fce4d8257eff1) (TextureImporter) -> (artifact id: '2f7e0d41861ac8d8b8ed9f96988030a2') in 0.0040243 seconds
Refreshing native plugins compatible for Editor in 1.81 ms, found 4 plugins.
Preloading 0 native plugins for Editor in 0.00 ms.
Asset Pipeline Refresh (id=59d417c1ce07096478f5fd22e74c3367): Total: 0.023 seconds - Initiated by StopAssetImportingV2(NoUpdateAssetOptions)
Start importing Assets/NoSafeCircle/DoorPrototype/Art/Wizard/Source/PixelLab/feminine-dark/selected/walk/south-west/frame_003.png using Guid(892244fe00fae7b43a37a0eea50191ef) (TextureImporter) -> (artifact id: '010143c5b9ae894b8e1fc0497743970b') in 0.0041773 seconds
Refreshing native plugins compatible for Editor in 1.87 ms, found 4 plugins.
Preloading 0 native plugins for Editor in 0.00 ms.
Asset Pipeline Refresh (id=b35c8e12d6ff6484aae742850e9fedcc): Total: 0.017 seconds - Initiated by StopAssetImportingV2(NoUpdateAssetOptions)
Start importing Assets/NoSafeCircle/DoorPrototype/Art/Wizard/Source/PixelLab/feminine-dark/selected/walk/south-west/frame_003.png using Guid(892244fe00fae7b43a37a0eea50191ef) (TextureImporter) -> (artifact id: '010143c5b9ae894b8e1fc0497743970b') in 0.0039371 seconds
Refreshing native plugins compatible for Editor in 2.18 ms, found 4 plugins.
Preloading 0 native plugins for Editor in 0.00 ms.
Asset Pipeline Refresh (id=c6adb6b4a6484a54b89503ee2b139300): Total: 0.018 seconds - Initiated by StopAssetImportingV2(NoUpdateAssetOptions)
Start importing Assets/NoSafeCircle/DoorPrototype/Art/Wizard/Source/PixelLab/feminine-dark/selected/walk/south-west/frame_004.png using Guid(6e335674cfa970648b41c4e47a1e9937) (TextureImporter) -> (artifact id: '414f0ae31ab5f862f9ea0a1ad424afab') in 0.0038231 seconds
Refreshing native plugins compatible for Editor in 1.86 ms, found 4 plugins.
Preloading 0 native plugins for Editor in 0.00 ms.
Asset Pipeline Refresh (id=819d12cc8f52a134a9d0f8bb62661dd5): Total: 0.016 seconds - Initiated by StopAssetImportingV2(NoUpdateAssetOptions)
Start importing Assets/NoSafeCircle/DoorPrototype/Art/Wizard/Source/PixelLab/feminine-dark/selected/walk/south-west/frame_004.png using Guid(6e335674cfa970648b41c4e47a1e9937) (TextureImporter) -> (artifact id: '414f0ae31ab5f862f9ea0a1ad424afab') in 0.0038362 seconds
Refreshing native plugins compatible for Editor in 1.83 ms, found 4 plugins.
Preloading 0 native plugins for Editor in 0.00 ms.
Asset Pipeline Refresh (id=c29d662dc9d4c8848aebf8c5f49be00e): Total: 0.017 seconds - Initiated by StopAssetImportingV2(NoUpdateAssetOptions)
Start importing Assets/NoSafeCircle/DoorPrototype/Art/Wizard/Source/PixelLab/feminine-dark/selected/walk/south-west/frame_005.png using Guid(68e7669fb892bb94eb46a71acf7b786d) (TextureImporter) -> (artifact id: 'efc31e61ed2fd10b19ca8b09508e1c41') in 0.0039094 seconds
Refreshing native plugins compatible for Editor in 1.81 ms, found 4 plugins.
Preloading 0 native plugins for Editor in 0.00 ms.
Asset Pipeline Refresh (id=572d8dcf50648674aa0073ff815b8891): Total: 0.016 seconds - Initiated by StopAssetImportingV2(NoUpdateAssetOptions)
Start importing Assets/NoSafeCircle/DoorPrototype/Art/Wizard/Source/PixelLab/feminine-dark/selected/walk/south-west/frame_005.png using Guid(68e7669fb892bb94eb46a71acf7b786d) (TextureImporter) -> (artifact id: 'efc31e61ed2fd10b19ca8b09508e1c41') in 0.0036556 seconds
Refreshing native plugins compatible for Editor in 2.24 ms, found 4 plugins.
Preloading 0 native plugins for Editor in 0.00 ms.
Asset Pipeline Refresh (id=93dc433012a99ff43b9393512f6c9738): Total: 0.018 seconds - Initiated by StopAssetImportingV2(NoUpdateAssetOptions)
Start importing Assets/NoSafeCircle/DoorPrototype/Art/Wizard/Generated/Wizard_Feminine_Black_walk_south-west.anim using Guid(14b171285160a5e4f8a497ce88dac2e5) (NativeFormatImporter) -> (artifact id: '420cb8efab5266cf5e97e5e4e8fabda9') in 0.0016611 seconds
Refreshing native plugins compatible for Editor in 2.73 ms, found 4 plugins.
Preloading 0 native plugins for Editor in 0.00 ms.
Asset Pipeline Refresh (id=acc1c795f0f3ff048b2cde05a45214bc): Total: 0.015 seconds - Initiated by StopAssetImportingV2(NoUpdateAssetOptions)
Start importing Assets/NoSafeCircle/DoorPrototype/Art/Wizard/Generated/WizardAnimator.controller using Guid(f3086ed4e66bdda44ae036148ba6f2e5) (NativeFormatImporter) -> (artifact id: 'a6f8df6bf6ae0033ffe302273a2f606d') in 0.0024472 seconds
Refreshing native plugins compatible for Editor in 1.90 ms, found 4 plugins.
Preloading 0 native plugins for Editor in 0.00 ms.
Asset Pipeline Refresh (id=bb0ef64493d266b47b9a0a3f967a460b): Total: 0.015 seconds - Initiated by StopAssetImportingV2(NoUpdateAssetOptions)
Start importing Assets/Scenes/DoorPrototype.unity using Guid(92dbd0a3e6c18e245896a66c5120379d) (DefaultImporter) -> (artifact id: '31d952e79ba2780e2ec64e8d4a96219e') in 0.0009321 seconds
Refreshing native plugins compatible for Editor in 1.99 ms, found 4 plugins.
Preloading 0 native plugins for Editor in 0.00 ms.
Asset Pipeline Refresh (id=eb52f8f7db9564b4da4bc375f5b50923): Total: 0.016 seconds - Initiated by StopAssetImportingV2(NoUpdateAssetOptions)
Asset Pipeline Refresh (id=abc0496c447297840b776fbfdf6a5ff9): Total: 0.010 seconds - Initiated by RefreshV2(NoUpdateAssetOptions)
Door Prototype scene built at Assets/Scenes/DoorPrototype.unity
UnityEngine.Debug:ExtractStackTraceNoAlloc (byte*,int,string)
UnityEngine.StackTraceUtility:ExtractStackTrace ()
UnityEngine.DebugLogHandler:Internal_Log (UnityEngine.LogType,UnityEngine.LogOption,string,UnityEngine.Object)
UnityEngine.DebugLogHandler:LogFormat (UnityEngine.LogType,UnityEngine.Object,string,object[])
UnityEngine.Logger:Log (UnityEngine.LogType,object)
UnityEngine.Debug:Log (object)
NoSafeCircle.DoorPrototype.Editor.DoorPrototypeSceneBuilder:Build () (at Assets/NoSafeCircle/DoorPrototype/Editor/DoorPrototypeSceneBuilder.cs:118)
NoSafeCircle.DoorPrototype.Editor.WebGLBuilder:BuildFinal () (at Assets/NoSafeCircle/DoorPrototype/Editor/WebGLBuilder.cs:26)

(Filename: Assets/NoSafeCircle/DoorPrototype/Editor/DoorPrototypeSceneBuilder.cs Line: 118)

Start importing ProjectSettings/ProjectSettings.asset using Guid(00000000000000004000000000000000) (LibraryAssetImporter) -> (artifact id: '4081acdb103462f82e8f5fe1bdc7f1dd') in 0.0030448 seconds
Start importing Assets/Resources/PerformanceTestRunInfo.json using Guid(8ac2b73ce04b5c240b2c265941d3f899) (TextScriptImporter) -> (artifact id: '3b9ba80183f06ba2a71e2acb96ff6287') in 0.0043457 seconds
Start importing Assets/Resources/PerformanceTestRunSettings.json using Guid(3b0f74c7b707f774c9095e8ba02ca175) (TextScriptImporter) -> (artifact id: '97136e8fa2557d71a97f29ede0314bf6') in 0.0041929 seconds
Refreshing native plugins compatible for Editor in 1.92 ms, found 4 plugins.
Preloading 0 native plugins for Editor in 0.00 ms.
Asset Pipeline Refresh (id=0288fd187418b444e90b88e3581fb11d): Total: 0.054 seconds - Initiated by StopAssetImportingV2(NoUpdateAssetOptions)
info: Microsoft.AspNetCore.Hosting.Diagnostics[1]
      Request starting HTTP/2 POST http://ilpp/UnityILPP.PostProcessing/Ping application/grpc -
info: Microsoft.AspNetCore.Routing.EndpointMiddleware[0]
      Executing endpoint 'gRPC - /UnityILPP.PostProcessing/Ping'
info: Microsoft.AspNetCore.Routing.EndpointMiddleware[1]
      Executed endpoint 'gRPC - /UnityILPP.PostProcessing/Ping'
info: Microsoft.AspNetCore.Hosting.Diagnostics[2]
      Request finished HTTP/2 POST http://ilpp/UnityILPP.PostProcessing/Ping application/grpc - - 200 - application/grpc 0.1968ms
Starting: C:\Program Files\Unity\Hub\Editor\6000.1.8f1\Editor\Data\bee_backend.exe --ipc --defer-dag-verification --dagfile="Library/Bee/2000b0aEDbgSkipCompile.dag" --continue-on-failure --profile="Library/Bee/backend1.traceevents" ScriptAssembliesAndTypeDB
WorkingDir: C:/NSC/NSC/NoSafeCircle
ExitCode: 4 Duration: 0s37ms
[             ] Require frontend run.  Library/Bee/2000b0aEDbgSkipCompile.dag couldn't be loaded
Starting: C:\Program Files\Unity\Hub\Editor\6000.1.8f1\Editor\Data\Tools\netcorerun\netcorerun.exe "C:\Program Files\Unity\Hub\Editor\6000.1.8f1\Editor\Data\Tools\BuildPipeline\ScriptCompilationBuildProgram.exe" "Library/Bee/2000b0aEDbgSkipCompile.dag.json" "Library/Bee/2000b0aEDbgSkipCompile-inputdata.json" "Library\Bee\buildprogram0.traceevents"
WorkingDir: C:/NSC/NSC/NoSafeCircle
ExitCode: 0 Duration: 0s188ms
Starting: C:\Program Files\Unity\Hub\Editor\6000.1.8f1\Editor\Data\bee_backend.exe --ipc --defer-dag-verification --dagfile="Library/Bee/2000b0aEDbgSkipCompile.dag" --continue-on-failure --dagfilejson="Library\Bee\2000b0aEDbgSkipCompile.dag.json" --profile="Library/Bee/backend2.traceevents" ScriptAssembliesAndTypeDB
WorkingDir: C:/NSC/NSC/NoSafeCircle
ExitCode: 0 Duration: 0s817ms
Finished compiling graph: 4 nodes, 5 flattened edges (5 ToBuild, 0 ToUse), maximum node priority 3
[2/3        0s] BuildPlayerDataGenerator Library/BuildPlayerData/Editor/TypeDb-All.json
Field 'System.Numerics.Vector2 SixLabors.Fonts.GlyphInstance/ControlPointCollection::SecondControlPoint' from 'C:\NSC\NSC\NoSafeCircle\Library\PackageCache\com.unity.testtools.codecoverage@205a02cbcb39\lib\ReportGenerator\ReportGeneratorMerged.dll', exception Failed to resolve System.Numerics.Vector2

Field 'System.Numerics.Vector2 SixLabors.Fonts.GlyphInstance/ControlPointCollection::ThirdControlPoint' from 'C:\NSC\NSC\NoSafeCircle\Library\PackageCache\com.unity.testtools.codecoverage@205a02cbcb39\lib\ReportGenerator\ReportGeneratorMerged.dll', exception Failed to resolve System.Numerics.Vector2

Field 'System.Numerics.Vector4 SixLabors.ImageSharp.ComplexVector4::Real' from 'C:\NSC\NSC\NoSafeCircle\Library\PackageCache\com.unity.testtools.codecoverage@205a02cbcb39\lib\ReportGenerator\ReportGeneratorMerged.dll', exception Failed to resolve System.Numerics.Vector4

Field 'System.Numerics.Vector4 SixLabors.ImageSharp.ComplexVector4::Imaginary' from 'C:\NSC\NSC\NoSafeCircle\Library\PackageCache\com.unity.testtools.codecoverage@205a02cbcb39\lib\ReportGenerator\ReportGeneratorMerged.dll', exception Failed to resolve System.Numerics.Vector4

Field 'System.Numerics.Vector4 SixLabors.ImageSharp.Formats.Jpeg.Components.Block8x8F::V0L' from 'C:\NSC\NSC\NoSafeCircle\Library\PackageCache\com.unity.testtools.codecoverage@205a02cbcb39\lib\ReportGenerator\ReportGeneratorMerged.dll', exception Failed to resolve System.Numerics.Vector4

Field 'System.Numerics.Vector4 SixLabors.ImageSharp.Formats.Jpeg.Components.Block8x8F::V0R' from 'C:\NSC\NSC\NoSafeCircle\Library\PackageCache\com.unity.testtools.codecoverage@205a02cbcb39\lib\ReportGenerator\ReportGeneratorMerged.dll', exception Failed to resolve System.Numerics.Vector4

Field 'System.Numerics.Vector4 SixLabors.ImageSharp.Formats.Jpeg.Components.Block8x8F::V1L' from 'C:\NSC\NSC\NoSafeCircle\Library\PackageCache\com.unity.testtools.codecoverage@205a02cbcb39\lib\ReportGenerator\ReportGeneratorMerged.dll', exception Failed to resolve System.Numerics.Vector4

Field 'System.Numerics.Vector4 SixLabors.ImageSharp.Formats.Jpeg.Components.Block8x8F::V1R' from 'C:\NSC\NSC\NoSafeCircle\Library\PackageCache\com.unity.testtools.codecoverage@205a02cbcb39\lib\ReportGenerator\ReportGeneratorMerged.dll', exception Failed to resolve System.Numerics.Vector4

Field 'System.Numerics.Vector4 SixLabors.ImageSharp.Formats.Jpeg.Components.Block8x8F::V2L' from 'C:\NSC\NSC\NoSafeCircle\Library\PackageCache\com.unity.testtools.codecoverage@205a02cbcb39\lib\ReportGenerator\ReportGeneratorMerged.dll', exception Failed to resolve System.Numerics.Vector4

Field 'System.Numerics.Vector4 SixLabors.ImageSharp.Formats.Jpeg.Components.Block8x8F::V2R' from 'C:\NSC\NSC\NoSafeCircle\Library\PackageCache\com.unity.testtools.codecoverage@205a02cbcb39\lib\ReportGenerator\ReportGeneratorMerged.dll', exception Failed to resolve System.Numerics.Vector4

Field 'System.Numerics.Vector4 SixLabors.ImageSharp.Formats.Jpeg.Components.Block8x8F::V3L' from 'C:\NSC\NSC\NoSafeCircle\Library\PackageCache\com.unity.testtools.codecoverage@205a02cbcb39\lib\ReportGenerator\ReportGeneratorMerged.dll', exception Failed to resolve System.Numerics.Vector4

Field 'System.Numerics.Vector4 SixLabors.ImageSharp.Formats.Jpeg.Components.Block8x8F::V3R' from 'C:\NSC\NSC\NoSafeCircle\Library\PackageCache\com.unity.testtools.codecoverage@205a02cbcb39\lib\ReportGenerator\ReportGeneratorMerged.dll', exception Failed to resolve System.Numerics.Vector4

Field 'System.Numerics.Vector4 SixLabors.ImageSharp.Formats.Jpeg.Components.Block8x8F::V4L' from 'C:\NSC\NSC\NoSafeCircle\Library\PackageCache\com.unity.testtools.codecoverage@205a02cbcb39\lib\ReportGenerator\ReportGeneratorMerged.dll', exception Failed to resolve System.Numerics.Vector4

Field 'System.Numerics.Vector4 SixLabors.ImageSharp.Formats.Jpeg.Components.Block8x8F::V4R' from 'C:\NSC\NSC\NoSafeCircle\Library\PackageCache\com.unity.testtools.codecoverage@205a02cbcb39\lib\ReportGenerator\ReportGeneratorMerged.dll', exception Failed to resolve System.Numerics.Vector4

Field 'System.Numerics.Vector4 SixLabors.ImageSharp.Formats.Jpeg.Components.Block8x8F::V5L' from 'C:\NSC\NSC\NoSafeCircle\Library\PackageCache\com.unity.testtools.codecoverage@205a02cbcb39\lib\ReportGenerator\ReportGeneratorMerged.dll', exception Failed to resolve System.Numerics.Vector4

Field 'System.Numerics.Vector4 SixLabors.ImageSharp.Formats.Jpeg.Components.Block8x8F::V5R' from 'C:\NSC\NSC\NoSafeCircle\Library\PackageCache\com.unity.testtools.codecoverage@205a02cbcb39\lib\ReportGenerator\ReportGeneratorMerged.dll', exception Failed to resolve System.Numerics.Vector4

Field 'System.Numerics.Vector4 SixLabors.ImageSharp.Formats.Jpeg.Components.Block8x8F::V6L' from 'C:\NSC\NSC\NoSafeCircle\Library\PackageCache\com.unity.testtools.codecoverage@205a02cbcb39\lib\ReportGenerator\ReportGeneratorMerged.dll', exception Failed to resolve System.Numerics.Vector4

Field 'System.Numerics.Vector4 SixLabors.ImageSharp.Formats.Jpeg.Components.Block8x8F::V6R' from 'C:\NSC\NSC\NoSafeCircle\Library\PackageCache\com.unity.testtools.codecoverage@205a02cbcb39\lib\ReportGenerator\ReportGeneratorMerged.dll', exception Failed to resolve System.Numerics.Vector4

Field 'System.Numerics.Vector4 SixLabors.ImageSharp.Formats.Jpeg.Components.Block8x8F::V7L' from 'C:\NSC\NSC\NoSafeCircle\Library\PackageCache\com.unity.testtools.codecoverage@205a02cbcb39\lib\ReportGenerator\ReportGeneratorMerged.dll', exception Failed to resolve System.Numerics.Vector4

Field 'System.Numerics.Vector4 SixLabors.ImageSharp.Formats.Jpeg.Components.Block8x8F::V7R' from 'C:\NSC\NSC\NoSafeCircle\Library\PackageCache\com.unity.testtools.codecoverage@205a02cbcb39\lib\ReportGenerator\ReportGeneratorMerged.dll', exception Failed to resolve System.Numerics.Vector4

Field 'System.Numerics.Vector4 SixLabors.ImageSharp.Formats.Jpeg.Components.Decoder.ColorConverters.JpegColorConverter/Vector4Octet::V0' from 'C:\NSC\NSC\NoSafeCircle\Library\PackageCache\com.unity.testtools.codecoverage@205a02cbcb39\lib\ReportGenerator\ReportGeneratorMerged.dll', exception Failed to resolve System.Numerics.Vector4

Field 'System.Numerics.Vector4 SixLabors.ImageSharp.Formats.Jpeg.Components.Decoder.ColorConverters.JpegColorConverter/Vector4Octet::V1' from 'C:\NSC\NSC\NoSafeCircle\Library\PackageCache\com.unity.testtools.codecoverage@205a02cbcb39\lib\ReportGenerator\ReportGeneratorMerged.dll', exception Failed to resolve System.Numerics.Vector4

Field 'System.Numerics.Vector4 SixLabors.ImageSharp.Formats.Jpeg.Components.Decoder.ColorConverters.JpegColorConverter/Vector4Octet::V2' from 'C:\NSC\NSC\NoSafeCircle\Library\PackageCache\com.unity.testtools.codecoverage@205a02cbcb39\lib\ReportGenerator\ReportGeneratorMerged.dll', exception Failed to resolve System.Numerics.Vector4

Field 'System.Numerics.Vector4 SixLabors.ImageSharp.Formats.Jpeg.Components.Decoder.ColorConverters.JpegColorConverter/Vector4Octet::V3' from 'C:\NSC\NSC\NoSafeCircle\Library\PackageCache\com.unity.testtools.codecoverage@205a02cbcb39\lib\ReportGenerator\ReportGeneratorMerged.dll', exception Failed to resolve System.Numerics.Vector4

Field 'System.Numerics.Vector4 SixLabors.ImageSharp.Formats.Jpeg.Components.Decoder.ColorConverters.JpegColorConverter/Vector4Octet::V4' from 'C:\NSC\NSC\NoSafeCircle\Library\PackageCache\com.unity.testtools.codecoverage@205a02cbcb39\lib\ReportGenerator\ReportGeneratorMerged.dll', exception Failed to resolve System.Numerics.Vector4

Field 'System.Numerics.Vector4 SixLabors.ImageSharp.Formats.Jpeg.Components.Decoder.ColorConverters.JpegColorConverter/Vector4Octet::V5' from 'C:\NSC\NSC\NoSafeCircle\Library\PackageCache\com.unity.testtools.codecoverage@205a02cbcb39\lib\ReportGenerator\ReportGeneratorMerged.dll', exception Failed to resolve System.Numerics.Vector4

Field 'System.Numerics.Vector4 SixLabors.ImageSharp.Formats.Jpeg.Components.Decoder.ColorConverters.JpegColorConverter/Vector4Octet::V6' from 'C:\NSC\NSC\NoSafeCircle\Library\PackageCache\com.unity.testtools.codecoverage@205a02cbcb39\lib\ReportGenerator\ReportGeneratorMerged.dll', exception Failed to resolve System.Numerics.Vector4

Field 'System.Numerics.Vector4 SixLabors.ImageSharp.Formats.Jpeg.Components.Decoder.ColorConverters.JpegColorConverter/Vector4Octet::V7' from 'C:\NSC\NSC\NoSafeCircle\Library\PackageCache\com.unity.testtools.codecoverage@205a02cbcb39\lib\ReportGenerator\ReportGeneratorMerged.dll', exception Failed to resolve System.Numerics.Vector4

Field 'System.Numerics.Vector4 SixLabors.ImageSharp.Tuples.Vector4Pair::A' from 'C:\NSC\NSC\NoSafeCircle\Library\PackageCache\com.unity.testtools.codecoverage@205a02cbcb39\lib\ReportGenerator\ReportGeneratorMerged.dll', exception Failed to resolve System.Numerics.Vector4

Field 'System.Numerics.Vector4 SixLabors.ImageSharp.Tuples.Vector4Pair::B' from 'C:\NSC\NSC\NoSafeCircle\Library\PackageCache\com.unity.testtools.codecoverage@205a02cbcb39\lib\ReportGenerator\ReportGeneratorMerged.dll', exception Failed to resolve System.Numerics.Vector4
*** Tundra build success (0.78 seconds), 1 items updated, 3 evaluated
Asset Pipeline Refresh (id=29707b7728688c347a205c0b8547760d): Total: 0.009 seconds - Initiated by RefreshV2(NoUpdateAssetOptions)
[ScriptCompilation] Requested script compilation because: Recompiling scripts for player build.
BuildPlayer: start building target 20
info: Microsoft.AspNetCore.Hosting.Diagnostics[1]
      Request starting HTTP/2 POST http://ilpp/UnityILPP.PostProcessing/Ping application/grpc -
info: Microsoft.AspNetCore.Routing.EndpointMiddleware[0]
      Executing endpoint 'gRPC - /UnityILPP.PostProcessing/Ping'
info: Microsoft.AspNetCore.Routing.EndpointMiddleware[1]
      Executed endpoint 'gRPC - /UnityILPP.PostProcessing/Ping'
info: Microsoft.AspNetCore.Hosting.Diagnostics[2]
      Request finished HTTP/2 POST http://ilpp/UnityILPP.PostProcessing/Ping application/grpc - - 200 - application/grpc 0.1001ms
Starting: C:\Program Files\Unity\Hub\Editor\6000.1.8f1\Editor\Data\bee_backend.exe --ipc --defer-dag-verification --dagfile="Library/Bee/2000b0aP.dag" --continue-on-failure --profile="Library/Bee/backend1.traceevents" ScriptAssembliesAndTypeDB
WorkingDir: C:/NSC/NSC/NoSafeCircle
Total cache size 294141770
Total cache size after purge 267899917, took 00:00:00.3552723
info: Microsoft.AspNetCore.Hosting.Diagnostics[1]
      Request starting HTTP/2 POST http://ilpp/UnityILPP.PostProcessing/ConfigurePostProcessors application/grpc -
info: Microsoft.AspNetCore.Routing.EndpointMiddleware[0]
      Executing endpoint 'gRPC - /UnityILPP.PostProcessing/ConfigurePostProcessors'
info: Unity.ILPP.Runner.PostProcessingAssemblyLoadContext[0]
      ALC ILPP context 1 is unloading
warn: Unity.ILPP.Runner.PostProcessingAssemblyLoadContext[0]
      Assembly system.runtime.interopservices.windowsruntime has duplicate hint path. Ignoring "C:\Program Files\Unity\Hub\Editor\6000.1.8f1\Editor\Data\UnityReferenceAssemblies\unity-4.8-api\Facades\System.Runtime.InteropServices.WindowsRuntime.dll" in favor of "C:\Program Files\Unity\Hub\Editor\6000.1.8f1\Editor\Data\NetStandard\Extensions\2.0.0\System.Runtime.InteropServices.WindowsRuntime.dll"
warn: Unity.ILPP.Runner.PostProcessingAssemblyLoadContext[0]
      Assembly system.componentmodel.composition has duplicate hint path. Ignoring "C:\Program Files\Unity\Hub\Editor\6000.1.8f1\Editor\Data\UnityReferenceAssemblies\unity-4.8-api\System.ComponentModel.Composition.dll" in favor of "C:\Program Files\Unity\Hub\Editor\6000.1.8f1\Editor\Data\NetStandard\compat\2.1.0\shims\netfx\System.ComponentModel.Composition.dll"
info: Unity.ILPP.Runner.PostProcessingAssemblyLoadContext[0]
      Resolved Unity.Burst.Cecil, Version=0.11.6.0, Culture=neutral, PublicKeyToken=50cebf1cceb9d05e with Library\PackageCache\com.unity.burst@6bb9aca3ef38\Unity.Burst.CodeGen\Unity.Burst.Cecil.dll
info: Unity.ILPP.Runner.PostProcessingAssemblyLoadContext[0]
      Resolved Mono.Cecil, Version=0.11.5.0, Culture=neutral, PublicKeyToken=50cebf1cceb9d05e with Library\PackageCache\com.unity.nuget.mono-cecil@ecb9724e46ff\Mono.Cecil.dll
info: Microsoft.AspNetCore.Routing.EndpointMiddleware[1]
      Executed endpoint 'gRPC - /UnityILPP.PostProcessing/ConfigurePostProcessors'
info: Microsoft.AspNetCore.Hosting.Diagnostics[2]
      Request finished HTTP/2 POST http://ilpp/UnityILPP.PostProcessing/ConfigurePostProcessors application/grpc - - 200 - application/grpc 18.1794ms
Starting: C:\Program Files\Unity\Hub\Editor\6000.1.8f1\Editor\Data\Tools\netcorerun\netcorerun.exe "C:\Program Files\Unity\Hub\Editor\6000.1.8f1\Editor\Data\Tools\BuildPipeline\ScriptCompilationBuildProgram.exe" "Library/Bee/2000b0aP.dag.json" "Library/Bee/2000b0aP-inputdata.json" "Library\Bee\buildprogram0.traceevents"
WorkingDir: C:/NSC/NSC/NoSafeCircle
ExitCode: 4 Duration: 0s513ms
[319/441    0s] WriteResponseFile Library/Bee/artifacts/rsp/4747638433968585886.rsp
Rebuilding DAG because FileSignature timestamp changed: Library/Bee/2000b0aP-inputdata.json
[390/441    0s] ILPP-Configuration Library/ilpp-configuration.nevergeneratedoutput
*** Tundra requires additional run (0.48 seconds), 2 items updated, 389 evaluated
ExitCode: 0 Duration: 0s303ms
Starting: C:\Program Files\Unity\Hub\Editor\6000.1.8f1\Editor\Data\bee_backend.exe --ipc --defer-dag-verification --dagfile="Library/Bee/2000b0aP.dag" --continue-on-failure --dagfilejson="Library\Bee\2000b0aP.dag.json" --profile="Library/Bee/backend2.traceevents" ScriptAssembliesAndTypeDB
WorkingDir: C:/NSC/NSC/NoSafeCircle
info: Microsoft.AspNetCore.Hosting.Diagnostics[1]
      Request starting HTTP/2 POST http://ilpp/UnityILPP.PostProcessing/ConfigurePostProcessors application/grpc -
info: Microsoft.AspNetCore.Routing.EndpointMiddleware[0]
      Executing endpoint 'gRPC - /UnityILPP.PostProcessing/ConfigurePostProcessors'
info: Unity.ILPP.Runner.PostProcessingAssemblyLoadContext[0]
      ALC ILPP context 2 is unloading
warn: Unity.ILPP.Runner.PostProcessingAssemblyLoadContext[0]
      Assembly system.runtime.interopservices.windowsruntime has duplicate hint path. Ignoring "C:\Program Files\Unity\Hub\Editor\6000.1.8f1\Editor\Data\UnityReferenceAssemblies\unity-4.8-api\Facades\System.Runtime.InteropServices.WindowsRuntime.dll" in favor of "C:\Program Files\Unity\Hub\Editor\6000.1.8f1\Editor\Data\NetStandard\Extensions\2.0.0\System.Runtime.InteropServices.WindowsRuntime.dll"
warn: Unity.ILPP.Runner.PostProcessingAssemblyLoadContext[0]
      Assembly system.componentmodel.composition has duplicate hint path. Ignoring "C:\Program Files\Unity\Hub\Editor\6000.1.8f1\Editor\Data\UnityReferenceAssemblies\unity-4.8-api\System.ComponentModel.Composition.dll" in favor of "C:\Program Files\Unity\Hub\Editor\6000.1.8f1\Editor\Data\NetStandard\compat\2.1.0\shims\netfx\System.ComponentModel.Composition.dll"
info: Unity.ILPP.Runner.PostProcessingAssemblyLoadContext[0]
      Resolved Unity.Burst.Cecil, Version=0.11.6.0, Culture=neutral, PublicKeyToken=50cebf1cceb9d05e with Library\PackageCache\com.unity.burst@6bb9aca3ef38\Unity.Burst.CodeGen\Unity.Burst.Cecil.dll
info: Unity.ILPP.Runner.PostProcessingAssemblyLoadContext[0]
      Resolved Mono.Cecil, Version=0.11.5.0, Culture=neutral, PublicKeyToken=50cebf1cceb9d05e with Library\PackageCache\com.unity.nuget.mono-cecil@ecb9724e46ff\Mono.Cecil.dll
info: Microsoft.AspNetCore.Routing.EndpointMiddleware[1]
      Executed endpoint 'gRPC - /UnityILPP.PostProcessing/ConfigurePostProcessors'
info: Microsoft.AspNetCore.Hosting.Diagnostics[2]
      Request finished HTTP/2 POST http://ilpp/UnityILPP.PostProcessing/ConfigurePostProcessors application/grpc - - 200 - application/grpc 140.3233ms
info: Microsoft.AspNetCore.Hosting.Diagnostics[1]
      Request starting HTTP/2 POST http://ilpp/UnityILPP.PostProcessing/PostProcessAssembly application/grpc -
info: Microsoft.AspNetCore.Routing.EndpointMiddleware[0]
      Executing endpoint 'gRPC - /UnityILPP.PostProcessing/PostProcessAssembly'
info: Unity.ILPP.Runner.PostProcessingPipeline[0]
      Processing assembly Library/Bee/artifacts/2000b0aP.dag/Unity.TextMeshPro.dll, with 100 defines and 196 references
info: Unity.ILPP.Runner.PostProcessingPipeline[0]
      processors: Unity.Jobs.CodeGen.JobsILPostProcessor, zzzUnity.Burst.CodeGen.BurstILPostProcessor
info: Unity.ILPP.Runner.PostProcessingPipeline[0]
      running Unity.Jobs.CodeGen.JobsILPostProcessor
info: Unity.ILPP.Runner.PostProcessingPipeline[0]
      running zzzUnity.Burst.CodeGen.BurstILPostProcessor
info: Microsoft.AspNetCore.Routing.EndpointMiddleware[1]
      Executed endpoint 'gRPC - /UnityILPP.PostProcessing/PostProcessAssembly'
info: Microsoft.AspNetCore.Hosting.Diagnostics[2]
      Request finished HTTP/2 POST http://ilpp/UnityILPP.PostProcessing/PostProcessAssembly application/grpc - - 200 - application/grpc 3.3731ms
info: Microsoft.AspNetCore.Hosting.Diagnostics[1]
      Request starting HTTP/2 POST http://ilpp/UnityILPP.PostProcessing/PostProcessAssembly application/grpc -
info: Microsoft.AspNetCore.Routing.EndpointMiddleware[0]
      Executing endpoint 'gRPC - /UnityILPP.PostProcessing/PostProcessAssembly'
info: Microsoft.AspNetCore.Hosting.Diagnostics[1]
      Request starting HTTP/2 POST http://ilpp/UnityILPP.PostProcessing/PostProcessAssembly application/grpc -
info: Microsoft.AspNetCore.Routing.EndpointMiddleware[0]
      Executing endpoint 'gRPC - /UnityILPP.PostProcessing/PostProcessAssembly'
info: Unity.ILPP.Runner.PostProcessingPipeline[0]
      Processing assembly Library/Bee/artifacts/2000b0aP.dag/Assembly-CSharp-firstpass.dll, with 99 defines and 210 references
info: Unity.ILPP.Runner.PostProcessingPipeline[0]
      processors: Unity.Jobs.CodeGen.JobsILPostProcessor, zzzUnity.Burst.CodeGen.BurstILPostProcessor
info: Microsoft.AspNetCore.Hosting.Diagnostics[1]
      Request starting HTTP/2 POST http://ilpp/UnityILPP.PostProcessing/PostProcessAssembly application/grpc -
info: Microsoft.AspNetCore.Routing.EndpointMiddleware[0]
      Executing endpoint 'gRPC - /UnityILPP.PostProcessing/PostProcessAssembly'
info: Microsoft.AspNetCore.Hosting.Diagnostics[1]
      Request starting HTTP/2 POST http://ilpp/UnityILPP.PostProcessing/PostProcessAssembly application/grpc -
info: Microsoft.AspNetCore.Routing.EndpointMiddleware[0]
      Executing endpoint 'gRPC - /UnityILPP.PostProcessing/PostProcessAssembly'
info: Unity.ILPP.Runner.PostProcessingPipeline[0]
      Processing assembly Library/Bee/artifacts/2000b0aP.dag/UnityEngine.UI.dll, with 105 defines and 195 references
info: Unity.ILPP.Runner.PostProcessingPipeline[0]
      processors: Unity.Jobs.CodeGen.JobsILPostProcessor, zzzUnity.Burst.CodeGen.BurstILPostProcessor
info: Unity.ILPP.Runner.PostProcessingPipeline[0]
      Processing assembly Library/Bee/artifacts/2000b0aP.dag/Unity.Timeline.dll, with 100 defines and 196 references
info: Unity.ILPP.Runner.PostProcessingPipeline[0]
      processors: Unity.Jobs.CodeGen.JobsILPostProcessor, zzzUnity.Burst.CodeGen.BurstILPostProcessor
info: Unity.ILPP.Runner.PostProcessingPipeline[0]
      Processing assembly Library/Bee/artifacts/2000b0aP.dag/Unity.InputSystem.dll, with 112 defines and 196 references
info: Unity.ILPP.Runner.PostProcessingPipeline[0]
      processors: Unity.Jobs.CodeGen.JobsILPostProcessor, zzzUnity.Burst.CodeGen.BurstILPostProcessor
info: Unity.ILPP.Runner.PostProcessingPipeline[0]
      running Unity.Jobs.CodeGen.JobsILPostProcessor
info: Unity.ILPP.Runner.PostProcessingPipeline[0]
      running zzzUnity.Burst.CodeGen.BurstILPostProcessor
info: Unity.ILPP.Runner.PostProcessingPipeline[0]
      running Unity.Jobs.CodeGen.JobsILPostProcessor
info: Unity.ILPP.Runner.PostProcessingPipeline[0]
      running zzzUnity.Burst.CodeGen.BurstILPostProcessor
info: Microsoft.AspNetCore.Hosting.Diagnostics[1]
      Request starting HTTP/2 POST http://ilpp/UnityILPP.PostProcessing/PostProcessAssembly application/grpc -
info: Microsoft.AspNetCore.Routing.EndpointMiddleware[0]
      Executing endpoint 'gRPC - /UnityILPP.PostProcessing/PostProcessAssembly'
info: Microsoft.AspNetCore.Hosting.Diagnostics[1]
      Request starting HTTP/2 POST http://ilpp/UnityILPP.PostProcessing/PostProcessAssembly application/grpc -
info: Microsoft.AspNetCore.Routing.EndpointMiddleware[0]
      Executing endpoint 'gRPC - /UnityILPP.PostProcessing/PostProcessAssembly'
info: Unity.ILPP.Runner.PostProcessingPipeline[0]
      running Unity.Jobs.CodeGen.JobsILPostProcessor
info: Unity.ILPP.Runner.PostProcessingPipeline[0]
      running Unity.Jobs.CodeGen.JobsILPostProcessor
info: Unity.ILPP.Runner.PostProcessingPipeline[0]
      running zzzUnity.Burst.CodeGen.BurstILPostProcessor
info: Unity.ILPP.Runner.PostProcessingPipeline[0]
      Processing assembly Library/Bee/artifacts/2000b0aP.dag/Unity.Burst.dll, with 99 defines and 193 references
info: Unity.ILPP.Runner.PostProcessingPipeline[0]
      processors: Unity.Jobs.CodeGen.JobsILPostProcessor, zzzUnity.Burst.CodeGen.BurstILPostProcessor
info: Unity.ILPP.Runner.PostProcessingPipeline[0]
      Processing assembly Library/Bee/artifacts/2000b0aP.dag/Unity.AI.Navigation.dll, with 100 defines and 196 references
info: Unity.ILPP.Runner.PostProcessingPipeline[0]
      processors: Unity.Jobs.CodeGen.JobsILPostProcessor, zzzUnity.Burst.CodeGen.BurstILPostProcessor
info: Unity.ILPP.Runner.PostProcessingPipeline[0]
      running Unity.Jobs.CodeGen.JobsILPostProcessor
info: Unity.ILPP.Runner.PostProcessingPipeline[0]
      running zzzUnity.Burst.CodeGen.BurstILPostProcessor
info: Microsoft.AspNetCore.Routing.EndpointMiddleware[1]
      Executed endpoint 'gRPC - /UnityILPP.PostProcessing/PostProcessAssembly'
info: Microsoft.AspNetCore.Hosting.Diagnostics[1]
      Request starting HTTP/2 POST http://ilpp/UnityILPP.PostProcessing/PostProcessAssembly application/grpc -
info: Microsoft.AspNetCore.Hosting.Diagnostics[2]
      Request finished HTTP/2 POST http://ilpp/UnityILPP.PostProcessing/PostProcessAssembly application/grpc - - 200 - application/grpc 10.0967ms
info: Microsoft.AspNetCore.Routing.EndpointMiddleware[0]
      Executing endpoint 'gRPC - /UnityILPP.PostProcessing/PostProcessAssembly'
info: Microsoft.AspNetCore.Routing.EndpointMiddleware[1]
      Executed endpoint 'gRPC - /UnityILPP.PostProcessing/PostProcessAssembly'
info: Microsoft.AspNetCore.Hosting.Diagnostics[2]
      Request finished HTTP/2 POST http://ilpp/UnityILPP.PostProcessing/PostProcessAssembly application/grpc - - 200 - application/grpc 10.1364ms
info: Microsoft.AspNetCore.Hosting.Diagnostics[1]
      Request starting HTTP/2 POST http://ilpp/UnityILPP.PostProcessing/PostProcessAssembly application/grpc -
info: Microsoft.AspNetCore.Hosting.Diagnostics[1]
      Request starting HTTP/2 POST http://ilpp/UnityILPP.PostProcessing/PostProcessAssembly application/grpc -
info: Microsoft.AspNetCore.Routing.EndpointMiddleware[0]
      Executing endpoint 'gRPC - /UnityILPP.PostProcessing/PostProcessAssembly'
info: Microsoft.AspNetCore.Routing.EndpointMiddleware[0]
      Executing endpoint 'gRPC - /UnityILPP.PostProcessing/PostProcessAssembly'
info: Microsoft.AspNetCore.Hosting.Diagnostics[1]
      Request starting HTTP/2 POST http://ilpp/UnityILPP.PostProcessing/PostProcessAssembly application/grpc -
info: Microsoft.AspNetCore.Routing.EndpointMiddleware[0]
      Executing endpoint 'gRPC - /UnityILPP.PostProcessing/PostProcessAssembly'
info: Unity.ILPP.Runner.PostProcessingPipeline[0]
      running Unity.Jobs.CodeGen.JobsILPostProcessor
info: Unity.ILPP.Runner.PostProcessingPipeline[0]
      running zzzUnity.Burst.CodeGen.BurstILPostProcessor
info: Unity.ILPP.Runner.PostProcessingPipeline[0]
      Processing assembly Library/Bee/artifacts/2000b0aP.dag/Unity.VisualScripting.State.dll, with 99 defines and 198 references
info: Unity.ILPP.Runner.PostProcessingPipeline[0]
      Processing assembly Library/Bee/artifacts/2000b0aP.dag/Unity.Collections.dll, with 101 defines and 198 references
info: Unity.ILPP.Runner.PostProcessingPipeline[0]
      processors: Unity.Jobs.CodeGen.JobsILPostProcessor, zzzUnity.Burst.CodeGen.BurstILPostProcessor
info: Unity.ILPP.Runner.PostProcessingPipeline[0]
      processors: Unity.Jobs.CodeGen.JobsILPostProcessor, zzzUnity.Burst.CodeGen.BurstILPostProcessor
info: Unity.ILPP.Runner.PostProcessingPipeline[0]
      Processing assembly Library/Bee/artifacts/2000b0aP.dag/Unity.InputSystem.ForUI.dll, with 99 defines and 197 references
info: Unity.ILPP.Runner.PostProcessingPipeline[0]
      processors: Unity.Jobs.CodeGen.JobsILPostProcessor, zzzUnity.Burst.CodeGen.BurstILPostProcessor
info: Unity.ILPP.Runner.PostProcessingPipeline[0]
      Processing assembly Library/Bee/artifacts/2000b0aP.dag/Unity.VisualScripting.Flow.dll, with 107 defines and 198 references
info: Unity.ILPP.Runner.PostProcessingPipeline[0]
      processors: Unity.Jobs.CodeGen.JobsILPostProcessor, zzzUnity.Burst.CodeGen.BurstILPostProcessor
info: Unity.ILPP.Runner.PostProcessingPipeline[0]
      running Unity.Jobs.CodeGen.JobsILPostProcessor
info: Unity.ILPP.Runner.PostProcessingPipeline[0]
      running zzzUnity.Burst.CodeGen.BurstILPostProcessor
info: Unity.ILPP.Runner.PostProcessingPipeline[0]
      running Unity.Jobs.CodeGen.JobsILPostProcessor
info: Unity.ILPP.Runner.PostProcessingPipeline[0]
      running Unity.Jobs.CodeGen.JobsILPostProcessor
info: Unity.ILPP.Runner.PostProcessingPipeline[0]
      running zzzUnity.Burst.CodeGen.BurstILPostProcessor
info: Microsoft.AspNetCore.Routing.EndpointMiddleware[1]
      Executed endpoint 'gRPC - /UnityILPP.PostProcessing/PostProcessAssembly'
info: Microsoft.AspNetCore.Hosting.Diagnostics[2]
      Request finished HTTP/2 POST http://ilpp/UnityILPP.PostProcessing/PostProcessAssembly application/grpc - - 200 - application/grpc 11.1308ms
info: Unity.ILPP.Runner.PostProcessingPipeline[0]
      running Unity.Jobs.CodeGen.JobsILPostProcessor
info: Unity.ILPP.Runner.PostProcessingPipeline[0]
      running zzzUnity.Burst.CodeGen.BurstILPostProcessor
info: Microsoft.AspNetCore.Routing.EndpointMiddleware[1]
      Executed endpoint 'gRPC - /UnityILPP.PostProcessing/PostProcessAssembly'
info: Microsoft.AspNetCore.Hosting.Diagnostics[2]
      Request finished HTTP/2 POST http://ilpp/UnityILPP.PostProcessing/PostProcessAssembly application/grpc - - 200 - application/grpc 2.1225ms
info: Microsoft.AspNetCore.Routing.EndpointMiddleware[1]
      Executed endpoint 'gRPC - /UnityILPP.PostProcessing/PostProcessAssembly'
info: Microsoft.AspNetCore.Hosting.Diagnostics[2]
      Request finished HTTP/2 POST http://ilpp/UnityILPP.PostProcessing/PostProcessAssembly application/grpc - - 200 - application/grpc 3.0538ms
info: Microsoft.AspNetCore.Routing.EndpointMiddleware[1]
      Executed endpoint 'gRPC - /UnityILPP.PostProcessing/PostProcessAssembly'
info: Microsoft.AspNetCore.Hosting.Diagnostics[2]
      Request finished HTTP/2 POST http://ilpp/UnityILPP.PostProcessing/PostProcessAssembly application/grpc - - 200 - application/grpc 6.2741ms
info: Microsoft.AspNetCore.Routing.EndpointMiddleware[1]
      Executed endpoint 'gRPC - /UnityILPP.PostProcessing/PostProcessAssembly'
info: Microsoft.AspNetCore.Hosting.Diagnostics[2]
      Request finished HTTP/2 POST http://ilpp/UnityILPP.PostProcessing/PostProcessAssembly application/grpc - - 200 - application/grpc 4.0355ms
info: Microsoft.AspNetCore.Hosting.Diagnostics[1]
      Request starting HTTP/2 POST http://ilpp/UnityILPP.PostProcessing/PostProcessAssembly application/grpc -
info: Microsoft.AspNetCore.Routing.EndpointMiddleware[0]
      Executing endpoint 'gRPC - /UnityILPP.PostProcessing/PostProcessAssembly'
info: Unity.ILPP.Runner.PostProcessingPipeline[0]
      Processing assembly Library/Bee/artifacts/2000b0aP.dag/Unity.Multiplayer.Center.Common.dll, with 99 defines and 196 references
info: Unity.ILPP.Runner.PostProcessingPipeline[0]
      processors: Unity.Jobs.CodeGen.JobsILPostProcessor, zzzUnity.Burst.CodeGen.BurstILPostProcessor
info: Unity.ILPP.Runner.PostProcessingPipeline[0]
      running Unity.Jobs.CodeGen.JobsILPostProcessor
info: Unity.ILPP.Runner.PostProcessingPipeline[0]
      running zzzUnity.Burst.CodeGen.BurstILPostProcessor
info: Microsoft.AspNetCore.Routing.EndpointMiddleware[1]
      Executed endpoint 'gRPC - /UnityILPP.PostProcessing/PostProcessAssembly'
info: Microsoft.AspNetCore.Hosting.Diagnostics[2]
      Request finished HTTP/2 POST http://ilpp/UnityILPP.PostProcessing/PostProcessAssembly application/grpc - - 200 - application/grpc 8.8349ms
info: Unity.ILPP.Runner.PostProcessingAssemblyLoadContext[0]
      Resolved Unity.Collections, Version=0.0.0.0, Culture=neutral, PublicKeyToken=null with Library\Bee\artifacts\WebGL_CodeGen\Unity.Collections.dll
info: Unity.ILPP.Runner.PostProcessingAssemblyLoadContext[0]
      Resolved Unity.Burst.Cecil.Rocks, Version=0.11.6.0, Culture=neutral, PublicKeyToken=50cebf1cceb9d05e with Library\PackageCache\com.unity.burst@6bb9aca3ef38\Unity.Burst.CodeGen\Unity.Burst.Cecil.Rocks.dll
info: Unity.ILPP.Runner.PostProcessingAssemblyLoadContext[0]
      Resolved UnityEditor.CoreModule, Version=0.0.0.0, Culture=neutral, PublicKeyToken=null with C:\Program Files\Unity\Hub\Editor\6000.1.8f1\Editor\Data\Managed\UnityEngine\UnityEditor.CoreModule.dll
info: Unity.ILPP.Runner.PostProcessingAssemblyLoadContext[0]
      Resolved UnityEngine.CoreModule, Version=0.0.0.0, Culture=neutral, PublicKeyToken=null with C:\Program Files\Unity\Hub\Editor\6000.1.8f1\Editor\Data\Managed\UnityEngine\UnityEngine.CoreModule.dll
info: Unity.ILPP.Runner.PostProcessingAssemblyLoadContext[0]
      Resolved Mono.Cecil.Rocks, Version=0.11.5.0, Culture=neutral, PublicKeyToken=50cebf1cceb9d05e with Library\PackageCache\com.unity.nuget.mono-cecil@ecb9724e46ff\Mono.Cecil.Rocks.dll
info: Unity.ILPP.Runner.PostProcessingPipeline[0]
      running zzzUnity.Burst.CodeGen.BurstILPostProcessor
info: Microsoft.AspNetCore.Routing.EndpointMiddleware[1]
      Executed endpoint 'gRPC - /UnityILPP.PostProcessing/PostProcessAssembly'
info: Microsoft.AspNetCore.Hosting.Diagnostics[2]
      Request finished HTTP/2 POST http://ilpp/UnityILPP.PostProcessing/PostProcessAssembly application/grpc - - 200 - application/grpc 312.1800ms
info: Microsoft.AspNetCore.Hosting.Diagnostics[1]
      Request starting HTTP/2 POST http://ilpp/UnityILPP.PostProcessing/PostProcessAssembly application/grpc -
info: Microsoft.AspNetCore.Hosting.Diagnostics[1]
      Request starting HTTP/2 POST http://ilpp/UnityILPP.PostProcessing/PostProcessAssembly application/grpc -
info: Microsoft.AspNetCore.Hosting.Diagnostics[1]
      Request starting HTTP/2 POST http://ilpp/UnityILPP.PostProcessing/PostProcessAssembly application/grpc -
info: Microsoft.AspNetCore.Hosting.Diagnostics[1]
      Request starting HTTP/2 POST http://ilpp/UnityILPP.PostProcessing/PostProcessAssembly application/grpc -
info: Microsoft.AspNetCore.Routing.EndpointMiddleware[0]
      Executing endpoint 'gRPC - /UnityILPP.PostProcessing/PostProcessAssembly'
info: Microsoft.AspNetCore.Routing.EndpointMiddleware[0]
      Executing endpoint 'gRPC - /UnityILPP.PostProcessing/PostProcessAssembly'
info: Microsoft.AspNetCore.Routing.EndpointMiddleware[0]
      Executing endpoint 'gRPC - /UnityILPP.PostProcessing/PostProcessAssembly'
info: Microsoft.AspNetCore.Routing.EndpointMiddleware[0]
      Executing endpoint 'gRPC - /UnityILPP.PostProcessing/PostProcessAssembly'
info: Unity.ILPP.Runner.PostProcessingPipeline[0]
      Processing assembly Library/Bee/artifacts/2000b0aP.dag/NoSafeCircle.DoorPrototype.dll, with 99 defines and 199 references
info: Unity.ILPP.Runner.PostProcessingPipeline[0]
      Processing assembly Library/Bee/artifacts/2000b0aP.dag/Unity.Mathematics.dll, with 99 defines and 196 references
info: Unity.ILPP.Runner.PostProcessingPipeline[0]
      processors: Unity.Jobs.CodeGen.JobsILPostProcessor, zzzUnity.Burst.CodeGen.BurstILPostProcessor
info: Unity.ILPP.Runner.PostProcessingPipeline[0]
      processors: Unity.Jobs.CodeGen.JobsILPostProcessor, zzzUnity.Burst.CodeGen.BurstILPostProcessor
info: Unity.ILPP.Runner.PostProcessingPipeline[0]
      Processing assembly Library/Bee/artifacts/2000b0aP.dag/Unity.VisualScripting.Core.dll, with 104 defines and 197 references
info: Unity.ILPP.Runner.PostProcessingPipeline[0]
      processors: Unity.Jobs.CodeGen.JobsILPostProcessor, zzzUnity.Burst.CodeGen.BurstILPostProcessor
info: Unity.ILPP.Runner.PostProcessingPipeline[0]
      Processing assembly Library/Bee/artifacts/2000b0aP.dag/deVoid.Signals.dll, with 99 defines and 196 references
info: Unity.ILPP.Runner.PostProcessingPipeline[0]
      processors: Unity.Jobs.CodeGen.JobsILPostProcessor, zzzUnity.Burst.CodeGen.BurstILPostProcessor
info: Unity.ILPP.Runner.PostProcessingPipeline[0]
      running Unity.Jobs.CodeGen.JobsILPostProcessor
info: Unity.ILPP.Runner.PostProcessingPipeline[0]
      running Unity.Jobs.CodeGen.JobsILPostProcessor
info: Unity.ILPP.Runner.PostProcessingPipeline[0]
      running zzzUnity.Burst.CodeGen.BurstILPostProcessor
info: Unity.ILPP.Runner.PostProcessingPipeline[0]
      running zzzUnity.Burst.CodeGen.BurstILPostProcessor
info: Unity.ILPP.Runner.PostProcessingPipeline[0]
      running Unity.Jobs.CodeGen.JobsILPostProcessor
info: Unity.ILPP.Runner.PostProcessingPipeline[0]
      running zzzUnity.Burst.CodeGen.BurstILPostProcessor
info: Unity.ILPP.Runner.PostProcessingPipeline[0]
      running Unity.Jobs.CodeGen.JobsILPostProcessor
info: Unity.ILPP.Runner.PostProcessingPipeline[0]
      running zzzUnity.Burst.CodeGen.BurstILPostProcessor
info: Microsoft.AspNetCore.Routing.EndpointMiddleware[1]
      Executed endpoint 'gRPC - /UnityILPP.PostProcessing/PostProcessAssembly'
info: Microsoft.AspNetCore.Hosting.Diagnostics[2]
      Request finished HTTP/2 POST http://ilpp/UnityILPP.PostProcessing/PostProcessAssembly application/grpc - - 200 - application/grpc 2.8416ms
info: Microsoft.AspNetCore.Routing.EndpointMiddleware[1]
      Executed endpoint 'gRPC - /UnityILPP.PostProcessing/PostProcessAssembly'
info: Microsoft.AspNetCore.Hosting.Diagnostics[2]
      Request finished HTTP/2 POST http://ilpp/UnityILPP.PostProcessing/PostProcessAssembly application/grpc - - 200 - application/grpc 3.0428ms
info: Microsoft.AspNetCore.Routing.EndpointMiddleware[1]
      Executed endpoint 'gRPC - /UnityILPP.PostProcessing/PostProcessAssembly'
info: Microsoft.AspNetCore.Hosting.Diagnostics[2]
      Request finished HTTP/2 POST http://ilpp/UnityILPP.PostProcessing/PostProcessAssembly application/grpc - - 200 - application/grpc 3.6679ms
info: Microsoft.AspNetCore.Routing.EndpointMiddleware[1]
      Executed endpoint 'gRPC - /UnityILPP.PostProcessing/PostProcessAssembly'
info: Microsoft.AspNetCore.Hosting.Diagnostics[2]
      Request finished HTTP/2 POST http://ilpp/UnityILPP.PostProcessing/PostProcessAssembly application/grpc - - 200 - application/grpc 3.7106ms
info: Microsoft.AspNetCore.Routing.EndpointMiddleware[1]
      Executed endpoint 'gRPC - /UnityILPP.PostProcessing/PostProcessAssembly'
info: Microsoft.AspNetCore.Hosting.Diagnostics[2]
      Request finished HTTP/2 POST http://ilpp/UnityILPP.PostProcessing/PostProcessAssembly application/grpc - - 200 - application/grpc 418.7110ms
info: Unity.ILPP.Runner.PostProcessingPipeline[0]
      running zzzUnity.Burst.CodeGen.BurstILPostProcessor
info: Microsoft.AspNetCore.Routing.EndpointMiddleware[1]
      Executed endpoint 'gRPC - /UnityILPP.PostProcessing/PostProcessAssembly'
info: Microsoft.AspNetCore.Hosting.Diagnostics[2]
      Request finished HTTP/2 POST http://ilpp/UnityILPP.PostProcessing/PostProcessAssembly application/grpc - - 200 - application/grpc 636.3524ms
ExitCode: 0 Duration: 8s171ms
Finished compiling graph: 443 nodes, 4047 flattened edges (3477 ToBuild, 50 ToUse), maximum node priority 208
[168/442    0s] WriteText Library/Bee/artifacts/WebGL_CodeGen/UnityEngine.UI.rsp
[173/442    0s] WriteText Library/Bee/artifacts/WebGL_CodeGen/UnityEngine.TestRunner.dll.mvfrm.rsp
[176/442    0s] WriteText Library/Bee/artifacts/WebGL_CodeGen/UnityEditor.TestRunner.dll.mvfrm.rsp
[195/442    0s] WriteText Library/Bee/artifacts/WebGL_CodeGen/UnityEngine.UI.dll.mvfrm.rsp
[201/442    0s] WriteText Library/Bee/artifacts/WebGL_CodeGen/UnityEngine.TestRunner.rsp
[223/442    0s] WriteText Library/Bee/artifacts/WebGL_CodeGen/UnityEditor.UI.dll.mvfrm.rsp
[225/442    0s] WriteText Library/Bee/artifacts/2000b0aP.dag/UnityEngine.UI.dll.mvfrm.rsp
[229/442    0s] WriteText Library/Bee/artifacts/2000b0aP.dag/Unity.InputSystem.dll.mvfrm.rsp
[235/442    0s] WriteText Library/Bee/artifacts/WebGL_CodeGen/UnityEditor.TestRunner.rsp
[242/442    0s] WriteText Library/Bee/artifacts/2000b0aP.dag/Unity.InputSystem.rsp
[243/442    0s] WriteText Library/Bee/artifacts/WebGL_CodeGen/UnityEditor.UI.rsp
[245/442    0s] WriteText Library/Bee/artifacts/WebGL_CodeGen/Unity.Collections.dll.mvfrm.rsp
[247/442    0s] WriteText Library/Bee/artifacts/2000b0aP.dag/Unity.VisualScripting.Core.dll.mvfrm.rsp
[249/442    0s] WriteText Library/Bee/artifacts/WebGL_CodeGen/Unity.Burst.dll.mvfrm.rsp
[250/442    0s] WriteText Library/Bee/artifacts/2000b0aP.dag/UnityEngine.UI.rsp
[251/442    0s] WriteText Library/Bee/artifacts/WebGL_CodeGen/Unity.Burst.rsp
[254/442    0s] WriteText Library/Bee/artifacts/2000b0aP.dag/Unity.Burst.dll.mvfrm.rsp
[258/442    0s] WriteText Library/Bee/artifacts/2000b0aP.dag/Unity.Mathematics.dll.mvfrm.rsp
[263/442    0s] WriteText Library/Bee/artifacts/WebGL_CodeGen/Unity.Collections.rsp
[269/442    0s] WriteText Library/Bee/artifacts/WebGL_CodeGen/Unity.Burst.CodeGen.dll.mvfrm.rsp
[270/442    0s] WriteText Library/Bee/artifacts/2000b0aP.dag/Unity.AI.Navigation.dll.mvfrm.rsp
[271/442    0s] WriteResponseFile Library/Bee/artifacts/rsp/4747638433968585886.rsp
[272/442    0s] WriteText Library/Bee/artifacts/WebGL_CodeGen/Unity.Collections.CodeGen.dll.mvfrm.rsp
[273/442    0s] WriteText Library/Bee/artifacts/2000b0aP.dag/Unity.VisualScripting.Flow.dll.mvfrm.rsp
[274/442    0s] WriteText Library/Bee/artifacts/WebGL_CodeGen/Unity.Burst.CodeGen.rsp
[275/442    0s] WriteText Library/Bee/artifacts/2000b0aP.dag/Unity.VisualScripting.Core.rsp
[276/442    0s] WriteText Library/Bee/artifacts/WebGL_CodeGen/Unity.Collections.CodeGen.rsp
[277/442    0s] WriteText Library/Bee/artifacts/2000b0aP.dag/Unity.Burst.rsp
[278/442    0s] WriteText Library/Bee/artifacts/WebGL_CodeGen/Unity.Mathematics.rsp
[279/442    0s] WriteText Library/Bee/artifacts/2000b0aP.dag/Unity.VisualScripting.Flow.rsp
[280/442    0s] WriteText Library/Bee/artifacts/WebGL_CodeGen/Unity.Mathematics.dll.mvfrm.rsp
[282/442    0s] WriteText Library/Bee/artifacts/2000b0aP.dag/Unity.AI.Navigation.rsp
[285/442    0s] WriteText Library/Bee/artifacts/2000b0aP.dag/Unity.Mathematics.rsp
[287/442    0s] WriteText Library/Bee/artifacts/2000b0aP.dag/Unity.InputSystem.ForUI.dll.mvfrm.rsp
[288/442    0s] WriteText Library/Bee/artifacts/2000b0aP.dag/deVoid.Signals.dll.mvfrm.rsp
[289/442    0s] WriteResponseFile Library/Bee/artifacts/rsp/14349331557779108129.rsp
[290/442    0s] WriteText Library/Bee/artifacts/2000b0aP.dag/Unity.Timeline.dll.mvfrm.rsp
[291/442    0s] WriteText Library/Bee/artifacts/2000b0aP.dag/Unity.Collections.dll.mvfrm.rsp
[292/442    0s] WriteText Library/Bee/artifacts/2000b0aP.dag/Unity.TextMeshPro.dll.mvfrm.rsp
[293/442    0s] WriteResponseFile Library/Bee/artifacts/rsp/2918927249304849764.rsp
[294/442    0s] WriteText Library/Bee/artifacts/2000b0aP.dag/Unity.VisualScripting.State.dll.mvfrm.rsp
[295/442    0s] WriteResponseFile Library/Bee/artifacts/rsp/17256583632284859690.rsp
[296/442    0s] WriteText Library/Bee/artifacts/2000b0aP.dag/Unity.Multiplayer.Center.Common.dll.mvfrm.rsp
[297/442    0s] WriteText Library/Bee/artifacts/2000b0aP.dag/Unity.Multiplayer.Center.Common.rsp
[298/442    0s] WriteResponseFile Library/Bee/artifacts/rsp/2549252784825872615.rsp
[299/442    0s] WriteText Library/Bee/artifacts/2000b0aP.dag/Unity.Collections.rsp
[300/442    0s] WriteResponseFile Library/Bee/artifacts/rsp/16128341334150940517.rsp
[301/442    0s] WriteText Library/Bee/artifacts/2000b0aP.dag/Unity.Timeline.rsp
[302/442    0s] WriteResponseFile Library/Bee/artifacts/rsp/4938292039107531071.rsp
[303/442    0s] WriteText Library/Bee/artifacts/2000b0aP.dag/Unity.TextMeshPro.rsp
[304/442    0s] WriteText Library/Bee/artifacts/2000b0aP.dag/Unity.VisualScripting.State.rsp
[305/442    0s] WriteResponseFile Library/Bee/artifacts/rsp/876503123624824144.rsp
[306/442    0s] WriteText Library/Bee/artifacts/2000b0aP.dag/deVoid.Signals.rsp
[307/442    0s] WriteText Library/Bee/artifacts/2000b0aP.dag/Unity.InputSystem.ForUI.rsp
[308/442    0s] WriteResponseFile Library/Bee/artifacts/rsp/9853093752073007979.rsp
[309/442    0s] WriteText Library/Bee/artifacts/2000b0aP.dag/NoSafeCircle.DoorPrototype.rsp
[310/442    0s] WriteResponseFile Library/Bee/artifacts/rsp/15113488465947969154.rsp
[311/442    0s] WriteText Library/Bee/artifacts/2000b0aP.dag/Assembly-CSharp-firstpass.dll.mvfrm.rsp
[312/442    0s] WriteText Library/Bee/artifacts/2000b0aP.dag/NoSafeCircle.DoorPrototype.dll.mvfrm.rsp
[313/442    0s] WriteResponseFile Library/Bee/artifacts/rsp/17607099336688819861.rsp
[314/442    0s] WriteText Library/Bee/artifacts/2000b0aP.dag/Assembly-CSharp-firstpass.rsp
[315/442    0s] WriteResponseFile Library/Bee/artifacts/rsp/14000574944415178833.rsp
[316/442    0s] WriteResponseFile Library/Bee/artifacts/rsp/2469173223754590692.rsp
[317/442    0s] WriteResponseFile Library/Bee/artifacts/rsp/9446070523071115437.rsp
[318/442    0s] WriteResponseFile Library/Bee/artifacts/rsp/10418313210502436336.rsp
[319/442    0s] WriteResponseFile Library/Bee/artifacts/rsp/33844304455791808.rsp
[320/442    0s] WriteResponseFile Library/Bee/artifacts/rsp/3271452858328866250.rsp
[321/442    0s] MovedFromExtractor-Combine Library/Bee/artifacts/2000b0aP.dag/UnityEngine.UI.dll.mvfrm
[322/442    0s] MovedFromExtractor-Combine Library/Bee/artifacts/WebGL_CodeGen/UnityEngine.UI.dll.mvfrm
[323/442    0s] MovedFromExtractor-Combine Library/Bee/artifacts/WebGL_CodeGen/UnityEngine.TestRunner.dll.mvfrm
[324/442    0s] Csc Library/Bee/artifacts/WebGL_CodeGen/UnityEngine.TestRunner.dll (+2 others)
[325/442    0s] Csc Library/Bee/artifacts/WebGL_CodeGen/UnityEngine.UI.dll (+2 others)
[326/442    0s] Csc Library/Bee/artifacts/2000b0aP.dag/UnityEngine.UI.dll (+2 others)
[           0s] Csc Library/Bee/artifacts/WebGL_CodeGen/UnityEngine.TestRunner.dll (+2 others) [CacheWrite 00000000000000000000000000000004]
[           0s] Csc Library/Bee/artifacts/WebGL_CodeGen/UnityEngine.UI.dll (+2 others) [CacheWrite 00000000000000000000000000000004]
[           0s] Csc Library/Bee/artifacts/2000b0aP.dag/UnityEngine.UI.dll (+2 others) [CacheWrite 00000000000000000000000000000004]
[330/442    0s] MovedFromExtractor-Combine Library/Bee/artifacts/2000b0aP.dag/Unity.InputSystem.dll.mvfrm
[331/442    0s] MovedFromExtractor-Combine Library/Bee/artifacts/2000b0aP.dag/Unity.Multiplayer.Center.Common.dll.mvfrm
[332/442    0s] MovedFromExtractor-Combine Library/Bee/artifacts/WebGL_CodeGen/UnityEditor.TestRunner.dll.mvfrm
[333/442    0s] MovedFromExtractor-Combine Library/Bee/artifacts/2000b0aP.dag/Unity.Timeline.dll.mvfrm
[334/442    0s] MovedFromExtractor-Combine Library/Bee/artifacts/2000b0aP.dag/Unity.Mathematics.dll.mvfrm
[335/442    0s] MovedFromExtractor-Combine Library/Bee/artifacts/2000b0aP.dag/Unity.AI.Navigation.dll.mvfrm
[336/442    0s] MovedFromExtractor-Combine Library/Bee/artifacts/2000b0aP.dag/Unity.TextMeshPro.dll.mvfrm
[337/442    0s] MovedFromExtractor-Combine Library/Bee/artifacts/2000b0aP.dag/Unity.Burst.dll.mvfrm
[338/442    0s] MovedFromExtractor-Combine Library/Bee/artifacts/2000b0aP.dag/deVoid.Signals.dll.mvfrm
[339/442    0s] Csc Library/Bee/artifacts/2000b0aP.dag/Unity.Multiplayer.Center.Common.dll (+2 others)
[340/442    0s] Csc Library/Bee/artifacts/2000b0aP.dag/Unity.AI.Navigation.dll (+2 others)
[341/442    0s] Csc Library/Bee/artifacts/2000b0aP.dag/deVoid.Signals.dll (+2 others)
[342/442    0s] Csc Library/Bee/artifacts/2000b0aP.dag/Unity.Timeline.dll (+2 others)
[343/442    0s] Csc Library/Bee/artifacts/WebGL_CodeGen/UnityEditor.TestRunner.dll (+2 others)
[           0s] Csc Library/Bee/artifacts/2000b0aP.dag/Unity.Multiplayer.Center.Common.dll (+2 others) [CacheWrite 00000000000000000000000000000004]
[           0s] Csc Library/Bee/artifacts/2000b0aP.dag/Unity.AI.Navigation.dll (+2 others) [CacheWrite 00000000000000000000000000000004]
[346/442    1s] Csc Library/Bee/artifacts/2000b0aP.dag/Unity.InputSystem.dll (+2 others)
[           0s] Csc Library/Bee/artifacts/2000b0aP.dag/Unity.Timeline.dll (+2 others) [CacheWrite 00000000000000000000000000000004]
[           0s] Csc Library/Bee/artifacts/WebGL_CodeGen/UnityEditor.TestRunner.dll (+2 others) [CacheWrite 00000000000000000000000000000004]
[           0s] Csc Library/Bee/artifacts/2000b0aP.dag/Unity.InputSystem.dll (+2 others) [CacheWrite 00000000000000000000000000000004]
[350/442    0s] Csc Library/Bee/artifacts/2000b0aP.dag/Unity.TextMeshPro.dll (+2 others)
[351/442    0s] Csc Library/Bee/artifacts/2000b0aP.dag/Unity.Burst.dll (+2 others)
[352/442    0s] MovedFromExtractor-Combine Library/Bee/artifacts/WebGL_CodeGen/UnityEditor.UI.dll.mvfrm
[           0s] Csc Library/Bee/artifacts/2000b0aP.dag/Unity.TextMeshPro.dll (+2 others) [CacheWrite 00000000000000000000000000000004]
[354/442    0s] MovedFromExtractor-Combine Library/Bee/artifacts/2000b0aP.dag/Unity.VisualScripting.Core.dll.mvfrm
[355/442    0s] MovedFromExtractor-Combine Library/Bee/artifacts/2000b0aP.dag/NoSafeCircle.DoorPrototype.dll.mvfrm
[356/442    0s] MovedFromExtractor-Combine Library/Bee/artifacts/2000b0aP.dag/Unity.InputSystem.ForUI.dll.mvfrm
[           0s] Csc Library/Bee/artifacts/2000b0aP.dag/Unity.Burst.dll (+2 others) [CacheWrite 00000000000000000000000000000004]
[358/442    1s] Csc Library/Bee/artifacts/2000b0aP.dag/Unity.Mathematics.dll (+2 others)
[           0s] Csc Library/Bee/artifacts/2000b0aP.dag/Unity.Mathematics.dll (+2 others) [CacheWrite 00000000000000000000000000000004]
[360/442    0s] MovedFromExtractor-Combine Library/Bee/artifacts/2000b0aP.dag/Unity.Collections.dll.mvfrm
[361/442    0s] Csc Library/Bee/artifacts/2000b0aP.dag/NoSafeCircle.DoorPrototype.dll (+2 others)
[362/442    0s] Csc Library/Bee/artifacts/2000b0aP.dag/Unity.InputSystem.ForUI.dll (+2 others)
[363/442    0s] Csc Library/Bee/artifacts/WebGL_CodeGen/UnityEditor.UI.dll (+2 others)
[           0s] Csc Library/Bee/artifacts/2000b0aP.dag/Unity.InputSystem.ForUI.dll (+2 others) [CacheWrite 00000000000000000000000000000004]
[           0s] Csc Library/Bee/artifacts/WebGL_CodeGen/UnityEditor.UI.dll (+2 others) [CacheWrite 00000000000000000000000000000004]
[366/442    0s] MovedFromExtractor-Combine Library/Bee/artifacts/WebGL_CodeGen/Unity.Burst.dll.mvfrm
[367/442    0s] MovedFromExtractor-Combine Library/Bee/artifacts/WebGL_CodeGen/Unity.Mathematics.dll.mvfrm
[368/442    0s] Csc Library/Bee/artifacts/2000b0aP.dag/Unity.VisualScripting.Core.dll (+2 others)
[           0s] Csc Library/Bee/artifacts/2000b0aP.dag/Unity.VisualScripting.Core.dll (+2 others) [CacheWrite 00000000000000000000000000000004]
[370/442    0s] Csc Library/Bee/artifacts/2000b0aP.dag/Unity.Collections.dll (+2 others)
[371/442    0s] MovedFromExtractor-Combine Library/Bee/artifacts/2000b0aP.dag/Unity.VisualScripting.Flow.dll.mvfrm
[           0s] Csc Library/Bee/artifacts/2000b0aP.dag/Unity.Collections.dll (+2 others) [CacheWrite 00000000000000000000000000000004]
[373/442    0s] Csc Library/Bee/artifacts/WebGL_CodeGen/Unity.Burst.dll (+2 others)
[           0s] Csc Library/Bee/artifacts/WebGL_CodeGen/Unity.Burst.dll (+2 others) [CacheWrite 00000000000000000000000000000004]
[375/442    0s] Csc Library/Bee/artifacts/2000b0aP.dag/Unity.VisualScripting.Flow.dll (+2 others)
[376/442    0s] MovedFromExtractor-Combine Library/Bee/artifacts/WebGL_CodeGen/Unity.Burst.CodeGen.dll.mvfrm
[           0s] Csc Library/Bee/artifacts/2000b0aP.dag/Unity.VisualScripting.Flow.dll (+2 others) [CacheWrite 00000000000000000000000000000004]
[378/442    1s] Csc Library/Bee/artifacts/WebGL_CodeGen/Unity.Mathematics.dll (+2 others)
[           0s] Csc Library/Bee/artifacts/WebGL_CodeGen/Unity.Mathematics.dll (+2 others) [CacheWrite 00000000000000000000000000000004]
[380/442    0s] MovedFromExtractor-Combine Library/Bee/artifacts/2000b0aP.dag/Unity.VisualScripting.State.dll.mvfrm
[381/442    0s] MovedFromExtractor-Combine Library/Bee/artifacts/WebGL_CodeGen/Unity.Collections.dll.mvfrm
[382/442    0s] Csc Library/Bee/artifacts/WebGL_CodeGen/Unity.Burst.CodeGen.dll (+2 others)
[           0s] Csc Library/Bee/artifacts/WebGL_CodeGen/Unity.Burst.CodeGen.dll (+2 others) [CacheWrite 00000000000000000000000000000004]
[383/442    0s] Csc Library/Bee/artifacts/2000b0aP.dag/Unity.VisualScripting.State.dll (+2 others)
[           0s] Csc Library/Bee/artifacts/2000b0aP.dag/Unity.VisualScripting.State.dll (+2 others) [CacheWrite 00000000000000000000000000000004]
[385/442    0s] MovedFromExtractor-Combine Library/Bee/artifacts/2000b0aP.dag/Assembly-CSharp-firstpass.dll.mvfrm
[386/442    0s] Csc Library/Bee/artifacts/2000b0aP.dag/Assembly-CSharp-firstpass.dll (+2 others)
[387/442    0s] Csc Library/Bee/artifacts/WebGL_CodeGen/Unity.Collections.dll (+2 others)
[           0s] Csc Library/Bee/artifacts/WebGL_CodeGen/Unity.Collections.dll (+2 others) [CacheWrite 00000000000000000000000000000004]
[389/442    0s] MovedFromExtractor-Combine Library/Bee/artifacts/WebGL_CodeGen/Unity.Collections.CodeGen.dll.mvfrm
[390/442    0s] Csc Library/Bee/artifacts/WebGL_CodeGen/Unity.Collections.CodeGen.dll (+2 others)
[           0s] Csc Library/Bee/artifacts/WebGL_CodeGen/Unity.Collections.CodeGen.dll (+2 others) [CacheWrite 00000000000000000000000000000004]
[391/442    0s] ILPP-Configuration Library/ilpp-configuration.nevergeneratedoutput
[392/442    0s] ILPostProcess Library/Bee/artifacts/2000b0aP.dag/post-processed/Unity.TextMeshPro.dll (+pdb)
Processing assembly Library/Bee/artifacts/2000b0aP.dag/Unity.TextMeshPro.dll, with 100 defines and 196 references

processors: Unity.Jobs.CodeGen.JobsILPostProcessor, zzzUnity.Burst.CodeGen.BurstILPostProcessor

running Unity.Jobs.CodeGen.JobsILPostProcessor

running zzzUnity.Burst.CodeGen.BurstILPostProcessor
[393/442    0s] CopyFiles Library/Bee/PlayerScriptAssemblies/Unity.TextMeshPro.dll
[394/442    0s] CopyFiles Library/Bee/PlayerScriptAssemblies/Unity.TextMeshPro.pdb
[395/442    0s] ILPostProcess Library/Bee/artifacts/2000b0aP.dag/post-processed/UnityEngine.UI.dll (+pdb)
Processing assembly Library/Bee/artifacts/2000b0aP.dag/UnityEngine.UI.dll, with 105 defines and 195 references

processors: Unity.Jobs.CodeGen.JobsILPostProcessor, zzzUnity.Burst.CodeGen.BurstILPostProcessor

running Unity.Jobs.CodeGen.JobsILPostProcessor

running zzzUnity.Burst.CodeGen.BurstILPostProcessor
[396/442    0s] ILPostProcess Library/Bee/artifacts/2000b0aP.dag/post-processed/Unity.InputSystem.dll (+pdb)
Processing assembly Library/Bee/artifacts/2000b0aP.dag/Unity.InputSystem.dll, with 112 defines and 196 references

processors: Unity.Jobs.CodeGen.JobsILPostProcessor, zzzUnity.Burst.CodeGen.BurstILPostProcessor

running Unity.Jobs.CodeGen.JobsILPostProcessor

running zzzUnity.Burst.CodeGen.BurstILPostProcessor
[397/442    0s] ILPostProcess Library/Bee/artifacts/2000b0aP.dag/post-processed/Unity.VisualScripting.Flow.dll (+pdb)
Processing assembly Library/Bee/artifacts/2000b0aP.dag/Unity.VisualScripting.Flow.dll, with 107 defines and 198 references

processors: Unity.Jobs.CodeGen.JobsILPostProcessor, zzzUnity.Burst.CodeGen.BurstILPostProcessor

running Unity.Jobs.CodeGen.JobsILPostProcessor

running zzzUnity.Burst.CodeGen.BurstILPostProcessor
[398/442    0s] ILPostProcess Library/Bee/artifacts/2000b0aP.dag/post-processed/Unity.InputSystem.ForUI.dll (+pdb)
Processing assembly Library/Bee/artifacts/2000b0aP.dag/Unity.InputSystem.ForUI.dll, with 99 defines and 197 references

processors: Unity.Jobs.CodeGen.JobsILPostProcessor, zzzUnity.Burst.CodeGen.BurstILPostProcessor

running Unity.Jobs.CodeGen.JobsILPostProcessor

running zzzUnity.Burst.CodeGen.BurstILPostProcessor
[399/442    0s] ILPostProcess Library/Bee/artifacts/2000b0aP.dag/post-processed/Unity.AI.Navigation.dll (+pdb)
Processing assembly Library/Bee/artifacts/2000b0aP.dag/Unity.AI.Navigation.dll, with 100 defines and 196 references

processors: Unity.Jobs.CodeGen.JobsILPostProcessor, zzzUnity.Burst.CodeGen.BurstILPostProcessor

running Unity.Jobs.CodeGen.JobsILPostProcessor

running zzzUnity.Burst.CodeGen.BurstILPostProcessor
[400/442    0s] ILPostProcess Library/Bee/artifacts/2000b0aP.dag/post-processed/Unity.Timeline.dll (+pdb)
Processing assembly Library/Bee/artifacts/2000b0aP.dag/Unity.Timeline.dll, with 100 defines and 196 references

processors: Unity.Jobs.CodeGen.JobsILPostProcessor, zzzUnity.Burst.CodeGen.BurstILPostProcessor

running Unity.Jobs.CodeGen.JobsILPostProcessor

running zzzUnity.Burst.CodeGen.BurstILPostProcessor
[401/442    0s] ILPostProcess Library/Bee/artifacts/2000b0aP.dag/post-processed/Unity.VisualScripting.State.dll (+pdb)
Processing assembly Library/Bee/artifacts/2000b0aP.dag/Unity.VisualScripting.State.dll, with 99 defines and 198 references

processors: Unity.Jobs.CodeGen.JobsILPostProcessor, zzzUnity.Burst.CodeGen.BurstILPostProcessor

running Unity.Jobs.CodeGen.JobsILPostProcessor

running zzzUnity.Burst.CodeGen.BurstILPostProcessor
[402/442    0s] ILPostProcess Library/Bee/artifacts/2000b0aP.dag/post-processed/Unity.Multiplayer.Center.Common.dll (+pdb)
Processing assembly Library/Bee/artifacts/2000b0aP.dag/Unity.Multiplayer.Center.Common.dll, with 99 defines and 196 references

processors: Unity.Jobs.CodeGen.JobsILPostProcessor, zzzUnity.Burst.CodeGen.BurstILPostProcessor

running Unity.Jobs.CodeGen.JobsILPostProcessor

running zzzUnity.Burst.CodeGen.BurstILPostProcessor
[403/442    0s] CopyFiles Library/Bee/PlayerScriptAssemblies/Unity.Timeline.pdb
[404/442    0s] CopyFiles Library/Bee/PlayerScriptAssemblies/Unity.Timeline.dll
[405/442    0s] CopyFiles Library/Bee/PlayerScriptAssemblies/Unity.InputSystem.ForUI.dll
[406/442    0s] CopyFiles Library/Bee/PlayerScriptAssemblies/UnityEngine.UI.dll
[407/442    0s] CopyFiles Library/Bee/PlayerScriptAssemblies/UnityEngine.UI.pdb
[408/442    0s] CopyFiles Library/Bee/PlayerScriptAssemblies/Unity.InputSystem.ForUI.pdb
[409/442    0s] CopyFiles Library/Bee/PlayerScriptAssemblies/Unity.VisualScripting.Flow.dll
[410/442    0s] CopyFiles Library/Bee/PlayerScriptAssemblies/Unity.InputSystem.pdb
[411/442    0s] CopyFiles Library/Bee/PlayerScriptAssemblies/Unity.InputSystem.dll
[412/442    0s] CopyFiles Library/Bee/PlayerScriptAssemblies/Unity.VisualScripting.Flow.pdb
[413/442    0s] CopyFiles Library/Bee/PlayerScriptAssemblies/Unity.VisualScripting.State.dll
[414/442    0s] CopyFiles Library/Bee/PlayerScriptAssemblies/Unity.VisualScripting.State.pdb
[415/442    0s] CopyFiles Library/Bee/PlayerScriptAssemblies/Unity.AI.Navigation.pdb
[416/442    0s] CopyFiles Library/Bee/PlayerScriptAssemblies/Unity.AI.Navigation.dll
[417/442    0s] CopyFiles Library/Bee/PlayerScriptAssemblies/Unity.Multiplayer.Center.Common.dll
[418/442    0s] CopyFiles Library/Bee/PlayerScriptAssemblies/Unity.Multiplayer.Center.Common.pdb
[419/442    0s] ILPostProcess Library/Bee/artifacts/2000b0aP.dag/post-processed/Assembly-CSharp-firstpass.dll (+pdb)
Processing assembly Library/Bee/artifacts/2000b0aP.dag/Assembly-CSharp-firstpass.dll, with 99 defines and 210 references

processors: Unity.Jobs.CodeGen.JobsILPostProcessor, zzzUnity.Burst.CodeGen.BurstILPostProcessor

running Unity.Jobs.CodeGen.JobsILPostProcessor

running zzzUnity.Burst.CodeGen.BurstILPostProcessor
[420/442    0s] CopyFiles Library/Bee/PlayerScriptAssemblies/Assembly-CSharp-firstpass.dll
[421/442    0s] CopyFiles Library/Bee/PlayerScriptAssemblies/Assembly-CSharp-firstpass.pdb
[422/442    0s] ILPostProcess Library/Bee/artifacts/2000b0aP.dag/post-processed/deVoid.Signals.dll (+pdb)
Processing assembly Library/Bee/artifacts/2000b0aP.dag/deVoid.Signals.dll, with 99 defines and 196 references

processors: Unity.Jobs.CodeGen.JobsILPostProcessor, zzzUnity.Burst.CodeGen.BurstILPostProcessor

running Unity.Jobs.CodeGen.JobsILPostProcessor

running zzzUnity.Burst.CodeGen.BurstILPostProcessor
[423/442    0s] ILPostProcess Library/Bee/artifacts/2000b0aP.dag/post-processed/Unity.Mathematics.dll (+pdb)
Processing assembly Library/Bee/artifacts/2000b0aP.dag/Unity.Mathematics.dll, with 99 defines and 196 references

processors: Unity.Jobs.CodeGen.JobsILPostProcessor, zzzUnity.Burst.CodeGen.BurstILPostProcessor

running Unity.Jobs.CodeGen.JobsILPostProcessor

running zzzUnity.Burst.CodeGen.BurstILPostProcessor
[424/442    0s] ILPostProcess Library/Bee/artifacts/2000b0aP.dag/post-processed/Unity.VisualScripting.Core.dll (+pdb)
Processing assembly Library/Bee/artifacts/2000b0aP.dag/Unity.VisualScripting.Core.dll, with 104 defines and 197 references

processors: Unity.Jobs.CodeGen.JobsILPostProcessor, zzzUnity.Burst.CodeGen.BurstILPostProcessor

running Unity.Jobs.CodeGen.JobsILPostProcessor

running zzzUnity.Burst.CodeGen.BurstILPostProcessor
[425/442    0s] ILPostProcess Library/Bee/artifacts/2000b0aP.dag/post-processed/NoSafeCircle.DoorPrototype.dll (+pdb)
Processing assembly Library/Bee/artifacts/2000b0aP.dag/NoSafeCircle.DoorPrototype.dll, with 99 defines and 199 references

processors: Unity.Jobs.CodeGen.JobsILPostProcessor, zzzUnity.Burst.CodeGen.BurstILPostProcessor

running Unity.Jobs.CodeGen.JobsILPostProcessor

running zzzUnity.Burst.CodeGen.BurstILPostProcessor
[426/442    0s] CopyFiles Library/Bee/PlayerScriptAssemblies/NoSafeCircle.DoorPrototype.dll
[427/442    0s] CopyFiles Library/Bee/PlayerScriptAssemblies/deVoid.Signals.dll
[428/442    0s] CopyFiles Library/Bee/PlayerScriptAssemblies/NoSafeCircle.DoorPrototype.pdb
[429/442    0s] CopyFiles Library/Bee/PlayerScriptAssemblies/deVoid.Signals.pdb
[430/442    0s] CopyFiles Library/Bee/PlayerScriptAssemblies/Unity.VisualScripting.Core.pdb
[431/442    0s] CopyFiles Library/Bee/PlayerScriptAssemblies/Unity.VisualScripting.Core.dll
[432/442    0s] CopyFiles Library/Bee/PlayerScriptAssemblies/Unity.Mathematics.pdb
[433/442    0s] CopyFiles Library/Bee/PlayerScriptAssemblies/Unity.Mathematics.dll
[434/442    0s] ILPostProcess Library/Bee/artifacts/2000b0aP.dag/post-processed/Unity.Burst.dll (+pdb)
Processing assembly Library/Bee/artifacts/2000b0aP.dag/Unity.Burst.dll, with 99 defines and 193 references

processors: Unity.Jobs.CodeGen.JobsILPostProcessor, zzzUnity.Burst.CodeGen.BurstILPostProcessor

running Unity.Jobs.CodeGen.JobsILPostProcessor

running zzzUnity.Burst.CodeGen.BurstILPostProcessor
[435/442    0s] CopyFiles Library/Bee/PlayerScriptAssemblies/Unity.Burst.pdb
[436/442    0s] CopyFiles Library/Bee/PlayerScriptAssemblies/Unity.Burst.dll
[437/442    1s] ILPostProcess Library/Bee/artifacts/2000b0aP.dag/post-processed/Unity.Collections.dll (+pdb)
Processing assembly Library/Bee/artifacts/2000b0aP.dag/Unity.Collections.dll, with 101 defines and 198 references

processors: Unity.Jobs.CodeGen.JobsILPostProcessor, zzzUnity.Burst.CodeGen.BurstILPostProcessor

running Unity.Jobs.CodeGen.JobsILPostProcessor

running zzzUnity.Burst.CodeGen.BurstILPostProcessor
[438/442    0s] CopyFiles Library/Bee/PlayerScriptAssemblies/Unity.Collections.dll
[439/442    0s] CopyFiles Library/Bee/PlayerScriptAssemblies/Unity.Collections.pdb
[441/442    0s] BuildPlayerDataGenerator Library/BuildPlayerData/Player/RuntimeInitializeOnLoads.json (+1 other)
*** Tundra build success (8.14 seconds), 167 items updated, 442 evaluated
Rebuilding Data files because the assembly list is dirty
Opening scene 'Assets/Scenes/DoorPrototype.unity'
Unloading 2 Unused Serialized files (Serialized files now loaded: 0)
Loaded scene 'Assets/Scenes/DoorPrototype.unity'
	Deserialize:            6.800 ms
	Integration:            187.097 ms
	Integration of assets:  0.113 ms
	Thread Wait Time:       0.102 ms
	Total Operation Time:   194.112 ms
Unloading 248 unused Assets / (9.9 MB). Loaded Objects now: 7093.
Memory consumption went from 158.5 MB to 148.5 MB.
Total: 6.160900 ms (FindLiveObjects: 0.341600 ms CreateObjectMapping: 0.106800 ms MarkObjects: 5.159600 ms  DeleteObjects: 0.552200 ms)

Created GICache directory at C:/Users/VincentLiguori/AppData/LocalLow/Unity/Caches/GiCache. Took: 0.014s, timestamps: [45.270 - 45.284]
Compiling mesh data optimization processing for "Standard" pass "FORWARD":
    Cached mesh channel usage data found for 0 variants. 8 variants require compilation to get this data.
    Processed in 0.00 seconds
    starting compilation...
    finished in 0.00 seconds. Local cache hits 8 (0.00s CPU time), remote cache hits 0 (0.00s CPU time), compiled 0 variants (0.00s CPU time), skipped 0 variants
Compiling mesh data optimization processing for "Standard" pass "FORWARD_DELTA":
    Cached mesh channel usage data found for 13 variants. 13 variants require compilation to get this data.
    Processed in 0.00 seconds
    starting compilation...
    finished in 0.00 seconds. Local cache hits 13 (0.00s CPU time), remote cache hits 0 (0.00s CPU time), compiled 0 variants (0.00s CPU time), skipped 0 variants
Compiling mesh data optimization processing for "Standard" pass "ShadowCaster":
    Cached mesh channel usage data found for 2 variants. 2 variants require compilation to get this data.
    Processed in 0.00 seconds
    starting compilation...
    finished in 0.00 seconds. Local cache hits 2 (0.00s CPU time), remote cache hits 0 (0.00s CPU time), compiled 0 variants (0.00s CPU time), skipped 0 variants
Compiling mesh data optimization processing for "Standard" pass "DEFERRED":
    Cached mesh channel usage data found for 4 variants. 4 variants require compilation to get this data.
    Processed in 0.00 seconds
    starting compilation...
    finished in 0.00 seconds. Local cache hits 4 (0.00s CPU time), remote cache hits 0 (0.00s CPU time), compiled 0 variants (0.00s CPU time), skipped 0 variants
Compiling mesh data optimization processing for "Standard" pass "META":
    Cached mesh channel usage data found for 1 variants. 1 variants require compilation to get this data.
    Processed in 0.00 seconds
    starting compilation...
    finished in 0.00 seconds. Local cache hits 1 (0.00s CPU time), remote cache hits 0 (0.00s CPU time), compiled 0 variants (0.00s CPU time), skipped 0 variants
Compiling mesh data optimization processing for "Standard" pass "FORWARD":
    Cached mesh channel usage data found for 8 variants. 8 variants require compilation to get this data.
    Processed in 0.00 seconds
    starting compilation...
    finished in 0.00 seconds. Local cache hits 8 (0.00s CPU time), remote cache hits 0 (0.00s CPU time), compiled 0 variants (0.00s CPU time), skipped 0 variants
Compiling mesh data optimization processing for "Standard" pass "FORWARD_DELTA":
    Cached mesh channel usage data found for 10 variants. 10 variants require compilation to get this data.
    Processed in 0.00 seconds
    starting compilation...
    finished in 0.00 seconds. Local cache hits 10 (0.00s CPU time), remote cache hits 0 (0.00s CPU time), compiled 0 variants (0.00s CPU time), skipped 0 variants
Compiling mesh data optimization processing for "Standard" pass "ShadowCaster":
    Cached mesh channel usage data found for 2 variants. 2 variants require compilation to get this data.
    Processed in 0.00 seconds
    starting compilation...
    finished in 0.00 seconds. Local cache hits 2 (0.00s CPU time), remote cache hits 0 (0.00s CPU time), compiled 0 variants (0.00s CPU time), skipped 0 variants
Compiling mesh data optimization processing for "Standard" pass "META":
    Cached mesh channel usage data found for 1 variants. 1 variants require compilation to get this data.
    Processed in 0.00 seconds
    starting compilation...
    finished in 0.00 seconds. Local cache hits 1 (0.00s CPU time), remote cache hits 0 (0.00s CPU time), compiled 0 variants (0.00s CPU time), skipped 0 variants
Compiling mesh data optimization processing for "Legacy Shaders/VertexLit" pass "":
    Cached mesh channel usage data found for 3 variants. 3 variants require compilation to get this data.
    Processed in 0.00 seconds
    starting compilation...
    finished in 0.00 seconds. Local cache hits 3 (0.00s CPU time), remote cache hits 0 (0.00s CPU time), compiled 0 variants (0.00s CPU time), skipped 0 variants
Compiling mesh data optimization processing for "Legacy Shaders/VertexLit" pass "":
    Cached mesh channel usage data found for 1 variants. 1 variants require compilation to get this data.
    Processed in 0.00 seconds
    starting compilation...
    finished in 0.00 seconds. Local cache hits 1 (0.00s CPU time), remote cache hits 0 (0.00s CPU time), compiled 0 variants (0.00s CPU time), skipped 0 variants
Compiling mesh data optimization processing for "Legacy Shaders/VertexLit" pass "ShadowCaster":
    Cached mesh channel usage data found for 2 variants. 2 variants require compilation to get this data.
    Processed in 0.00 seconds
    starting compilation...
    finished in 0.00 seconds. Local cache hits 2 (0.00s CPU time), remote cache hits 0 (0.00s CPU time), compiled 0 variants (0.00s CPU time), skipped 0 variants


Mono dependencies included in the build
Dependency assembly - System.Runtime.InteropServices.dll
Dependency assembly - Assembly-CSharp-firstpass.dll
Dependency assembly - System.Net.Primitives.dll
Dependency assembly - System.Xml.XmlDocument.dll
Dependency assembly - System.Security.Cryptography.Encryption.ECDiffieHellman.dll
Dependency assembly - System.Runtime.Serialization.Json.dll
Dependency assembly - System.Collections.NonGeneric.dll
Dependency assembly - System.Diagnostics.Tools.dll
Dependency assembly - System.Net.Http.WebRequest.dll
Dependency assembly - System.Net.WebHeaderCollection.dll
Dependency assembly - Microsoft.Win32.Primitives.dll
Dependency assembly - Unity.Timeline.dll
Dependency assembly - System.Messaging.dll
Dependency assembly - System.ServiceModel.Routing.dll
Dependency assembly - System.IO.FileSystem.Primitives.dll
Dependency assembly - System.Diagnostics.Contracts.dll
Dependency assembly - System.Security.Cryptography.ProtectedData.dll
Dependency assembly - I18N.CJK.dll
Dependency assembly - System.Drawing.Design.dll
Dependency assembly - System.Threading.Timer.dll
Dependency assembly - System.Runtime.DurableInstancing.dll
Dependency assembly - Microsoft.Win32.Registry.dll
Dependency assembly - Mono.Data.Tds.dll
Dependency assembly - Mono.Security.dll
Dependency assembly - System.Web.dll
Dependency assembly - System.Diagnostics.StackTrace.dll
Dependency assembly - System.Security.Cryptography.Encoding.dll
Dependency assembly - System.Runtime.InteropServices.WindowsRuntime.dll
Dependency assembly - System.Web.ApplicationServices.dll
Dependency assembly - System.dll
Dependency assembly - System.Xml.XmlSerializer.dll
Dependency assembly - System.Diagnostics.TraceSource.dll
Dependency assembly - System.Dynamic.Runtime.dll
Dependency assembly - System.Runtime.dll
Dependency assembly - System.Runtime.InteropServices.RuntimeInformation.dll
Dependency assembly - System.Net.Http.dll
Dependency assembly - System.ServiceModel.NetTcp.dll
Dependency assembly - System.Reflection.TypeExtensions.dll
Dependency assembly - System.Security.Cryptography.Encryption.dll
Dependency assembly - System.Web.Services.dll
Dependency assembly - System.Runtime.Serialization.dll
Dependency assembly - System.Threading.Tasks.Parallel.dll
Dependency assembly - System.Xml.dll
Dependency assembly - System.Diagnostics.FileVersionInfo.dll
Dependency assembly - System.Diagnostics.Process.dll
Dependency assembly - System.Reflection.Extensions.dll
Dependency assembly - System.Globalization.Extensions.dll
Dependency assembly - System.ServiceModel.Primitives.dll
Dependency assembly - System.Runtime.Handles.dll
Dependency assembly - System.Data.dll
Dependency assembly - System.Text.Encoding.dll
Dependency assembly - System.ServiceProcess.dll
Dependency assembly - System.IO.FileSystem.Watcher.dll
Dependency assembly - System.Configuration.Install.dll
Dependency assembly - Microsoft.Win32.Registry.AccessControl.dll
Dependency assembly - System.ComponentModel.Primitives.dll
Dependency assembly - System.Security.AccessControl.dll
Dependency assembly - System.Threading.Thread.dll
Dependency assembly - System.Reflection.DispatchProxy.dll
Dependency assembly - System.Security.Cryptography.X509Certificates.dll
Dependency assembly - System.Xaml.dll
Dependency assembly - System.Security.Cryptography.Encryption.Aes.dll
Dependency assembly - System.Text.RegularExpressions.dll
Dependency assembly - System.ServiceModel.Security.dll
Dependency assembly - System.Net.WebSockets.dll
Dependency assembly - System.IO.FileSystem.dll
Dependency assembly - mscorlib.dll
Dependency assembly - System.Net.AuthenticationManager.dll
Dependency assembly - System.EnterpriseServices.dll
Dependency assembly - System.Security.Cryptography.Cng.dll
Dependency assembly - System.Web.Extensions.Design.dll
Dependency assembly - System.Security.Cryptography.Hashing.dll
Dependency assembly - System.ServiceModel.Http.dll
Dependency assembly - Microsoft.CSharp.dll
Dependency assembly - System.Xml.XPath.XDocument.dll
Dependency assembly - System.Data.Linq.dll
Dependency assembly - System.ComponentModel.DataAnnotations.dll
Dependency assembly - System.IO.Pipes.dll
Dependency assembly - System.Xml.XPath.dll
Dependency assembly - System.ComponentModel.Annotations.dll
Dependency assembly - System.Net.Ping.dll
Dependency assembly - System.IO.IsolatedStorage.dll
Dependency assembly - System.ServiceModel.Activation.dll
Dependency assembly - System.Runtime.Loader.dll
Dependency assembly - System.Security.Principal.dll
Dependency assembly - System.IO.dll
Dependency assembly - System.Runtime.Extensions.dll
Dependency assembly - System.Collections.Specialized.dll
Dependency assembly - System.ValueTuple.dll
Dependency assembly - System.Threading.Tasks.dll
Dependency assembly - System.IdentityModel.Selectors.dll
Dependency assembly - Unity.Burst.Unsafe.dll
Dependency assembly - System.IO.Compression.ZipFile.dll
Dependency assembly - Mono.Data.Sqlite.dll
Dependency assembly - System.Drawing.dll
Dependency assembly - System.Security.Cryptography.Csp.dll
Dependency assembly - System.Data.OracleClient.dll
Dependency assembly - System.Threading.AccessControl.dll
Dependency assembly - System.Design.dll
Dependency assembly - System.Runtime.CompilerServices.VisualC.dll
Dependency assembly - System.Net.Requests.dll
Dependency assembly - System.Runtime.Numerics.dll
Dependency assembly - I18N.West.dll
Dependency assembly - System.Drawing.Primitives.dll
Dependency assembly - System.Diagnostics.TextWriterTraceListener.dll
Dependency assembly - System.Reflection.Emit.Lightweight.dll
Dependency assembly - System.Windows.Forms.DataVisualization.dll
Dependency assembly - System.Diagnostics.Tracing.dll
Dependency assembly - System.Resources.ReaderWriter.dll
Dependency assembly - System.Net.Cache.dll
Dependency assembly - NoSafeCircle.DoorPrototype.dll
Dependency assembly - System.Linq.Queryable.dll
Dependency assembly - System.Resources.Writer.dll
Dependency assembly - System.Windows.Forms.dll
Dependency assembly - System.Security.Cryptography.OpenSsl.dll
Dependency assembly - System.Security.dll
Dependency assembly - Unity.Multiplayer.Center.Common.dll
Dependency assembly - System.Management.dll
Dependency assembly - System.Security.Cryptography.Encryption.ECDsa.dll
Dependency assembly - System.Net.Security.dll
Dependency assembly - System.Collections.dll
Dependency assembly - System.Security.Cryptography.Algorithms.dll
Dependency assembly - System.Runtime.Serialization.Xml.dll
Dependency assembly - System.Runtime.Serialization.Formatters.dll
Dependency assembly - System.Security.Cryptography.DeriveBytes.dll
Dependency assembly - System.Reflection.Emit.ILGeneration.dll
Dependency assembly - System.ServiceModel.Internals.dll
Dependency assembly - System.Diagnostics.TraceEvent.dll
Dependency assembly - System.IdentityModel.dll
Dependency assembly - System.Data.Entity.dll
Dependency assembly - System.Windows.dll
Dependency assembly - System.Xml.XPath.XmlDocument.dll
Dependency assembly - System.IO.Compression.FileSystem.dll
Dependency assembly - System.ComponentModel.Composition.dll
Dependency assembly - System.Core.dll
Dependency assembly - System.Net.HttpListener.dll
Dependency assembly - System.ComponentModel.dll
Dependency assembly - System.Net.Sockets.dll
Dependency assembly - UnityEngine.UI.dll
Dependency assembly - System.ComponentModel.TypeConverter.dll
Dependency assembly - I18N.Other.dll
Dependency assembly - System.ServiceProcess.ServiceController.dll
Dependency assembly - System.Xml.Linq.dll
Dependency assembly - Unity.Collections.dll
Dependency assembly - System.Data.Services.dll
Dependency assembly - System.Net.NameResolution.dll
Dependency assembly - System.Runtime.Serialization.Primitives.dll
Dependency assembly - Unity.VisualScripting.State.dll
Dependency assembly - System.Linq.Parallel.dll
Dependency assembly - System.Xml.ReaderWriter.dll
Dependency assembly - System.Web.Extensions.dll
Dependency assembly - Accessibility.dll
Dependency assembly - System.Xml.Serialization.dll
Dependency assembly - System.IO.UnmanagedMemoryStream.dll
Dependency assembly - System.Security.Cryptography.Hashing.Algorithms.dll
Dependency assembly - I18N.dll
Dependency assembly - System.DirectoryServices.Protocols.dll
Dependency assembly - Unity.TextMeshPro.dll
Dependency assembly - System.Threading.Overlapped.dll
Dependency assembly - System.Threading.Tasks.Extensions.dll
Dependency assembly - System.IO.FileSystem.AccessControl.dll
Dependency assembly - System.Web.DynamicData.dll
Dependency assembly - I18N.MidEast.dll
Dependency assembly - Unity.InputSystem.ForUI.dll
Dependency assembly - System.Json.dll
Dependency assembly - System.ServiceModel.dll
Dependency assembly - System.Linq.Expressions.dll
Dependency assembly - Unity.VisualScripting.Flow.dll
Dependency assembly - System.Resources.ResourceManager.dll
Dependency assembly - System.Reflection.dll
Dependency assembly - System.Security.Cryptography.RandomNumberGenerator.dll
Dependency assembly - Unity.AI.Navigation.dll
Dependency assembly - System.ComponentModel.EventBasedAsync.dll
Dependency assembly - System.Net.Mail.dll
Dependency assembly - System.Reflection.Emit.dll
Dependency assembly - System.Reflection.Primitives.dll
Dependency assembly - System.Net.dll
Dependency assembly - Unity.Burst.dll
Dependency assembly - System.Reflection.Context.dll
Dependency assembly - System.Data.SqlClient.dll
Dependency assembly - System.Runtime.Caching.dll
Dependency assembly - netstandard.dll
Dependency assembly - Unity.VisualScripting.Core.dll
Dependency assembly - System.Net.Utilities.dll
Dependency assembly - DOTween.dll
Dependency assembly - System.Security.Principal.Windows.dll
Dependency assembly - System.Numerics.dll
Dependency assembly - System.IO.MemoryMappedFiles.dll
Dependency assembly - System.Text.Encoding.CodePages.dll
Dependency assembly - System.AppContext.dll
Dependency assembly - Unity.Collections.LowLevel.ILSupport.dll
Dependency assembly - System.Threading.ThreadPool.dll
Dependency assembly - deVoid.Signals.dll
Dependency assembly - System.ServiceModel.Discovery.dll
Dependency assembly - System.ServiceModel.Duplex.dll
Dependency assembly - System.Resources.Reader.dll
Dependency assembly - System.Runtime.Serialization.Formatters.Soap.dll
Dependency assembly - System.Collections.Concurrent.dll
Dependency assembly - System.Linq.dll
Dependency assembly - System.Configuration.dll
Dependency assembly - System.DirectoryServices.dll
Dependency assembly - System.Transactions.dll
Dependency assembly - System.Xml.XDocument.dll
Dependency assembly - System.Web.RegularExpressions.dll
Dependency assembly - System.Console.dll
Dependency assembly - Unity.Mathematics.dll
Dependency assembly - System.Globalization.Calendars.dll
Dependency assembly - System.Threading.dll
Dependency assembly - System.Buffers.dll
Dependency assembly - System.Security.Cryptography.RSA.dll
Dependency assembly - System.Numerics.Vectors.dll
Dependency assembly - System.Globalization.dll
Dependency assembly - System.Security.SecureString.dll
Dependency assembly - System.Security.Claims.dll
Dependency assembly - System.Runtime.Remoting.dll
Dependency assembly - System.ServiceModel.Web.dll
Dependency assembly - System.Data.Services.Client.dll
Dependency assembly - System.Memory.dll
Dependency assembly - System.Security.Cryptography.Primitives.dll
Dependency assembly - System.Xml.Xsl.Primitives.dll
Dependency assembly - System.IO.FileSystem.DriveInfo.dll
Dependency assembly - System.Diagnostics.Debug.dll
Dependency assembly - System.IO.Compression.dll
Dependency assembly - System.ObjectModel.dll
Dependency assembly - System.Security.Cryptography.Pkcs.dll
Dependency assembly - Unity.VisualScripting.Antlr3.Runtime.dll
Dependency assembly - Unity.InputSystem.dll
Dependency assembly - System.Text.Encoding.Extensions.dll
Dependency assembly - System.Data.Common.dll
Dependency assembly - System.Net.WebSockets.Client.dll
Dependency assembly - System.Net.NetworkInformation.dll
Dependency assembly - I18N.Rare.dll
Dependency assembly - System.Net.ServicePoint.dll
Dependency assembly - System.Data.DataSetExtensions.dll

Total cache size 281505341
Unloading 7 Unused Serialized files (Serialized files now loaded: 0)
Total cache size after purge 266440009, took 00:00:00.5062703
Unloading 331 unused Assets / (4.5 MB). Loaded Objects now: 5596.
Memory consumption went from 145.9 MB to 141.4 MB.
Total: 7.634900 ms (FindLiveObjects: 0.513600 ms CreateObjectMapping: 0.076500 ms MarkObjects: 6.267100 ms  DeleteObjects: 0.776800 ms)

Unloading 0 Unused Serialized files (Serialized files now loaded: 0)
Unloading 0 unused Assets / (6.6 KB). Loaded Objects now: 5596.
Memory consumption went from 141.4 MB to 141.3 MB.
Total: 4.602800 ms (FindLiveObjects: 0.189300 ms CreateObjectMapping: 0.063100 ms MarkObjects: 4.341000 ms  DeleteObjects: 0.008800 ms)

Unloading 1 Unused Serialized files (Serialized files now loaded: 0)
Unloading 168 unused Assets / (139.1 MB). Loaded Objects now: 5596.
Memory consumption went from 280.9 MB to 141.8 MB.
Total: 19.573600 ms (FindLiveObjects: 0.214300 ms CreateObjectMapping: 0.074400 ms MarkObjects: 7.229800 ms  DeleteObjects: 12.053900 ms)

Compiling shader "Standard" pass "FORWARD" (vp)
    Full variant space:         664
    After settings filtering:   664
    After built-in stripping:   8
    After scriptable stripping: 8
    Processed in 0.00 seconds
    starting compilation...
    finished in 0.00 seconds. Local cache hits 8 (0.00s CPU time), remote cache hits 0 (0.00s CPU time), compiled 0 variants (0.00s CPU time), skipped 0 variants
    Prepared data for serialisation in 0.00s
Compiling shader "Standard" pass "FORWARD_DELTA" (vp)
    Full variant space:         188
    After settings filtering:   188
    After built-in stripping:   13
    After scriptable stripping: 13
    Processed in 0.00 seconds
    starting compilation...
    finished in 0.00 seconds. Local cache hits 13 (0.00s CPU time), remote cache hits 0 (0.00s CPU time), compiled 0 variants (0.00s CPU time), skipped 0 variants
    Prepared data for serialisation in 0.00s
Compiling shader "Standard" pass "ShadowCaster" (vp)
    Full variant space:         4
    After settings filtering:   4
    After built-in stripping:   2
    After scriptable stripping: 2
    Processed in 0.00 seconds
    starting compilation...
    finished in 0.00 seconds. Local cache hits 2 (0.00s CPU time), remote cache hits 0 (0.00s CPU time), compiled 0 variants (0.00s CPU time), skipped 0 variants
    Prepared data for serialisation in 0.00s
Compiling shader "Standard" pass "DEFERRED" (vp)
    Full variant space:         76
    After settings filtering:   76
    After built-in stripping:   4
    After scriptable stripping: 4
    Processed in 0.00 seconds
    starting compilation...
    finished in 0.00 seconds. Local cache hits 4 (0.00s CPU time), remote cache hits 0 (0.00s CPU time), compiled 0 variants (0.00s CPU time), skipped 0 variants
    Prepared data for serialisation in 0.00s
Compiling shader "Standard" pass "FORWARD" (vp)
    Full variant space:         208
    After settings filtering:   208
    After built-in stripping:   8
    After scriptable stripping: 8
    Processed in 0.00 seconds
    starting compilation...
    finished in 0.00 seconds. Local cache hits 8 (0.00s CPU time), remote cache hits 0 (0.00s CPU time), compiled 0 variants (0.00s CPU time), skipped 0 variants
    Prepared data for serialisation in 0.00s
Compiling shader "Standard" pass "FORWARD_DELTA" (vp)
    Full variant space:         140
    After settings filtering:   140
    After built-in stripping:   10
    After scriptable stripping: 10
    Processed in 0.00 seconds
    starting compilation...
    finished in 0.00 seconds. Local cache hits 10 (0.00s CPU time), remote cache hits 0 (0.00s CPU time), compiled 0 variants (0.00s CPU time), skipped 0 variants
    Prepared data for serialisation in 0.00s
Compiling shader "Standard" pass "ShadowCaster" (vp)
    Full variant space:         2
    After settings filtering:   2
    After built-in stripping:   2
    After scriptable stripping: 2
    Processed in 0.00 seconds
    starting compilation...
    finished in 0.00 seconds. Local cache hits 2 (0.00s CPU time), remote cache hits 0 (0.00s CPU time), compiled 0 variants (0.00s CPU time), skipped 0 variants
    Prepared data for serialisation in 0.00s
Serialized binary data for shader Standard in 0.00s
    gles3 (total internal programs: 47, unique: 39)
Compiling shader "Skybox/Procedural" pass "" (vp)
    Full variant space:         3
    After settings filtering:   3
    After built-in stripping:   3
    After scriptable stripping: 3
    Processed in 0.00 seconds
    starting compilation...
    finished in 0.00 seconds. Local cache hits 3 (0.00s CPU time), remote cache hits 0 (0.00s CPU time), compiled 0 variants (0.00s CPU time), skipped 0 variants
    Prepared data for serialisation in 0.00s
Serialized binary data for shader Skybox/Procedural in 0.00s
    gles3 (total internal programs: 3, unique: 3)
Compiling shader "Legacy Shaders/VertexLit" pass "" (vp)
    Full variant space:         12
    After settings filtering:   12
    After built-in stripping:   3
    After scriptable stripping: 3
    Processed in 0.00 seconds
    starting compilation...
    finished in 0.00 seconds. Local cache hits 3 (0.00s CPU time), remote cache hits 0 (0.00s CPU time), compiled 0 variants (0.00s CPU time), skipped 0 variants
    Prepared data for serialisation in 0.00s
Compiling shader "Legacy Shaders/VertexLit" pass "" (vp)
    Full variant space:         4
    After settings filtering:   4
    After built-in stripping:   1
    After scriptable stripping: 1
    Processed in 0.00 seconds
    starting compilation...
    finished in 0.00 seconds. Local cache hits 1 (0.00s CPU time), remote cache hits 0 (0.00s CPU time), compiled 0 variants (0.00s CPU time), skipped 0 variants
    Prepared data for serialisation in 0.00s
Compiling shader "Legacy Shaders/VertexLit" pass "ShadowCaster" (vp)
    Full variant space:         4
    After settings filtering:   4
    After built-in stripping:   2
    After scriptable stripping: 2
    Processed in 0.00 seconds
    starting compilation...
    finished in 0.00 seconds. Local cache hits 2 (0.00s CPU time), remote cache hits 0 (0.00s CPU time), compiled 0 variants (0.00s CPU time), skipped 0 variants
    Prepared data for serialisation in 0.00s
Serialized binary data for shader Legacy Shaders/VertexLit in 0.00s
    gles3 (total internal programs: 6, unique: 6)
Compiling shader "Legacy Shaders/Diffuse" pass "FORWARD" (vp)
    Full variant space:         664
    After settings filtering:   664
    After built-in stripping:   8
    After scriptable stripping: 8
    Processed in 0.00 seconds
    starting compilation...
    finished in 0.00 seconds. Local cache hits 8 (0.00s CPU time), remote cache hits 0 (0.00s CPU time), compiled 0 variants (0.00s CPU time), skipped 0 variants
    Prepared data for serialisation in 0.00s
Compiling shader "Legacy Shaders/Diffuse" pass "FORWARD" (vp)
    Full variant space:         20
    After settings filtering:   20
    After built-in stripping:   5
    After scriptable stripping: 5
    Processed in 0.00 seconds
    starting compilation...
    finished in 0.00 seconds. Local cache hits 5 (0.00s CPU time), remote cache hits 0 (0.00s CPU time), compiled 0 variants (0.00s CPU time), skipped 0 variants
    Prepared data for serialisation in 0.00s
Compiling shader "Legacy Shaders/Diffuse" pass "DEFERRED" (vp)
    Full variant space:         76
    After settings filtering:   76
    After built-in stripping:   4
    After scriptable stripping: 4
    Processed in 0.00 seconds
    starting compilation...
    finished in 0.00 seconds. Local cache hits 4 (0.00s CPU time), remote cache hits 0 (0.00s CPU time), compiled 0 variants (0.00s CPU time), skipped 0 variants
    Prepared data for serialisation in 0.00s
Serialized binary data for shader Legacy Shaders/Diffuse in 0.00s
    gles3 (total internal programs: 17, unique: 17)
Compiling shader "Hidden/Internal-StencilWrite" pass "" (vp)
    Full variant space:         1
    After settings filtering:   1
    After built-in stripping:   1
    After scriptable stripping: 1
    Processed in 0.00 seconds
    starting compilation...
    finished in 0.00 seconds. Local cache hits 1 (0.00s CPU time), remote cache hits 0 (0.00s CPU time), compiled 0 variants (0.00s CPU time), skipped 0 variants
    Prepared data for serialisation in 0.00s
Serialized binary data for shader Hidden/Internal-StencilWrite in 0.00s
    gles3 (total internal programs: 1, unique: 1)
Compiling shader "Hidden/Internal-DepthNormalsTexture" pass "" (vp)
    Full variant space:         1
    After settings filtering:   1
    After built-in stripping:   1
    After scriptable stripping: 1
    Processed in 0.00 seconds
    starting compilation...
    finished in 0.00 seconds. Local cache hits 1 (0.00s CPU time), remote cache hits 0 (0.00s CPU time), compiled 0 variants (0.00s CPU time), skipped 0 variants
    Prepared data for serialisation in 0.00s
Compiling shader "Hidden/Internal-DepthNormalsTexture" pass "" (vp)
    Full variant space:         1
    After settings filtering:   1
    After built-in stripping:   1
    After scriptable stripping: 1
    Processed in 0.00 seconds
    starting compilation...
    finished in 0.00 seconds. Local cache hits 1 (0.00s CPU time), remote cache hits 0 (0.00s CPU time), compiled 0 variants (0.00s CPU time), skipped 0 variants
    Prepared data for serialisation in 0.00s
Compiling shader "Hidden/Internal-DepthNormalsTexture" pass "" (vp)
    Full variant space:         1
    After settings filtering:   1
    After built-in stripping:   1
    After scriptable stripping: 1
    Processed in 0.00 seconds
    starting compilation...
    finished in 0.00 seconds. Local cache hits 1 (0.00s CPU time), remote cache hits 0 (0.00s CPU time), compiled 0 variants (0.00s CPU time), skipped 0 variants
    Prepared data for serialisation in 0.00s
Compiling shader "Hidden/Internal-DepthNormalsTexture" pass "" (vp)
    Full variant space:         1
    After settings filtering:   1
    After built-in stripping:   1
    After scriptable stripping: 1
    Processed in 0.00 seconds
    starting compilation...
    finished in 0.00 seconds. Local cache hits 1 (0.00s CPU time), remote cache hits 0 (0.00s CPU time), compiled 0 variants (0.00s CPU time), skipped 0 variants
    Prepared data for serialisation in 0.00s
Compiling shader "Hidden/Internal-DepthNormalsTexture" pass "" (vp)
    Full variant space:         1
    After settings filtering:   1
    After built-in stripping:   1
    After scriptable stripping: 1
    Processed in 0.00 seconds
    starting compilation...
    finished in 0.00 seconds. Local cache hits 1 (0.00s CPU time), remote cache hits 0 (0.00s CPU time), compiled 0 variants (0.00s CPU time), skipped 0 variants
    Prepared data for serialisation in 0.00s
Compiling shader "Hidden/Internal-DepthNormalsTexture" pass "" (vp)
    Full variant space:         1
    After settings filtering:   1
    After built-in stripping:   1
    After scriptable stripping: 1
    Processed in 0.00 seconds
    starting compilation...
    finished in 0.00 seconds. Local cache hits 1 (0.00s CPU time), remote cache hits 0 (0.00s CPU time), compiled 0 variants (0.00s CPU time), skipped 0 variants
    Prepared data for serialisation in 0.00s
Compiling shader "Hidden/Internal-DepthNormalsTexture" pass "" (vp)
    Full variant space:         1
    After settings filtering:   1
    After built-in stripping:   1
    After scriptable stripping: 1
    Processed in 0.00 seconds
    starting compilation...
    finished in 0.00 seconds. Local cache hits 1 (0.00s CPU time), remote cache hits 0 (0.00s CPU time), compiled 0 variants (0.00s CPU time), skipped 0 variants
    Prepared data for serialisation in 0.00s
Compiling shader "Hidden/Internal-DepthNormalsTexture" pass "" (vp)
    Full variant space:         1
    After settings filtering:   1
    After built-in stripping:   1
    After scriptable stripping: 1
    Processed in 0.00 seconds
    starting compilation...
    finished in 0.00 seconds. Local cache hits 1 (0.00s CPU time), remote cache hits 0 (0.00s CPU time), compiled 0 variants (0.00s CPU time), skipped 0 variants
    Prepared data for serialisation in 0.00s
Compiling shader "Hidden/Internal-DepthNormalsTexture" pass "" (vp)
    Full variant space:         1
    After settings filtering:   1
    After built-in stripping:   1
    After scriptable stripping: 1
    Processed in 0.00 seconds
    starting compilation...
    finished in 0.00 seconds. Local cache hits 1 (0.00s CPU time), remote cache hits 0 (0.00s CPU time), compiled 0 variants (0.00s CPU time), skipped 0 variants
    Prepared data for serialisation in 0.00s
Compiling shader "Hidden/Internal-DepthNormalsTexture" pass "" (vp)
    Full variant space:         1
    After settings filtering:   1
    After built-in stripping:   1
    After scriptable stripping: 1
    Processed in 0.00 seconds
    starting compilation...
    finished in 0.00 seconds. Local cache hits 1 (0.00s CPU time), remote cache hits 0 (0.00s CPU time), compiled 0 variants (0.00s CPU time), skipped 0 variants
    Prepared data for serialisation in 0.00s
Serialized binary data for shader Hidden/Internal-DepthNormalsTexture in 0.00s
    gles3 (total internal programs: 10, unique: 10)
Compiling shader "Hidden/Internal-ScreenSpaceShadows" pass "" (vp)
    Full variant space:         4
    After settings filtering:   4
    After built-in stripping:   4
    After scriptable stripping: 4
    Processed in 0.00 seconds
    starting compilation...
    finished in 0.00 seconds. Local cache hits 4 (0.00s CPU time), remote cache hits 0 (0.00s CPU time), compiled 0 variants (0.00s CPU time), skipped 0 variants
    Prepared data for serialisation in 0.00s
Compiling shader "Hidden/Internal-ScreenSpaceShadows" pass "" (vp)
    Full variant space:         4
    After settings filtering:   4
    After built-in stripping:   4
    After scriptable stripping: 4
    Processed in 0.00 seconds
    starting compilation...
    finished in 0.00 seconds. Local cache hits 4 (0.00s CPU time), remote cache hits 0 (0.00s CPU time), compiled 0 variants (0.00s CPU time), skipped 0 variants
    Prepared data for serialisation in 0.00s
Compiling shader "Hidden/Internal-ScreenSpaceShadows" pass "" (vp)
    Full variant space:         4
    After settings filtering:   4
    After built-in stripping:   4
    After scriptable stripping: 4
    Processed in 0.00 seconds
    starting compilation...
    finished in 0.00 seconds. Local cache hits 4 (0.00s CPU time), remote cache hits 0 (0.00s CPU time), compiled 0 variants (0.00s CPU time), skipped 0 variants
    Prepared data for serialisation in 0.00s
Compiling shader "Hidden/Internal-ScreenSpaceShadows" pass "" (vp)
    Full variant space:         4
    After settings filtering:   4
    After built-in stripping:   4
    After scriptable stripping: 4
    Processed in 0.00 seconds
    starting compilation...
    finished in 0.00 seconds. Local cache hits 4 (0.00s CPU time), remote cache hits 0 (0.00s CPU time), compiled 0 variants (0.00s CPU time), skipped 0 variants
    Prepared data for serialisation in 0.00s
Serialized binary data for shader Hidden/Internal-ScreenSpaceShadows in 0.00s
    gles3 (total internal programs: 16, unique: 16)
Compiling shader "Hidden/Internal-CombineDepthNormals" pass "" (vp)
    Full variant space:         1
    After settings filtering:   1
    After built-in stripping:   1
    After scriptable stripping: 1
    Processed in 0.00 seconds
    starting compilation...
    finished in 0.00 seconds. Local cache hits 1 (0.00s CPU time), remote cache hits 0 (0.00s CPU time), compiled 0 variants (0.00s CPU time), skipped 0 variants
    Prepared data for serialisation in 0.00s
Serialized binary data for shader Hidden/Internal-CombineDepthNormals in 0.00s
    gles3 (total internal programs: 1, unique: 1)
Compiling shader "Hidden/BlitCopy" pass "" (vp)
    Full variant space:         1
    After settings filtering:   1
    After built-in stripping:   1
    After scriptable stripping: 1
    Processed in 0.00 seconds
    starting compilation...
    finished in 0.00 seconds. Local cache hits 1 (0.00s CPU time), remote cache hits 0 (0.00s CPU time), compiled 0 variants (0.00s CPU time), skipped 0 variants
    Prepared data for serialisation in 0.00s
Serialized binary data for shader Hidden/BlitCopy in 0.00s
    gles3 (total internal programs: 1, unique: 1)
Compiling shader "Hidden/BlitCopyDepth" pass "" (vp)
    Full variant space:         1
    After settings filtering:   1
    After built-in stripping:   1
    After scriptable stripping: 1
    Processed in 0.00 seconds
    starting compilation...
    finished in 0.00 seconds. Local cache hits 1 (0.00s CPU time), remote cache hits 0 (0.00s CPU time), compiled 0 variants (0.00s CPU time), skipped 0 variants
    Prepared data for serialisation in 0.00s
Serialized binary data for shader Hidden/BlitCopyDepth in 0.00s
    gles3 (total internal programs: 1, unique: 1)
Compiling shader "Hidden/ConvertTexture" pass "" (vp)
    Full variant space:         1
    After settings filtering:   1
    After built-in stripping:   1
    After scriptable stripping: 1
    Processed in 0.00 seconds
    starting compilation...
    finished in 0.00 seconds. Local cache hits 1 (0.00s CPU time), remote cache hits 0 (0.00s CPU time), compiled 0 variants (0.00s CPU time), skipped 0 variants
    Prepared data for serialisation in 0.00s
Serialized binary data for shader Hidden/ConvertTexture in 0.00s
    gles3 (total internal programs: 1, unique: 1)
Compiling shader "Hidden/Internal-DeferredShading" pass "" (vp)
    Full variant space:         94
    After settings filtering:   94
    After built-in stripping:   26
    After scriptable stripping: 26
    Processed in 0.00 seconds
    starting compilation...
    finished in 0.00 seconds. Local cache hits 26 (0.01s CPU time), remote cache hits 0 (0.00s CPU time), compiled 0 variants (0.00s CPU time), skipped 0 variants
    Prepared data for serialisation in 0.00s
Compiling shader "Hidden/Internal-DeferredShading" pass "" (vp)
    Full variant space:         1
    After settings filtering:   1
    After built-in stripping:   1
    After scriptable stripping: 1
    Processed in 0.00 seconds
    starting compilation...
    finished in 0.00 seconds. Local cache hits 1 (0.00s CPU time), remote cache hits 0 (0.00s CPU time), compiled 0 variants (0.00s CPU time), skipped 0 variants
    Prepared data for serialisation in 0.00s
Serialized binary data for shader Hidden/Internal-DeferredShading in 0.00s
    gles3 (total internal programs: 27, unique: 27)
Compiling shader "Hidden/Internal-DeferredReflections" pass "" (vp)
    Full variant space:         1
    After settings filtering:   1
    After built-in stripping:   1
    After scriptable stripping: 1
    Processed in 0.00 seconds
    starting compilation...
    finished in 0.00 seconds. Local cache hits 1 (0.00s CPU time), remote cache hits 0 (0.00s CPU time), compiled 0 variants (0.00s CPU time), skipped 0 variants
    Prepared data for serialisation in 0.00s
Compiling shader "Hidden/Internal-DeferredReflections" pass "" (vp)
    Full variant space:         2
    After settings filtering:   2
    After built-in stripping:   2
    After scriptable stripping: 2
    Processed in 0.00 seconds
    starting compilation...
    finished in 0.00 seconds. Local cache hits 2 (0.00s CPU time), remote cache hits 0 (0.00s CPU time), compiled 0 variants (0.00s CPU time), skipped 0 variants
    Prepared data for serialisation in 0.00s
Serialized binary data for shader Hidden/Internal-DeferredReflections in 0.00s
    gles3 (total internal programs: 3, unique: 3)
Compiling shader "Hidden/Internal-MotionVectors" pass "" (vp)
    Full variant space:         1
    After settings filtering:   1
    After built-in stripping:   1
    After scriptable stripping: 1
    Processed in 0.00 seconds
    starting compilation...
    finished in 0.00 seconds. Local cache hits 1 (0.00s CPU time), remote cache hits 0 (0.00s CPU time), compiled 0 variants (0.00s CPU time), skipped 0 variants
    Prepared data for serialisation in 0.00s
Compiling shader "Hidden/Internal-MotionVectors" pass "" (vp)
    Full variant space:         1
    After settings filtering:   1
    After built-in stripping:   1
    After scriptable stripping: 1
    Processed in 0.00 seconds
    starting compilation...
    finished in 0.00 seconds. Local cache hits 1 (0.00s CPU time), remote cache hits 0 (0.00s CPU time), compiled 0 variants (0.00s CPU time), skipped 0 variants
    Prepared data for serialisation in 0.00s
Compiling shader "Hidden/Internal-MotionVectors" pass "" (vp)
    Full variant space:         1
    After settings filtering:   1
    After built-in stripping:   1
    After scriptable stripping: 1
    Processed in 0.00 seconds
    starting compilation...
    finished in 0.00 seconds. Local cache hits 1 (0.00s CPU time), remote cache hits 0 (0.00s CPU time), compiled 0 variants (0.00s CPU time), skipped 0 variants
    Prepared data for serialisation in 0.00s
Serialized binary data for shader Hidden/Internal-MotionVectors in 0.00s
    gles3 (total internal programs: 3, unique: 3)
Compiling shader "Hidden/Internal-Flare" pass "" (vp)
    Full variant space:         1
    After settings filtering:   1
    After built-in stripping:   1
    After scriptable stripping: 1
    Processed in 0.00 seconds
    starting compilation...
    finished in 0.00 seconds. Local cache hits 1 (0.00s CPU time), remote cache hits 0 (0.00s CPU time), compiled 0 variants (0.00s CPU time), skipped 0 variants
    Prepared data for serialisation in 0.00s
Serialized binary data for shader Hidden/Internal-Flare in 0.00s
    gles3 (total internal programs: 1, unique: 1)
Compiling shader "Hidden/Internal-Halo" pass "" (vp)
    Full variant space:         4
    After settings filtering:   4
    After built-in stripping:   1
    After scriptable stripping: 1
    Processed in 0.00 seconds
    starting compilation...
    finished in 0.00 seconds. Local cache hits 1 (0.00s CPU time), remote cache hits 0 (0.00s CPU time), compiled 0 variants (0.00s CPU time), skipped 0 variants
    Prepared data for serialisation in 0.00s
Serialized binary data for shader Hidden/Internal-Halo in 0.00s
    gles3 (total internal programs: 1, unique: 1)
Compiling shader "Hidden/BlitCopyWithDepth" pass "" (vp)
    Full variant space:         1
    After settings filtering:   1
    After built-in stripping:   1
    After scriptable stripping: 1
    Processed in 0.00 seconds
    starting compilation...
    finished in 0.00 seconds. Local cache hits 1 (0.00s CPU time), remote cache hits 0 (0.00s CPU time), compiled 0 variants (0.00s CPU time), skipped 0 variants
    Prepared data for serialisation in 0.00s
Serialized binary data for shader Hidden/BlitCopyWithDepth in 0.00s
    gles3 (total internal programs: 1, unique: 1)
Compiling shader "Hidden/BlitToDepth" pass "" (vp)
    Full variant space:         1
    After settings filtering:   1
    After built-in stripping:   1
    After scriptable stripping: 1
    Processed in 0.00 seconds
    starting compilation...
    finished in 0.00 seconds. Local cache hits 1 (0.00s CPU time), remote cache hits 0 (0.00s CPU time), compiled 0 variants (0.00s CPU time), skipped 0 variants
    Prepared data for serialisation in 0.00s
Serialized binary data for shader Hidden/BlitToDepth in 0.00s
    gles3 (total internal programs: 1, unique: 1)
Compiling shader "Hidden/BlitToDepth_MSAA" pass "" (vp)
    Full variant space:         1
    After settings filtering:   1
    After built-in stripping:   1
    After scriptable stripping: 1
    Processed in 0.00 seconds
    starting compilation...
    finished in 0.00 seconds. Local cache hits 1 (0.00s CPU time), remote cache hits 0 (0.00s CPU time), compiled 0 variants (0.00s CPU time), skipped 0 variants
    Prepared data for serialisation in 0.00s
Serialized binary data for shader Hidden/BlitToDepth_MSAA in 0.00s
    gles3 (total internal programs: 1, unique: 1)
Compiling shader "Hidden/BlitCopyHDRTonemap" pass "" (vp)
    Full variant space:         1
    After settings filtering:   1
    After built-in stripping:   1
    After scriptable stripping: 1
    Processed in 0.00 seconds
    starting compilation...
    finished in 0.00 seconds. Local cache hits 1 (0.00s CPU time), remote cache hits 0 (0.00s CPU time), compiled 0 variants (0.00s CPU time), skipped 0 variants
    Prepared data for serialisation in 0.00s
Serialized binary data for shader Hidden/BlitCopyHDRTonemap in 0.00s
    gles3 (total internal programs: 1, unique: 1)
Compiling shader "Hidden/Internal-DebugPattern" pass "Target Color and DepthStencil" (vp)
    Full variant space:         1
    After settings filtering:   1
    After built-in stripping:   1
    After scriptable stripping: 1
    Processed in 0.00 seconds
    starting compilation...
    finished in 0.00 seconds. Local cache hits 1 (0.00s CPU time), remote cache hits 0 (0.00s CPU time), compiled 0 variants (0.00s CPU time), skipped 0 variants
    Prepared data for serialisation in 0.00s
Compiling shader "Hidden/Internal-DebugPattern" pass "Target only Color" (vp)
    Full variant space:         1
    After settings filtering:   1
    After built-in stripping:   1
    After scriptable stripping: 1
    Processed in 0.00 seconds
    starting compilation...
    finished in 0.00 seconds. Local cache hits 1 (0.00s CPU time), remote cache hits 0 (0.00s CPU time), compiled 0 variants (0.00s CPU time), skipped 0 variants
    Prepared data for serialisation in 0.00s
Compiling shader "Hidden/Internal-DebugPattern" pass "Target only DepthStencil" (vp)
    Full variant space:         1
    After settings filtering:   1
    After built-in stripping:   1
    After scriptable stripping: 1
    Processed in 0.00 seconds
    starting compilation...
    finished in 0.00 seconds. Local cache hits 1 (0.00s CPU time), remote cache hits 0 (0.00s CPU time), compiled 0 variants (0.00s CPU time), skipped 0 variants
    Prepared data for serialisation in 0.00s
Serialized binary data for shader Hidden/Internal-DebugPattern in 0.00s
    gles3 (total internal programs: 3, unique: 3)
Compiling shader "Hidden/Internal-GUITextureClip" pass "" (vp)
    Full variant space:         1
    After settings filtering:   1
    After built-in stripping:   1
    After scriptable stripping: 1
    Processed in 0.00 seconds
    starting compilation...
    finished in 0.00 seconds. Local cache hits 1 (0.00s CPU time), remote cache hits 0 (0.00s CPU time), compiled 0 variants (0.00s CPU time), skipped 0 variants
    Prepared data for serialisation in 0.00s
Compiling shader "Hidden/Internal-GUITextureClip" pass "" (vp)
    Full variant space:         1
    After settings filtering:   1
    After built-in stripping:   1
    After scriptable stripping: 1
    Processed in 0.00 seconds
    starting compilation...
    finished in 0.00 seconds. Local cache hits 1 (0.00s CPU time), remote cache hits 0 (0.00s CPU time), compiled 0 variants (0.00s CPU time), skipped 0 variants
    Prepared data for serialisation in 0.00s
Serialized binary data for shader Hidden/Internal-GUITextureClip in 0.00s
    gles3 (total internal programs: 2, unique: 1)
Compiling shader "Hidden/Internal-GUITextureClipText" pass "" (vp)
    Full variant space:         1
    After settings filtering:   1
    After built-in stripping:   1
    After scriptable stripping: 1
    Processed in 0.00 seconds
    starting compilation...
    finished in 0.00 seconds. Local cache hits 1 (0.00s CPU time), remote cache hits 0 (0.00s CPU time), compiled 0 variants (0.00s CPU time), skipped 0 variants
    Prepared data for serialisation in 0.00s
Compiling shader "Hidden/Internal-GUITextureClipText" pass "" (vp)
    Full variant space:         1
    After settings filtering:   1
    After built-in stripping:   1
    After scriptable stripping: 1
    Processed in 0.00 seconds
    starting compilation...
    finished in 0.00 seconds. Local cache hits 1 (0.00s CPU time), remote cache hits 0 (0.00s CPU time), compiled 0 variants (0.00s CPU time), skipped 0 variants
    Prepared data for serialisation in 0.00s
Serialized binary data for shader Hidden/Internal-GUITextureClipText in 0.00s
    gles3 (total internal programs: 2, unique: 1)
Compiling shader "Hidden/Internal-GUITexture" pass "" (vp)
    Full variant space:         1
    After settings filtering:   1
    After built-in stripping:   1
    After scriptable stripping: 1
    Processed in 0.00 seconds
    starting compilation...
    finished in 0.00 seconds. Local cache hits 1 (0.00s CPU time), remote cache hits 0 (0.00s CPU time), compiled 0 variants (0.00s CPU time), skipped 0 variants
    Prepared data for serialisation in 0.00s
Compiling shader "Hidden/Internal-GUITexture" pass "" (vp)
    Full variant space:         1
    After settings filtering:   1
    After built-in stripping:   1
    After scriptable stripping: 1
    Processed in 0.00 seconds
    starting compilation...
    finished in 0.00 seconds. Local cache hits 1 (0.00s CPU time), remote cache hits 0 (0.00s CPU time), compiled 0 variants (0.00s CPU time), skipped 0 variants
    Prepared data for serialisation in 0.00s
Serialized binary data for shader Hidden/Internal-GUITexture in 0.00s
    gles3 (total internal programs: 2, unique: 1)
Compiling shader "Hidden/Internal-GUITextureBlit" pass "" (vp)
    Full variant space:         1
    After settings filtering:   1
    After built-in stripping:   1
    After scriptable stripping: 1
    Processed in 0.00 seconds
    starting compilation...
    finished in 0.00 seconds. Local cache hits 1 (0.00s CPU time), remote cache hits 0 (0.00s CPU time), compiled 0 variants (0.00s CPU time), skipped 0 variants
    Prepared data for serialisation in 0.00s
Compiling shader "Hidden/Internal-GUITextureBlit" pass "" (vp)
    Full variant space:         1
    After settings filtering:   1
    After built-in stripping:   1
    After scriptable stripping: 1
    Processed in 0.00 seconds
    starting compilation...
    finished in 0.00 seconds. Local cache hits 1 (0.00s CPU time), remote cache hits 0 (0.00s CPU time), compiled 0 variants (0.00s CPU time), skipped 0 variants
    Prepared data for serialisation in 0.00s
Serialized binary data for shader Hidden/Internal-GUITextureBlit in 0.00s
    gles3 (total internal programs: 2, unique: 1)
Compiling shader "Hidden/Internal-GUIRoundedRect" pass "" (vp)
    Full variant space:         1
    After settings filtering:   1
    After built-in stripping:   1
    After scriptable stripping: 1
    Processed in 0.00 seconds
    starting compilation...
    finished in 0.00 seconds. Local cache hits 1 (0.00s CPU time), remote cache hits 0 (0.00s CPU time), compiled 0 variants (0.00s CPU time), skipped 0 variants
    Prepared data for serialisation in 0.00s
Compiling shader "Hidden/Internal-GUIRoundedRect" pass "" (vp)
    Full variant space:         1
    After settings filtering:   1
    After built-in stripping:   1
    After scriptable stripping: 1
    Processed in 0.00 seconds
    starting compilation...
    finished in 0.00 seconds. Local cache hits 1 (0.00s CPU time), remote cache hits 0 (0.00s CPU time), compiled 0 variants (0.00s CPU time), skipped 0 variants
    Prepared data for serialisation in 0.00s
Serialized binary data for shader Hidden/Internal-GUIRoundedRect in 0.00s
    gles3 (total internal programs: 2, unique: 1)
Compiling shader "Hidden/Internal-GUIRoundedRectWithColorPerBorder" pass "" (vp)
    Full variant space:         1
    After settings filtering:   1
    After built-in stripping:   1
    After scriptable stripping: 1
    Processed in 0.00 seconds
    starting compilation...
    finished in 0.00 seconds. Local cache hits 1 (0.00s CPU time), remote cache hits 0 (0.00s CPU time), compiled 0 variants (0.00s CPU time), skipped 0 variants
    Prepared data for serialisation in 0.00s
Compiling shader "Hidden/Internal-GUIRoundedRectWithColorPerBorder" pass "" (vp)
    Full variant space:         1
    After settings filtering:   1
    After built-in stripping:   1
    After scriptable stripping: 1
    Processed in 0.00 seconds
    starting compilation...
    finished in 0.00 seconds. Local cache hits 1 (0.00s CPU time), remote cache hits 0 (0.00s CPU time), compiled 0 variants (0.00s CPU time), skipped 0 variants
    Prepared data for serialisation in 0.00s
Serialized binary data for shader Hidden/Internal-GUIRoundedRectWithColorPerBorder in 0.00s
    gles3 (total internal programs: 2, unique: 1)
Compiling shader "Hidden/Internal-UIRDefault" pass "" (vp)
    Full variant space:         2
    After settings filtering:   2
    After built-in stripping:   2
    After scriptable stripping: 2
    Processed in 0.00 seconds
    starting compilation...
    finished in 0.00 seconds. Local cache hits 2 (0.00s CPU time), remote cache hits 0 (0.00s CPU time), compiled 0 variants (0.00s CPU time), skipped 0 variants
    Prepared data for serialisation in 0.00s
Serialized binary data for shader Hidden/Internal-UIRDefault in 0.00s
    gles3 (total internal programs: 2, unique: 2)
Compiling shader "Hidden/Internal-UIRAtlasBlitCopy" pass "" (vp)
    Full variant space:         1
    After settings filtering:   1
    After built-in stripping:   1
    After scriptable stripping: 1
    Processed in 0.00 seconds
    starting compilation...
    finished in 0.00 seconds. Local cache hits 1 (0.00s CPU time), remote cache hits 0 (0.00s CPU time), compiled 0 variants (0.00s CPU time), skipped 0 variants
    Prepared data for serialisation in 0.00s
Serialized binary data for shader Hidden/Internal-UIRAtlasBlitCopy in 0.00s
    gles3 (total internal programs: 1, unique: 1)
Compiling shader "Hidden/Internal-UIRDefaultWorld" pass "" (vp)
    Full variant space:         1
    After settings filtering:   1
    After built-in stripping:   1
    After scriptable stripping: 1
    Processed in 0.00 seconds
    starting compilation...
    finished in 0.00 seconds. Local cache hits 1 (0.00s CPU time), remote cache hits 0 (0.00s CPU time), compiled 0 variants (0.00s CPU time), skipped 0 variants
    Prepared data for serialisation in 0.00s
Serialized binary data for shader Hidden/Internal-UIRDefaultWorld in 0.00s
    gles3 (total internal programs: 1, unique: 1)
Compiling shader "Sprites/Default" pass "" (vp)
    Full variant space:         8
    After settings filtering:   8
    After built-in stripping:   4
    After scriptable stripping: 4
    Processed in 0.00 seconds
    starting compilation...
    finished in 0.00 seconds. Local cache hits 4 (0.00s CPU time), remote cache hits 0 (0.00s CPU time), compiled 0 variants (0.00s CPU time), skipped 0 variants
    Prepared data for serialisation in 0.00s
Serialized binary data for shader Sprites/Default in 0.00s
    gles3 (total internal programs: 4, unique: 4)
Compiling shader "Sprites/Mask" pass "" (vp)
    Full variant space:         4
    After settings filtering:   4
    After built-in stripping:   4
    After scriptable stripping: 4
    Processed in 0.00 seconds
    starting compilation...
    finished in 0.00 seconds. Local cache hits 4 (0.00s CPU time), remote cache hits 0 (0.00s CPU time), compiled 0 variants (0.00s CPU time), skipped 0 variants
    Prepared data for serialisation in 0.00s
Serialized binary data for shader Sprites/Mask in 0.00s
    gles3 (total internal programs: 4, unique: 4)
Compiling shader "UI/Default" pass "Default" (vp)
    Full variant space:         4
    After settings filtering:   4
    After built-in stripping:   4
    After scriptable stripping: 4
    Processed in 0.00 seconds
    starting compilation...
    finished in 0.00 seconds. Local cache hits 4 (0.00s CPU time), remote cache hits 0 (0.00s CPU time), compiled 0 variants (0.00s CPU time), skipped 0 variants
    Prepared data for serialisation in 0.00s
Serialized binary data for shader UI/Default in 0.00s
    gles3 (total internal programs: 4, unique: 4)
Compiling shader "Hidden/CubeBlur" pass "" (vp)
    Full variant space:         1
    After settings filtering:   1
    After built-in stripping:   1
    After scriptable stripping: 1
    Processed in 0.00 seconds
    starting compilation...
    finished in 0.00 seconds. Local cache hits 1 (0.00s CPU time), remote cache hits 0 (0.00s CPU time), compiled 0 variants (0.00s CPU time), skipped 0 variants
    Prepared data for serialisation in 0.00s
Compiling shader "Hidden/CubeBlur" pass "" (vp)
    Full variant space:         1
    After settings filtering:   1
    After built-in stripping:   1
    After scriptable stripping: 1
    Processed in 0.00 seconds
    starting compilation...
    finished in 0.00 seconds. Local cache hits 1 (0.00s CPU time), remote cache hits 0 (0.00s CPU time), compiled 0 variants (0.00s CPU time), skipped 0 variants
    Prepared data for serialisation in 0.00s
Serialized binary data for shader Hidden/CubeBlur in 0.00s
    gles3 (total internal programs: 2, unique: 2)
Compiling shader "Hidden/CubeCopy" pass "" (vp)
    Full variant space:         1
    After settings filtering:   1
    After built-in stripping:   1
    After scriptable stripping: 1
    Processed in 0.00 seconds
    starting compilation...
    finished in 0.00 seconds. Local cache hits 1 (0.00s CPU time), remote cache hits 0 (0.00s CPU time), compiled 0 variants (0.00s CPU time), skipped 0 variants
    Prepared data for serialisation in 0.00s
Compiling shader "Hidden/CubeCopy" pass "" (vp)
    Full variant space:         1
    After settings filtering:   1
    After built-in stripping:   1
    After scriptable stripping: 1
    Processed in 0.00 seconds
    starting compilation...
    finished in 0.00 seconds. Local cache hits 1 (0.00s CPU time), remote cache hits 0 (0.00s CPU time), compiled 0 variants (0.00s CPU time), skipped 0 variants
    Prepared data for serialisation in 0.00s
Serialized binary data for shader Hidden/CubeCopy in 0.00s
    gles3 (total internal programs: 2, unique: 1)
Compiling shader "Hidden/CubeBlend" pass "" (vp)
    Full variant space:         1
    After settings filtering:   1
    After built-in stripping:   1
    After scriptable stripping: 1
    Processed in 0.00 seconds
    starting compilation...
    finished in 0.00 seconds. Local cache hits 1 (0.00s CPU time), remote cache hits 0 (0.00s CPU time), compiled 0 variants (0.00s CPU time), skipped 0 variants
    Prepared data for serialisation in 0.00s
Compiling shader "Hidden/CubeBlend" pass "" (vp)
    Full variant space:         1
    After settings filtering:   1
    After built-in stripping:   1
    After scriptable stripping: 1
    Processed in 0.00 seconds
    starting compilation...
    finished in 0.00 seconds. Local cache hits 1 (0.00s CPU time), remote cache hits 0 (0.00s CPU time), compiled 0 variants (0.00s CPU time), skipped 0 variants
    Prepared data for serialisation in 0.00s
Serialized binary data for shader Hidden/CubeBlend in 0.00s
    gles3 (total internal programs: 2, unique: 1)
Compiling shader "Hidden/VR/BlitTexArraySlice" pass "" (vp)
    Full variant space:         1
    After settings filtering:   1
    After built-in stripping:   1
    After scriptable stripping: 1
    Processed in 0.00 seconds
    starting compilation...
    finished in 0.00 seconds. Local cache hits 1 (0.00s CPU time), remote cache hits 0 (0.00s CPU time), compiled 0 variants (0.00s CPU time), skipped 0 variants
    Prepared data for serialisation in 0.00s
Serialized binary data for shader Hidden/VR/BlitTexArraySlice in 0.00s
    gles3 (total internal programs: 1, unique: 1)
Compiling shader "Hidden/Internal-ODSWorldTexture" pass "" (vp)
    Full variant space:         1
    After settings filtering:   1
    After built-in stripping:   1
    After scriptable stripping: 1
    Processed in 0.00 seconds
    starting compilation...
    finished in 0.00 seconds. Local cache hits 1 (0.00s CPU time), remote cache hits 0 (0.00s CPU time), compiled 0 variants (0.00s CPU time), skipped 0 variants
    Prepared data for serialisation in 0.00s
Compiling shader "Hidden/Internal-ODSWorldTexture" pass "" (vp)
    Full variant space:         1
    After settings filtering:   1
    After built-in stripping:   1
    After scriptable stripping: 1
    Processed in 0.00 seconds
    starting compilation...
    finished in 0.00 seconds. Local cache hits 1 (0.00s CPU time), remote cache hits 0 (0.00s CPU time), compiled 0 variants (0.00s CPU time), skipped 0 variants
    Prepared data for serialisation in 0.00s
Compiling shader "Hidden/Internal-ODSWorldTexture" pass "" (vp)
    Full variant space:         1
    After settings filtering:   1
    After built-in stripping:   1
    After scriptable stripping: 1
    Processed in 0.00 seconds
    starting compilation...
    finished in 0.00 seconds. Local cache hits 1 (0.00s CPU time), remote cache hits 0 (0.00s CPU time), compiled 0 variants (0.00s CPU time), skipped 0 variants
    Prepared data for serialisation in 0.00s
Compiling shader "Hidden/Internal-ODSWorldTexture" pass "" (vp)
    Full variant space:         1
    After settings filtering:   1
    After built-in stripping:   1
    After scriptable stripping: 1
    Processed in 0.00 seconds
    starting compilation...
    finished in 0.00 seconds. Local cache hits 1 (0.00s CPU time), remote cache hits 0 (0.00s CPU time), compiled 0 variants (0.00s CPU time), skipped 0 variants
    Prepared data for serialisation in 0.00s
Compiling shader "Hidden/Internal-ODSWorldTexture" pass "" (vp)
    Full variant space:         1
    After settings filtering:   1
    After built-in stripping:   1
    After scriptable stripping: 1
    Processed in 0.00 seconds
    starting compilation...
    finished in 0.00 seconds. Local cache hits 1 (0.00s CPU time), remote cache hits 0 (0.00s CPU time), compiled 0 variants (0.00s CPU time), skipped 0 variants
    Prepared data for serialisation in 0.00s
Compiling shader "Hidden/Internal-ODSWorldTexture" pass "" (vp)
    Full variant space:         1
    After settings filtering:   1
    After built-in stripping:   1
    After scriptable stripping: 1
    Processed in 0.00 seconds
    starting compilation...
    finished in 0.00 seconds. Local cache hits 1 (0.00s CPU time), remote cache hits 0 (0.00s CPU time), compiled 0 variants (0.00s CPU time), skipped 0 variants
    Prepared data for serialisation in 0.00s
Compiling shader "Hidden/Internal-ODSWorldTexture" pass "" (vp)
    Full variant space:         1
    After settings filtering:   1
    After built-in stripping:   1
    After scriptable stripping: 1
    Processed in 0.00 seconds
    starting compilation...
    finished in 0.00 seconds. Local cache hits 1 (0.00s CPU time), remote cache hits 0 (0.00s CPU time), compiled 0 variants (0.00s CPU time), skipped 0 variants
    Prepared data for serialisation in 0.00s
Compiling shader "Hidden/Internal-ODSWorldTexture" pass "" (vp)
    Full variant space:         1
    After settings filtering:   1
    After built-in stripping:   1
    After scriptable stripping: 1
    Processed in 0.00 seconds
    starting compilation...
    finished in 0.00 seconds. Local cache hits 1 (0.00s CPU time), remote cache hits 0 (0.00s CPU time), compiled 0 variants (0.00s CPU time), skipped 0 variants
    Prepared data for serialisation in 0.00s
Compiling shader "Hidden/Internal-ODSWorldTexture" pass "" (vp)
    Full variant space:         1
    After settings filtering:   1
    After built-in stripping:   1
    After scriptable stripping: 1
    Processed in 0.00 seconds
    starting compilation...
    finished in 0.00 seconds. Local cache hits 1 (0.00s CPU time), remote cache hits 0 (0.00s CPU time), compiled 0 variants (0.00s CPU time), skipped 0 variants
    Prepared data for serialisation in 0.00s
Compiling shader "Hidden/Internal-ODSWorldTexture" pass "" (vp)
    Full variant space:         1
    After settings filtering:   1
    After built-in stripping:   1
    After scriptable stripping: 1
    Processed in 0.00 seconds
    starting compilation...
    finished in 0.00 seconds. Local cache hits 1 (0.00s CPU time), remote cache hits 0 (0.00s CPU time), compiled 0 variants (0.00s CPU time), skipped 0 variants
    Prepared data for serialisation in 0.00s
Serialized binary data for shader Hidden/Internal-ODSWorldTexture in 0.00s
    gles3 (total internal programs: 10, unique: 9)
Compiling shader "Hidden/Internal-CubemapToEquirect" pass "" (vp)
    Full variant space:         1
    After settings filtering:   1
    After built-in stripping:   1
    After scriptable stripping: 1
    Processed in 0.00 seconds
    starting compilation...
    finished in 0.00 seconds. Local cache hits 1 (0.00s CPU time), remote cache hits 0 (0.00s CPU time), compiled 0 variants (0.00s CPU time), skipped 0 variants
    Prepared data for serialisation in 0.00s
Serialized binary data for shader Hidden/Internal-CubemapToEquirect in 0.00s
    gles3 (total internal programs: 1, unique: 1)
Compiling shader "Hidden/VR/BlitFromTex2DToTexArraySlice" pass "" (vp)
    Full variant space:         1
    After settings filtering:   1
    After built-in stripping:   1
    After scriptable stripping: 1
    Processed in 0.00 seconds
    starting compilation...
    finished in 0.00 seconds. Local cache hits 1 (0.00s CPU time), remote cache hits 0 (0.00s CPU time), compiled 0 variants (0.00s CPU time), skipped 0 variants
    Prepared data for serialisation in 0.00s
Compiling shader "Hidden/VR/BlitFromTex2DToTexArraySlice" pass "" (vp)
    Full variant space:         1
    After settings filtering:   1
    After built-in stripping:   1
    After scriptable stripping: 1
    Processed in 0.00 seconds
    starting compilation...
    finished in 0.00 seconds. Local cache hits 1 (0.00s CPU time), remote cache hits 0 (0.00s CPU time), compiled 0 variants (0.00s CPU time), skipped 0 variants
    Prepared data for serialisation in 0.00s
Serialized binary data for shader Hidden/VR/BlitFromTex2DToTexArraySlice in 0.00s
    gles3 (total internal programs: 2, unique: 2)
Compiling shader "Hidden/VideoComposite" pass "Default" (vp)
    Full variant space:         1
    After settings filtering:   1
    After built-in stripping:   1
    After scriptable stripping: 1
    Processed in 0.00 seconds
    starting compilation...
    finished in 0.00 seconds. Local cache hits 1 (0.00s CPU time), remote cache hits 0 (0.00s CPU time), compiled 0 variants (0.00s CPU time), skipped 0 variants
    Prepared data for serialisation in 0.00s
Serialized binary data for shader Hidden/VideoComposite in 0.00s
    gles3 (total internal programs: 1, unique: 1)
Compiling shader "Hidden/TextCore/Distance Field SSD" pass "" (vp)
    Full variant space:         1
    After settings filtering:   1
    After built-in stripping:   1
    After scriptable stripping: 1
    Processed in 0.00 seconds
    starting compilation...
    finished in 0.00 seconds. Local cache hits 1 (0.00s CPU time), remote cache hits 0 (0.00s CPU time), compiled 0 variants (0.00s CPU time), skipped 0 variants
    Prepared data for serialisation in 0.00s
Serialized binary data for shader Hidden/TextCore/Distance Field SSD in 0.00s
    gles3 (total internal programs: 1, unique: 1)

***Player size statistics***
Level 0 'Assets/Scenes/DoorPrototype.unity' uses 1.1 MB compressed / 18.4 MB uncompressed.
Total compressed size 1.1 MB. Total uncompressed size 18.4 MB.
info: Microsoft.AspNetCore.Hosting.Diagnostics[1]
      Request starting HTTP/2 POST http://ilpp/UnityILPP.PostProcessing/Ping application/grpc -
info: Microsoft.AspNetCore.Routing.EndpointMiddleware[0]
      Executing endpoint 'gRPC - /UnityILPP.PostProcessing/Ping'
info: Microsoft.AspNetCore.Routing.EndpointMiddleware[1]
      Executed endpoint 'gRPC - /UnityILPP.PostProcessing/Ping'
info: Microsoft.AspNetCore.Hosting.Diagnostics[2]
      Request finished HTTP/2 POST http://ilpp/UnityILPP.PostProcessing/Ping application/grpc - - 200 - application/grpc 0.1030ms
Starting: C:\Program Files\Unity\Hub\Editor\6000.1.8f1\Editor\Data\bee_backend.exe --ipc --dagfile="Library/Bee/Playerd3e888d4.dag" --profile="Library/Bee/backend1.traceevents" Player
WorkingDir: C:/NSC/NSC/NoSafeCircle
DisplayProgressbar: Incremental Player Build
[ 14/326    0s] AddBootConfigGUID Library/Bee/artifacts/WebGL/boot.config
[ 15/326    3s] UnityLinker C:/NSC/NSC/NoSafeCircle/Library/Bee/artifacts/unitylinker_ber2.traceevents
C:\Program Files\Unity\Hub\Editor\6000.1.8f1\Editor\Data\il2cpp\build\deploy\UnityLinker.exe @Library\Bee\artifacts\rsp\13370311061883960976.rsp
*** Tundra requires additional run (3.52 seconds), 2 items updated, 326 evaluated
*** Additional run caused by: contents change of Library/Bee/artifacts/WebGL/ManagedStripped
Starting: C:\Program Files\Unity\Hub\Editor\6000.1.8f1\Editor\Data\Tools\netcorerun\netcorerun.exe "C:\Program Files\Unity\Hub\Editor\6000.1.8f1\Editor\Data\PlaybackEngines\WebGLSupport\WebGLPlayerBuildProgram.exe" "C:/Program Files/Unity/Hub/Editor/6000.1.8f1/Editor/Data/PlaybackEngines/WebGLSupport/Bee;C:/Program Files/Unity/Hub/Editor/6000.1.8f1/Editor/Data/Tools/BuildPipeline" "Library/Bee/Playerd3e888d4.dag.json" "Library/Bee/Playerd3e888d4-inputdata.json" "Library\Bee\buildprogram0.traceevents"
WorkingDir: C:/NSC/NSC/NoSafeCircle
ExitCode: 4 Duration: 3s549ms
ExitCode: 0 Duration: 0s455ms
Starting: C:\Program Files\Unity\Hub\Editor\6000.1.8f1\Editor\Data\bee_backend.exe --ipc --dagfile="Library/Bee/Playerd3e888d4.dag" --dagfilejson="Library\Bee\Playerd3e888d4.dag.json" --profile="Library/Bee/backend2.traceevents" Player
WorkingDir: C:/NSC/NSC/NoSafeCircle
Finished compiling graph: 517 nodes, 1346 flattened edges (1342 ToBuild, 2 ToUse), maximum node priority 323
[ 15/326    0s] CopyFiles Temp/EditorBuildOutput/UnityLinkerToEditorData.json
[ 17/326    0s] ICallRegistrationGenerator C:/NSC/NSC/NoSafeCircle/Library/Bee/artifacts/WebGL/il2cppOutput/UnityICallRegistration.cpp
[ 18/326    0s] ClassRegistrationGenerator C:/NSC/NSC/NoSafeCircle/Library/Bee/artifacts/WebGL/il2cppOutput/UnityClassRegistration.cpp
[ 20/326    0s] C_WebGL_wasm Library/Bee/artifacts/WebGL/GameAssembly/release_WebGL_wasm/sl68b8d31k3n.o

C:\NSC\NSC\NoSafeCircle>set MYDIR=C:\Program Files\Unity\Hub\Editor\6000.1.8f1\Editor\Data\PlaybackEngines\WebGLSupport\BuildTools\Emscripten\emscripten\ 

C:\NSC\NSC\NoSafeCircle>goto FOUND_MYDIR 
[ 21/326    2s] IL2CPP_CodeGen C:/NSC/NSC/NoSafeCircle/Library/Bee/artifacts/il2cpp_conv_rzgk.traceevents
C:\Program Files\Unity\Hub\Editor\6000.1.8f1\Editor\Data\il2cpp\build\deploy\il2cpp.exe --convert-to-cpp --assembly=Library/Bee/artifacts/WebGL/ManagedStripped/Assembly-CSharp-firstpass.dll --assembly=Library/Bee/artifacts/WebGL/ManagedStripped/deVoid.Signals.dll --assembly=Library/Bee/artifacts/WebGL/ManagedStripped/DOTween.dll --assembly=Library/Bee/artifacts/WebGL/ManagedStripped/Mono.Security.dll --assembly=Library/Bee/artifacts/WebGL/ManagedStripped/mscorlib.dll --assembly=Library/Bee/artifacts/WebGL/ManagedStripped/NoSafeCircle.DoorPrototype.dll --assembly=Library/Bee/artifacts/WebGL/ManagedStripped/System.Configuration.dll --assembly=Library/Bee/artifacts/WebGL/ManagedStripped/System.Core.dll --assembly=Library/Bee/artifacts/WebGL/ManagedStripped/System.dll --assembly=Library/Bee/artifacts/WebGL/ManagedStripped/System.Xml.dll --assembly=Library/Bee/artifacts/WebGL/ManagedStripped/Unity.AI.Navigation.dll --assembly=Library/Bee/artifacts/WebGL/ManagedStripped/Unity.InputSystem.dll --assembly=Library/Bee/artifacts/WebGL/ManagedStripped/Unity.InputSystem.ForUI.dll --assembly=Library/Bee/artifacts/WebGL/ManagedStripped/UnityEngine.AIModule.dll --assembly=Library/Bee/artifacts/WebGL/ManagedStripped/UnityEngine.AndroidJNIModule.dll --assembly=Library/Bee/artifacts/WebGL/ManagedStripped/UnityEngine.AnimationModule.dll --assembly=Library/Bee/artifacts/WebGL/ManagedStripped/UnityEngine.AudioModule.dll --assembly=Library/Bee/artifacts/WebGL/ManagedStripped/UnityEngine.CoreModule.dll --assembly=Library/Bee/artifacts/WebGL/ManagedStripped/UnityEngine.dll --assembly=Library/Bee/artifacts/WebGL/ManagedStripped/UnityEngine.GridModule.dll --assembly=Library/Bee/artifacts/WebGL/ManagedStripped/UnityEngine.HierarchyCoreModule.dll --assembly=Library/Bee/artifacts/WebGL/ManagedStripped/UnityEngine.IMGUIModule.dll --assembly=Library/Bee/artifacts/WebGL/ManagedStripped/UnityEngine.InputForUIModule.dll --assembly=Library/Bee/artifacts/WebGL/ManagedStripped/UnityEngine.InputLegacyModule.dll --assembly=Library/Bee/artifacts/WebGL/ManagedStripped/UnityEngine.InputModule.dll --assembly=Library/Bee/artifacts/WebGL/ManagedStripped/UnityEngine.JSONSerializeModule.dll --assembly=Library/Bee/artifacts/WebGL/ManagedStripped/UnityEngine.Physics2DModule.dll --assembly=Library/Bee/artifacts/WebGL/ManagedStripped/UnityEngine.PhysicsModule.dll --assembly=Library/Bee/artifacts/WebGL/ManagedStripped/UnityEngine.PropertiesModule.dll --assembly=Library/Bee/artifacts/WebGL/ManagedStripped/UnityEngine.SharedInternalsModule.dll --assembly=Library/Bee/artifacts/WebGL/ManagedStripped/UnityEngine.SpriteShapeModule.dll --assembly=Library/Bee/artifacts/WebGL/ManagedStripped/UnityEngine.SubsystemsModule.dll --assembly=Library/Bee/artifacts/WebGL/ManagedStripped/UnityEngine.TerrainModule.dll --assembly=Library/Bee/artifacts/WebGL/ManagedStripped/UnityEngine.TextCoreFontEngineModule.dll --assembly=Library/Bee/artifacts/WebGL/ManagedStripped/UnityEngine.TextCoreTextEngineModule.dll --assembly=Library/Bee/artifacts/WebGL/ManagedStripped/UnityEngine.TextRenderingModule.dll --assembly=Library/Bee/artifacts/WebGL/ManagedStripped/UnityEngine.TilemapModule.dll --assembly=Library/Bee/artifacts/WebGL/ManagedStripped/UnityEngine.UI.dll --assembly=Library/Bee/artifacts/WebGL/ManagedStripped/UnityEngine.UIElementsModule.dll --assembly=Library/Bee/artifacts/WebGL/ManagedStripped/UnityEngine.UIModule.dll --assembly=Library/Bee/artifacts/WebGL/ManagedStripped/UnityEngine.UnityAnalyticsCommonModule.dll --assembly=Library/Bee/artifacts/WebGL/ManagedStripped/UnityEngine.VRModule.dll --assembly=Library/Bee/artifacts/WebGL/ManagedStripped/UnityEngine.XRModule.dll --generatedcppdir=C:/NSC/NSC/NoSafeCircle/Library/Bee/artifacts/WebGL/il2cppOutput/cpp --symbols-folder=C:/NSC/NSC/NoSafeCircle/Library/Bee/artifacts/WebGL/il2cppOutput/cpp/Symbols --enable-analytics --emit-method-map --dotnetprofile=unityaot-linux --usymtool-path=C:/Program Files/Unity/Hub/Editor/6000.1.8f1/Editor/Data\Tools\usymtool.exe --profiler-report --profiler-output-file=C:/NSC/NSC/NoSafeCircle/Library/Bee/artifacts/il2cpp_conv_rzgk.traceevents --print-command-line --static-lib-il2-cpp --data-folder=C:/NSC/NSC/NoSafeCircle/Library/Bee/artifacts/WebGL/il2cppOutput/data
Warning: [Unity.InputSystem] - System.Void UnityEngine.InputSystem.FastTouchscreen::.ctor() - High Variable Count of 315
Warning: [UnityEngine.TextCoreTextEngineModule] - System.Boolean UnityEngine.TextCore.Text.TextGenerator::ValidateHtmlTag(UnityEngine.TextCore.Text.TextProcessingElement[],System.Int32,System.Int32&,UnityEngine.TextCore.Text.TextGenerationSettings,UnityEngine.TextCore.Text.TextInfo,System.Boolean&) - High Variable Count of 250
Warning: [UnityEngine.TextCoreTextEngineModule] - System.Boolean UnityEngine.TextCore.Text.TextGenerator::ValidateHtmlTag(UnityEngine.TextCore.Text.TextProcessingElement[],System.Int32,System.Int32&,UnityEngine.TextCore.Text.TextGenerationSettings,UnityEngine.TextCore.Text.TextInfo,System.Boolean&) - High Instruction Count of 6305
Warning: [UnityEngine.TextCoreTextEngineModule] - System.Boolean UnityEngine.TextCore.Text.TextGenerator::ValidateHtmlTag(UnityEngine.TextCore.Text.TextProcessingElement[],System.Int32,System.Int32&,UnityEngine.TextCore.Text.TextGenerationSettings,UnityEngine.TextCore.Text.TextInfo,System.Boolean&) - High CodeSize of 17778
Warning: [UnityEngine.TextCoreTextEngineModule] - System.Void UnityEngine.TextCore.Text.TextGenerator::ParsingPhase(UnityEngine.TextCore.Text.TextInfo,UnityEngine.TextCore.Text.TextGenerationSettings,System.UInt32&,System.Single&) - High Variable Count of 301
Warning: [UnityEngine.TextCoreTextEngineModule] - System.Void UnityEngine.TextCore.Text.TextGenerator::ParsingPhase(UnityEngine.TextCore.Text.TextInfo,UnityEngine.TextCore.Text.TextGenerationSettings,System.UInt32&,System.Single&) - High Instruction Count of 5818
Warning: [UnityEngine.TextCoreTextEngineModule] - System.Void UnityEngine.TextCore.Text.TextGenerator::ParsingPhase(UnityEngine.TextCore.Text.TextInfo,UnityEngine.TextCore.Text.TextGenerationSettings,System.UInt32&,System.Single&) - High CodeSize of 15136
Warning: [UnityEngine.TextCoreTextEngineModule] - UnityEngine.Vector2 UnityEngine.TextCore.Text.TextGenerator::CalculatePreferredValues(System.Single&,UnityEngine.Vector2,System.Boolean,UnityEngine.TextCore.Text.TextGenerationSettings,UnityEngine.TextCore.Text.TextInfo) - High Variable Count of 208
*** Tundra requires additional run (2.66 seconds), 5 items updated, 326 evaluated
*** Additional run caused by: contents change of C:/NSC/NSC/NoSafeCircle/Library/Bee/artifacts/WebGL/il2cppOutput/cpp
Starting: C:\Program Files\Unity\Hub\Editor\6000.1.8f1\Editor\Data\Tools\netcorerun\netcorerun.exe "C:\Program Files\Unity\Hub\Editor\6000.1.8f1\Editor\Data\PlaybackEngines\WebGLSupport\WebGLPlayerBuildProgram.exe" "C:/Program Files/Unity/Hub/Editor/6000.1.8f1/Editor/Data/PlaybackEngines/WebGLSupport/Bee;C:/Program Files/Unity/Hub/Editor/6000.1.8f1/Editor/Data/Tools/BuildPipeline" "Library/Bee/Playerd3e888d4.dag.json" "Library/Bee/Playerd3e888d4-inputdata.json" "Library\Bee\buildprogram1.traceevents"
WorkingDir: C:/NSC/NSC/NoSafeCircle
ExitCode: 4 Duration: 2s689ms
ExitCode: 0 Duration: 0s450ms
Starting: C:\Program Files\Unity\Hub\Editor\6000.1.8f1\Editor\Data\bee_backend.exe --ipc --dagfile="Library/Bee/Playerd3e888d4.dag" --dagfilejson="Library\Bee\Playerd3e888d4.dag.json" --profile="Library/Bee/backend3.traceevents" Player
WorkingDir: C:/NSC/NSC/NoSafeCircle
Finished compiling graph: 518 nodes, 1349 flattened edges (1345 ToBuild, 2 ToUse), maximum node priority 324
[ 13/327    0s] WriteResponseFile Library/Bee/artifacts/rsp/6070537824006410562.rsp
[ 44/327    0s] C_WebGL_wasm Library/Bee/artifacts/WebGL/GameAssembly/release_WebGL_wasm/0unctfkgid9j.o

C:\NSC\NSC\NoSafeCircle>set MYDIR=C:\Program Files\Unity\Hub\Editor\6000.1.8f1\Editor\Data\PlaybackEngines\WebGLSupport\BuildTools\Emscripten\emscripten\ 

C:\NSC\NSC\NoSafeCircle>goto FOUND_MYDIR 
[ 46/327    0s] C_WebGL_wasm Library/Bee/artifacts/WebGL/GameAssembly/release_WebGL_wasm/0oepfgzt6pwa.o

C:\NSC\NSC\NoSafeCircle>set MYDIR=C:\Program Files\Unity\Hub\Editor\6000.1.8f1\Editor\Data\PlaybackEngines\WebGLSupport\BuildTools\Emscripten\emscripten\ 

C:\NSC\NSC\NoSafeCircle>goto FOUND_MYDIR 
[ 47/327    1s] C_WebGL_wasm Library/Bee/artifacts/WebGL/GameAssembly/release_WebGL_wasm/6ldre1hugpmb.o

C:\NSC\NSC\NoSafeCircle>set MYDIR=C:\Program Files\Unity\Hub\Editor\6000.1.8f1\Editor\Data\PlaybackEngines\WebGLSupport\BuildTools\Emscripten\emscripten\ 

C:\NSC\NSC\NoSafeCircle>goto FOUND_MYDIR 
[ 51/327    1s] C_WebGL_wasm Library/Bee/artifacts/WebGL/GameAssembly/release_WebGL_wasm/0cd5li6lw6v2.o

C:\NSC\NSC\NoSafeCircle>set MYDIR=C:\Program Files\Unity\Hub\Editor\6000.1.8f1\Editor\Data\PlaybackEngines\WebGLSupport\BuildTools\Emscripten\emscripten\ 

C:\NSC\NSC\NoSafeCircle>goto FOUND_MYDIR 
[ 53/327    1s] C_WebGL_wasm Library/Bee/artifacts/WebGL/GameAssembly/release_WebGL_wasm/aclicdw5luw3.o

C:\NSC\NSC\NoSafeCircle>set MYDIR=C:\Program Files\Unity\Hub\Editor\6000.1.8f1\Editor\Data\PlaybackEngines\WebGLSupport\BuildTools\Emscripten\emscripten\ 

C:\NSC\NSC\NoSafeCircle>goto FOUND_MYDIR 
[ 54/327    1s] C_WebGL_wasm Library/Bee/artifacts/WebGL/GameAssembly/release_WebGL_wasm/d8w4r9rovfjs.o

C:\NSC\NSC\NoSafeCircle>set MYDIR=C:\Program Files\Unity\Hub\Editor\6000.1.8f1\Editor\Data\PlaybackEngines\WebGLSupport\BuildTools\Emscripten\emscripten\ 

C:\NSC\NSC\NoSafeCircle>goto FOUND_MYDIR 
[ 55/327    1s] C_WebGL_wasm Library/Bee/artifacts/WebGL/GameAssembly/release_WebGL_wasm/d2g5ke4bv1tx.o

C:\NSC\NSC\NoSafeCircle>set MYDIR=C:\Program Files\Unity\Hub\Editor\6000.1.8f1\Editor\Data\PlaybackEngines\WebGLSupport\BuildTools\Emscripten\emscripten\ 

C:\NSC\NSC\NoSafeCircle>goto FOUND_MYDIR 
[ 58/327    1s] C_WebGL_wasm Library/Bee/artifacts/WebGL/GameAssembly/release_WebGL_wasm/5jpos4m5jxqu.o

C:\NSC\NSC\NoSafeCircle>set MYDIR=C:\Program Files\Unity\Hub\Editor\6000.1.8f1\Editor\Data\PlaybackEngines\WebGLSupport\BuildTools\Emscripten\emscripten\ 

C:\NSC\NSC\NoSafeCircle>goto FOUND_MYDIR 
[ 60/327    1s] C_WebGL_wasm Library/Bee/artifacts/WebGL/GameAssembly/release_WebGL_wasm/7v6jl32gjl79.o

C:\NSC\NSC\NoSafeCircle>set MYDIR=C:\Program Files\Unity\Hub\Editor\6000.1.8f1\Editor\Data\PlaybackEngines\WebGLSupport\BuildTools\Emscripten\emscripten\ 

C:\NSC\NSC\NoSafeCircle>goto FOUND_MYDIR 
[ 63/327    1s] C_WebGL_wasm Library/Bee/artifacts/WebGL/GameAssembly/release_WebGL_wasm/yg7jn8u3h9fn.o

C:\NSC\NSC\NoSafeCircle>set MYDIR=C:\Program Files\Unity\Hub\Editor\6000.1.8f1\Editor\Data\PlaybackEngines\WebGLSupport\BuildTools\Emscripten\emscripten\ 

C:\NSC\NSC\NoSafeCircle>goto FOUND_MYDIR 
[ 64/327    1s] C_WebGL_wasm Library/Bee/artifacts/WebGL/GameAssembly/release_WebGL_wasm/5hzs5cmf7jni.o

C:\NSC\NSC\NoSafeCircle>set MYDIR=C:\Program Files\Unity\Hub\Editor\6000.1.8f1\Editor\Data\PlaybackEngines\WebGLSupport\BuildTools\Emscripten\emscripten\ 

C:\NSC\NSC\NoSafeCircle>goto FOUND_MYDIR 
[ 66/327    0s] C_WebGL_wasm Library/Bee/artifacts/WebGL/GameAssembly/release_WebGL_wasm/knghapvkjeip.o

C:\NSC\NSC\NoSafeCircle>set MYDIR=C:\Program Files\Unity\Hub\Editor\6000.1.8f1\Editor\Data\PlaybackEngines\WebGLSupport\BuildTools\Emscripten\emscripten\ 

C:\NSC\NSC\NoSafeCircle>goto FOUND_MYDIR 
[ 67/327    0s] C_WebGL_wasm Library/Bee/artifacts/WebGL/GameAssembly/release_WebGL_wasm/5ek8r0g84ida.o

C:\NSC\NSC\NoSafeCircle>set MYDIR=C:\Program Files\Unity\Hub\Editor\6000.1.8f1\Editor\Data\PlaybackEngines\WebGLSupport\BuildTools\Emscripten\emscripten\ 

C:\NSC\NSC\NoSafeCircle>goto FOUND_MYDIR 
[ 69/327    0s] C_WebGL_wasm Library/Bee/artifacts/WebGL/GameAssembly/release_WebGL_wasm/l98fhj3th6mi.o

C:\NSC\NSC\NoSafeCircle>set MYDIR=C:\Program Files\Unity\Hub\Editor\6000.1.8f1\Editor\Data\PlaybackEngines\WebGLSupport\BuildTools\Emscripten\emscripten\ 

C:\NSC\NSC\NoSafeCircle>goto FOUND_MYDIR 
[ 70/327    0s] C_WebGL_wasm Library/Bee/artifacts/WebGL/GameAssembly/release_WebGL_wasm/j1ipkxj401y8.o

C:\NSC\NSC\NoSafeCircle>set MYDIR=C:\Program Files\Unity\Hub\Editor\6000.1.8f1\Editor\Data\PlaybackEngines\WebGLSupport\BuildTools\Emscripten\emscripten\ 

C:\NSC\NSC\NoSafeCircle>goto FOUND_MYDIR 
[ 73/327    0s] C_WebGL_wasm Library/Bee/artifacts/WebGL/GameAssembly/release_WebGL_wasm/07vk1tnti1os.o

C:\NSC\NSC\NoSafeCircle>set MYDIR=C:\Program Files\Unity\Hub\Editor\6000.1.8f1\Editor\Data\PlaybackEngines\WebGLSupport\BuildTools\Emscripten\emscripten\ 

C:\NSC\NSC\NoSafeCircle>goto FOUND_MYDIR 
[ 75/327    0s] C_WebGL_wasm Library/Bee/artifacts/WebGL/GameAssembly/release_WebGL_wasm/do21m2d2se5z.o

C:\NSC\NSC\NoSafeCircle>set MYDIR=C:\Program Files\Unity\Hub\Editor\6000.1.8f1\Editor\Data\PlaybackEngines\WebGLSupport\BuildTools\Emscripten\emscripten\ 

C:\NSC\NSC\NoSafeCircle>goto FOUND_MYDIR 
[ 81/327    2s] C_WebGL_wasm Library/Bee/artifacts/WebGL/GameAssembly/release_WebGL_wasm/74tf7dsmhxzz.o

C:\NSC\NSC\NoSafeCircle>set MYDIR=C:\Program Files\Unity\Hub\Editor\6000.1.8f1\Editor\Data\PlaybackEngines\WebGLSupport\BuildTools\Emscripten\emscripten\ 

C:\NSC\NSC\NoSafeCircle>goto FOUND_MYDIR 
[ 82/327    4s] C_WebGL_wasm Library/Bee/artifacts/WebGL/GameAssembly/release_WebGL_wasm/vwqap3geuqjd.o

C:\NSC\NSC\NoSafeCircle>set MYDIR=C:\Program Files\Unity\Hub\Editor\6000.1.8f1\Editor\Data\PlaybackEngines\WebGLSupport\BuildTools\Emscripten\emscripten\ 

C:\NSC\NSC\NoSafeCircle>goto FOUND_MYDIR 
[ 88/327    1s] C_WebGL_wasm Library/Bee/artifacts/WebGL/GameAssembly/release_WebGL_wasm/nt91cv4y0g5x.o

C:\NSC\NSC\NoSafeCircle>set MYDIR=C:\Program Files\Unity\Hub\Editor\6000.1.8f1\Editor\Data\PlaybackEngines\WebGLSupport\BuildTools\Emscripten\emscripten\ 

C:\NSC\NSC\NoSafeCircle>goto FOUND_MYDIR 
[ 91/327    3s] C_WebGL_wasm Library/Bee/artifacts/WebGL/GameAssembly/release_WebGL_wasm/uirvksp02o1d.o

C:\NSC\NSC\NoSafeCircle>set MYDIR=C:\Program Files\Unity\Hub\Editor\6000.1.8f1\Editor\Data\PlaybackEngines\WebGLSupport\BuildTools\Emscripten\emscripten\ 

C:\NSC\NSC\NoSafeCircle>goto FOUND_MYDIR 
[ 94/327    5s] C_WebGL_wasm Library/Bee/artifacts/WebGL/GameAssembly/release_WebGL_wasm/uogu9zwnukjj.o

C:\NSC\NSC\NoSafeCircle>set MYDIR=C:\Program Files\Unity\Hub\Editor\6000.1.8f1\Editor\Data\PlaybackEngines\WebGLSupport\BuildTools\Emscripten\emscripten\ 

C:\NSC\NSC\NoSafeCircle>goto FOUND_MYDIR 
[ 96/327    5s] C_WebGL_wasm Library/Bee/artifacts/WebGL/GameAssembly/release_WebGL_wasm/94kmzzs7viou.o

C:\NSC\NSC\NoSafeCircle>set MYDIR=C:\Program Files\Unity\Hub\Editor\6000.1.8f1\Editor\Data\PlaybackEngines\WebGLSupport\BuildTools\Emscripten\emscripten\ 

C:\NSC\NSC\NoSafeCircle>goto FOUND_MYDIR 
[ 99/327    5s] C_WebGL_wasm Library/Bee/artifacts/WebGL/GameAssembly/release_WebGL_wasm/s3z8n9wzddnd.o

C:\NSC\NSC\NoSafeCircle>set MYDIR=C:\Program Files\Unity\Hub\Editor\6000.1.8f1\Editor\Data\PlaybackEngines\WebGLSupport\BuildTools\Emscripten\emscripten\ 

C:\NSC\NSC\NoSafeCircle>goto FOUND_MYDIR 
[100/327    1s] C_WebGL_wasm Library/Bee/artifacts/WebGL/GameAssembly/release_WebGL_wasm/rwgkddk4vgda.o

C:\NSC\NSC\NoSafeCircle>set MYDIR=C:\Program Files\Unity\Hub\Editor\6000.1.8f1\Editor\Data\PlaybackEngines\WebGLSupport\BuildTools\Emscripten\emscripten\ 

C:\NSC\NSC\NoSafeCircle>goto FOUND_MYDIR 
[101/327    2s] C_WebGL_wasm Library/Bee/artifacts/WebGL/GameAssembly/release_WebGL_wasm/vnxtx0omyqon.o

C:\NSC\NSC\NoSafeCircle>set MYDIR=C:\Program Files\Unity\Hub\Editor\6000.1.8f1\Editor\Data\PlaybackEngines\WebGLSupport\BuildTools\Emscripten\emscripten\ 

C:\NSC\NSC\NoSafeCircle>goto FOUND_MYDIR 
[106/327    6s] C_WebGL_wasm Library/Bee/artifacts/WebGL/GameAssembly/release_WebGL_wasm/mig446qwgzse.o

C:\NSC\NSC\NoSafeCircle>set MYDIR=C:\Program Files\Unity\Hub\Editor\6000.1.8f1\Editor\Data\PlaybackEngines\WebGLSupport\BuildTools\Emscripten\emscripten\ 

C:\NSC\NSC\NoSafeCircle>goto FOUND_MYDIR 
[108/327    2s] C_WebGL_wasm Library/Bee/artifacts/WebGL/GameAssembly/release_WebGL_wasm/f743qoo0749g.o

C:\NSC\NSC\NoSafeCircle>set MYDIR=C:\Program Files\Unity\Hub\Editor\6000.1.8f1\Editor\Data\PlaybackEngines\WebGLSupport\BuildTools\Emscripten\emscripten\ 

C:\NSC\NSC\NoSafeCircle>goto FOUND_MYDIR 
[110/327    5s] C_WebGL_wasm Library/Bee/artifacts/WebGL/GameAssembly/release_WebGL_wasm/8w05ekc9rg7e.o

C:\NSC\NSC\NoSafeCircle>set MYDIR=C:\Program Files\Unity\Hub\Editor\6000.1.8f1\Editor\Data\PlaybackEngines\WebGLSupport\BuildTools\Emscripten\emscripten\ 

C:\NSC\NSC\NoSafeCircle>goto FOUND_MYDIR 
[112/327    6s] C_WebGL_wasm Library/Bee/artifacts/WebGL/GameAssembly/release_WebGL_wasm/5yk5gijvyixd.o

C:\NSC\NSC\NoSafeCircle>set MYDIR=C:\Program Files\Unity\Hub\Editor\6000.1.8f1\Editor\Data\PlaybackEngines\WebGLSupport\BuildTools\Emscripten\emscripten\ 

C:\NSC\NSC\NoSafeCircle>goto FOUND_MYDIR 
[113/327    2s] C_WebGL_wasm Library/Bee/artifacts/WebGL/GameAssembly/release_WebGL_wasm/rgzpnlewf4vr.o

C:\NSC\NSC\NoSafeCircle>set MYDIR=C:\Program Files\Unity\Hub\Editor\6000.1.8f1\Editor\Data\PlaybackEngines\WebGLSupport\BuildTools\Emscripten\emscripten\ 

C:\NSC\NSC\NoSafeCircle>goto FOUND_MYDIR 
[116/327    5s] C_WebGL_wasm Library/Bee/artifacts/WebGL/GameAssembly/release_WebGL_wasm/nlp1t1nuk6e1.o

C:\NSC\NSC\NoSafeCircle>set MYDIR=C:\Program Files\Unity\Hub\Editor\6000.1.8f1\Editor\Data\PlaybackEngines\WebGLSupport\BuildTools\Emscripten\emscripten\ 

C:\NSC\NSC\NoSafeCircle>goto FOUND_MYDIR 
[123/327    6s] C_WebGL_wasm Library/Bee/artifacts/WebGL/GameAssembly/release_WebGL_wasm/1t9czl3fi22w.o

C:\NSC\NSC\NoSafeCircle>set MYDIR=C:\Program Files\Unity\Hub\Editor\6000.1.8f1\Editor\Data\PlaybackEngines\WebGLSupport\BuildTools\Emscripten\emscripten\ 

C:\NSC\NSC\NoSafeCircle>goto FOUND_MYDIR 
[124/327    6s] C_WebGL_wasm Library/Bee/artifacts/WebGL/GameAssembly/release_WebGL_wasm/tdv3149i2dol.o

C:\NSC\NSC\NoSafeCircle>set MYDIR=C:\Program Files\Unity\Hub\Editor\6000.1.8f1\Editor\Data\PlaybackEngines\WebGLSupport\BuildTools\Emscripten\emscripten\ 

C:\NSC\NSC\NoSafeCircle>goto FOUND_MYDIR 
[125/327    1s] C_WebGL_wasm Library/Bee/artifacts/WebGL/GameAssembly/release_WebGL_wasm/8fjdxkyibiv3.o

C:\NSC\NSC\NoSafeCircle>set MYDIR=C:\Program Files\Unity\Hub\Editor\6000.1.8f1\Editor\Data\PlaybackEngines\WebGLSupport\BuildTools\Emscripten\emscripten\ 

C:\NSC\NSC\NoSafeCircle>goto FOUND_MYDIR 
[131/327    5s] C_WebGL_wasm Library/Bee/artifacts/WebGL/GameAssembly/release_WebGL_wasm/8uyf5weaedsj.o

C:\NSC\NSC\NoSafeCircle>set MYDIR=C:\Program Files\Unity\Hub\Editor\6000.1.8f1\Editor\Data\PlaybackEngines\WebGLSupport\BuildTools\Emscripten\emscripten\ 

C:\NSC\NSC\NoSafeCircle>goto FOUND_MYDIR 
[132/327    1s] C_WebGL_wasm Library/Bee/artifacts/WebGL/GameAssembly/release_WebGL_wasm/2m98llpz85fc.o

C:\NSC\NSC\NoSafeCircle>set MYDIR=C:\Program Files\Unity\Hub\Editor\6000.1.8f1\Editor\Data\PlaybackEngines\WebGLSupport\BuildTools\Emscripten\emscripten\ 

C:\NSC\NSC\NoSafeCircle>goto FOUND_MYDIR 
[133/327    7s] C_WebGL_wasm Library/Bee/artifacts/WebGL/GameAssembly/release_WebGL_wasm/8cpsglsm4fp1.o

C:\NSC\NSC\NoSafeCircle>set MYDIR=C:\Program Files\Unity\Hub\Editor\6000.1.8f1\Editor\Data\PlaybackEngines\WebGLSupport\BuildTools\Emscripten\emscripten\ 

C:\NSC\NSC\NoSafeCircle>goto FOUND_MYDIR 
[135/327    7s] C_WebGL_wasm Library/Bee/artifacts/WebGL/GameAssembly/release_WebGL_wasm/ffpbp8h36kow.o

C:\NSC\NSC\NoSafeCircle>set MYDIR=C:\Program Files\Unity\Hub\Editor\6000.1.8f1\Editor\Data\PlaybackEngines\WebGLSupport\BuildTools\Emscripten\emscripten\ 

C:\NSC\NSC\NoSafeCircle>goto FOUND_MYDIR 
[138/327    1s] C_WebGL_wasm Library/Bee/artifacts/WebGL/GameAssembly/release_WebGL_wasm/sphue2gqo3nv.o

C:\NSC\NSC\NoSafeCircle>set MYDIR=C:\Program Files\Unity\Hub\Editor\6000.1.8f1\Editor\Data\PlaybackEngines\WebGLSupport\BuildTools\Emscripten\emscripten\ 

C:\NSC\NSC\NoSafeCircle>goto FOUND_MYDIR 
[139/327    1s] C_WebGL_wasm Library/Bee/artifacts/WebGL/GameAssembly/release_WebGL_wasm/w98o2rihqf12.o

C:\NSC\NSC\NoSafeCircle>set MYDIR=C:\Program Files\Unity\Hub\Editor\6000.1.8f1\Editor\Data\PlaybackEngines\WebGLSupport\BuildTools\Emscripten\emscripten\ 

C:\NSC\NSC\NoSafeCircle>goto FOUND_MYDIR 
[140/327    0s] C_WebGL_wasm Library/Bee/artifacts/WebGL/GameAssembly/release_WebGL_wasm/mviymqno90yo.o

C:\NSC\NSC\NoSafeCircle>set MYDIR=C:\Program Files\Unity\Hub\Editor\6000.1.8f1\Editor\Data\PlaybackEngines\WebGLSupport\BuildTools\Emscripten\emscripten\ 

C:\NSC\NSC\NoSafeCircle>goto FOUND_MYDIR 
[141/327    0s] C_WebGL_wasm Library/Bee/artifacts/WebGL/GameAssembly/release_WebGL_wasm/aoj4juq2ql9i.o

C:\NSC\NSC\NoSafeCircle>set MYDIR=C:\Program Files\Unity\Hub\Editor\6000.1.8f1\Editor\Data\PlaybackEngines\WebGLSupport\BuildTools\Emscripten\emscripten\ 

C:\NSC\NSC\NoSafeCircle>goto FOUND_MYDIR 
[146/327    1s] C_WebGL_wasm Library/Bee/artifacts/WebGL/GameAssembly/release_WebGL_wasm/ee72dk68j7dr.o

C:\NSC\NSC\NoSafeCircle>set MYDIR=C:\Program Files\Unity\Hub\Editor\6000.1.8f1\Editor\Data\PlaybackEngines\WebGLSupport\BuildTools\Emscripten\emscripten\ 

C:\NSC\NSC\NoSafeCircle>goto FOUND_MYDIR 
[148/327    6s] C_WebGL_wasm Library/Bee/artifacts/WebGL/GameAssembly/release_WebGL_wasm/f0ryuil21ubx.o

C:\NSC\NSC\NoSafeCircle>set MYDIR=C:\Program Files\Unity\Hub\Editor\6000.1.8f1\Editor\Data\PlaybackEngines\WebGLSupport\BuildTools\Emscripten\emscripten\ 

C:\NSC\NSC\NoSafeCircle>goto FOUND_MYDIR 
[150/327    1s] C_WebGL_wasm Library/Bee/artifacts/WebGL/GameAssembly/release_WebGL_wasm/5dtqft1g90pg.o

C:\NSC\NSC\NoSafeCircle>set MYDIR=C:\Program Files\Unity\Hub\Editor\6000.1.8f1\Editor\Data\PlaybackEngines\WebGLSupport\BuildTools\Emscripten\emscripten\ 

C:\NSC\NSC\NoSafeCircle>goto FOUND_MYDIR 
[157/327    0s] C_WebGL_wasm Library/Bee/artifacts/WebGL/GameAssembly/release_WebGL_wasm/fo21wafhzqg6.o

C:\NSC\NSC\NoSafeCircle>set MYDIR=C:\Program Files\Unity\Hub\Editor\6000.1.8f1\Editor\Data\PlaybackEngines\WebGLSupport\BuildTools\Emscripten\emscripten\ 

C:\NSC\NSC\NoSafeCircle>goto FOUND_MYDIR 
[163/327    0s] C_WebGL_wasm Library/Bee/artifacts/WebGL/GameAssembly/release_WebGL_wasm/j4txdow9l8pi.o

C:\NSC\NSC\NoSafeCircle>set MYDIR=C:\Program Files\Unity\Hub\Editor\6000.1.8f1\Editor\Data\PlaybackEngines\WebGLSupport\BuildTools\Emscripten\emscripten\ 

C:\NSC\NSC\NoSafeCircle>goto FOUND_MYDIR 
[165/327    0s] C_WebGL_wasm Library/Bee/artifacts/WebGL/GameAssembly/release_WebGL_wasm/cg3wjm3n330s.o

C:\NSC\NSC\NoSafeCircle>set MYDIR=C:\Program Files\Unity\Hub\Editor\6000.1.8f1\Editor\Data\PlaybackEngines\WebGLSupport\BuildTools\Emscripten\emscripten\ 

C:\NSC\NSC\NoSafeCircle>goto FOUND_MYDIR 
[169/327    8s] C_WebGL_wasm Library/Bee/artifacts/WebGL/GameAssembly/release_WebGL_wasm/98c6tqiqrw7z.o

C:\NSC\NSC\NoSafeCircle>set MYDIR=C:\Program Files\Unity\Hub\Editor\6000.1.8f1\Editor\Data\PlaybackEngines\WebGLSupport\BuildTools\Emscripten\emscripten\ 

C:\NSC\NSC\NoSafeCircle>goto FOUND_MYDIR 
[170/327    8s] C_WebGL_wasm Library/Bee/artifacts/WebGL/GameAssembly/release_WebGL_wasm/6br06keg9t1w.o

C:\NSC\NSC\NoSafeCircle>set MYDIR=C:\Program Files\Unity\Hub\Editor\6000.1.8f1\Editor\Data\PlaybackEngines\WebGLSupport\BuildTools\Emscripten\emscripten\ 

C:\NSC\NSC\NoSafeCircle>goto FOUND_MYDIR 
[172/327    2s] C_WebGL_wasm Library/Bee/artifacts/WebGL/GameAssembly/release_WebGL_wasm/6wee82s8f14w.o

C:\NSC\NSC\NoSafeCircle>set MYDIR=C:\Program Files\Unity\Hub\Editor\6000.1.8f1\Editor\Data\PlaybackEngines\WebGLSupport\BuildTools\Emscripten\emscripten\ 

C:\NSC\NSC\NoSafeCircle>goto FOUND_MYDIR 
[174/327    8s] C_WebGL_wasm Library/Bee/artifacts/WebGL/GameAssembly/release_WebGL_wasm/tkgndugdj4r9.o

C:\NSC\NSC\NoSafeCircle>set MYDIR=C:\Program Files\Unity\Hub\Editor\6000.1.8f1\Editor\Data\PlaybackEngines\WebGLSupport\BuildTools\Emscripten\emscripten\ 

C:\NSC\NSC\NoSafeCircle>goto FOUND_MYDIR 
[175/327    8s] C_WebGL_wasm Library/Bee/artifacts/WebGL/GameAssembly/release_WebGL_wasm/80sp9a2rnuqk.o

C:\NSC\NSC\NoSafeCircle>set MYDIR=C:\Program Files\Unity\Hub\Editor\6000.1.8f1\Editor\Data\PlaybackEngines\WebGLSupport\BuildTools\Emscripten\emscripten\ 

C:\NSC\NSC\NoSafeCircle>goto FOUND_MYDIR 
[180/327    5s] C_WebGL_wasm Library/Bee/artifacts/WebGL/GameAssembly/release_WebGL_wasm/nfvrpn0cbpg0.o

C:\NSC\NSC\NoSafeCircle>set MYDIR=C:\Program Files\Unity\Hub\Editor\6000.1.8f1\Editor\Data\PlaybackEngines\WebGLSupport\BuildTools\Emscripten\emscripten\ 

C:\NSC\NSC\NoSafeCircle>goto FOUND_MYDIR 
[183/327    4s] C_WebGL_wasm Library/Bee/artifacts/WebGL/GameAssembly/release_WebGL_wasm/tbkp8odyhf4s.o

C:\NSC\NSC\NoSafeCircle>set MYDIR=C:\Program Files\Unity\Hub\Editor\6000.1.8f1\Editor\Data\PlaybackEngines\WebGLSupport\BuildTools\Emscripten\emscripten\ 

C:\NSC\NSC\NoSafeCircle>goto FOUND_MYDIR 
[186/327    1s] C_WebGL_wasm Library/Bee/artifacts/WebGL/GameAssembly/release_WebGL_wasm/so7wm6iwz4sx.o

C:\NSC\NSC\NoSafeCircle>set MYDIR=C:\Program Files\Unity\Hub\Editor\6000.1.8f1\Editor\Data\PlaybackEngines\WebGLSupport\BuildTools\Emscripten\emscripten\ 

C:\NSC\NSC\NoSafeCircle>goto FOUND_MYDIR 
[188/327    6s] C_WebGL_wasm Library/Bee/artifacts/WebGL/GameAssembly/release_WebGL_wasm/0oyp038i0r1e.o

C:\NSC\NSC\NoSafeCircle>set MYDIR=C:\Program Files\Unity\Hub\Editor\6000.1.8f1\Editor\Data\PlaybackEngines\WebGLSupport\BuildTools\Emscripten\emscripten\ 

C:\NSC\NSC\NoSafeCircle>goto FOUND_MYDIR 
[191/327    6s] C_WebGL_wasm Library/Bee/artifacts/WebGL/GameAssembly/release_WebGL_wasm/m8swsq4470za.o

C:\NSC\NSC\NoSafeCircle>set MYDIR=C:\Program Files\Unity\Hub\Editor\6000.1.8f1\Editor\Data\PlaybackEngines\WebGLSupport\BuildTools\Emscripten\emscripten\ 

C:\NSC\NSC\NoSafeCircle>goto FOUND_MYDIR 
[193/327    1s] C_WebGL_wasm Library/Bee/artifacts/WebGL/GameAssembly/release_WebGL_wasm/jhngoz50xavz.o

C:\NSC\NSC\NoSafeCircle>set MYDIR=C:\Program Files\Unity\Hub\Editor\6000.1.8f1\Editor\Data\PlaybackEngines\WebGLSupport\BuildTools\Emscripten\emscripten\ 

C:\NSC\NSC\NoSafeCircle>goto FOUND_MYDIR 
[194/327    6s] C_WebGL_wasm Library/Bee/artifacts/WebGL/GameAssembly/release_WebGL_wasm/0k5rs1980a7b.o

C:\NSC\NSC\NoSafeCircle>set MYDIR=C:\Program Files\Unity\Hub\Editor\6000.1.8f1\Editor\Data\PlaybackEngines\WebGLSupport\BuildTools\Emscripten\emscripten\ 

C:\NSC\NSC\NoSafeCircle>goto FOUND_MYDIR 
[195/327    5s] C_WebGL_wasm Library/Bee/artifacts/WebGL/GameAssembly/release_WebGL_wasm/f513csvbymvs.o

C:\NSC\NSC\NoSafeCircle>set MYDIR=C:\Program Files\Unity\Hub\Editor\6000.1.8f1\Editor\Data\PlaybackEngines\WebGLSupport\BuildTools\Emscripten\emscripten\ 

C:\NSC\NSC\NoSafeCircle>goto FOUND_MYDIR 
[196/327    0s] C_WebGL_wasm Library/Bee/artifacts/WebGL/GameAssembly/release_WebGL_wasm/o64se2zg21oy.o

C:\NSC\NSC\NoSafeCircle>set MYDIR=C:\Program Files\Unity\Hub\Editor\6000.1.8f1\Editor\Data\PlaybackEngines\WebGLSupport\BuildTools\Emscripten\emscripten\ 

C:\NSC\NSC\NoSafeCircle>goto FOUND_MYDIR 
[201/327    6s] C_WebGL_wasm Library/Bee/artifacts/WebGL/GameAssembly/release_WebGL_wasm/ulfkmkqh6f50.o

C:\NSC\NSC\NoSafeCircle>set MYDIR=C:\Program Files\Unity\Hub\Editor\6000.1.8f1\Editor\Data\PlaybackEngines\WebGLSupport\BuildTools\Emscripten\emscripten\ 

C:\NSC\NSC\NoSafeCircle>goto FOUND_MYDIR 
[206/327    4s] C_WebGL_wasm Library/Bee/artifacts/WebGL/GameAssembly/release_WebGL_wasm/1qgdinm4wpie.o

C:\NSC\NSC\NoSafeCircle>set MYDIR=C:\Program Files\Unity\Hub\Editor\6000.1.8f1\Editor\Data\PlaybackEngines\WebGLSupport\BuildTools\Emscripten\emscripten\ 

C:\NSC\NSC\NoSafeCircle>goto FOUND_MYDIR 
[207/327    4s] C_WebGL_wasm Library/Bee/artifacts/WebGL/GameAssembly/release_WebGL_wasm/kooxfl1j8kpz.o

C:\NSC\NSC\NoSafeCircle>set MYDIR=C:\Program Files\Unity\Hub\Editor\6000.1.8f1\Editor\Data\PlaybackEngines\WebGLSupport\BuildTools\Emscripten\emscripten\ 

C:\NSC\NSC\NoSafeCircle>goto FOUND_MYDIR 
[208/327    0s] C_WebGL_wasm Library/Bee/artifacts/WebGL/GameAssembly/release_WebGL_wasm/zzrx62yp4ark.o

C:\NSC\NSC\NoSafeCircle>set MYDIR=C:\Program Files\Unity\Hub\Editor\6000.1.8f1\Editor\Data\PlaybackEngines\WebGLSupport\BuildTools\Emscripten\emscripten\ 

C:\NSC\NSC\NoSafeCircle>goto FOUND_MYDIR 
[213/327    6s] C_WebGL_wasm Library/Bee/artifacts/WebGL/GameAssembly/release_WebGL_wasm/omoy2rxy7hss.o

C:\NSC\NSC\NoSafeCircle>set MYDIR=C:\Program Files\Unity\Hub\Editor\6000.1.8f1\Editor\Data\PlaybackEngines\WebGLSupport\BuildTools\Emscripten\emscripten\ 

C:\NSC\NSC\NoSafeCircle>goto FOUND_MYDIR 
[214/327    1s] C_WebGL_wasm Library/Bee/artifacts/WebGL/GameAssembly/release_WebGL_wasm/gzfl7p78dy12.o

C:\NSC\NSC\NoSafeCircle>set MYDIR=C:\Program Files\Unity\Hub\Editor\6000.1.8f1\Editor\Data\PlaybackEngines\WebGLSupport\BuildTools\Emscripten\emscripten\ 

C:\NSC\NSC\NoSafeCircle>goto FOUND_MYDIR 
[216/327    1s] C_WebGL_wasm Library/Bee/artifacts/WebGL/GameAssembly/release_WebGL_wasm/9fkgsbwjo7gn.o

C:\NSC\NSC\NoSafeCircle>set MYDIR=C:\Program Files\Unity\Hub\Editor\6000.1.8f1\Editor\Data\PlaybackEngines\WebGLSupport\BuildTools\Emscripten\emscripten\ 

C:\NSC\NSC\NoSafeCircle>goto FOUND_MYDIR 
[217/327    1s] C_WebGL_wasm Library/Bee/artifacts/WebGL/GameAssembly/release_WebGL_wasm/y2f65w1vajld.o

C:\NSC\NSC\NoSafeCircle>set MYDIR=C:\Program Files\Unity\Hub\Editor\6000.1.8f1\Editor\Data\PlaybackEngines\WebGLSupport\BuildTools\Emscripten\emscripten\ 

C:\NSC\NSC\NoSafeCircle>goto FOUND_MYDIR 
[218/327    7s] C_WebGL_wasm Library/Bee/artifacts/WebGL/GameAssembly/release_WebGL_wasm/rm9b43zi85ke.o

C:\NSC\NSC\NoSafeCircle>set MYDIR=C:\Program Files\Unity\Hub\Editor\6000.1.8f1\Editor\Data\PlaybackEngines\WebGLSupport\BuildTools\Emscripten\emscripten\ 

C:\NSC\NSC\NoSafeCircle>goto FOUND_MYDIR 
[220/327    6s] C_WebGL_wasm Library/Bee/artifacts/WebGL/GameAssembly/release_WebGL_wasm/mbvkthk2z8oq.o

C:\NSC\NSC\NoSafeCircle>set MYDIR=C:\Program Files\Unity\Hub\Editor\6000.1.8f1\Editor\Data\PlaybackEngines\WebGLSupport\BuildTools\Emscripten\emscripten\ 

C:\NSC\NSC\NoSafeCircle>goto FOUND_MYDIR 
[222/327    0s] C_WebGL_wasm Library/Bee/artifacts/WebGL/GameAssembly/release_WebGL_wasm/g7myh15r5gmz.o

C:\NSC\NSC\NoSafeCircle>set MYDIR=C:\Program Files\Unity\Hub\Editor\6000.1.8f1\Editor\Data\PlaybackEngines\WebGLSupport\BuildTools\Emscripten\emscripten\ 

C:\NSC\NSC\NoSafeCircle>goto FOUND_MYDIR 
[224/327    6s] C_WebGL_wasm Library/Bee/artifacts/WebGL/GameAssembly/release_WebGL_wasm/ne4hich03fbd.o

C:\NSC\NSC\NoSafeCircle>set MYDIR=C:\Program Files\Unity\Hub\Editor\6000.1.8f1\Editor\Data\PlaybackEngines\WebGLSupport\BuildTools\Emscripten\emscripten\ 

C:\NSC\NSC\NoSafeCircle>goto FOUND_MYDIR 
[227/327    1s] C_WebGL_wasm Library/Bee/artifacts/WebGL/GameAssembly/release_WebGL_wasm/vf030nv40lh1.o

C:\NSC\NSC\NoSafeCircle>set MYDIR=C:\Program Files\Unity\Hub\Editor\6000.1.8f1\Editor\Data\PlaybackEngines\WebGLSupport\BuildTools\Emscripten\emscripten\ 

C:\NSC\NSC\NoSafeCircle>goto FOUND_MYDIR 
[228/327    7s] C_WebGL_wasm Library/Bee/artifacts/WebGL/GameAssembly/release_WebGL_wasm/mhpuxv7j9pnr.o

C:\NSC\NSC\NoSafeCircle>set MYDIR=C:\Program Files\Unity\Hub\Editor\6000.1.8f1\Editor\Data\PlaybackEngines\WebGLSupport\BuildTools\Emscripten\emscripten\ 

C:\NSC\NSC\NoSafeCircle>goto FOUND_MYDIR 
[229/327    6s] C_WebGL_wasm Library/Bee/artifacts/WebGL/GameAssembly/release_WebGL_wasm/0qkptbtcnq4b.o

C:\NSC\NSC\NoSafeCircle>set MYDIR=C:\Program Files\Unity\Hub\Editor\6000.1.8f1\Editor\Data\PlaybackEngines\WebGLSupport\BuildTools\Emscripten\emscripten\ 

C:\NSC\NSC\NoSafeCircle>goto FOUND_MYDIR 
[232/327    8s] C_WebGL_wasm Library/Bee/artifacts/WebGL/GameAssembly/release_WebGL_wasm/m9c1evhdlqeg.o

C:\NSC\NSC\NoSafeCircle>set MYDIR=C:\Program Files\Unity\Hub\Editor\6000.1.8f1\Editor\Data\PlaybackEngines\WebGLSupport\BuildTools\Emscripten\emscripten\ 

C:\NSC\NSC\NoSafeCircle>goto FOUND_MYDIR 
[233/327    5s] C_WebGL_wasm Library/Bee/artifacts/WebGL/GameAssembly/release_WebGL_wasm/p3d5ko0gxhxm.o

C:\NSC\NSC\NoSafeCircle>set MYDIR=C:\Program Files\Unity\Hub\Editor\6000.1.8f1\Editor\Data\PlaybackEngines\WebGLSupport\BuildTools\Emscripten\emscripten\ 

C:\NSC\NSC\NoSafeCircle>goto FOUND_MYDIR 
[236/327    5s] C_WebGL_wasm Library/Bee/artifacts/WebGL/GameAssembly/release_WebGL_wasm/h6q11e2s6xvq.o

C:\NSC\NSC\NoSafeCircle>set MYDIR=C:\Program Files\Unity\Hub\Editor\6000.1.8f1\Editor\Data\PlaybackEngines\WebGLSupport\BuildTools\Emscripten\emscripten\ 

C:\NSC\NSC\NoSafeCircle>goto FOUND_MYDIR 
[237/327    5s] C_WebGL_wasm Library/Bee/artifacts/WebGL/GameAssembly/release_WebGL_wasm/l08f8ao63yiv.o

C:\NSC\NSC\NoSafeCircle>set MYDIR=C:\Program Files\Unity\Hub\Editor\6000.1.8f1\Editor\Data\PlaybackEngines\WebGLSupport\BuildTools\Emscripten\emscripten\ 

C:\NSC\NSC\NoSafeCircle>goto FOUND_MYDIR 
[239/327    8s] C_WebGL_wasm Library/Bee/artifacts/WebGL/GameAssembly/release_WebGL_wasm/dkn0f7gcumtg.o

C:\NSC\NSC\NoSafeCircle>set MYDIR=C:\Program Files\Unity\Hub\Editor\6000.1.8f1\Editor\Data\PlaybackEngines\WebGLSupport\BuildTools\Emscripten\emscripten\ 

C:\NSC\NSC\NoSafeCircle>goto FOUND_MYDIR 
[240/327    1s] C_WebGL_wasm Library/Bee/artifacts/WebGL/GameAssembly/release_WebGL_wasm/nxq7itybnk33.o

C:\NSC\NSC\NoSafeCircle>set MYDIR=C:\Program Files\Unity\Hub\Editor\6000.1.8f1\Editor\Data\PlaybackEngines\WebGLSupport\BuildTools\Emscripten\emscripten\ 

C:\NSC\NSC\NoSafeCircle>goto FOUND_MYDIR 
[244/327    1s] C_WebGL_wasm Library/Bee/artifacts/WebGL/GameAssembly/release_WebGL_wasm/me8tt0n8tgxa.o

C:\NSC\NSC\NoSafeCircle>set MYDIR=C:\Program Files\Unity\Hub\Editor\6000.1.8f1\Editor\Data\PlaybackEngines\WebGLSupport\BuildTools\Emscripten\emscripten\ 

C:\NSC\NSC\NoSafeCircle>goto FOUND_MYDIR 
[245/327    6s] C_WebGL_wasm Library/Bee/artifacts/WebGL/GameAssembly/release_WebGL_wasm/vv90m4t9qdvb.o

C:\NSC\NSC\NoSafeCircle>set MYDIR=C:\Program Files\Unity\Hub\Editor\6000.1.8f1\Editor\Data\PlaybackEngines\WebGLSupport\BuildTools\Emscripten\emscripten\ 

C:\NSC\NSC\NoSafeCircle>goto FOUND_MYDIR 
[246/327    1s] C_WebGL_wasm Library/Bee/artifacts/WebGL/GameAssembly/release_WebGL_wasm/4nttfdmywrgr.o

C:\NSC\NSC\NoSafeCircle>set MYDIR=C:\Program Files\Unity\Hub\Editor\6000.1.8f1\Editor\Data\PlaybackEngines\WebGLSupport\BuildTools\Emscripten\emscripten\ 

C:\NSC\NSC\NoSafeCircle>goto FOUND_MYDIR 
[250/327    0s] C_WebGL_wasm Library/Bee/artifacts/WebGL/GameAssembly/release_WebGL_wasm/fav21tc8y2rj.o

C:\NSC\NSC\NoSafeCircle>set MYDIR=C:\Program Files\Unity\Hub\Editor\6000.1.8f1\Editor\Data\PlaybackEngines\WebGLSupport\BuildTools\Emscripten\emscripten\ 

C:\NSC\NSC\NoSafeCircle>goto FOUND_MYDIR 
[252/327    0s] C_WebGL_wasm Library/Bee/artifacts/WebGL/GameAssembly/release_WebGL_wasm/w8hgrh83cbzn.o

C:\NSC\NSC\NoSafeCircle>set MYDIR=C:\Program Files\Unity\Hub\Editor\6000.1.8f1\Editor\Data\PlaybackEngines\WebGLSupport\BuildTools\Emscripten\emscripten\ 

C:\NSC\NSC\NoSafeCircle>goto FOUND_MYDIR 
[253/327    1s] C_WebGL_wasm Library/Bee/artifacts/WebGL/GameAssembly/release_WebGL_wasm/j0o4rzuuzsx5.o

C:\NSC\NSC\NoSafeCircle>set MYDIR=C:\Program Files\Unity\Hub\Editor\6000.1.8f1\Editor\Data\PlaybackEngines\WebGLSupport\BuildTools\Emscripten\emscripten\ 

C:\NSC\NSC\NoSafeCircle>goto FOUND_MYDIR 
[254/327    1s] C_WebGL_wasm Library/Bee/artifacts/WebGL/GameAssembly/release_WebGL_wasm/fdgikp59rx4m.o

C:\NSC\NSC\NoSafeCircle>set MYDIR=C:\Program Files\Unity\Hub\Editor\6000.1.8f1\Editor\Data\PlaybackEngines\WebGLSupport\BuildTools\Emscripten\emscripten\ 

C:\NSC\NSC\NoSafeCircle>goto FOUND_MYDIR 
[256/327    6s] C_WebGL_wasm Library/Bee/artifacts/WebGL/GameAssembly/release_WebGL_wasm/gbdp2d86t16u.o

C:\NSC\NSC\NoSafeCircle>set MYDIR=C:\Program Files\Unity\Hub\Editor\6000.1.8f1\Editor\Data\PlaybackEngines\WebGLSupport\BuildTools\Emscripten\emscripten\ 

C:\NSC\NSC\NoSafeCircle>goto FOUND_MYDIR 
[257/327    2s] C_WebGL_wasm Library/Bee/artifacts/WebGL/GameAssembly/release_WebGL_wasm/dgl0h496x1t4.o

C:\NSC\NSC\NoSafeCircle>set MYDIR=C:\Program Files\Unity\Hub\Editor\6000.1.8f1\Editor\Data\PlaybackEngines\WebGLSupport\BuildTools\Emscripten\emscripten\ 

C:\NSC\NSC\NoSafeCircle>goto FOUND_MYDIR 
[260/327    1s] C_WebGL_wasm Library/Bee/artifacts/WebGL/GameAssembly/release_WebGL_wasm/1zql3o958l9y.o

C:\NSC\NSC\NoSafeCircle>set MYDIR=C:\Program Files\Unity\Hub\Editor\6000.1.8f1\Editor\Data\PlaybackEngines\WebGLSupport\BuildTools\Emscripten\emscripten\ 

C:\NSC\NSC\NoSafeCircle>goto FOUND_MYDIR 
[261/327    6s] C_WebGL_wasm Library/Bee/artifacts/WebGL/GameAssembly/release_WebGL_wasm/erndoyrvk3fc.o

C:\NSC\NSC\NoSafeCircle>set MYDIR=C:\Program Files\Unity\Hub\Editor\6000.1.8f1\Editor\Data\PlaybackEngines\WebGLSupport\BuildTools\Emscripten\emscripten\ 

C:\NSC\NSC\NoSafeCircle>goto FOUND_MYDIR 
[268/327    7s] C_WebGL_wasm Library/Bee/artifacts/WebGL/GameAssembly/release_WebGL_wasm/ge6ojcpiferd.o

C:\NSC\NSC\NoSafeCircle>set MYDIR=C:\Program Files\Unity\Hub\Editor\6000.1.8f1\Editor\Data\PlaybackEngines\WebGLSupport\BuildTools\Emscripten\emscripten\ 

C:\NSC\NSC\NoSafeCircle>goto FOUND_MYDIR 
[270/327   18s] C_WebGL_wasm Library/Bee/artifacts/WebGL/GameAssembly/release_WebGL_wasm/xi51jm60mxeb.o

C:\NSC\NSC\NoSafeCircle>set MYDIR=C:\Program Files\Unity\Hub\Editor\6000.1.8f1\Editor\Data\PlaybackEngines\WebGLSupport\BuildTools\Emscripten\emscripten\ 

C:\NSC\NSC\NoSafeCircle>goto FOUND_MYDIR 
[272/327    1s] C_WebGL_wasm Library/Bee/artifacts/WebGL/GameAssembly/release_WebGL_wasm/pug8fyus8xge.o

C:\NSC\NSC\NoSafeCircle>set MYDIR=C:\Program Files\Unity\Hub\Editor\6000.1.8f1\Editor\Data\PlaybackEngines\WebGLSupport\BuildTools\Emscripten\emscripten\ 

C:\NSC\NSC\NoSafeCircle>goto FOUND_MYDIR 
[273/327    1s] C_WebGL_wasm Library/Bee/artifacts/WebGL/GameAssembly/release_WebGL_wasm/22g0oezlnzpc.o

C:\NSC\NSC\NoSafeCircle>set MYDIR=C:\Program Files\Unity\Hub\Editor\6000.1.8f1\Editor\Data\PlaybackEngines\WebGLSupport\BuildTools\Emscripten\emscripten\ 

C:\NSC\NSC\NoSafeCircle>goto FOUND_MYDIR 
[277/327    0s] C_WebGL_wasm Library/Bee/artifacts/WebGL/GameAssembly/release_WebGL_wasm/51d6cpeg8xw5.o

C:\NSC\NSC\NoSafeCircle>set MYDIR=C:\Program Files\Unity\Hub\Editor\6000.1.8f1\Editor\Data\PlaybackEngines\WebGLSupport\BuildTools\Emscripten\emscripten\ 

C:\NSC\NSC\NoSafeCircle>goto FOUND_MYDIR 
[278/327    0s] CopyFiles C:/NSC/NSC/NoSafeCircle/Library/Bee/artifacts/WebGL/il2cppOutput/build/Data/Metadata/global-metadata.dat
[279/327    0s] CopyFiles C:/NSC/NSC/NoSafeCircle/Library/Bee/artifacts/WebGL/il2cppOutput/build/Data/Resources/mscorlib.dll-resources.dat
[280/327    6s] C_WebGL_wasm Library/Bee/artifacts/WebGL/GameAssembly/release_WebGL_wasm/7wsid5lhceza.o

C:\NSC\NSC\NoSafeCircle>set MYDIR=C:\Program Files\Unity\Hub\Editor\6000.1.8f1\Editor\Data\PlaybackEngines\WebGLSupport\BuildTools\Emscripten\emscripten\ 

C:\NSC\NSC\NoSafeCircle>goto FOUND_MYDIR 
[281/327    0s] CopyFiles Temp/EditorBuildOutput/MethodMap.tsv
[282/327    5s] C_WebGL_wasm Library/Bee/artifacts/WebGL/GameAssembly/release_WebGL_wasm/7nwk8zi2apbu.o

C:\NSC\NSC\NoSafeCircle>set MYDIR=C:\Program Files\Unity\Hub\Editor\6000.1.8f1\Editor\Data\PlaybackEngines\WebGLSupport\BuildTools\Emscripten\emscripten\ 

C:\NSC\NSC\NoSafeCircle>goto FOUND_MYDIR 
[283/327    5s] C_WebGL_wasm Library/Bee/artifacts/WebGL/GameAssembly/release_WebGL_wasm/84czxk2fgggq.o

C:\NSC\NSC\NoSafeCircle>set MYDIR=C:\Program Files\Unity\Hub\Editor\6000.1.8f1\Editor\Data\PlaybackEngines\WebGLSupport\BuildTools\Emscripten\emscripten\ 

C:\NSC\NSC\NoSafeCircle>goto FOUND_MYDIR 
[284/327    0s] Assemble WebGL Data Library/Bee/artifacts/WebGL/webgl.data
[285/327    7s] C_WebGL_wasm Library/Bee/artifacts/WebGL/GameAssembly/release_WebGL_wasm/4plkvb7kegvn.o

C:\NSC\NSC\NoSafeCircle>set MYDIR=C:\Program Files\Unity\Hub\Editor\6000.1.8f1\Editor\Data\PlaybackEngines\WebGLSupport\BuildTools\Emscripten\emscripten\ 

C:\NSC\NSC\NoSafeCircle>goto FOUND_MYDIR 
[286/327    7s] C_WebGL_wasm Library/Bee/artifacts/WebGL/GameAssembly/release_WebGL_wasm/12cgpxczdbhv.o

C:\NSC\NSC\NoSafeCircle>set MYDIR=C:\Program Files\Unity\Hub\Editor\6000.1.8f1\Editor\Data\PlaybackEngines\WebGLSupport\BuildTools\Emscripten\emscripten\ 

C:\NSC\NSC\NoSafeCircle>goto FOUND_MYDIR 
[287/327    2s] C_WebGL_wasm Library/Bee/artifacts/WebGL/GameAssembly/release_WebGL_wasm/opmepa74wv7o.o

C:\NSC\NSC\NoSafeCircle>set MYDIR=C:\Program Files\Unity\Hub\Editor\6000.1.8f1\Editor\Data\PlaybackEngines\WebGLSupport\BuildTools\Emscripten\emscripten\ 

C:\NSC\NSC\NoSafeCircle>goto FOUND_MYDIR 
[288/327    4s] C_WebGL_wasm Library/Bee/artifacts/WebGL/GameAssembly/release_WebGL_wasm/fz7t8d8to5wr.o

C:\NSC\NSC\NoSafeCircle>set MYDIR=C:\Program Files\Unity\Hub\Editor\6000.1.8f1\Editor\Data\PlaybackEngines\WebGLSupport\BuildTools\Emscripten\emscripten\ 

C:\NSC\NSC\NoSafeCircle>goto FOUND_MYDIR 
[289/327    2s] C_WebGL_wasm Library/Bee/artifacts/WebGL/GameAssembly/release_WebGL_wasm/exli89bthbc9.o

C:\NSC\NSC\NoSafeCircle>set MYDIR=C:\Program Files\Unity\Hub\Editor\6000.1.8f1\Editor\Data\PlaybackEngines\WebGLSupport\BuildTools\Emscripten\emscripten\ 

C:\NSC\NSC\NoSafeCircle>goto FOUND_MYDIR 
[290/327    6s] C_WebGL_wasm Library/Bee/artifacts/WebGL/GameAssembly/release_WebGL_wasm/2y0t22220rzt.o

C:\NSC\NSC\NoSafeCircle>set MYDIR=C:\Program Files\Unity\Hub\Editor\6000.1.8f1\Editor\Data\PlaybackEngines\WebGLSupport\BuildTools\Emscripten\emscripten\ 

C:\NSC\NSC\NoSafeCircle>goto FOUND_MYDIR 
[291/327    5s] C_WebGL_wasm Library/Bee/artifacts/WebGL/GameAssembly/release_WebGL_wasm/91rmi1bwa63b.o

C:\NSC\NSC\NoSafeCircle>set MYDIR=C:\Program Files\Unity\Hub\Editor\6000.1.8f1\Editor\Data\PlaybackEngines\WebGLSupport\BuildTools\Emscripten\emscripten\ 

C:\NSC\NSC\NoSafeCircle>goto FOUND_MYDIR 
[292/327    6s] C_WebGL_wasm Library/Bee/artifacts/WebGL/GameAssembly/release_WebGL_wasm/gc4y9orj1aci.o

C:\NSC\NSC\NoSafeCircle>set MYDIR=C:\Program Files\Unity\Hub\Editor\6000.1.8f1\Editor\Data\PlaybackEngines\WebGLSupport\BuildTools\Emscripten\emscripten\ 

C:\NSC\NSC\NoSafeCircle>goto FOUND_MYDIR 
[293/327    6s] C_WebGL_wasm Library/Bee/artifacts/WebGL/GameAssembly/release_WebGL_wasm/1y45dr9arslr.o

C:\NSC\NSC\NoSafeCircle>set MYDIR=C:\Program Files\Unity\Hub\Editor\6000.1.8f1\Editor\Data\PlaybackEngines\WebGLSupport\BuildTools\Emscripten\emscripten\ 

C:\NSC\NSC\NoSafeCircle>goto FOUND_MYDIR 
[294/327    5s] C_WebGL_wasm Library/Bee/artifacts/WebGL/GameAssembly/release_WebGL_wasm/ukoaf964y6zd.o

C:\NSC\NSC\NoSafeCircle>set MYDIR=C:\Program Files\Unity\Hub\Editor\6000.1.8f1\Editor\Data\PlaybackEngines\WebGLSupport\BuildTools\Emscripten\emscripten\ 

C:\NSC\NSC\NoSafeCircle>goto FOUND_MYDIR 
[295/327    6s] C_WebGL_wasm Library/Bee/artifacts/WebGL/GameAssembly/release_WebGL_wasm/unpk2odbnbew.o

C:\NSC\NSC\NoSafeCircle>set MYDIR=C:\Program Files\Unity\Hub\Editor\6000.1.8f1\Editor\Data\PlaybackEngines\WebGLSupport\BuildTools\Emscripten\emscripten\ 

C:\NSC\NSC\NoSafeCircle>goto FOUND_MYDIR 
[296/327    7s] C_WebGL_wasm Library/Bee/artifacts/WebGL/GameAssembly/release_WebGL_wasm/nhxhzaybpsvv.o

C:\NSC\NSC\NoSafeCircle>set MYDIR=C:\Program Files\Unity\Hub\Editor\6000.1.8f1\Editor\Data\PlaybackEngines\WebGLSupport\BuildTools\Emscripten\emscripten\ 

C:\NSC\NSC\NoSafeCircle>goto FOUND_MYDIR 
[297/327    5s] C_WebGL_wasm Library/Bee/artifacts/WebGL/GameAssembly/release_WebGL_wasm/rruomusdcidg.o

C:\NSC\NSC\NoSafeCircle>set MYDIR=C:\Program Files\Unity\Hub\Editor\6000.1.8f1\Editor\Data\PlaybackEngines\WebGLSupport\BuildTools\Emscripten\emscripten\ 

C:\NSC\NSC\NoSafeCircle>goto FOUND_MYDIR 
[298/327    6s] C_WebGL_wasm Library/Bee/artifacts/WebGL/GameAssembly/release_WebGL_wasm/vw0aufdmym0y.o

C:\NSC\NSC\NoSafeCircle>set MYDIR=C:\Program Files\Unity\Hub\Editor\6000.1.8f1\Editor\Data\PlaybackEngines\WebGLSupport\BuildTools\Emscripten\emscripten\ 

C:\NSC\NSC\NoSafeCircle>goto FOUND_MYDIR 
[299/327    5s] C_WebGL_wasm Library/Bee/artifacts/WebGL/GameAssembly/release_WebGL_wasm/1r7mpy5g4yn1.o

C:\NSC\NSC\NoSafeCircle>set MYDIR=C:\Program Files\Unity\Hub\Editor\6000.1.8f1\Editor\Data\PlaybackEngines\WebGLSupport\BuildTools\Emscripten\emscripten\ 

C:\NSC\NSC\NoSafeCircle>goto FOUND_MYDIR 
[300/327    5s] C_WebGL_wasm Library/Bee/artifacts/WebGL/GameAssembly/release_WebGL_wasm/2zr39dmf804g.o

C:\NSC\NSC\NoSafeCircle>set MYDIR=C:\Program Files\Unity\Hub\Editor\6000.1.8f1\Editor\Data\PlaybackEngines\WebGLSupport\BuildTools\Emscripten\emscripten\ 

C:\NSC\NSC\NoSafeCircle>goto FOUND_MYDIR 
[301/327    7s] C_WebGL_wasm Library/Bee/artifacts/WebGL/GameAssembly/release_WebGL_wasm/536jm5xh5rkh.o

C:\NSC\NSC\NoSafeCircle>set MYDIR=C:\Program Files\Unity\Hub\Editor\6000.1.8f1\Editor\Data\PlaybackEngines\WebGLSupport\BuildTools\Emscripten\emscripten\ 

C:\NSC\NSC\NoSafeCircle>goto FOUND_MYDIR 
[BUSY      11s] C_WebGL_wasm Library/Bee/artifacts/WebGL/GameAssembly/release_WebGL_wasm/y4to4kecazlv.o
[302/327   16s] C_WebGL_wasm Library/Bee/artifacts/WebGL/GameAssembly/release_WebGL_wasm/y4to4kecazlv.o

C:\NSC\NSC\NoSafeCircle>set MYDIR=C:\Program Files\Unity\Hub\Editor\6000.1.8f1\Editor\Data\PlaybackEngines\WebGLSupport\BuildTools\Emscripten\emscripten\ 

C:\NSC\NSC\NoSafeCircle>goto FOUND_MYDIR 
[303/327    0s] Lib_WebGL_wasm Library/Bee/artifacts/WebGL/GameAssembly/release_WebGL_wasm/GameAssembly.a

C:\NSC\NSC\NoSafeCircle>set MYDIR=C:\Program Files\Unity\Hub\Editor\6000.1.8f1\Editor\Data\PlaybackEngines\WebGLSupport\BuildTools\Emscripten\emscripten\ 

C:\NSC\NSC\NoSafeCircle>goto FOUND_MYDIR 
[304/327    0s] CopyFiles C:/NSC/NSC/NoSafeCircle/Library/Bee/artifacts/WebGL/il2cppOutput/build/GameAssembly.a
[BUSY       6s] Link_WebGL_wasm Library/Bee/artifacts/WebGL/build/debug_WebGL_wasm/build.js (+wasm)
[BUSY      16s] Link_WebGL_wasm Library/Bee/artifacts/WebGL/build/debug_WebGL_wasm/build.js (+wasm)
[BUSY      26s] Link_WebGL_wasm Library/Bee/artifacts/WebGL/build/debug_WebGL_wasm/build.js (+wasm)
[BUSY      36s] Link_WebGL_wasm Library/Bee/artifacts/WebGL/build/debug_WebGL_wasm/build.js (+wasm)
[BUSY      46s] Link_WebGL_wasm Library/Bee/artifacts/WebGL/build/debug_WebGL_wasm/build.js (+wasm)
[BUSY      56s] Link_WebGL_wasm Library/Bee/artifacts/WebGL/build/debug_WebGL_wasm/build.js (+wasm)
[BUSY      66s] Link_WebGL_wasm Library/Bee/artifacts/WebGL/build/debug_WebGL_wasm/build.js (+wasm)
[305/327   73s] Link_WebGL_wasm Library/Bee/artifacts/WebGL/build/debug_WebGL_wasm/build.js (+wasm)

C:\NSC\NSC\NoSafeCircle>set MYDIR=C:\Program Files\Unity\Hub\Editor\6000.1.8f1\Editor\Data\PlaybackEngines\WebGLSupport\BuildTools\Emscripten\emscripten\ 

C:\NSC\NSC\NoSafeCircle>goto FOUND_MYDIR 
*** Tundra requires additional run (109.79 seconds - 0:01:49), 129 items updated, 327 evaluated
*** Additional run caused by: timestamp change of Library/Bee/artifacts/WebGL/webgl.data
Starting: C:\Program Files\Unity\Hub\Editor\6000.1.8f1\Editor\Data\Tools\netcorerun\netcorerun.exe "C:\Program Files\Unity\Hub\Editor\6000.1.8f1\Editor\Data\PlaybackEngines\WebGLSupport\WebGLPlayerBuildProgram.exe" "C:/Program Files/Unity/Hub/Editor/6000.1.8f1/Editor/Data/PlaybackEngines/WebGLSupport/Bee;C:/Program Files/Unity/Hub/Editor/6000.1.8f1/Editor/Data/Tools/BuildPipeline" "Library/Bee/Playerd3e888d4.dag.json" "Library/Bee/Playerd3e888d4-inputdata.json" "Library\Bee\buildprogram2.traceevents"
WorkingDir: C:/NSC/NSC/NoSafeCircle
ExitCode: 4 Duration: 1m:49s
ExitCode: 0 Duration: 0s433ms
Starting: C:\Program Files\Unity\Hub\Editor\6000.1.8f1\Editor\Data\bee_backend.exe --ipc --dagfile="Library/Bee/Playerd3e888d4.dag" --dagfilejson="Library\Bee\Playerd3e888d4.dag.json" --profile="Library/Bee/backend4.traceevents" Player
WorkingDir: C:/NSC/NSC/NoSafeCircle
Finished compiling graph: 518 nodes, 1349 flattened edges (1345 ToBuild, 2 ToUse), maximum node priority 324
[305/327    0s] PreprocessJS Library/Bee/artifacts/WebGLNoSafeCircleFinal.loader.js
[306/327    0s] Merging JavaScript Code Library/Bee/artifacts/WebGL/build/debug_WebGL_wasm/build.framework.js
[307/327    1s] 7z Library/Bee/artifacts/WebGL/webgl.data.unmarked

7-Zip (z) 24.09 (x64) : Copyright (c) 1999-2024 Igor Pavlov : 2024-11-29

Scanning the drive:
1 file, 7839539 bytes (7656 KiB)

Creating archive: C:/NSC/NSC/NoSafeCircle/Library/Bee/artifacts/WebGL/webgl.data.unmarked

Add new data to archive: 1 file, 7839539 bytes (7656 KiB)


Files read from disk: 1
Archive size: 2370505 bytes (2315 KiB)
Everything is Ok
[308/327    0s] GzipMarker F:/Portfolio/cathode26.github.io/NoSafeCircleFinal/Build/NoSafeCircleFinal.data.gz
[309/327    3s] 7z Library/Bee/artifacts/WebGL/build/debug_WebGL_wasm/build.wasm.unmarked

7-Zip (z) 24.09 (x64) : Copyright (c) 1999-2024 Igor Pavlov : 2024-11-29

Scanning the drive:
1 file, 34172928 bytes (33 MiB)

Creating archive: C:/NSC/NSC/NoSafeCircle/Library/Bee/artifacts/WebGL/build/debug_WebGL_wasm/build.wasm.unmarked

Add new data to archive: 1 file, 34172928 bytes (33 MiB)


Files read from disk: 1
Archive size: 8797934 bytes (8592 KiB)
Everything is Ok
[310/327    0s] GzipMarker F:/Portfolio/cathode26.github.io/NoSafeCircleFinal/Build/NoSafeCircleFinal.wasm.gz
*** Tundra requires additional run (3.27 seconds), 6 items updated, 327 evaluated
*** Additional run caused by: timestamp change of Library/Bee/artifacts/WebGL/build/debug_WebGL_wasm/build.framework.js
Starting: C:\Program Files\Unity\Hub\Editor\6000.1.8f1\Editor\Data\Tools\netcorerun\netcorerun.exe "C:\Program Files\Unity\Hub\Editor\6000.1.8f1\Editor\Data\PlaybackEngines\WebGLSupport\WebGLPlayerBuildProgram.exe" "C:/Program Files/Unity/Hub/Editor/6000.1.8f1/Editor/Data/PlaybackEngines/WebGLSupport/Bee;C:/Program Files/Unity/Hub/Editor/6000.1.8f1/Editor/Data/Tools/BuildPipeline" "Library/Bee/Playerd3e888d4.dag.json" "Library/Bee/Playerd3e888d4-inputdata.json" "Library\Bee\buildprogram3.traceevents"
WorkingDir: C:/NSC/NSC/NoSafeCircle
ExitCode: 4 Duration: 3s300ms
ExitCode: 0 Duration: 0s469ms
Starting: C:\Program Files\Unity\Hub\Editor\6000.1.8f1\Editor\Data\bee_backend.exe --ipc --dagfile="Library/Bee/Playerd3e888d4.dag" --dagfilejson="Library\Bee\Playerd3e888d4.dag.json" --profile="Library/Bee/backend5.traceevents" Player
WorkingDir: C:/NSC/NSC/NoSafeCircle
Finished compiling graph: 518 nodes, 1349 flattened edges (1345 ToBuild, 2 ToUse), maximum node priority 324
[311/327    0s] 7z Library/Bee/artifacts/WebGL/build/debug_WebGL_wasm/build.framework.js.unmarked

7-Zip (z) 24.09 (x64) : Copyright (c) 1999-2024 Igor Pavlov : 2024-11-29

Scanning the drive:
1 file, 432626 bytes (423 KiB)

Creating archive: C:/NSC/NSC/NoSafeCircle/Library/Bee/artifacts/WebGL/build/debug_WebGL_wasm/build.framework.js.unmarked

Add new data to archive: 1 file, 432626 bytes (423 KiB)


Files read from disk: 1
Archive size: 86546 bytes (85 KiB)
Everything is Ok
[312/327    0s] GzipMarker F:/Portfolio/cathode26.github.io/NoSafeCircleFinal/Build/NoSafeCircleFinal.framework.js.gz
[326/327    0s] CopyFiles F:/Portfolio/cathode26.github.io/NoSafeCircleFinal/Build/NoSafeCircleFinal.loader.js
*** Tundra build success (0.35 seconds), 3 items updated, 327 evaluated
ExitCode: 0 Duration: 0s382ms
[websockify wrapper] Start node and websockify.js
[ScriptCompilation] Requested script compilation because: Assetdatabase observed changes in script compilation related files
AssetDatabase: script compilation time: 0.000163s
Refreshing native plugins compatible for Editor in 2.94 ms, found 4 plugins.
Preloading 0 native plugins for Editor in 0.00 ms.
Asset Pipeline Refresh (id=0b05d6b6968b8424987c490ad2ca7c7b): Total: 0.064 seconds - Initiated by RefreshV2(NoUpdateAssetOptions)
Refreshing native plugins compatible for Editor in 3.11 ms, found 4 plugins.
Preloading 0 native plugins for Editor in 0.00 ms.

-------------------------------------------------------------------------------
Build Report
Uncompressed usage by category (Percentages based on user generated assets only):
Textures               17.2 mb	 97.3% 
Meshes                 0.0 kb	 0.0% 
Animations             76.6 kb	 0.4% 
Sounds                 0.0 kb	 0.0% 
Shaders                58.9 kb	 0.3% 
Other Assets           124.4 kb	 0.7% 
Levels                 0.0 kb	 0.0% 
File headers           53.2 kb	 0.3% 
Total User Assets      17.7 mb	 100.0% 
Complete build size    10.8 mb
Used Assets and files from the Resources folder, sorted by uncompressed size:
 2.7 mb	 24.7% Built-in Texture2D: Splash Screen Unity Logo
 584.7 kb	 5.3% Resources/unity_builtin_extra
 127.8 kb	 1.2% Assets/NoSafeCircle/DoorPrototype/Art/Wizard/Source/PixelLab/feminine-dark/selected/walk/south-east/frame_005.png
 127.6 kb	 1.2% Assets/NoSafeCircle/DoorPrototype/Art/Wizard/Source/PixelLab/feminine-light/selected/walk/north-east/frame_003.png
 127.6 kb	 1.2% Assets/NoSafeCircle/DoorPrototype/Art/Wizard/Source/PixelLab/feminine-light/selected/walk/north-east/frame_005.png
 127.6 kb	 1.2% Assets/NoSafeCircle/DoorPrototype/Art/Wizard/Source/PixelLab/masculine-dark/selected/walk/south-east/frame_005.png
 127.6 kb	 1.2% Assets/NoSafeCircle/DoorPrototype/Art/Wizard/Source/PixelLab/feminine-light/selected/walk/north-west/frame_002.png
 127.6 kb	 1.2% Assets/NoSafeCircle/DoorPrototype/Art/Wizard/Source/PixelLab/feminine-light/selected/walk/north-west/frame_003.png
 127.6 kb	 1.2% Assets/NoSafeCircle/DoorPrototype/Art/Wizard/Source/PixelLab/feminine-light/selected/standing/south-east.png
 127.6 kb	 1.2% Assets/NoSafeCircle/DoorPrototype/Art/Wizard/Source/PixelLab/masculine-light/selected/walk/south-west/frame_002.png
 127.6 kb	 1.2% Assets/NoSafeCircle/DoorPrototype/Art/Wizard/Source/PixelLab/feminine-dark/selected/walk/north-west/frame_005.png
 127.6 kb	 1.2% Assets/NoSafeCircle/DoorPrototype/Art/Wizard/Source/PixelLab/feminine-dark/selected/walk/south-east/frame_002.png
 127.6 kb	 1.2% Assets/NoSafeCircle/DoorPrototype/Art/Wizard/Source/PixelLab/masculine-light/selected/walk/south-east/frame_000.png
 127.6 kb	 1.2% Assets/NoSafeCircle/DoorPrototype/Art/Wizard/Source/PixelLab/masculine-dark/selected/walk/north-west/frame_004.png
 127.6 kb	 1.2% Assets/NoSafeCircle/DoorPrototype/Art/Wizard/Source/PixelLab/feminine-light/selected/walk/north-west/frame_000.png
 127.6 kb	 1.2% Assets/NoSafeCircle/DoorPrototype/Art/Wizard/Source/PixelLab/feminine-light/selected/walk/north-west/frame_005.png
 127.5 kb	 1.2% Assets/NoSafeCircle/DoorPrototype/Art/Wizard/Source/PixelLab/masculine-light/selected/walk/north-west/frame_005.png
 127.5 kb	 1.2% Assets/NoSafeCircle/DoorPrototype/Art/Wizard/Source/PixelLab/feminine-light/selected/walk/north-west/frame_004.png
 127.5 kb	 1.2% Assets/NoSafeCircle/DoorPrototype/Art/Wizard/Source/PixelLab/feminine-dark/selected/walk/north-east/frame_002.png
 127.5 kb	 1.2% Assets/NoSafeCircle/DoorPrototype/Art/Wizard/Source/PixelLab/masculine-dark/selected/walk/south-east/frame_001.png
 127.5 kb	 1.2% Assets/NoSafeCircle/DoorPrototype/Art/Wizard/Source/PixelLab/masculine-dark/selected/walk/north-east/frame_004.png
 127.5 kb	 1.2% Assets/NoSafeCircle/DoorPrototype/Art/Wizard/Source/PixelLab/feminine-dark/selected/walk/south-east/frame_003.png
 127.5 kb	 1.2% Assets/NoSafeCircle/DoorPrototype/Art/Wizard/Source/PixelLab/masculine-dark/selected/walk/north-west/frame_002.png
 127.5 kb	 1.2% Assets/NoSafeCircle/DoorPrototype/Art/Wizard/Source/PixelLab/masculine-dark/selected/walk/north-west/frame_005.png
 127.5 kb	 1.2% Assets/NoSafeCircle/DoorPrototype/Art/Wizard/Source/PixelLab/masculine-dark/selected/walk/north-west/frame_003.png
 127.5 kb	 1.2% Assets/NoSafeCircle/DoorPrototype/Art/Wizard/Source/PixelLab/feminine-dark/selected/walk/south-west/frame_000.png
 127.5 kb	 1.2% Assets/NoSafeCircle/DoorPrototype/Art/Wizard/Source/PixelLab/feminine-dark/selected/standing/north-west.png
 127.5 kb	 1.2% Assets/NoSafeCircle/DoorPrototype/Art/Wizard/Source/PixelLab/masculine-dark/selected/standing/north-east.png
 127.5 kb	 1.2% Assets/NoSafeCircle/DoorPrototype/Art/Wizard/Source/PixelLab/feminine-light/selected/walk/north-east/frame_002.png
 127.5 kb	 1.2% Assets/NoSafeCircle/DoorPrototype/Art/Wizard/Source/PixelLab/feminine-light/selected/walk/south-east/frame_000.png
 127.5 kb	 1.2% Assets/NoSafeCircle/DoorPrototype/Art/Wizard/Source/PixelLab/feminine-dark/selected/standing/south-west.png
 127.5 kb	 1.2% Assets/NoSafeCircle/DoorPrototype/Art/Wizard/Source/PixelLab/masculine-light/selected/walk/north-east/frame_003.png
 127.5 kb	 1.2% Assets/NoSafeCircle/DoorPrototype/Art/Wizard/Source/PixelLab/masculine-dark/selected/walk/south-west/frame_000.png
 127.5 kb	 1.2% Assets/NoSafeCircle/DoorPrototype/Art/Wizard/Source/PixelLab/feminine-light/selected/walk/south-west/frame_002.png
 127.5 kb	 1.2% Assets/NoSafeCircle/DoorPrototype/Art/Wizard/Source/PixelLab/feminine-light/selected/walk/south-east/frame_005.png
 127.5 kb	 1.2% Assets/NoSafeCircle/DoorPrototype/Art/Wizard/Source/PixelLab/feminine-dark/selected/walk/south-west/frame_003.png
 127.5 kb	 1.2% Assets/NoSafeCircle/DoorPrototype/Art/Wizard/Source/PixelLab/feminine-dark/selected/walk/north-east/frame_004.png
 127.5 kb	 1.2% Assets/NoSafeCircle/DoorPrototype/Art/Wizard/Source/PixelLab/masculine-light/selected/walk/north-west/frame_003.png
 127.5 kb	 1.2% Assets/NoSafeCircle/DoorPrototype/Art/Wizard/Source/PixelLab/masculine-light/selected/walk/north-east/frame_004.png
 127.5 kb	 1.2% Assets/NoSafeCircle/DoorPrototype/Art/Wizard/Source/PixelLab/feminine-dark/selected/walk/north-west/frame_004.png
 127.5 kb	 1.2% Assets/NoSafeCircle/DoorPrototype/Art/Wizard/Source/PixelLab/feminine-dark/selected/walk/south-east/frame_004.png
 127.5 kb	 1.2% Assets/NoSafeCircle/DoorPrototype/Art/Wizard/Source/PixelLab/masculine-light/selected/walk/south-east/frame_005.png
 127.5 kb	 1.2% Assets/NoSafeCircle/DoorPrototype/Art/Wizard/Source/PixelLab/masculine-light/selected/standing/north-east.png
 127.5 kb	 1.2% Assets/NoSafeCircle/DoorPrototype/Art/Wizard/Source/PixelLab/feminine-light/selected/walk/south-east/frame_004.png
 127.5 kb	 1.2% Assets/NoSafeCircle/DoorPrototype/Art/Wizard/Source/PixelLab/masculine-light/selected/walk/south-west/frame_001.png
 127.5 kb	 1.2% Assets/NoSafeCircle/DoorPrototype/Art/Wizard/Source/PixelLab/masculine-dark/selected/walk/south-east/frame_003.png
 127.5 kb	 1.2% Assets/NoSafeCircle/DoorPrototype/Art/Wizard/Source/PixelLab/masculine-light/selected/standing/north-west.png
 127.5 kb	 1.2% Assets/NoSafeCircle/DoorPrototype/Art/Wizard/Source/PixelLab/feminine-dark/selected/walk/south-west/frame_005.png
 127.5 kb	 1.2% Assets/NoSafeCircle/DoorPrototype/Art/Wizard/Source/PixelLab/feminine-dark/selected/standing/north-east.png
 127.5 kb	 1.2% Assets/NoSafeCircle/DoorPrototype/Art/Wizard/Source/PixelLab/masculine-light/selected/walk/north-west/frame_001.png
 127.5 kb	 1.2% Assets/NoSafeCircle/DoorPrototype/Art/Wizard/Source/PixelLab/masculine-dark/selected/walk/north-east/frame_003.png
 127.5 kb	 1.2% Assets/NoSafeCircle/DoorPrototype/Art/Wizard/Source/PixelLab/masculine-light/selected/walk/north-west/frame_000.png
 127.5 kb	 1.2% Assets/NoSafeCircle/DoorPrototype/Art/Wizard/Source/PixelLab/masculine-light/selected/standing/south-east.png
 127.5 kb	 1.2% Assets/NoSafeCircle/DoorPrototype/Art/Wizard/Source/PixelLab/masculine-dark/selected/standing/south-west.png
 127.5 kb	 1.2% Assets/NoSafeCircle/DoorPrototype/Art/Wizard/Source/PixelLab/feminine-light/selected/walk/south-east/frame_002.png
 127.5 kb	 1.2% Assets/NoSafeCircle/DoorPrototype/Art/Wizard/Source/PixelLab/feminine-dark/selected/walk/south-west/frame_002.png
 127.5 kb	 1.2% Assets/NoSafeCircle/DoorPrototype/Art/Wizard/Source/PixelLab/feminine-dark/selected/walk/south-west/frame_001.png
 127.5 kb	 1.2% Assets/NoSafeCircle/DoorPrototype/Art/Wizard/Source/PixelLab/feminine-dark/selected/walk/north-west/frame_000.png
 127.4 kb	 1.2% Assets/NoSafeCircle/DoorPrototype/Art/Wizard/Source/PixelLab/masculine-light/selected/walk/north-west/frame_002.png
 127.4 kb	 1.2% Assets/NoSafeCircle/DoorPrototype/Art/Wizard/Source/PixelLab/masculine-light/selected/walk/south-west/frame_000.png
 127.4 kb	 1.2% Assets/NoSafeCircle/DoorPrototype/Art/Wizard/Source/PixelLab/masculine-light/selected/walk/north-east/frame_005.png
 127.4 kb	 1.2% Assets/NoSafeCircle/DoorPrototype/Art/Wizard/Source/PixelLab/masculine-dark/selected/standing/south-east.png
 127.4 kb	 1.2% Assets/NoSafeCircle/DoorPrototype/Art/Wizard/Source/PixelLab/masculine-light/selected/walk/south-west/frame_005.png
 127.4 kb	 1.2% Assets/NoSafeCircle/DoorPrototype/Art/Wizard/Source/PixelLab/masculine-dark/selected/walk/north-east/frame_005.png
 127.4 kb	 1.2% Assets/NoSafeCircle/DoorPrototype/Art/Wizard/Source/PixelLab/feminine-light/selected/walk/south-west/frame_003.png
 127.4 kb	 1.2% Assets/NoSafeCircle/DoorPrototype/Art/Wizard/Source/PixelLab/feminine-light/selected/standing/south-west.png
 127.4 kb	 1.2% Assets/NoSafeCircle/DoorPrototype/Art/Wizard/Source/PixelLab/masculine-light/selected/walk/north-east/frame_000.png
 127.4 kb	 1.2% Assets/NoSafeCircle/DoorPrototype/Art/Wizard/Source/PixelLab/masculine-light/selected/standing/south-west.png
 127.4 kb	 1.2% Assets/NoSafeCircle/DoorPrototype/Art/Wizard/Source/PixelLab/masculine-dark/selected/walk/south-west/frame_004.png
 127.4 kb	 1.2% Assets/NoSafeCircle/DoorPrototype/Art/Wizard/Source/PixelLab/feminine-light/selected/walk/north-east/frame_001.png
 127.4 kb	 1.2% Assets/NoSafeCircle/DoorPrototype/Art/Wizard/Source/PixelLab/feminine-dark/selected/walk/south-west/frame_004.png
 127.4 kb	 1.2% Assets/NoSafeCircle/DoorPrototype/Art/Wizard/Source/PixelLab/masculine-light/selected/walk/north-east/frame_002.png
 127.4 kb	 1.2% Assets/NoSafeCircle/DoorPrototype/Art/Wizard/Source/PixelLab/feminine-light/selected/walk/south-west/frame_001.png
 127.4 kb	 1.2% Assets/NoSafeCircle/DoorPrototype/Art/Wizard/Source/PixelLab/feminine-light/selected/walk/south-west/frame_000.png
 127.4 kb	 1.2% Assets/NoSafeCircle/DoorPrototype/Art/Wizard/Source/PixelLab/feminine-light/selected/walk/south-east/frame_003.png
 127.4 kb	 1.2% Assets/NoSafeCircle/DoorPrototype/Art/Wizard/Source/PixelLab/feminine-dark/selected/walk/north-east/frame_003.png
 127.4 kb	 1.2% Assets/NoSafeCircle/DoorPrototype/Art/Wizard/Source/PixelLab/feminine-light/selected/walk/north-west/frame_001.png
 127.4 kb	 1.2% Assets/NoSafeCircle/DoorPrototype/Art/Wizard/Source/PixelLab/feminine-dark/selected/walk/south-east/frame_000.png
 127.4 kb	 1.2% Assets/NoSafeCircle/DoorPrototype/Art/Wizard/Source/PixelLab/feminine-dark/selected/walk/north-east/frame_001.png
 127.4 kb	 1.2% Assets/NoSafeCircle/DoorPrototype/Art/Wizard/Source/PixelLab/masculine-light/selected/walk/south-east/frame_003.png
 127.4 kb	 1.2% Assets/NoSafeCircle/DoorPrototype/Art/Wizard/Source/PixelLab/masculine-dark/selected/walk/south-west/frame_003.png
 127.4 kb	 1.2% Assets/NoSafeCircle/DoorPrototype/Art/Wizard/Source/PixelLab/feminine-light/selected/walk/south-west/frame_004.png
 127.4 kb	 1.2% Assets/NoSafeCircle/DoorPrototype/Art/Wizard/Source/PixelLab/masculine-light/selected/walk/south-west/frame_003.png
 127.4 kb	 1.2% Assets/NoSafeCircle/DoorPrototype/Art/Wizard/Source/PixelLab/masculine-light/selected/walk/north-west/frame_004.png
 127.4 kb	 1.2% Assets/NoSafeCircle/DoorPrototype/Art/Wizard/Source/PixelLab/masculine-dark/selected/walk/north-east/frame_001.png
 127.4 kb	 1.2% Assets/NoSafeCircle/DoorPrototype/Art/Wizard/Source/PixelLab/masculine-dark/selected/standing/north-west.png
 127.4 kb	 1.2% Assets/NoSafeCircle/DoorPrototype/Art/Wizard/Source/PixelLab/feminine-light/selected/standing/north-east.png
 127.4 kb	 1.2% Assets/NoSafeCircle/DoorPrototype/Art/Wizard/Source/PixelLab/masculine-light/selected/walk/south-east/frame_001.png
 127.4 kb	 1.2% Assets/NoSafeCircle/DoorPrototype/Art/Wizard/Source/PixelLab/feminine-light/selected/walk/south-east/frame_001.png
 127.4 kb	 1.2% Assets/NoSafeCircle/DoorPrototype/Art/Wizard/Source/PixelLab/feminine-dark/selected/walk/north-west/frame_003.png
 127.4 kb	 1.2% Assets/NoSafeCircle/DoorPrototype/Art/Wizard/Source/PixelLab/masculine-dark/selected/walk/south-west/frame_005.png
 127.4 kb	 1.2% Assets/NoSafeCircle/DoorPrototype/Art/Wizard/Source/PixelLab/masculine-dark/selected/walk/south-west/frame_001.png
 127.4 kb	 1.2% Assets/NoSafeCircle/DoorPrototype/Art/Wizard/Source/PixelLab/feminine-dark/selected/standing/south-east.png
 127.4 kb	 1.2% Assets/NoSafeCircle/DoorPrototype/Art/Wizard/Source/PixelLab/masculine-light/selected/walk/south-west/frame_004.png
 127.4 kb	 1.2% Assets/NoSafeCircle/DoorPrototype/Art/Wizard/Source/PixelLab/masculine-dark/selected/walk/north-west/frame_001.png
 127.4 kb	 1.2% Assets/NoSafeCircle/DoorPrototype/Art/Wizard/Source/PixelLab/masculine-dark/selected/walk/north-east/frame_002.png
 127.4 kb	 1.2% Assets/NoSafeCircle/DoorPrototype/Art/Wizard/Source/PixelLab/feminine-dark/selected/walk/north-west/frame_002.png
 127.4 kb	 1.2% Assets/NoSafeCircle/DoorPrototype/Art/Wizard/Source/PixelLab/feminine-dark/selected/walk/north-west/frame_001.png
 127.4 kb	 1.2% Assets/NoSafeCircle/DoorPrototype/Art/Wizard/Source/PixelLab/feminine-dark/selected/walk/north-east/frame_005.png
 127.4 kb	 1.2% Assets/NoSafeCircle/DoorPrototype/Art/Wizard/Source/PixelLab/feminine-light/selected/walk/north-east/frame_000.png
 127.4 kb	 1.2% Assets/NoSafeCircle/DoorPrototype/Art/Wizard/Source/PixelLab/masculine-light/selected/walk/north-east/frame_001.png
 127.4 kb	 1.2% Assets/NoSafeCircle/DoorPrototype/Art/Wizard/Source/PixelLab/feminine-light/selected/walk/south-west/frame_005.png
 127.4 kb	 1.2% Assets/NoSafeCircle/DoorPrototype/Art/Wizard/Source/PixelLab/feminine-light/selected/walk/north-east/frame_004.png
 127.4 kb	 1.2% Assets/NoSafeCircle/DoorPrototype/Art/Wizard/Source/PixelLab/feminine-light/selected/standing/north-west.png
 127.4 kb	 1.2% Assets/NoSafeCircle/DoorPrototype/Art/Wizard/Source/PixelLab/feminine-dark/selected/walk/south-east/frame_001.png
 127.4 kb	 1.2% Assets/NoSafeCircle/DoorPrototype/Art/Wizard/Source/PixelLab/masculine-dark/selected/walk/south-east/frame_000.png
 127.4 kb	 1.2% Assets/NoSafeCircle/DoorPrototype/Art/Wizard/Source/PixelLab/masculine-dark/selected/walk/north-west/frame_000.png
 127.4 kb	 1.2% Assets/NoSafeCircle/DoorPrototype/Art/Wizard/Source/PixelLab/feminine-dark/selected/walk/north-east/frame_000.png
 127.4 kb	 1.2% Assets/NoSafeCircle/DoorPrototype/Art/Wizard/Source/PixelLab/masculine-light/selected/walk/south-east/frame_004.png
 127.4 kb	 1.2% Assets/NoSafeCircle/DoorPrototype/Art/Wizard/Source/PixelLab/masculine-dark/selected/walk/south-west/frame_002.png
 127.4 kb	 1.2% Assets/NoSafeCircle/DoorPrototype/Art/Wizard/Source/PixelLab/masculine-dark/selected/walk/south-east/frame_002.png
 127.3 kb	 1.2% Assets/NoSafeCircle/DoorPrototype/Art/Wizard/Source/PixelLab/masculine-light/selected/walk/south-east/frame_002.png
 127.3 kb	 1.2% Assets/NoSafeCircle/DoorPrototype/Art/Wizard/Source/PixelLab/masculine-dark/selected/walk/north-east/frame_000.png
 127.3 kb	 1.2% Assets/NoSafeCircle/DoorPrototype/Art/Wizard/Source/PixelLab/masculine-dark/selected/walk/south-east/frame_004.png
 64.7 kb	 0.6% Assets/NoSafeCircle/DoorPrototype/Generated/ArchitecturalTiles/MeleeEnemySprite.asset
 64.5 kb	 0.6% Assets/NoSafeCircle/DoorPrototype/Generated/ArchitecturalTiles/DoorSprite.asset
 40.7 kb	 0.4% Assets/NoSafeCircle/DoorPrototype/Generated/ArchitecturalTiles/WallTile.asset
 10.2 kb	 0.1% Assets/InputSystem_Actions.inputactions
 8.8 kb	 0.1% Assets/NoSafeCircle/DoorPrototype/Generated/ArchitecturalTiles/FloorTile.asset
 8.8 kb	 0.1% Packages/com.unity.inputsystem/InputSystem/Plugins/PlayerInput/DefaultInputActions.inputactions
 8.7 kb	 0.1% Assets/NoSafeCircle/DoorPrototype/Generated/ArchitecturalTiles/RuinedEntryLowWallTile.asset
 7.9 kb	 0.1% Assets/NoSafeCircle/DoorPrototype/Art/Wizard/Generated/WizardAnimator.controller
 2.7 kb	 0.0% Assets/Resources/PerformanceTestRunInfo.json
 2.5 kb	 0.0% Assets/NoSafeCircle/DoorPrototype/Art/Wizard/Generated/Wizard_Masculine_White_walk_south-west.anim
 2.5 kb	 0.0% Assets/NoSafeCircle/DoorPrototype/Art/Wizard/Generated/Wizard_Masculine_White_walk_south-east.anim
 2.5 kb	 0.0% Assets/NoSafeCircle/DoorPrototype/Art/Wizard/Generated/Wizard_Masculine_White_walk_north-west.anim
 2.5 kb	 0.0% Assets/NoSafeCircle/DoorPrototype/Art/Wizard/Generated/Wizard_Masculine_White_walk_north-east.anim
 2.5 kb	 0.0% Assets/NoSafeCircle/DoorPrototype/Art/Wizard/Generated/Wizard_Masculine_Black_walk_south-west.anim
 2.5 kb	 0.0% Assets/NoSafeCircle/DoorPrototype/Art/Wizard/Generated/Wizard_Masculine_Black_walk_south-east.anim
 2.5 kb	 0.0% Assets/NoSafeCircle/DoorPrototype/Art/Wizard/Generated/Wizard_Masculine_Black_walk_north-west.anim
 2.5 kb	 0.0% Assets/NoSafeCircle/DoorPrototype/Art/Wizard/Generated/Wizard_Masculine_Black_walk_north-east.anim
 2.5 kb	 0.0% Assets/NoSafeCircle/DoorPrototype/Art/Wizard/Generated/Wizard_Feminine_White_walk_south-west.anim
 2.5 kb	 0.0% Assets/NoSafeCircle/DoorPrototype/Art/Wizard/Generated/Wizard_Feminine_White_walk_south-east.anim
 2.5 kb	 0.0% Assets/NoSafeCircle/DoorPrototype/Art/Wizard/Generated/Wizard_Feminine_White_walk_north-west.anim
 2.5 kb	 0.0% Assets/NoSafeCircle/DoorPrototype/Art/Wizard/Generated/Wizard_Feminine_White_walk_north-east.anim
 2.5 kb	 0.0% Assets/NoSafeCircle/DoorPrototype/Art/Wizard/Generated/Wizard_Feminine_Black_walk_south-west.anim
 2.5 kb	 0.0% Assets/NoSafeCircle/DoorPrototype/Art/Wizard/Generated/Wizard_Feminine_Black_walk_south-east.anim
 2.5 kb	 0.0% Assets/NoSafeCircle/DoorPrototype/Art/Wizard/Generated/Wizard_Feminine_Black_walk_north-west.anim
 2.5 kb	 0.0% Assets/NoSafeCircle/DoorPrototype/Art/Wizard/Generated/Wizard_Feminine_Black_walk_north-east.anim
 2.3 kb	 0.0% Assets/NoSafeCircle/DoorPrototype/Art/Wizard/Generated/Wizard_Masculine_White_idle_south-west.anim
 2.3 kb	 0.0% Assets/NoSafeCircle/DoorPrototype/Art/Wizard/Generated/Wizard_Masculine_White_idle_south-east.anim
 2.3 kb	 0.0% Assets/NoSafeCircle/DoorPrototype/Art/Wizard/Generated/Wizard_Masculine_White_idle_north-west.anim
 2.3 kb	 0.0% Assets/NoSafeCircle/DoorPrototype/Art/Wizard/Generated/Wizard_Masculine_White_idle_north-east.anim
 2.3 kb	 0.0% Assets/NoSafeCircle/DoorPrototype/Art/Wizard/Generated/Wizard_Masculine_Black_idle_south-west.anim
 2.3 kb	 0.0% Assets/NoSafeCircle/DoorPrototype/Art/Wizard/Generated/Wizard_Masculine_Black_idle_south-east.anim
 2.3 kb	 0.0% Assets/NoSafeCircle/DoorPrototype/Art/Wizard/Generated/Wizard_Masculine_Black_idle_north-west.anim
 2.3 kb	 0.0% Assets/NoSafeCircle/DoorPrototype/Art/Wizard/Generated/Wizard_Masculine_Black_idle_north-east.anim
 2.3 kb	 0.0% Assets/NoSafeCircle/DoorPrototype/Art/Wizard/Generated/Wizard_Feminine_White_idle_south-west.anim
 2.3 kb	 0.0% Assets/NoSafeCircle/DoorPrototype/Art/Wizard/Generated/Wizard_Feminine_White_idle_south-east.anim
 2.3 kb	 0.0% Assets/NoSafeCircle/DoorPrototype/Art/Wizard/Generated/Wizard_Feminine_White_idle_north-west.anim
 2.3 kb	 0.0% Assets/NoSafeCircle/DoorPrototype/Art/Wizard/Generated/Wizard_Feminine_White_idle_north-east.anim
 2.3 kb	 0.0% Assets/NoSafeCircle/DoorPrototype/Art/Wizard/Generated/Wizard_Feminine_Black_idle_south-west.anim
 2.3 kb	 0.0% Assets/NoSafeCircle/DoorPrototype/Art/Wizard/Generated/Wizard_Feminine_Black_idle_south-east.anim
 2.3 kb	 0.0% Assets/NoSafeCircle/DoorPrototype/Art/Wizard/Generated/Wizard_Feminine_Black_idle_north-west.anim
 2.3 kb	 0.0% Assets/NoSafeCircle/DoorPrototype/Art/Wizard/Generated/Wizard_Feminine_Black_idle_north-east.anim
 0.4 kb	 0.0% Built-in Sprite: 
 0.2 kb	 0.0% Assets/Resources/DOTweenSettings.asset
 0.2 kb	 0.0% Assets/Plugins/Demigiant/DOTween/DOTween.dll
 0.2 kb	 0.0% Packages/com.unity.multiplayer.center/Common/IOnboardingSectionAnalyticsProvider.cs
 0.2 kb	 0.0% Packages/com.unity.visualscripting/Runtime/VisualScripting.Core/Listeners/UI/UnityOnScrollbarValueChangedMessageListener.cs
 0.2 kb	 0.0% Packages/com.unity.visualscripting/Runtime/VisualScripting.Core/Listeners/UI/UnityOnScrollRectValueChangedMessageListener.cs
 0.2 kb	 0.0% Packages/com.unity.visualscripting/Runtime/VisualScripting.Core/Listeners/UI/UnityOnInputFieldValueChangedMessageListener.cs
 0.2 kb	 0.0% Packages/com.unity.visualscripting/Runtime/VisualScripting.Core/Listeners/UI/UnityOnDropdownValueChangedMessageListener.cs
 0.2 kb	 0.0% Packages/com.unity.visualscripting/Runtime/VisualScripting.Core/Listeners/MonoBehaviour/UnityOnTransformChildrenChangedMListener.cs
 0.2 kb	 0.0% Packages/com.unity.visualscripting/Runtime/VisualScripting.Core/Listeners/MonoBehaviour/UnityOnControllerColliderHitMessageListener.cs
 0.2 kb	 0.0% Packages/com.unity.mathematics/Unity.Mathematics/Il2CppEagerStaticClassConstructionAttribute.cs
 0.2 kb	 0.0% Packages/com.unity.visualscripting/Runtime/VisualScripting.Core/Listeners/MonoBehaviour/UnityOnTransformParentChangedMListener.cs
 0.2 kb	 0.0% Packages/com.unity.visualscripting/Runtime/VisualScripting.Core/Dependencies/AssemblyQualifiedNameParser/ParsedAssemblyQualifiedName.cs
 0.2 kb	 0.0% Packages/com.unity.visualscripting/Runtime/VisualScripting.Core/Listeners/UI/UnityOnToggleValueChangedMessageListener.cs
 0.2 kb	 0.0% Packages/com.unity.visualscripting/Runtime/VisualScripting.Core/Listeners/UI/UnityOnSliderValueChangedMessageListener.cs
 0.2 kb	 0.0% Packages/com.unity.visualscripting/Runtime/VisualScripting.Core/Listeners/UI/UnityOnInputFieldEndEditMessageListener.cs
 0.2 kb	 0.0% Packages/com.unity.visualscripting/Runtime/VisualScripting.Core/Listeners/MonoBehaviour/UnityOnParticleCollisionMessageListener.cs
 0.2 kb	 0.0% Packages/com.unity.visualscripting/Runtime/VisualScripting.Core/Listeners/MonoBehaviour/UnityOnMouseUpAsButtonMessageListener.cs
 0.2 kb	 0.0% Packages/com.unity.visualscripting/Runtime/VisualScripting.Core/Listeners/MonoBehaviour/UnityOnCollisionStay2DMessageListener.cs
 0.2 kb	 0.0% Packages/com.unity.visualscripting/Runtime/VisualScripting.Core/Listeners/MonoBehaviour/UnityOnCollisionExit2DMessageListener.cs
 0.2 kb	 0.0% Packages/com.unity.visualscripting/Runtime/VisualScripting.Core/Listeners/MonoBehaviour/UnityOnCollisionEnter2DMessageListener.cs
 0.2 kb	 0.0% Packages/com.unity.visualscripting/Runtime/VisualScripting.Core/Listeners/MonoBehaviour/UnityOnBecameInvisibleMessageListener.cs
 0.2 kb	 0.0% Packages/com.unity.visualscripting/Runtime/VisualScripting.Core/Dependencies/FullSerializer/Converters/Unity/GUIStyleState_DirectConverter.cs
 0.2 kb	 0.0% Packages/com.unity.visualscripting/Runtime/VisualScripting.Core/Dependencies/FullSerializer/Converters/Unity/AnimationCurve_DirectConverter.cs
 0.2 kb	 0.0% Packages/com.unity.collections/Unity.Collections/GenerateTestsForBurstCompatibilityAttribute.cs
 0.2 kb	 0.0% Assets/NoSafeCircle/DoorPrototype/Scripts/Enemies/RangedEnemyKeepDistanceMovement.cs
 0.2 kb	 0.0% Packages/com.unity.visualscripting/Runtime/VisualScripting.Core/SerializedProperties/SerializedPropertyProviderAttribute.cs
 0.2 kb	 0.0% Packages/com.unity.visualscripting/Runtime/VisualScripting.Core/Listeners/UIInterfaces/UnityOnPointerExitMessageListener.cs
 0.2 kb	 0.0% Packages/com.unity.visualscripting/Runtime/VisualScripting.Core/Listeners/UIInterfaces/UnityOnPointerEnterMessageListener.cs
 0.2 kb	 0.0% Packages/com.unity.visualscripting/Runtime/VisualScripting.Core/Listeners/UIInterfaces/UnityOnPointerDownMessageListener.cs
 0.2 kb	 0.0% Packages/com.unity.visualscripting/Runtime/VisualScripting.Core/Listeners/UIInterfaces/UnityOnPointerClickMessageListener.cs
 0.2 kb	 0.0% Packages/com.unity.visualscripting/Runtime/VisualScripting.Core/Listeners/UI/UnityOnButtonClickMessageListener.cs
 0.2 kb	 0.0% Packages/com.unity.visualscripting/Runtime/VisualScripting.Core/Listeners/MonoBehaviour/UnityOnTriggerEnterMessageListener.cs
 0.2 kb	 0.0% Packages/com.unity.visualscripting/Runtime/VisualScripting.Core/Listeners/MonoBehaviour/UnityOnJointBreak2DMessageListener.cs
 0.2 kb	 0.0% Packages/com.unity.visualscripting/Runtime/VisualScripting.Core/Listeners/MonoBehaviour/UnityOnCollisionStayMessageListener.cs
 0.2 kb	 0.0% Packages/com.unity.visualscripting/Runtime/VisualScripting.Core/Listeners/MonoBehaviour/UnityOnCollisionExitMessageListener.cs
 0.2 kb	 0.0% Packages/com.unity.visualscripting/Runtime/VisualScripting.Core/Listeners/MonoBehaviour/UnityOnCollisionEnterMessageListener.cs
 0.2 kb	 0.0% Packages/com.unity.visualscripting/Runtime/VisualScripting.Core/Listeners/MonoBehaviour/UnityOnBecameVisibleMessageListener.cs
 0.2 kb	 0.0% Packages/com.unity.visualscripting/Runtime/VisualScripting.Core/EditorBinding/Inspector/InspectorActionDirectionAttribute.cs
 0.2 kb	 0.0% Packages/com.unity.visualscripting/Runtime/VisualScripting.Core/EditorBinding/Inspector/InspectViaImplementationsAttribute.cs
 0.2 kb	 0.0% Packages/com.unity.visualscripting/Runtime/VisualScripting.Core/Dependencies/FullSerializer/Internal/fsCyclicReferenceManager.cs
 0.2 kb	 0.0% Packages/com.unity.visualscripting/Runtime/VisualScripting.Core/Dependencies/FullSerializer/Converters/Unity/UnityEvent_Converter.cs
 0.2 kb	 0.0% Packages/com.unity.inputsystem/InputSystem/Editor/UITKAssetEditor/Views/CompositePartBindingPropertiesView.cs
 0.2 kb	 0.0% Packages/com.unity.inputsystem/InputSystem/Editor/UITKAssetEditor/Views/CollectionViewSelectionChangeFilter.cs
 0.2 kb	 0.0% Packages/com.unity.inputsystem/InputSystem/Editor/UITKAssetEditor/InputActionsEditorSettingsProvider.cs
 0.2 kb	 0.0% Packages/com.unity.inputsystem/InputSystem/Editor/PropertyDrawers/InputActionReferenceSearchProviders.cs
 0.2 kb	 0.0% Packages/com.unity.inputsystem/InputSystem/Editor/PropertyDrawers/InputActionReferencePropertyDrawer.cs
 0.2 kb	 0.0% Packages/com.unity.inputsystem/InputSystem/Editor/Analytics/InputActionsEditorSessionAnalytic.cs
 0.2 kb	 0.0% Packages/com.unity.inputsystem/InputSystem/Devices/Commands/QueryEditorWindowCoordinatesCommand.cs
 0.2 kb	 0.0% Packages/com.unity.inputsystem/InputSystem/Devices/Commands/InitiateUserAccountPairingCommand.cs
 0.2 kb	 0.0% Packages/com.unity.visualscripting/Runtime/VisualScripting.Core/Listeners/MonoBehaviour/UnityOnTriggerStay2DMListener.cs
 0.2 kb	 0.0% Packages/com.unity.visualscripting/Runtime/VisualScripting.Core/Listeners/MonoBehaviour/UnityOnTriggerExit2DMListener.cs
 0.2 kb	 0.0% Packages/com.unity.visualscripting/Runtime/VisualScripting.Core/Listeners/MonoBehaviour/UnityOnTriggerEnter2DMListener.cs
 0.2 kb	 0.0% Packages/com.unity.visualscripting/Runtime/VisualScripting.Core/Dependencies/FullSerializer/fsISerializationCallbacks.cs
 0.2 kb	 0.0% Packages/com.unity.visualscripting/Runtime/VisualScripting.Core/Dependencies/FullSerializer/Converters/Unity/RectOffset_DirectConverter.cs
 0.2 kb	 0.0% Packages/com.unity.visualscripting/Runtime/VisualScripting.Core/Dependencies/FullSerializer/Converters/Unity/LayerMask_DirectConverter.cs
 0.2 kb	 0.0% Packages/com.unity.visualscripting/Runtime/VisualScripting.Core/Dependencies/FullSerializer/Converters/Unity/InputAction_DirectConverter.cs
 0.2 kb	 0.0% Packages/com.unity.inputsystem/InputSystem/Plugins/UI/StandaloneInputModuleEditor.cs
 0.2 kb	 0.0% Packages/com.unity.inputsystem/InputSystem/Plugins/UI/InputSystemUIInputModuleEditor.cs
 0.2 kb	 0.0% Assets/NoSafeCircle/DoorPrototype/Scripts/Enemies/EnemyStatusEffectMovement.cs
 0.1 kb	 0.0% Packages/com.unity.visualscripting/Runtime/VisualScripting.Flow/Ports/MissingValuePortInputException.cs
 0.1 kb	 0.0% Packages/com.unity.visualscripting/Runtime/VisualScripting.Flow/EditorBinding/UnitHeaderInspectableAttribute.cs
 0.1 kb	 0.0% Packages/com.unity.visualscripting/Runtime/VisualScripting.Flow/Dependencies/NCalc/LogicalExpressionVisitor.cs
 0.1 kb	 0.0% Packages/com.unity.visualscripting/Runtime/VisualScripting.Core/Variables/VariableDeclarationCollection.cs
 0.1 kb	 0.0% Packages/com.unity.visualscripting/Runtime/VisualScripting.Core/Variables/InspectorVariableNameAttribute.cs
 0.1 kb	 0.0% Packages/com.unity.visualscripting/Runtime/VisualScripting.Core/Serialization/SerializationVersionAttribute.cs
 0.1 kb	 0.0% Packages/com.unity.visualscripting/Runtime/VisualScripting.Core/Listeners/UIInterfaces/UnityOnPointerUpMessageListener.cs
 0.1 kb	 0.0% Packages/com.unity.visualscripting/Runtime/VisualScripting.Core/Listeners/UIInterfaces/UnityOnEndDragMessageListener.cs
 0.1 kb	 0.0% Packages/com.unity.visualscripting/Runtime/VisualScripting.Core/Listeners/UIInterfaces/UnityOnDeselectMessageListener.cs
 0.1 kb	 0.0% Packages/com.unity.visualscripting/Runtime/VisualScripting.Core/Listeners/UIInterfaces/UnityOnBeginDragMessageListener.cs
 0.1 kb	 0.0% Packages/com.unity.visualscripting/Runtime/VisualScripting.Core/Listeners/MonoBehaviour/UnityOnTriggerStayMListener.cs
 0.1 kb	 0.0% Packages/com.unity.visualscripting/Runtime/VisualScripting.Core/Listeners/MonoBehaviour/UnityOnTriggerExitMListener.cs
 0.1 kb	 0.0% Packages/com.unity.visualscripting/Runtime/VisualScripting.Core/Listeners/MonoBehaviour/UnityOnMouseUpMessageListener.cs
 0.1 kb	 0.0% Packages/com.unity.visualscripting/Runtime/VisualScripting.Core/Listeners/MonoBehaviour/UnityOnMouseOverMessageListener.cs
 0.1 kb	 0.0% Packages/com.unity.visualscripting/Runtime/VisualScripting.Core/Listeners/MonoBehaviour/UnityOnMouseExitMessageListener.cs
 0.1 kb	 0.0% Packages/com.unity.visualscripting/Runtime/VisualScripting.Core/Listeners/MonoBehaviour/UnityOnMouseEnterMessageListener.cs
 0.1 kb	 0.0% Packages/com.unity.visualscripting/Runtime/VisualScripting.Core/Listeners/MonoBehaviour/UnityOnMouseDragMessageListener.cs
 0.1 kb	 0.0% Packages/com.unity.visualscripting/Runtime/VisualScripting.Core/Listeners/MonoBehaviour/UnityOnMouseDownMessageListener.cs
 0.1 kb	 0.0% Packages/com.unity.visualscripting/Runtime/VisualScripting.Core/Listeners/MonoBehaviour/UnityOnJointBreakMessageListener.cs
 0.1 kb	 0.0% Packages/com.unity.visualscripting/Runtime/VisualScripting.Core/Exceptions/InvalidImplementationException.cs
 0.1 kb	 0.0% Packages/com.unity.visualscripting/Runtime/VisualScripting.Core/EditorBinding/Inspector/InspectorExpandTooltipAttribute.cs
 0.1 kb	 0.0% Packages/com.unity.visualscripting/Runtime/VisualScripting.Core/EditorBinding/Inspector/InspectorAdaptiveWidthAttribute.cs
 0.1 kb	 0.0% Packages/com.unity.visualscripting/Runtime/VisualScripting.Core/Dependencies/FullSerializer/Internal/fsPortableReflection.cs
 0.1 kb	 0.0% Packages/com.unity.visualscripting/Runtime/VisualScripting.Core/Attributes/VisualScriptingHelpURLAttribute.cs
 0.1 kb	 0.0% Packages/com.unity.inputsystem/InputSystem/Plugins/InputForUI/InputActionAssetVerifier.cs
 0.1 kb	 0.0% Packages/com.unity.inputsystem/InputSystem/Editor/UITKAssetEditor/Views/CompositeBindingPropertiesView.cs
 0.1 kb	 0.0% Packages/com.unity.inputsystem/InputSystem/Editor/UITKAssetEditor/InputActionsEditorWindowUtils.cs
 0.1 kb	 0.0% Packages/com.unity.inputsystem/InputSystem/Editor/PropertyDrawers/InputActionAssetSearchProvider.cs
 0.1 kb	 0.0% Packages/com.unity.inputsystem/InputSystem/Editor/ProjectWideActions/ProjectWideActionsBuildProvider.cs
 0.1 kb	 0.0% Packages/com.unity.inputsystem/InputSystem/Editor/Internal/SerializedPropertyLinqExtensions.cs
 0.1 kb	 0.0% Packages/com.unity.inputsystem/InputSystem/Editor/Internal/InputActionSerializationHelpers.cs
 0.1 kb	 0.0% Packages/com.unity.inputsystem/InputSystem/Editor/EditorInputControlLayoutCache.cs
 0.1 kb	 0.0% Packages/com.unity.inputsystem/InputSystem/Editor/ControlPicker/Layouts/TouchscreenControlPickerLayout.cs
 0.1 kb	 0.0% Packages/com.unity.inputsystem/InputSystem/Editor/ControlPicker/Layouts/DefaultInputControlPickerLayout.cs
 0.1 kb	 0.0% Packages/com.unity.inputsystem/InputSystem/Editor/Analytics/VirtualMouseInputEditorAnalytic.cs
 0.1 kb	 0.0% Packages/com.unity.inputsystem/InputSystem/Editor/Analytics/PlayerInputManagerEditorAnalytic.cs
 0.1 kb	 0.0% Packages/com.unity.inputsystem/InputSystem/Devices/Commands/QuerySamplingFrequencyCommand.cs
 0.1 kb	 0.0% Packages/com.unity.inputsystem/InputSystem/Devices/Commands/QueryPairedUserAccountCommand.cs
 0.1 kb	 0.0% Assets/NoSafeCircle/DoorPrototype/Scripts/World/GameplayNavigationSurface.cs
 0.1 kb	 0.0% Packages/com.unity.visualscripting/Runtime/VisualScripting.Core/Dependencies/FullSerializer/fsExceptions.cs
 0.1 kb	 0.0% Packages/com.unity.visualscripting/Runtime/VisualScripting.Core/Dependencies/FullSerializer/fsAotCompilationManager.cs
 0.1 kb	 0.0% Packages/com.unity.visualscripting/Runtime/VisualScripting.Core/Dependencies/FullSerializer/Converters/fsWeakReferenceConverter.cs
 0.1 kb	 0.0% Packages/com.unity.visualscripting/Runtime/VisualScripting.Core/Dependencies/FullSerializer/Converters/fsKeyValuePairConverter.cs
 0.1 kb	 0.0% Packages/com.unity.visualscripting/Runtime/VisualScripting.Core/Dependencies/FullSerializer/Converters/fsIEnumerableConverter.cs
 0.1 kb	 0.0% Packages/com.unity.visualscripting/Runtime/VisualScripting.Core/Dependencies/FullSerializer/Converters/fsDictionaryConverter.cs
 0.1 kb	 0.0% Packages/com.unity.visualscripting/Runtime/VisualScripting.Core/Dependencies/FullSerializer/Converters/Unity/Keyframe_DirectConverter.cs
 0.1 kb	 0.0% Packages/com.unity.visualscripting/Runtime/VisualScripting.Core/Dependencies/FullSerializer/Converters/Unity/Gradient_DirectConverter.cs
 0.1 kb	 0.0% Packages/com.unity.visualscripting/Runtime/VisualScripting.Core/Dependencies/FullSerializer/Converters/Unity/GUIStyle_DirectConverter.cs
 0.1 kb	 0.0% Packages/com.unity.visualscripting/Runtime/VisualScripting.Core/Dependencies/FullSerializer/Converters/Unity/Bounds_DirectConverter.cs
 0.1 kb	 0.0% Packages/com.unity.multiplayer.center/Common/SelectedSolutionsData.cs
 0.1 kb	 0.0% Packages/com.unity.inputsystem/InputSystem/Utilities/DisplayStringFormatAttribute.cs
 0.1 kb	 0.0% Packages/com.unity.inputsystem/InputSystem/Plugins/XR/Haptics/SendBufferedHapticsCommand.cs
 0.1 kb	 0.0% Packages/com.unity.inputsystem/InputSystem/Plugins/XR/Haptics/GetHapticCapabilitiesCommand.cs
 0.1 kb	 0.0% Packages/com.unity.inputsystem/InputSystem/Plugins/XR/Haptics/GetCurrentHapticStateCommand.cs
 0.1 kb	 0.0% Packages/com.unity.inputsystem/InputSystem/Plugins/UI/ExtendedSubmitCancelEventData.cs
 0.1 kb	 0.0% Packages/com.unity.inputsystem/InputSystem/Plugins/Android/AndroidGameController.cs
 0.1 kb	 0.0% Packages/com.unity.inputsystem/InputSystem/Controls/Processors/NormalizeVector3Processor.cs
 0.1 kb	 0.0% Packages/com.unity.inputsystem/InputSystem/Controls/Processors/NormalizeVector2Processor.cs
 0.1 kb	 0.0% Packages/com.unity.inputsystem/InputSystem/Controls/Processors/EditorWindowSpaceProcessor.cs
 0.1 kb	 0.0% Packages/com.unity.inputsystem/InputSystem/Controls/Processors/CompensateRotationProcessor.cs
 0.1 kb	 0.0% Packages/com.unity.inputsystem/InputSystem/Controls/Processors/CompensateDirectionProcessor.cs
 0.1 kb	 0.0% Packages/com.unity.collections/Unity.Collections/UnsafeParallelHashSetExtensions.gen.cs
 0.1 kb	 0.0% Packages/com.unity.collections/Unity.Collections/UnsafeParallelHashMap.cs
 0.1 kb	 0.0% Assets/NoSafeCircle/DoorPrototype/Scripts/WizardSelectionController.cs
 0.1 kb	 0.0% Assets/NoSafeCircle/DoorPrototype/Scripts/WizardGameEntryController.cs
 0.1 kb	 0.0% Assets/NoSafeCircle/DoorPrototype/Scripts/WizardAnimationController.cs
 0.1 kb	 0.0% Assets/NoSafeCircle/DoorPrototype/Scripts/PlayerInteractionController.cs
 0.1 kb	 0.0% Assets/NoSafeCircle/DoorPrototype/Scripts/FloorRunRestartController.cs
 0.1 kb	 0.0% Assets/NoSafeCircle/DoorPrototype/Scripts/Enemies/RangedEnemyProjectile.cs
 0.1 kb	 0.0% Assets/NoSafeCircle/DoorPrototype/Scripts/Enemies/EnemyLockedDoorAttack.cs
 0.1 kb	 0.0% Assets/NoSafeCircle/DoorPrototype/Scripts/EncounterAdmissionController.cs
 0.1 kb	 0.0% Packages/com.unity.visualscripting/Runtime/VisualScripting.State/IStateTransitionDebugData.cs
 0.1 kb	 0.0% Packages/com.unity.visualscripting/Runtime/VisualScripting.Flow/Ports/IUnitOutputPortDefinition.cs
 0.1 kb	 0.0% Packages/com.unity.visualscripting/Runtime/VisualScripting.Flow/Ports/IUnitControlPortDefinition.cs
 0.1 kb	 0.0% Packages/com.unity.visualscripting/Runtime/VisualScripting.Flow/Framework/Variables/Obsolete/IsApplicationVariableDefined.cs
 0.1 kb	 0.0% Packages/com.unity.visualscripting/Runtime/VisualScripting.Flow/Framework/Events/Hierarchy/OnTransformChildrenChanged.cs
 0.1 kb	 0.0% Packages/com.unity.visualscripting/Runtime/VisualScripting.Flow/Dependencies/NCalc/TernaryExpression.cs
 0.1 kb	 0.0% Packages/com.unity.visualscripting/Runtime/VisualScripting.Flow/Dependencies/NCalc/SerializationVisitor.cs
 0.1 kb	 0.0% Packages/com.unity.visualscripting/Runtime/VisualScripting.Flow/Dependencies/NCalc/LogicalExpression.cs
 0.1 kb	 0.0% Packages/com.unity.visualscripting/Runtime/VisualScripting.Flow/Dependencies/NCalc/IdentifierExpression.cs
 0.1 kb	 0.0% Packages/com.unity.visualscripting/Runtime/VisualScripting.Flow/Dependencies/NCalc/FunctionExpression.cs
 0.1 kb	 0.0% Packages/com.unity.visualscripting/Runtime/VisualScripting.Flow/Dependencies/NCalc/EvaluationVisitor.cs
 0.1 kb	 0.0% Packages/com.unity.visualscripting/Runtime/VisualScripting.Flow/Dependencies/NCalc/EvaluationException.cs
 0.1 kb	 0.0% Packages/com.unity.visualscripting/Runtime/VisualScripting.Core/Variables/VariableDeclarationsCloner.cs
 0.1 kb	 0.0% Packages/com.unity.visualscripting/Runtime/VisualScripting.Core/Utilities/ReferenceEqualityComparer.cs
 0.1 kb	 0.0% Packages/com.unity.visualscripting/Runtime/VisualScripting.Core/Unity/UnityObjectOwnershipUtility.cs
 0.1 kb	 0.0% Packages/com.unity.visualscripting/Runtime/VisualScripting.Core/Unity/RequiresUnityAPIAttribute.cs
 0.1 kb	 0.0% Packages/com.unity.visualscripting/Runtime/VisualScripting.Core/SerializedProperties/ISerializedPropertyProvider.cs
 0.1 kb	 0.0% Packages/com.unity.visualscripting/Runtime/VisualScripting.Core/Serialization/Converters/LooseAssemblyNameConverter.cs
 0.1 kb	 0.0% Packages/com.unity.visualscripting/Runtime/VisualScripting.Core/Reflection/RenamedNamespaceAttribute.cs
 0.1 kb	 0.0% Packages/com.unity.visualscripting/Runtime/VisualScripting.Core/Reflection/Optimization/ReflectionPropertyAccessor.cs
 0.1 kb	 0.0% Packages/com.unity.visualscripting/Runtime/VisualScripting.Core/Reflection/Operators/GreaterThanOrEqualHandler.cs
 0.1 kb	 0.0% Packages/com.unity.visualscripting/Runtime/VisualScripting.Core/Reflection/Operators/AmbiguousOperatorException.cs
 0.1 kb	 0.0% Packages/com.unity.visualscripting/Runtime/VisualScripting.Core/Profiling/ProfiledSegmentCollection.cs
 0.1 kb	 0.0% Packages/com.unity.visualscripting/Runtime/VisualScripting.Core/Listeners/UIInterfaces/UnityOnSubmitMessageListener.cs
 0.1 kb	 0.0% Packages/com.unity.visualscripting/Runtime/VisualScripting.Core/Listeners/UIInterfaces/UnityOnSelectMessageListener.cs
 0.1 kb	 0.0% Packages/com.unity.visualscripting/Runtime/VisualScripting.Core/Listeners/UIInterfaces/UnityOnScrollMessageListener.cs
 0.1 kb	 0.0% Packages/com.unity.visualscripting/Runtime/VisualScripting.Core/Listeners/UIInterfaces/UnityOnMoveMessageListener.cs
 0.1 kb	 0.0% Packages/com.unity.visualscripting/Runtime/VisualScripting.Core/Listeners/UIInterfaces/UnityOnDropMessageListener.cs
 0.1 kb	 0.0% Packages/com.unity.visualscripting/Runtime/VisualScripting.Core/Listeners/UIInterfaces/UnityOnDragMessageListener.cs
 0.1 kb	 0.0% Packages/com.unity.visualscripting/Runtime/VisualScripting.Core/Listeners/UIInterfaces/UnityOnCancelMessageListener.cs
 0.1 kb	 0.0% Packages/com.unity.visualscripting/Runtime/VisualScripting.Core/Graphs/MergedGraphElementCollection.cs
 0.1 kb	 0.0% Packages/com.unity.visualscripting/Runtime/VisualScripting.Core/Graphs/IGraphElementWithDebugData.cs
 0.1 kb	 0.0% Packages/com.unity.visualscripting/Runtime/VisualScripting.Core/Exceptions/InvalidConversionException.cs
 0.1 kb	 0.0% Packages/com.unity.visualscripting/Runtime/VisualScripting.Core/EditorBinding/WarnBeforeRemovingAttribute.cs
 0.1 kb	 0.0% Packages/com.unity.visualscripting/Runtime/VisualScripting.Core/EditorBinding/WarnBeforeEditingAttribute.cs
 0.1 kb	 0.0% Packages/com.unity.visualscripting/Runtime/VisualScripting.Core/EditorBinding/TypeIconPriorityAttribute.cs
 0.1 kb	 0.0% Packages/com.unity.visualscripting/Runtime/VisualScripting.Core/EditorBinding/Inspector/InspectorToggleLeftAttribute.cs
 0.1 kb	 0.0% Packages/com.unity.visualscripting/Runtime/VisualScripting.Core/EditorBinding/Inspector/InspectorTextAreaAttribute.cs
 0.1 kb	 0.0% Packages/com.unity.visualscripting/Runtime/VisualScripting.Core/EditorBinding/Inspector/InspectorDelayedAttribute.cs
 0.1 kb	 0.0% Packages/com.unity.visualscripting/Runtime/VisualScripting.Core/EditorBinding/IncludeInSettingsAttribute.cs
 0.1 kb	 0.0% Packages/com.unity.visualscripting/Runtime/VisualScripting.Core/EditorBinding/DisableAnnotationAttribute.cs
 0.1 kb	 0.0% Packages/com.unity.visualscripting/Runtime/VisualScripting.Core/Dependencies/FullSerializer/Internal/fsVersionedType.cs
 0.1 kb	 0.0% Packages/com.unity.visualscripting/Runtime/VisualScripting.Core/Dependencies/FullSerializer/Internal/fsVersionManager.cs
 0.1 kb	 0.0% Packages/com.unity.visualscripting/Runtime/VisualScripting.Core/Dependencies/FullSerializer/Internal/fsTypeExtensions.cs
 0.1 kb	 0.0% Packages/com.unity.visualscripting/Runtime/VisualScripting.Core/Connections/InvalidConnectionException.cs
 0.1 kb	 0.0% Packages/com.unity.inputsystem/InputSystem/State/IInputStateCallbackReceiver.cs
 0.1 kb	 0.0% Packages/com.unity.inputsystem/InputSystem/Plugins/InputForUI/InputSystemProvider.cs
 0.1 kb	 0.0% Packages/com.unity.inputsystem/InputSystem/Plugins/DualShock/DualShockGamepadHID.cs
 0.1 kb	 0.0% Packages/com.unity.inputsystem/InputSystem/Editor/UITKAssetEditor/Views/NameAndParametersListView.cs
 0.1 kb	 0.0% Packages/com.unity.inputsystem/InputSystem/Editor/UITKAssetEditor/Views/InputActionMapsTreeViewItem.cs
 0.1 kb	 0.0% Packages/com.unity.inputsystem/InputSystem/Editor/UITKAssetEditor/InputActionsEditorConstants.cs
 0.1 kb	 0.0% Packages/com.unity.inputsystem/InputSystem/Editor/Settings/InputSettingsBuildProvider.cs
 0.1 kb	 0.0% Packages/com.unity.inputsystem/InputSystem/Editor/Settings/EditorPlayerSettingHelpers.cs
 0.1 kb	 0.0% Packages/com.unity.inputsystem/InputSystem/Editor/PropertyDrawers/InputActionPropertyDrawer.cs
 0.1 kb	 0.0% Packages/com.unity.inputsystem/InputSystem/Editor/PropertyDrawers/GamepadButtonPropertyDrawer.cs
 0.1 kb	 0.0% Packages/com.unity.inputsystem/InputSystem/Editor/Internal/SerializedPropertyHelpers.cs
 0.1 kb	 0.0% Packages/com.unity.inputsystem/InputSystem/Editor/Internal/AdvancedDropdown/AdvancedDropdownDataSource.cs
 0.1 kb	 0.0% Packages/com.unity.inputsystem/InputSystem/Editor/InputSystemPackageControl.cs
 0.1 kb	 0.0% Packages/com.unity.inputsystem/InputSystem/Editor/Debugger/SampleFrequencyCalculator.cs
 0.1 kb	 0.0% Packages/com.unity.inputsystem/InputSystem/Editor/Debugger/InputDeviceDebuggerWindow.cs
 0.1 kb	 0.0% Packages/com.unity.inputsystem/InputSystem/Editor/Debugger/InputActionDebuggerWindow.cs
 0.1 kb	 0.0% Packages/com.unity.inputsystem/InputSystem/Editor/ControlPicker/InputControlPickerDropdown.cs
 0.1 kb	 0.0% Packages/com.unity.inputsystem/InputSystem/Editor/ControlPicker/IInputControlPickerLayout.cs
 0.1 kb	 0.0% Packages/com.unity.inputsystem/InputSystem/Editor/AssetImporter/InputActionImporterEditor.cs
 0.1 kb	 0.0% Packages/com.unity.inputsystem/InputSystem/Editor/AssetImporter/InputActionAssetIconLoader.cs
 0.1 kb	 0.0% Packages/com.unity.inputsystem/InputSystem/Editor/AssetEditor/InputBindingPropertiesView.cs
 0.1 kb	 0.0% Packages/com.unity.inputsystem/InputSystem/Editor/AssetEditor/InputActionPropertiesView.cs
 0.1 kb	 0.0% Packages/com.unity.inputsystem/InputSystem/Editor/Analytics/PlayerInputEditorAnalytic.cs
 0.1 kb	 0.0% Packages/com.unity.inputsystem/InputSystem/Editor/Analytics/OnScreenStickEditorAnalytic.cs
 0.1 kb	 0.0% Packages/com.unity.inputsystem/InputSystem/Editor/Analytics/InputExitPlayModeAnalytic.cs
 0.1 kb	 0.0% Packages/com.unity.inputsystem/InputSystem/Editor/Analytics/InputComponentEditorAnalytic.cs
 0.1 kb	 0.0% Packages/com.unity.inputsystem/InputSystem/Devices/IInputUpdateCallbackReceiver.cs
 0.1 kb	 0.0% Packages/com.unity.inputsystem/InputSystem/Devices/Commands/SetSamplingFrequencyCommand.cs
 0.1 kb	 0.0% Packages/com.unity.inputsystem/InputSystem/Devices/Commands/SetIMECursorPositionCommand.cs
 0.1 kb	 0.0% Packages/com.unity.inputsystem/InputSystem/Devices/Commands/QueryKeyboardLayoutCommand.cs
 0.1 kb	 0.0% Packages/com.unity.inputsystem/InputSystem/Devices/Commands/EnableIMECompositionCommand.cs
 0.1 kb	 0.0% Packages/com.unity.inputsystem/InputSystem/Controls/InputControlLayoutAttribute.cs
 0.1 kb	 0.0% Packages/com.unity.inputsystem/InputSystem/Actions/InputActionRebindingExtensions.cs
 0.1 kb	 0.0% Packages/com.unity.collections/Unity.Collections/UnsafeNotBurstCompatible.cs
 0.1 kb	 0.0% Assets/NoSafeCircle/DoorPrototype/Scripts/World/Rooms/RuinedEntryLayout.cs
 0.1 kb	 0.0% Assets/NoSafeCircle/DoorPrototype/Scripts/World/Rooms/ChapelOfAshLayout.cs
 0.1 kb	 0.0% Assets/NoSafeCircle/DoorPrototype/Scripts/World/Rooms/BoneArchiveLayout.cs
 0.1 kb	 0.0% Packages/com.unity.visualscripting/Runtime/VisualScripting.Flow/Framework/Events/Input/InputSystem/OnInputSystemEvent.cs
 0.1 kb	 0.0% Packages/com.unity.visualscripting/Runtime/VisualScripting.Core/Dependencies/FullSerializer/fsPropertyAttribute.cs
 0.1 kb	 0.0% Packages/com.unity.visualscripting/Runtime/VisualScripting.Core/Dependencies/FullSerializer/fsObjectProcessor.cs
 0.1 kb	 0.0% Packages/com.unity.visualscripting/Runtime/VisualScripting.Core/Dependencies/FullSerializer/fsObjectAttribute.cs
 0.1 kb	 0.0% Packages/com.unity.visualscripting/Runtime/VisualScripting.Core/Dependencies/FullSerializer/fsIgnoreAttribute.cs
 0.1 kb	 0.0% Packages/com.unity.visualscripting/Runtime/VisualScripting.Core/Dependencies/FullSerializer/fsDirectConverter.cs
 0.1 kb	 0.0% Packages/com.unity.visualscripting/Runtime/VisualScripting.Core/Dependencies/FullSerializer/fsConverterRegistrar.cs
 0.1 kb	 0.0% Packages/com.unity.visualscripting/Runtime/VisualScripting.Core/Dependencies/FullSerializer/Reflection/fsReflectionUtility.cs
 0.1 kb	 0.0% Packages/com.unity.visualscripting/Runtime/VisualScripting.Core/Dependencies/FullSerializer/Converters/fsReflectedConverter.cs
 0.1 kb	 0.0% Packages/com.unity.visualscripting/Runtime/VisualScripting.Core/Dependencies/FullSerializer/Converters/fsPrimitiveConverter.cs
 0.1 kb	 0.0% Packages/com.unity.visualscripting/Runtime/VisualScripting.Core/Dependencies/FullSerializer/Converters/fsNullableConverter.cs
 0.1 kb	 0.0% Packages/com.unity.visualscripting/Runtime/VisualScripting.Core/Dependencies/FullSerializer/Converters/fsForwardConverter.cs
 0.1 kb	 0.0% Packages/com.unity.visualscripting/Runtime/VisualScripting.Core/Dependencies/FullSerializer/Converters/Unity/Rect_DirectConverter.cs
 0.1 kb	 0.0% Packages/com.unity.multiplayer.center/Common/IOnboardingSection.cs
 0.1 kb	 0.0% Packages/com.unity.inputsystem/InputSystem/Utilities/Observables/ForDeviceEventObservable.cs
 0.1 kb	 0.0% Packages/com.unity.inputsystem/InputSystem/Plugins/XR/Haptics/SendHapticImpulseCommand.cs
 0.1 kb	 0.0% Packages/com.unity.inputsystem/InputSystem/Plugins/Android/AndroidSensors.cs
 0.1 kb	 0.0% Packages/com.unity.inputsystem/InputSystem/Editor/AssetEditor/NameAndParameterListView.cs
 0.1 kb	 0.0% Packages/com.unity.inputsystem/InputSystem/Controls/Processors/StickDeadzoneProcessor.cs
 0.1 kb	 0.0% Packages/com.unity.inputsystem/InputSystem/Controls/Processors/ScaleVector3Processor.cs
 0.1 kb	 0.0% Packages/com.unity.inputsystem/InputSystem/Controls/Processors/ScaleVector2Processor.cs
 0.1 kb	 0.0% Packages/com.unity.inputsystem/InputSystem/Controls/Processors/InvertVector3Processor.cs
 0.1 kb	 0.0% Packages/com.unity.inputsystem/InputSystem/Controls/Processors/InvertVector2Processor.cs
 0.1 kb	 0.0% Packages/com.unity.inputsystem/InputSystem/Controls/Processors/AxisDeadzoneProcessor.cs
 0.1 kb	 0.0% Packages/com.unity.inputsystem/InputSystem/Actions/Composites/TwoModifiersComposite.cs
 0.1 kb	 0.0% Packages/com.unity.inputsystem/InputSystem/Actions/Composites/ButtonWithTwoModifiers.cs
 0.1 kb	 0.0% Packages/com.unity.inputsystem/InputSystem/Actions/Composites/ButtonWithOneModifier.cs
 0.1 kb	 0.0% Packages/com.unity.collections/Unity.Collections/UnsafeScratchAllocator.cs
 0.1 kb	 0.0% Packages/com.unity.collections/Unity.Collections/NativeParallelHashMapExtensions.cs
 0.1 kb	 0.0% Assets/NoSafeCircle/DoorPrototype/Scripts/World/RoomAuthoringContract.cs
 0.1 kb	 0.0% Assets/NoSafeCircle/DoorPrototype/Scripts/TitleScreenController.cs
 0.1 kb	 0.0% Assets/NoSafeCircle/DoorPrototype/Scripts/IsometricCameraFollow.cs
 0.1 kb	 0.0% Assets/NoSafeCircle/DoorPrototype/Scripts/Enemies/RangedEnemyAttack.cs
 0.1 kb	 0.0% Assets/NoSafeCircle/DoorPrototype/Scripts/Enemies/EnemyTargetKnowledge.cs
 0.1 kb	 0.0% Assets/NoSafeCircle/DoorPrototype/Scripts/Enemies/EnemyPursuitMovement.cs
 0.1 kb	 0.0% Assets/NoSafeCircle/DoorPrototype/Scripts/DoorInteractionFeedback.cs
 0.1 kb	 0.0% Assets/NoSafeCircle/DoorPrototype/Scripts/DebugManaSpendControl.cs
 0.1 kb	 0.0% Packages/com.unity.visualscripting/Runtime/VisualScripting.State/TriggerStateTransition.cs
 0.1 kb	 0.0% Packages/com.unity.visualscripting/Runtime/VisualScripting.State/INesterStateTransition.cs
 0.1 kb	 0.0% Packages/com.unity.visualscripting/Runtime/VisualScripting.Flow/UnitCategoryConverter.cs
 0.1 kb	 0.0% Packages/com.unity.visualscripting/Runtime/VisualScripting.Flow/Ports/ValueOutputDefinition.cs
 0.1 kb	 0.0% Packages/com.unity.visualscripting/Runtime/VisualScripting.Flow/Ports/IUnitValuePortDefinition.cs
 0.1 kb	 0.0% Packages/com.unity.visualscripting/Runtime/VisualScripting.Flow/Ports/IUnitInputPortDefinition.cs
 0.1 kb	 0.0% Packages/com.unity.visualscripting/Runtime/VisualScripting.Flow/Ports/ControlPortDefinition.cs
 0.1 kb	 0.0% Packages/com.unity.visualscripting/Runtime/VisualScripting.Flow/Ports/ControlOutputDefinition.cs
 0.1 kb	 0.0% Packages/com.unity.visualscripting/Runtime/VisualScripting.Flow/Ports/ControlInputDefinition.cs
 0.1 kb	 0.0% Packages/com.unity.visualscripting/Runtime/VisualScripting.Flow/Framework/Variables/Obsolete/SetApplicationVariable.cs
 0.1 kb	 0.0% Packages/com.unity.visualscripting/Runtime/VisualScripting.Flow/Framework/Variables/Obsolete/IsVariableDefinedUnit.cs
 0.1 kb	 0.0% Packages/com.unity.visualscripting/Runtime/VisualScripting.Flow/Framework/Variables/Obsolete/IsSceneVariableDefined.cs
 0.1 kb	 0.0% Packages/com.unity.visualscripting/Runtime/VisualScripting.Flow/Framework/Variables/Obsolete/IsSavedVariableDefined.cs
 0.1 kb	 0.0% Packages/com.unity.visualscripting/Runtime/VisualScripting.Flow/Framework/Variables/Obsolete/IsObjectVariableDefined.cs
 0.1 kb	 0.0% Packages/com.unity.visualscripting/Runtime/VisualScripting.Flow/Framework/Variables/Obsolete/IsGraphVariableDefined.cs
 0.1 kb	 0.0% Packages/com.unity.visualscripting/Runtime/VisualScripting.Flow/Framework/Variables/Obsolete/IApplicationVariableUnit.cs
 0.1 kb	 0.0% Packages/com.unity.visualscripting/Runtime/VisualScripting.Flow/Framework/Variables/Obsolete/GetApplicationVariable.cs
 0.1 kb	 0.0% Packages/com.unity.visualscripting/Runtime/VisualScripting.Flow/Framework/Time/WaitForEndOfFrameUnit.cs
 0.1 kb	 0.0% Packages/com.unity.visualscripting/Runtime/VisualScripting.Flow/Framework/Logic/NotApproximatelyEqual.cs
 0.1 kb	 0.0% Packages/com.unity.visualscripting/Runtime/VisualScripting.Flow/Framework/Events/Physics/OnControllerColliderHit.cs
 0.1 kb	 0.0% Packages/com.unity.visualscripting/Runtime/VisualScripting.Flow/Framework/Events/Hierarchy/OnTransformParentChanged.cs
 0.1 kb	 0.0% Packages/com.unity.visualscripting/Runtime/VisualScripting.Flow/Framework/Events/GUI/OnScrollbarValueChanged.cs
 0.1 kb	 0.0% Packages/com.unity.visualscripting/Runtime/VisualScripting.Flow/Framework/Events/GUI/OnScrollRectValueChanged.cs
 0.1 kb	 0.0% Packages/com.unity.visualscripting/Runtime/VisualScripting.Flow/Framework/Events/GUI/OnInputFieldValueChanged.cs
 0.1 kb	 0.0% Packages/com.unity.visualscripting/Runtime/VisualScripting.Flow/Framework/Events/GUI/OnDropdownValueChanged.cs
 0.1 kb	 0.0% Packages/com.unity.visualscripting/Runtime/VisualScripting.Flow/Framework/Events/Application/OnApplicationLostFocus.cs
 0.1 kb	 0.0% Packages/com.unity.visualscripting/Runtime/VisualScripting.Flow/Framework/Events/Animation/BoltNamedAnimationEvent.cs
 0.1 kb	 0.0% Packages/com.unity.visualscripting/Runtime/VisualScripting.Flow/Framework/Collections/Dictionaries/DictionaryContainsKey.cs
 0.1 kb	 0.0% Packages/com.unity.visualscripting/Runtime/VisualScripting.Flow/EditorBinding/UnitSurtitleAttribute.cs
 0.1 kb	 0.0% Packages/com.unity.visualscripting/Runtime/VisualScripting.Flow/EditorBinding/UnitSubtitleAttribute.cs
 0.1 kb	 0.0% Packages/com.unity.visualscripting/Runtime/VisualScripting.Flow/EditorBinding/UnitShortTitleAttribute.cs
 0.1 kb	 0.0% Packages/com.unity.visualscripting/Runtime/VisualScripting.Flow/EditorBinding/UnitFooterPortsAttribute.cs
 0.1 kb	 0.0% Packages/com.unity.visualscripting/Runtime/VisualScripting.Flow/EditorBinding/PortLabelHiddenAttribute.cs
 0.1 kb	 0.0% Packages/com.unity.visualscripting/Runtime/VisualScripting.Flow/Dependencies/NCalc/ValueExpression.cs
 0.1 kb	 0.0% Packages/com.unity.visualscripting/Runtime/VisualScripting.Flow/Dependencies/NCalc/UnaryExpression.cs
 0.1 kb	 0.0% Packages/com.unity.visualscripting/Runtime/VisualScripting.Flow/Dependencies/NCalc/ParameterArgs.cs
 0.1 kb	 0.0% Packages/com.unity.visualscripting/Runtime/VisualScripting.Flow/Dependencies/NCalc/BinaryExpression.cs
 0.1 kb	 0.0% Packages/com.unity.visualscripting/Runtime/VisualScripting.Flow/Connections/UnitConnectionDebugData.cs
 0.1 kb	 0.0% Packages/com.unity.visualscripting/Runtime/VisualScripting.Flow/Connections/IUnitConnectionDebugData.cs
 0.1 kb	 0.0% Packages/com.unity.visualscripting/Runtime/VisualScripting.Core/Variables/VariableKindAttribute.cs
 0.1 kb	 0.0% Packages/com.unity.visualscripting/Runtime/VisualScripting.Core/Variables/IGraphDataWithVariables.cs
 0.1 kb	 0.0% Packages/com.unity.visualscripting/Runtime/VisualScripting.Core/Utilities/RuntimeVSUsageUtility.cs
 0.1 kb	 0.0% Packages/com.unity.visualscripting/Runtime/VisualScripting.Core/Utilities/IAnalyticsIdentifiable.cs
 0.1 kb	 0.0% Packages/com.unity.visualscripting/Runtime/VisualScripting.Core/Utilities/ComponentHolderProtocol.cs
 0.1 kb	 0.0% Packages/com.unity.visualscripting/Runtime/VisualScripting.Core/Unity/MacroScriptableObject.cs
 0.1 kb	 0.0% Packages/com.unity.visualscripting/Runtime/VisualScripting.Core/Unity/LudiqScriptableObject.cs
 0.1 kb	 0.0% Packages/com.unity.visualscripting/Runtime/VisualScripting.Core/Serialization/SerializationOperation.cs
 0.1 kb	 0.0% Packages/com.unity.visualscripting/Runtime/VisualScripting.Core/Serialization/ISerializationDepender.cs
 0.1 kb	 0.0% Packages/com.unity.visualscripting/Runtime/VisualScripting.Core/Serialization/ISerializationDependency.cs
 0.1 kb	 0.0% Packages/com.unity.visualscripting/Runtime/VisualScripting.Core/Serialization/DoNotSerializeAttribute.cs
 0.1 kb	 0.0% Packages/com.unity.visualscripting/Runtime/VisualScripting.Core/Reflection/RenamedAssemblyAttribute.cs
 0.1 kb	 0.0% Packages/com.unity.visualscripting/Runtime/VisualScripting.Core/Reflection/Optimization/StaticActionInvokerBase.cs
 0.1 kb	 0.0% Packages/com.unity.visualscripting/Runtime/VisualScripting.Core/Reflection/Optimization/ReflectionFieldAccessor.cs
 0.1 kb	 0.0% Packages/com.unity.visualscripting/Runtime/VisualScripting.Core/Reflection/Operators/NumericNegationHandler.cs
 0.1 kb	 0.0% Packages/com.unity.visualscripting/Runtime/VisualScripting.Core/Reflection/Operators/MultiplicationHandler.cs
 0.1 kb	 0.0% Packages/com.unity.visualscripting/Runtime/VisualScripting.Core/Reflection/Operators/LogicalNegationHandler.cs
 0.1 kb	 0.0% Packages/com.unity.visualscripting/Runtime/VisualScripting.Core/Reflection/Operators/LessThanOrEqualHandler.cs
 0.1 kb	 0.0% Packages/com.unity.visualscripting/Runtime/VisualScripting.Core/Reflection/Operators/InvalidOperatorException.cs
 0.1 kb	 0.0% Packages/com.unity.visualscripting/Runtime/VisualScripting.Core/Reflection/Operators/BinaryOperatorHandler.cs
 0.1 kb	 0.0% Packages/com.unity.visualscripting/Runtime/VisualScripting.Core/Reflection/GenericClosingException.cs
 0.1 kb	 0.0% Packages/com.unity.visualscripting/Runtime/VisualScripting.Core/Platforms/AotIncompatibleAttribute.cs
 0.1 kb	 0.0% Packages/com.unity.visualscripting/Runtime/VisualScripting.Core/Listeners/IGraphEventListenerData.cs
 0.1 kb	 0.0% Packages/com.unity.visualscripting/Runtime/VisualScripting.Core/Listeners/GlobalMessageListener.cs
 0.1 kb	 0.0% Packages/com.unity.visualscripting/Runtime/VisualScripting.Core/Listeners/AnimatorMessageListener.cs
 0.1 kb	 0.0% Packages/com.unity.visualscripting/Runtime/VisualScripting.Core/Graphs/IGraphElementWithData.cs
 0.1 kb	 0.0% Packages/com.unity.visualscripting/Runtime/VisualScripting.Core/Graphs/IGraphElementDebugData.cs
 0.1 kb	 0.0% Packages/com.unity.visualscripting/Runtime/VisualScripting.Core/Graphs/GraphsExceptionUtility.cs
 0.1 kb	 0.0% Packages/com.unity.visualscripting/Runtime/VisualScripting.Core/Graphs/GraphPointerException.cs
 0.1 kb	 0.0% Packages/com.unity.visualscripting/Runtime/VisualScripting.Core/EditorBinding/NullMeansSelfAttribute.cs
[websockify wrapper] Proxying from :35020 to localhost:34999 0.1 kb	 0.0% Packages/com.unity.visualscripting/Runtime/VisualScripting.Core/EditorBinding/Inspector/InspectorWideAttribute.cs
 0.1 kb	 0.0% Packages/com.unity.visualscripting/Runtime/VisualScripting.Core/EditorBinding/Inspector/InspectorRangeAttribute.cs

 0.1 kb	 0.0% Packages/com.unity.visualscripting/Runtime/VisualScripting.Core/EditorBinding/Inspector/InspectorLabelAttribute.cs
 0.1 kb	 0.0% Packages/com.unity.visualscripting/Runtime/VisualScripting.Core/EditorBinding/InspectableIfAttribute.cs
 0.1 kb	 0.0% Packages/com.unity.visualscripting/Runtime/VisualScripting.Core/EditorBinding/IInspectableAttribute.cs
 0.1 kb	 0.0% Packages/com.unity.visualscripting/Runtime/VisualScripting.Core/EditorBinding/ExpectedTypeAttribute.cs
 0.1 kb	 0.0% Packages/com.unity.visualscripting/Runtime/VisualScripting.Core/Collections/INotifiedCollectionItem.cs
 0.1 kb	 0.0% Packages/com.unity.visualscripting/Runtime/VisualScripting.Core/Cloning/Cloners/FakeSerializationCloner.cs
 0.1 kb	 0.0% Packages/com.unity.ugui/Runtime/TMP/TMP_SpriteAssetImportFormats.cs
 0.1 kb	 0.0% Packages/com.unity.timeline/Runtime/Animation/AnimationPreviewUpdateCallback.cs
 0.1 kb	 0.0% Packages/com.unity.timeline/Runtime/Animation/AnimationOutputWeightProcessor.cs
 0.1 kb	 0.0% Packages/com.unity.multiplayer.center/Common/StyleConstants.cs
 0.1 kb	 0.0% Packages/com.unity.inputsystem/InputSystem/State/IInputStateChangeMonitor.cs
 0.1 kb	 0.0% Packages/com.unity.inputsystem/InputSystem/Plugins/iOS/IOSGameController.cs
 0.1 kb	 0.0% Packages/com.unity.inputsystem/InputSystem/Plugins/XInput/XInputControllerWindows.cs
 0.1 kb	 0.0% Packages/com.unity.inputsystem/InputSystem/Plugins/Users/InputUserAccountHandle.cs
 0.1 kb	 0.0% Packages/com.unity.inputsystem/InputSystem/Plugins/Switch/SwitchProControllerHID.cs
 0.1 kb	 0.0% Packages/com.unity.inputsystem/InputSystem/Plugins/PlayerInput/PlayerInputManagerEditor.cs
 0.1 kb	 0.0% Packages/com.unity.inputsystem/InputSystem/Plugins/OSX/OSXGameController.cs
 0.1 kb	 0.0% Packages/com.unity.inputsystem/InputSystem/Plugins/EnhancedTouch/EnhancedTouchSupport.cs
 0.1 kb	 0.0% Packages/com.unity.inputsystem/InputSystem/Events/DeviceConfigurationEvent.cs
 0.1 kb	 0.0% Packages/com.unity.inputsystem/InputSystem/Editor/UITKAssetEditor/Views/VisualElementExtensions.cs
 0.1 kb	 0.0% Packages/com.unity.inputsystem/InputSystem/Editor/UITKAssetEditor/Views/InputActionsTreeViewItem.cs
 0.1 kb	 0.0% Packages/com.unity.inputsystem/InputSystem/Editor/UITKAssetEditor/Views/InputActionsEditorView.cs
 0.1 kb	 0.0% Packages/com.unity.inputsystem/InputSystem/Editor/UITKAssetEditor/Views/BindingPropertiesView.cs
 0.1 kb	 0.0% Packages/com.unity.inputsystem/InputSystem/Editor/UITKAssetEditor/SerializedInputBinding.cs
 0.1 kb	 0.0% Packages/com.unity.inputsystem/InputSystem/Editor/UITKAssetEditor/SerializedInputActionMap.cs
 0.1 kb	 0.0% Packages/com.unity.inputsystem/InputSystem/Editor/UITKAssetEditor/SerializedInputAction.cs
 0.1 kb	 0.0% Packages/com.unity.inputsystem/InputSystem/Editor/UITKAssetEditor/InputActionsEditorWindow.cs
 0.1 kb	 0.0% Packages/com.unity.inputsystem/InputSystem/Editor/UITKAssetEditor/InputActionsEditorState.cs
 0.1 kb	 0.0% Packages/com.unity.inputsystem/InputSystem/Editor/UITKAssetEditor/Commands/ControlSchemeCommands.cs
 0.1 kb	 0.0% Packages/com.unity.inputsystem/InputSystem/Editor/Settings/InputSettingsProvider.cs
 0.1 kb	 0.0% Packages/com.unity.inputsystem/InputSystem/Editor/Settings/InputEditorUserSettings.cs
 0.1 kb	 0.0% Packages/com.unity.inputsystem/InputSystem/Editor/PropertyDrawers/InputControlPathDrawer.cs
 0.1 kb	 0.0% Packages/com.unity.inputsystem/InputSystem/Editor/PropertyDrawers/InputActionDrawerBase.cs
 0.1 kb	 0.0% Packages/com.unity.inputsystem/InputSystem/Editor/PropertyDrawers/InputActionAssetDrawer.cs
 0.1 kb	 0.0% Packages/com.unity.inputsystem/InputSystem/Editor/ProjectWideActions/ProjectWideActionsAsset.cs
 0.1 kb	 0.0% Packages/com.unity.inputsystem/InputSystem/Editor/Internal/AdvancedDropdown/AdvancedDropdownWindow.cs
 0.1 kb	 0.0% Packages/com.unity.inputsystem/InputSystem/Editor/Internal/AdvancedDropdown/AdvancedDropdownState.cs
 0.1 kb	 0.0% Packages/com.unity.inputsystem/InputSystem/Editor/InputSystemPluginControl.cs
 0.1 kb	 0.0% Packages/com.unity.inputsystem/InputSystem/Editor/InputLayoutCodeGenerator.cs
 0.1 kb	 0.0% Packages/com.unity.inputsystem/InputSystem/Editor/InputAssetEditorUtils.cs
 0.1 kb	 0.0% Packages/com.unity.inputsystem/InputSystem/Editor/Debugger/InputLatencyCalculator.cs
 0.1 kb	 0.0% Packages/com.unity.inputsystem/InputSystem/Editor/ControlPicker/InputControlPickerState.cs
 0.1 kb	 0.0% Packages/com.unity.inputsystem/InputSystem/Editor/ControlPicker/InputControlPathEditor.cs
 0.1 kb	 0.0% Packages/com.unity.inputsystem/InputSystem/Editor/ControlPicker/InputControlDropdownItem.cs
 0.1 kb	 0.0% Packages/com.unity.inputsystem/InputSystem/Editor/AssetImporter/InputActionCodeGenerator.cs
 0.1 kb	 0.0% Packages/com.unity.inputsystem/InputSystem/Editor/AssetImporter/InputActionAssetEditor.cs
 0.1 kb	 0.0% Packages/com.unity.inputsystem/InputSystem/Editor/AssetImporter/IInputActionAssetEditor.cs
 0.1 kb	 0.0% Packages/com.unity.inputsystem/InputSystem/Editor/AssetEditor/InputActionEditorWindow.cs
 0.1 kb	 0.0% Packages/com.unity.inputsystem/InputSystem/Editor/AssetEditor/InputActionEditorToolbar.cs
 0.1 kb	 0.0% Packages/com.unity.inputsystem/InputSystem/Editor/AssetEditor/InputActionAssetManager.cs
 0.1 kb	 0.0% Packages/com.unity.inputsystem/InputSystem/Devices/Remote/RemoteInputPlayerConnection.cs
 0.1 kb	 0.0% Packages/com.unity.inputsystem/InputSystem/Devices/InputDeviceDescription.cs
 0.1 kb	 0.0% Packages/com.unity.inputsystem/InputSystem/Devices/Haptics/DualMotorRumbleCommand.cs
 0.1 kb	 0.0% Packages/com.unity.inputsystem/InputSystem/Devices/Commands/WarpMousePositionCommand.cs
 0.1 kb	 0.0% Packages/com.unity.inputsystem/InputSystem/Devices/Commands/QueryEnabledStateCommand.cs
 0.1 kb	 0.0% Packages/com.unity.inputsystem/InputSystem/Devices/Commands/QueryDimensionsCommand.cs
 0.1 kb	 0.0% Packages/com.unity.inputsystem/InputSystem/Devices/Commands/QueryCanRunInBackground.cs
 0.1 kb	 0.0% Packages/com.unity.inputsystem/InputSystem/Devices/Commands/IInputDeviceCommandInfo.cs
 0.1 kb	 0.0% Packages/com.unity.inputsystem/InputSystem/Controls/InputControlAttribute.cs
 0.1 kb	 0.0% Packages/com.unity.inputsystem/InputSystem/Controls/DiscreteButtonControl.cs
 0.1 kb	 0.0% Packages/com.unity.inputsystem/InputSystem/Actions/InputBindingCompositeContext.cs
 0.1 kb	 0.0% Packages/com.unity.inputsystem/InputSystem/Actions/InputActionSetupExtensions.cs
 0.1 kb	 0.0% Packages/com.unity.inputsystem/InputSystem/Actions/InputActionParameters.cs
 0.1 kb	 0.0% Packages/com.unity.collections/Unity.Collections/UnsafeAtomicCounter.cs
 0.1 kb	 0.0% Assets/NoSafeCircle/DoorPrototype/Scripts/World/Rooms/LowerVaultLayout.cs
 0.1 kb	 0.0% Assets/NoSafeCircle/DoorPrototype/Scripts/World/Rooms/FinalRoomLayout.cs
 0.1 kb	 0.0% Assets/NoSafeCircle/DoorPrototype/Scripts/World/DoorEnemyPassability.cs
 0.1 kb	 0.0% Assets/NoSafeCircle/DoorPrototype/Scripts/Presentation/HierarchyFader.cs
 0.1 kb	 0.0% Packages/com.unity.visualscripting/Runtime/VisualScripting.Core/Reflection/Optimization/StaticActionInvoker_5.cs
 0.1 kb	 0.0% Packages/com.unity.visualscripting/Runtime/VisualScripting.Core/Reflection/Optimization/StaticActionInvoker_4.cs
 0.1 kb	 0.0% Packages/com.unity.visualscripting/Runtime/VisualScripting.Core/Reflection/Optimization/StaticActionInvoker_3.cs
 0.1 kb	 0.0% Packages/com.unity.visualscripting/Runtime/VisualScripting.Core/Reflection/Optimization/StaticActionInvoker_2.cs
 0.1 kb	 0.0% Packages/com.unity.visualscripting/Runtime/VisualScripting.Core/Reflection/Optimization/StaticActionInvoker_1.cs
 0.1 kb	 0.0% Packages/com.unity.visualscripting/Runtime/VisualScripting.Core/Reflection/Optimization/StaticActionInvoker_0.cs
 0.1 kb	 0.0% Packages/com.unity.visualscripting/Runtime/VisualScripting.Core/Ensure/EnsureThat.NullableValueTypes.cs
 0.1 kb	 0.0% Packages/com.unity.visualscripting/Runtime/VisualScripting.Core/Dependencies/FullSerializer/fsJsonPrinter.cs
 0.1 kb	 0.0% Packages/com.unity.visualscripting/Runtime/VisualScripting.Core/Dependencies/FullSerializer/fsBaseConverter.cs
 0.1 kb	 0.0% Packages/com.unity.visualscripting/Runtime/VisualScripting.Core/Dependencies/FullSerializer/Reflection/fsMetaProperty.cs
 0.1 kb	 0.0% Packages/com.unity.visualscripting/Runtime/VisualScripting.Core/Dependencies/FullSerializer/Converters/fsTypeConverter.cs
 0.1 kb	 0.0% Packages/com.unity.visualscripting/Runtime/VisualScripting.Core/Dependencies/FullSerializer/Converters/fsGuidConverter.cs
 0.1 kb	 0.0% Packages/com.unity.visualscripting/Runtime/VisualScripting.Core/Dependencies/FullSerializer/Converters/fsEnumConverter.cs
 0.1 kb	 0.0% Packages/com.unity.visualscripting/Runtime/VisualScripting.Core/Dependencies/FullSerializer/Converters/fsDateConverter.cs
 0.1 kb	 0.0% Packages/com.unity.visualscripting/Runtime/VisualScripting.Core/Dependencies/FullSerializer/Converters/fsArrayConverter.cs
 0.1 kb	 0.0% Packages/com.unity.ugui/Runtime/UGUI/UI/Core/Layout/HorizontalOrVerticalLayoutGroup.cs
 0.1 kb	 0.0% Packages/com.unity.inputsystem/InputSystem/Utilities/NameAndParameters.cs
 0.1 kb	 0.0% Packages/com.unity.inputsystem/InputSystem/Utilities/CSharpCodeHelpers.cs
 0.1 kb	 0.0% Packages/com.unity.inputsystem/InputSystem/Plugins/UI/TrackedDeviceRaycaster.cs
 0.1 kb	 0.0% Packages/com.unity.inputsystem/InputSystem/Plugins/UI/MultiplayerEventSystem.cs
 0.1 kb	 0.0% Packages/com.unity.inputsystem/InputSystem/Plugins/UI/InputSystemUIInputModule.cs
 0.1 kb	 0.0% Packages/com.unity.inputsystem/InputSystem/Plugins/UI/ExtendedPointerEventData.cs
 0.1 kb	 0.0% Packages/com.unity.inputsystem/InputSystem/Plugins/UI/ExtendedAxisEventData.cs
 0.1 kb	 0.0% Packages/com.unity.inputsystem/InputSystem/Plugins/HID/HIDDescriptorWindow.cs
 0.1 kb	 0.0% Packages/com.unity.inputsystem/InputSystem/Plugins/DualShock/IDualShockHaptics.cs
 0.1 kb	 0.0% Packages/com.unity.inputsystem/InputSystem/Editor/AssetEditor/ParameterListView.cs
 0.1 kb	 0.0% Packages/com.unity.inputsystem/InputSystem/Editor/AssetEditor/InputActionTreeViewItems.cs
 0.1 kb	 0.0% Packages/com.unity.inputsystem/InputSystem/Controls/Processors/NormalizeProcessor.cs
 0.1 kb	 0.0% Packages/com.unity.inputsystem/InputSystem/Actions/Interactions/SlowTapInteraction.cs
 0.1 kb	 0.0% Packages/com.unity.inputsystem/InputSystem/Actions/Interactions/MultiTapInteraction.cs
 0.1 kb	 0.0% Packages/com.unity.inputsystem/InputSystem/Actions/Composites/OneModifierComposite.cs
 0.1 kb	 0.0% Packages/com.unity.collections/Unity.Collections/UnsafeUtilityEx.cs
 0.1 kb	 0.0% Packages/com.unity.collections/Unity.Collections/UnsafeAppendBuffer.cs
 0.1 kb	 0.0% Packages/com.unity.collections/Unity.Collections/NativeParallelHashSetExtensions.gen.cs
 0.1 kb	 0.0% Packages/com.unity.collections/Unity.Collections/Jobs/RegisterGenericJobTypeAttribute.cs
 0.1 kb	 0.0% Packages/com.unity.collections/Unity.Collections/DoubleRewindableAllocators.cs
 0.1 kb	 0.0% Packages/com.unity.collections/Unity.Collections/DataStreamExtensions.cs
 0.1 kb	 0.0% Assets/Plugins/Demigiant/DOTween/Modules/DOTweenModuleUnityVersion.cs
 0.1 kb	 0.0% Assets/NoSafeCircle/DoorPrototype/Scripts/WizardSelection.cs
 0.1 kb	 0.0% Assets/NoSafeCircle/DoorPrototype/Scripts/DoorInteractionUI.cs
 0.1 kb	 0.0% Assets/NoSafeCircle/DoorPrototype/Scripts/DoorBreachFeedback.cs
 0.1 kb	 0.0% Assets/NoSafeCircle/DoorPrototype/Scripts/DebugDamageControl.cs
 0.1 kb	 0.0% Assets/NoSafeCircle/DoorPrototype/Scripts/ActiveEnemyRegistry.cs
 0.1 kb	 0.0% Packages/com.unity.visualscripting/Runtime/VisualScripting.State/FlowStateTransition.cs
 0.1 kb	 0.0% Packages/com.unity.visualscripting/Runtime/VisualScripting.Flow/Ports/ValuePortDefinition.cs
 0.1 kb	 0.0% Packages/com.unity.visualscripting/Runtime/VisualScripting.Flow/Ports/ValueInputDefinition.cs
 0.1 kb	 0.0% Packages/com.unity.visualscripting/Runtime/VisualScripting.Flow/Ports/UnitPortDefinition.cs
 0.1 kb	 0.0% Packages/com.unity.visualscripting/Runtime/VisualScripting.Flow/Ports/IUnitPortDefinition.cs
 0.1 kb	 0.0% Packages/com.unity.visualscripting/Runtime/VisualScripting.Flow/Framework/Variables/UnifiedVariableUnit.cs
 0.1 kb	 0.0% Packages/com.unity.visualscripting/Runtime/VisualScripting.Flow/Framework/Variables/Obsolete/SetObjectVariable.cs
 0.1 kb	 0.0% Packages/com.unity.visualscripting/Runtime/VisualScripting.Flow/Framework/Variables/Obsolete/ISceneVariableUnit.cs
 0.1 kb	 0.0% Packages/com.unity.visualscripting/Runtime/VisualScripting.Flow/Framework/Variables/Obsolete/ISavedVariableUnit.cs
 0.1 kb	 0.0% Packages/com.unity.visualscripting/Runtime/VisualScripting.Flow/Framework/Variables/Obsolete/IObjectVariableUnit.cs
 0.1 kb	 0.0% Packages/com.unity.visualscripting/Runtime/VisualScripting.Flow/Framework/Variables/Obsolete/IGraphVariableUnit.cs
 0.1 kb	 0.0% Packages/com.unity.visualscripting/Runtime/VisualScripting.Flow/Framework/Variables/Obsolete/GetObjectVariable.cs
 0.1 kb	 0.0% Packages/com.unity.visualscripting/Runtime/VisualScripting.Flow/Framework/Variables/IsVariableDefined.cs
 0.1 kb	 0.0% Packages/com.unity.visualscripting/Runtime/VisualScripting.Flow/Framework/Variables/IUnifiedVariableUnit.cs
 0.1 kb	 0.0% Packages/com.unity.visualscripting/Runtime/VisualScripting.Flow/Framework/Time/WaitForSecondsUnit.cs
 0.1 kb	 0.0% Packages/com.unity.visualscripting/Runtime/VisualScripting.Flow/Framework/Time/WaitForNextFrameUnit.cs
 0.1 kb	 0.0% Packages/com.unity.visualscripting/Runtime/VisualScripting.Flow/Framework/Math/Vector4/Vector4MoveTowards.cs
 0.1 kb	 0.0% Packages/com.unity.visualscripting/Runtime/VisualScripting.Flow/Framework/Math/Vector4/Vector4DotProduct.cs
 0.1 kb	 0.0% Packages/com.unity.visualscripting/Runtime/VisualScripting.Flow/Framework/Math/Vector4/DeprecatedVector4Add.cs
 0.1 kb	 0.0% Packages/com.unity.visualscripting/Runtime/VisualScripting.Flow/Framework/Math/Vector3/Vector3MoveTowards.cs
 0.1 kb	 0.0% Packages/com.unity.visualscripting/Runtime/VisualScripting.Flow/Framework/Math/Vector3/Vector3DotProduct.cs
 0.1 kb	 0.0% Packages/com.unity.visualscripting/Runtime/VisualScripting.Flow/Framework/Math/Vector3/Vector3CrossProduct.cs
 0.1 kb	 0.0% Packages/com.unity.visualscripting/Runtime/VisualScripting.Flow/Framework/Math/Vector3/DeprecatedVector3Add.cs
 0.1 kb	 0.0% Packages/com.unity.visualscripting/Runtime/VisualScripting.Flow/Framework/Math/Vector2/Vector2MoveTowards.cs
 0.1 kb	 0.0% Packages/com.unity.visualscripting/Runtime/VisualScripting.Flow/Framework/Math/Vector2/Vector2DotProduct.cs
 0.1 kb	 0.0% Packages/com.unity.visualscripting/Runtime/VisualScripting.Flow/Framework/Math/Vector2/DeprecatedVector2Add.cs
 0.1 kb	 0.0% Packages/com.unity.visualscripting/Runtime/VisualScripting.Flow/Framework/Math/Scalar/ScalarMoveTowards.cs
 0.1 kb	 0.0% Packages/com.unity.visualscripting/Runtime/VisualScripting.Flow/Framework/Math/Scalar/ScalarExponentiate.cs
 0.1 kb	 0.0% Packages/com.unity.visualscripting/Runtime/VisualScripting.Flow/Framework/Math/Scalar/DeprecatedScalarAdd.cs
 0.1 kb	 0.0% Packages/com.unity.visualscripting/Runtime/VisualScripting.Flow/Framework/Math/Generic/DeprecatedGenericAdd.cs
 0.1 kb	 0.0% Packages/com.unity.visualscripting/Runtime/VisualScripting.Flow/Framework/Logic/NumericComparison.cs
 0.1 kb	 0.0% Packages/com.unity.visualscripting/Runtime/VisualScripting.Flow/Framework/Logic/EqualityComparison.cs
 0.1 kb	 0.0% Packages/com.unity.visualscripting/Runtime/VisualScripting.Flow/Framework/Logic/BinaryComparisonUnit.cs
 0.1 kb	 0.0% Packages/com.unity.visualscripting/Runtime/VisualScripting.Flow/Framework/Logic/ApproximatelyEqual.cs
 0.1 kb	 0.0% Packages/com.unity.visualscripting/Runtime/VisualScripting.Flow/Framework/Events/TriggerCustomEvent.cs
 0.1 kb	 0.0% Packages/com.unity.visualscripting/Runtime/VisualScripting.Flow/Framework/Events/Rendering/OnBecameInvisible.cs
 0.1 kb	 0.0% Packages/com.unity.visualscripting/Runtime/VisualScripting.Flow/Framework/Events/Physics2D/TriggerEvent2DUnit.cs
 0.1 kb	 0.0% Packages/com.unity.visualscripting/Runtime/VisualScripting.Flow/Framework/Events/Physics2D/OnCollisionStay2D.cs
 0.1 kb	 0.0% Packages/com.unity.visualscripting/Runtime/VisualScripting.Flow/Framework/Events/Physics2D/OnCollisionExit2D.cs
 0.1 kb	 0.0% Packages/com.unity.visualscripting/Runtime/VisualScripting.Flow/Framework/Events/Physics2D/OnCollisionEnter2D.cs
 0.1 kb	 0.0% Packages/com.unity.visualscripting/Runtime/VisualScripting.Flow/Framework/Events/Physics2D/CollisionEvent2DUnit.cs
 0.1 kb	 0.0% Packages/com.unity.visualscripting/Runtime/VisualScripting.Flow/Framework/Events/Physics/OnParticleCollision.cs
 0.1 kb	 0.0% Packages/com.unity.visualscripting/Runtime/VisualScripting.Flow/Framework/Events/Physics/CollisionEventUnit.cs
 0.1 kb	 0.0% Packages/com.unity.visualscripting/Runtime/VisualScripting.Flow/Framework/Events/Navigation/OnDestinationReached.cs
 0.1 kb	 0.0% Packages/com.unity.visualscripting/Runtime/VisualScripting.Flow/Framework/Events/Input/OnMouseUpAsButton.cs
 0.1 kb	 0.0% Packages/com.unity.visualscripting/Runtime/VisualScripting.Flow/Framework/Events/GUI/OnToggleValueChanged.cs
 0.1 kb	 0.0% Packages/com.unity.visualscripting/Runtime/VisualScripting.Flow/Framework/Events/GUI/OnSliderValueChanged.cs
 0.1 kb	 0.0% Packages/com.unity.visualscripting/Runtime/VisualScripting.Flow/Framework/Events/GUI/OnInputFieldEndEdit.cs
 0.1 kb	 0.0% Packages/com.unity.visualscripting/Runtime/VisualScripting.Flow/Framework/Events/GUI/GenericGuiEventUnit.cs
 0.1 kb	 0.0% Packages/com.unity.visualscripting/Runtime/VisualScripting.Flow/Framework/Events/Editor/OnDrawGizmosSelected.cs
 0.1 kb	 0.0% Packages/com.unity.visualscripting/Runtime/VisualScripting.Flow/Framework/Events/Application/OnApplicationResume.cs
 0.1 kb	 0.0% Packages/com.unity.visualscripting/Runtime/VisualScripting.Flow/Framework/Events/Application/OnApplicationQuit.cs
 0.1 kb	 0.0% Packages/com.unity.visualscripting/Runtime/VisualScripting.Flow/Framework/Events/Application/OnApplicationPause.cs
 0.1 kb	 0.0% Packages/com.unity.visualscripting/Runtime/VisualScripting.Flow/Framework/Events/Application/OnApplicationFocus.cs
 0.1 kb	 0.0% Packages/com.unity.visualscripting/Runtime/VisualScripting.Flow/Framework/Events/Animation/BoltAnimationEvent.cs
 0.1 kb	 0.0% Packages/com.unity.visualscripting/Runtime/VisualScripting.Flow/Framework/Collections/Dictionaries/SetDictionaryItem.cs
 0.1 kb	 0.0% Packages/com.unity.visualscripting/Runtime/VisualScripting.Flow/Framework/Collections/Dictionaries/RemoveDictionaryItem.cs
 0.1 kb	 0.0% Packages/com.unity.visualscripting/Runtime/VisualScripting.Flow/Framework/Collections/Dictionaries/MergeDictionaries.cs
 0.1 kb	 0.0% Packages/com.unity.visualscripting/Runtime/VisualScripting.Flow/Framework/Collections/Dictionaries/GetDictionaryItem.cs
 0.1 kb	 0.0% Packages/com.unity.visualscripting/Runtime/VisualScripting.Flow/Framework/Collections/Dictionaries/AddDictionaryItem.cs
 0.1 kb	 0.0% Packages/com.unity.visualscripting/Runtime/VisualScripting.Flow/EditorBinding/UnitTitleAttribute.cs
 0.1 kb	 0.0% Packages/com.unity.visualscripting/Runtime/VisualScripting.Flow/EditorBinding/UnitOrderAttribute.cs
 0.1 kb	 0.0% Packages/com.unity.visualscripting/Runtime/VisualScripting.Flow/EditorBinding/SpecialUnitAttribute.cs
 0.1 kb	 0.0% Packages/com.unity.visualscripting/Runtime/VisualScripting.Flow/EditorBinding/PortLabelAttribute.cs
 0.1 kb	 0.0% Packages/com.unity.visualscripting/Runtime/VisualScripting.Flow/Dependencies/NCalc/NCalcParser.cs
 0.1 kb	 0.0% Packages/com.unity.visualscripting/Runtime/VisualScripting.Flow/Dependencies/NCalc/NCalcLexer.cs
 0.1 kb	 0.0% Packages/com.unity.visualscripting/Runtime/VisualScripting.Flow/Dependencies/NCalc/FunctionArgs.cs
 0.1 kb	 0.0% Packages/com.unity.visualscripting/Runtime/VisualScripting.Flow/Dependencies/NCalc/Expression.cs
 0.1 kb	 0.0% Packages/com.unity.visualscripting/Runtime/VisualScripting.Flow/Connections/InvalidConnection.cs
 0.1 kb	 0.0% Packages/com.unity.visualscripting/Runtime/VisualScripting.Flow/Connections/ControlConnection.cs
 0.1 kb	 0.0% Packages/com.unity.visualscripting/Runtime/VisualScripting.Core/Variables/VariableDeclarations.cs
 0.1 kb	 0.0% Packages/com.unity.visualscripting/Runtime/VisualScripting.Core/Variables/VariableDeclaration.cs
 0.1 kb	 0.0% Packages/com.unity.visualscripting/Runtime/VisualScripting.Core/Variables/IGraphWithVariables.cs
 0.1 kb	 0.0% Packages/com.unity.visualscripting/Runtime/VisualScripting.Core/Variables/ApplicationVariables.cs
 0.1 kb	 0.0% Packages/com.unity.visualscripting/Runtime/VisualScripting.Core/Utilities/UnityObjectUtility.cs
 0.1 kb	 0.0% Packages/com.unity.visualscripting/Runtime/VisualScripting.Core/Utilities/ReferenceCollector.cs
 0.1 kb	 0.0% Packages/com.unity.visualscripting/Runtime/VisualScripting.Core/Utilities/CSharpNameUtility.cs
 0.1 kb	 0.0% Packages/com.unity.visualscripting/Runtime/VisualScripting.Core/Unity/SingletonAttribute.cs
 0.1 kb	 0.0% Packages/com.unity.visualscripting/Runtime/VisualScripting.Core/Unity/IUnityObjectOwnable.cs
 0.1 kb	 0.0% Packages/com.unity.visualscripting/Runtime/VisualScripting.Core/Serialization/SerializeAttribute.cs
 0.1 kb	 0.0% Packages/com.unity.visualscripting/Runtime/VisualScripting.Core/Serialization/SerializeAsAttribute.cs
 0.1 kb	 0.0% Packages/com.unity.visualscripting/Runtime/VisualScripting.Core/Serialization/SerializationData.cs
 0.1 kb	 0.0% Packages/com.unity.visualscripting/Runtime/VisualScripting.Core/Serialization/Converters/UnityObjectConverter.cs
 0.1 kb	 0.0% Packages/com.unity.visualscripting/Runtime/VisualScripting.Core/Serialization/Converters/NamespaceConverter.cs
 0.1 kb	 0.0% Packages/com.unity.visualscripting/Runtime/VisualScripting.Core/Reflection/RenamedFromAttribute.cs
 0.1 kb	 0.0% Packages/com.unity.visualscripting/Runtime/VisualScripting.Core/Reflection/Optimization/StaticInvokerBase.cs
 0.1 kb	 0.0% Packages/com.unity.visualscripting/Runtime/VisualScripting.Core/Reflection/Optimization/ReflectionInvoker.cs
 0.1 kb	 0.0% Packages/com.unity.visualscripting/Runtime/VisualScripting.Core/Reflection/Optimization/OptimizedReflection.cs
 0.1 kb	 0.0% Packages/com.unity.visualscripting/Runtime/VisualScripting.Core/Reflection/Optimization/IOptimizedInvoker.cs
 0.1 kb	 0.0% Packages/com.unity.visualscripting/Runtime/VisualScripting.Core/Reflection/Optimization/IOptimizedAccessor.cs
 0.1 kb	 0.0% Packages/com.unity.visualscripting/Runtime/VisualScripting.Core/Reflection/Operators/UnaryOperatorHandler.cs
 0.1 kb	 0.0% Packages/com.unity.visualscripting/Runtime/VisualScripting.Core/Reflection/Operators/SubtractionHandler.cs
 0.1 kb	 0.0% Packages/com.unity.visualscripting/Runtime/VisualScripting.Core/Reflection/Operators/RightShiftHandler.cs
 0.1 kb	 0.0% Packages/com.unity.visualscripting/Runtime/VisualScripting.Core/Reflection/Operators/OperatorException.cs
 0.1 kb	 0.0% Packages/com.unity.visualscripting/Runtime/VisualScripting.Core/Reflection/Operators/InequalityHandler.cs
 0.1 kb	 0.0% Packages/com.unity.visualscripting/Runtime/VisualScripting.Core/Reflection/Operators/GreaterThanHandler.cs
 0.1 kb	 0.0% Packages/com.unity.visualscripting/Runtime/VisualScripting.Core/Reflection/Operators/ExclusiveOrHandler.cs
 0.1 kb	 0.0% Packages/com.unity.visualscripting/Runtime/VisualScripting.Core/Reflection/MemberInfoComparer.cs
 0.1 kb	 0.0% Packages/com.unity.visualscripting/Runtime/VisualScripting.Core/Reflection/LooseAssemblyName.cs
 0.1 kb	 0.0% Packages/com.unity.visualscripting/Runtime/VisualScripting.Core/Reflection/IAttributeProvider.cs
 0.1 kb	 0.0% Packages/com.unity.visualscripting/Runtime/VisualScripting.Core/Reflection/ConversionUtility.cs
 0.1 kb	 0.0% Packages/com.unity.visualscripting/Runtime/VisualScripting.Core/Listeners/UnityMessageListener.cs
 0.1 kb	 0.0% Packages/com.unity.visualscripting/Runtime/VisualScripting.Core/Listeners/IGraphEventListener.cs
 0.1 kb	 0.0% Packages/com.unity.visualscripting/Runtime/VisualScripting.Core/Graphs/IGraphParentElement.cs
 0.1 kb	 0.0% Packages/com.unity.visualscripting/Runtime/VisualScripting.Core/Graphs/IGraphNesterElement.cs
 0.1 kb	 0.0% Packages/com.unity.visualscripting/Runtime/VisualScripting.Core/Graphs/IGraphElementData.cs
 0.1 kb	 0.0% Packages/com.unity.visualscripting/Runtime/VisualScripting.Core/Events/FrameDelayedCallback.cs
 0.1 kb	 0.0% Packages/com.unity.visualscripting/Runtime/VisualScripting.Core/Events/EventHookComparer.cs
 0.1 kb	 0.0% Packages/com.unity.visualscripting/Runtime/VisualScripting.Core/Ensure/ExceptionMessages.cs
 0.1 kb	 0.0% Packages/com.unity.visualscripting/Runtime/VisualScripting.Core/EditorBinding/TypeIconAttribute.cs
 0.1 kb	 0.0% Packages/com.unity.visualscripting/Runtime/VisualScripting.Core/EditorBinding/PredictableAttribute.cs
 0.1 kb	 0.0% Packages/com.unity.visualscripting/Runtime/VisualScripting.Core/EditorBinding/InspectableAttribute.cs
 0.1 kb	 0.0% Packages/com.unity.visualscripting/Runtime/VisualScripting.Core/EditorBinding/EditorTimeBinding.cs
 0.1 kb	 0.0% Packages/com.unity.visualscripting/Runtime/VisualScripting.Core/EditorBinding/EditorBindingUtility.cs
 0.1 kb	 0.0% Packages/com.unity.visualscripting/Runtime/VisualScripting.Core/EditorBinding/AllowsNullAttribute.cs
 0.1 kb	 0.0% Packages/com.unity.visualscripting/Runtime/VisualScripting.Core/Dependencies/FullSerializer/Internal/fsOption.cs
 0.1 kb	 0.0% Packages/com.unity.visualscripting/Runtime/VisualScripting.Core/Decorators/IDecoratorAttribute.cs
 0.1 kb	 0.0% Packages/com.unity.visualscripting/Runtime/VisualScripting.Core/Cloning/Cloners/AnimationCurveCloner.cs
 0.1 kb	 0.0% Packages/com.unity.ugui/Runtime/TMP/TMP_DynamicFontAssetUtilities.cs
 0.1 kb	 0.0% Packages/com.unity.timeline/Runtime/Utilities/AnimationPreviewUtilities.cs
 0.1 kb	 0.0% Packages/com.unity.timeline/Runtime/Playables/TimeNotificationBehaviour.cs
 0.1 kb	 0.0% Packages/com.unity.timeline/Runtime/Playables/ActivationControlPlayable.cs
 0.1 kb	 0.0% Packages/com.unity.timeline/Runtime/Events/INotificationOptionProvider.cs
 0.1 kb	 0.0% Packages/com.unity.inputsystem/InputSystem/Utilities/Comparers.cs
 0.1 kb	 0.0% Packages/com.unity.inputsystem/InputSystem/State/InputStateHistory.cs
 0.1 kb	 0.0% Packages/com.unity.inputsystem/InputSystem/State/InputStateBuffers.cs
 0.1 kb	 0.0% Packages/com.unity.inputsystem/InputSystem/State/IInputStateTypeInfo.cs
 0.1 kb	 0.0% Packages/com.unity.inputsystem/InputSystem/Plugins/iOS/InputSettingsiOSProvider.cs
 0.1 kb	 0.0% Packages/com.unity.inputsystem/InputSystem/Plugins/Users/InputUserSettings.cs
 0.1 kb	 0.0% Packages/com.unity.inputsystem/InputSystem/Plugins/PlayerInput/PlayerInputEditor.cs
 0.1 kb	 0.0% Packages/com.unity.inputsystem/InputSystem/Plugins/EnhancedTouch/TouchSimulation.cs
 0.1 kb	 0.0% Packages/com.unity.inputsystem/InputSystem/NativeInputRuntime.cs
 0.1 kb	 0.0% Packages/com.unity.inputsystem/InputSystem/Events/InputEventListener.cs
 0.1 kb	 0.0% Packages/com.unity.inputsystem/InputSystem/Events/IMECompositionEvent.cs
 0.1 kb	 0.0% Packages/com.unity.inputsystem/InputSystem/Events/IInputEventTypeInfo.cs
 0.1 kb	 0.0% Packages/com.unity.inputsystem/InputSystem/Events/DeviceRemoveEvent.cs
 0.1 kb	 0.0% Packages/com.unity.inputsystem/InputSystem/Editor/UITKAssetEditor/Views/MatchingControlPaths.cs
 0.1 kb	 0.0% Packages/com.unity.inputsystem/InputSystem/Editor/UITKAssetEditor/Views/IViewStateCollection.cs
 0.1 kb	 0.0% Packages/com.unity.inputsystem/InputSystem/Editor/UITKAssetEditor/Views/ControlSchemesView.cs
 0.1 kb	 0.0% Packages/com.unity.inputsystem/InputSystem/Editor/UITKAssetEditor/Views/ActionPropertiesView.cs
 0.1 kb	 0.0% Packages/com.unity.inputsystem/InputSystem/Editor/UITKAssetEditor/EnumerableExtensions.cs
 0.1 kb	 0.0% Packages/com.unity.inputsystem/InputSystem/Editor/PropertyDrawers/InputActionMapDrawer.cs
 0.1 kb	 0.0% Packages/com.unity.inputsystem/InputSystem/Editor/PropertyDrawers/InputActionDrawer.cs
 0.1 kb	 0.0% Packages/com.unity.inputsystem/InputSystem/Editor/Internal/InputEventTreeView.cs
 0.1 kb	 0.0% Packages/com.unity.inputsystem/InputSystem/Editor/Internal/InputControlTreeView.cs
 0.1 kb	 0.0% Packages/com.unity.inputsystem/InputSystem/Editor/Internal/BuildProviderHelpers.cs
 0.1 kb	 0.0% Packages/com.unity.inputsystem/InputSystem/Editor/Internal/AdvancedDropdown/MultiLevelDataSource.cs
 0.1 kb	 0.0% Packages/com.unity.inputsystem/InputSystem/Editor/Internal/AdvancedDropdown/CallbackDataSource.cs
 0.1 kb	 0.0% Packages/com.unity.inputsystem/InputSystem/Editor/Internal/AdvancedDropdown/AdvancedDropdownItem.cs
 0.1 kb	 0.0% Packages/com.unity.inputsystem/InputSystem/Editor/Internal/AdvancedDropdown/AdvancedDropdownGUI.cs
 0.1 kb	 0.0% Packages/com.unity.inputsystem/InputSystem/Editor/InputParameterEditor.cs
 0.1 kb	 0.0% Packages/com.unity.inputsystem/InputSystem/Editor/DeviceSimulator/InputSystemPlugin.cs
 0.1 kb	 0.0% Packages/com.unity.inputsystem/InputSystem/Editor/Debugger/InputDebuggerWindow.cs
 0.1 kb	 0.0% Packages/com.unity.inputsystem/InputSystem/Editor/ControlPicker/InputControlPicker.cs
 0.1 kb	 0.0% Packages/com.unity.inputsystem/InputSystem/Editor/BuildPipeline/LinkFileGenerator.cs
 0.1 kb	 0.0% Packages/com.unity.inputsystem/InputSystem/Editor/AssetImporter/InputActionImporter.cs
 0.1 kb	 0.0% Packages/com.unity.inputsystem/InputSystem/Editor/AssetEditor/PropertiesViewBase.cs
 0.1 kb	 0.0% Packages/com.unity.inputsystem/InputSystem/Editor/AssetEditor/InputActionTreeView.cs
 0.1 kb	 0.0% Packages/com.unity.inputsystem/InputSystem/Editor/Analytics/InputEditorAnalytics.cs
 0.1 kb	 0.0% Packages/com.unity.inputsystem/InputSystem/Editor/Analytics/InputBuildAnalytic.cs
 0.1 kb	 0.0% Packages/com.unity.inputsystem/InputSystem/Devices/InputDeviceMatcher.cs
 0.1 kb	 0.0% Packages/com.unity.inputsystem/InputSystem/Devices/InputDeviceBuilder.cs
 0.1 kb	 0.0% Packages/com.unity.inputsystem/InputSystem/Devices/ITextInputReceiver.cs
 0.1 kb	 0.0% Packages/com.unity.inputsystem/InputSystem/Devices/IEventPreProcessor.cs
 0.1 kb	 0.0% Packages/com.unity.inputsystem/InputSystem/Devices/ICustomDeviceReset.cs
 0.1 kb	 0.0% Packages/com.unity.inputsystem/InputSystem/Devices/Commands/RequestSyncCommand.cs
 0.1 kb	 0.0% Packages/com.unity.inputsystem/InputSystem/Devices/Commands/RequestResetCommand.cs
 0.1 kb	 0.0% Packages/com.unity.inputsystem/InputSystem/Devices/Commands/QueryUserIdCommand.cs
 0.1 kb	 0.0% Packages/com.unity.inputsystem/InputSystem/Devices/Commands/QueryKeyNameCommand.cs
 0.1 kb	 0.0% Packages/com.unity.inputsystem/InputSystem/Devices/Commands/InputDeviceCommand.cs
 0.1 kb	 0.0% Packages/com.unity.inputsystem/InputSystem/Devices/Commands/EnableDeviceCommand.cs
 0.1 kb	 0.0% Packages/com.unity.inputsystem/InputSystem/Devices/Commands/DisableDeviceCommand.cs
 0.1 kb	 0.0% Packages/com.unity.inputsystem/InputSystem/Controls/TouchPressControl.cs
 0.1 kb	 0.0% Packages/com.unity.inputsystem/InputSystem/Controls/TouchPhaseControl.cs
 0.1 kb	 0.0% Packages/com.unity.inputsystem/InputSystem/Controls/QuaternionControl.cs
 0.1 kb	 0.0% Packages/com.unity.inputsystem/InputSystem/Controls/InputControlLayout.cs
 0.1 kb	 0.0% Packages/com.unity.inputsystem/InputSystem/Controls/InputControlExtensions.cs
 0.1 kb	 0.0% Packages/com.unity.inputsystem/InputSystem/Actions/InputInteractionContext.cs
 0.1 kb	 0.0% Packages/com.unity.inputsystem/InputSystem/Actions/InputBindingComposite.cs
 0.1 kb	 0.0% Packages/com.unity.inputsystem/InputSystem/Actions/IInputActionCollection.cs
 0.1 kb	 0.0% Packages/com.unity.collections/Unity.Collections/NativeNotBurstCompatible.cs
 0.1 kb	 0.0% Assets/NoSafeCircle/DoorPrototype/Scripts/World/DoorAnchorMarker.cs
 0.1 kb	 0.0% Packages/com.unity.visualscripting/Runtime/VisualScripting.Core/Ensure/EnsureThat.ValueTypes.cs
 0.1 kb	 0.0% Packages/com.unity.visualscripting/Runtime/VisualScripting.Core/Ensure/EnsureThat.Reflection.cs
 0.1 kb	 0.0% Packages/com.unity.visualscripting/Runtime/VisualScripting.Core/Ensure/EnsureThat.Comparables.cs
 0.1 kb	 0.0% Packages/com.unity.visualscripting/Runtime/VisualScripting.Core/Ensure/EnsureThat.Collections.cs
 0.1 kb	 0.0% Packages/com.unity.visualscripting/Runtime/VisualScripting.Core/Dependencies/FullSerializer/fsSerializer.cs
 0.1 kb	 0.0% Packages/com.unity.visualscripting/Runtime/VisualScripting.Core/Dependencies/FullSerializer/fsJsonParser.cs
 0.1 kb	 0.0% Packages/com.unity.visualscripting/Runtime/VisualScripting.Core/Dependencies/FullSerializer/fsConverter.cs
 0.1 kb	 0.0% Packages/com.unity.visualscripting/Runtime/VisualScripting.Core/Dependencies/FullSerializer/fsContext.cs
 0.1 kb	 0.0% Packages/com.unity.visualscripting/Runtime/VisualScripting.Core/Dependencies/FullSerializer/Reflection/fsTypeCache.cs
 0.1 kb	 0.0% Packages/com.unity.visualscripting/Runtime/VisualScripting.Core/Dependencies/FullSerializer/Reflection/fsMetaType.cs
 0.1 kb	 0.0% Packages/com.unity.ugui/Runtime/UGUI/EventSystem/InputModules/StandaloneInputModule.cs
 0.1 kb	 0.0% Packages/com.unity.multiplayer.center/Common/AnswerData.cs
 0.1 kb	 0.0% Packages/com.unity.inputsystem/InputSystem/Utilities/StringHelpers.cs
 0.1 kb	 0.0% Packages/com.unity.inputsystem/InputSystem/Utilities/SpriteUtilities.cs
 0.1 kb	 0.0% Packages/com.unity.inputsystem/InputSystem/Utilities/PrimitiveValue.cs
 0.1 kb	 0.0% Packages/com.unity.inputsystem/InputSystem/Utilities/PredictiveParser.cs
 0.1 kb	 0.0% Packages/com.unity.inputsystem/InputSystem/Utilities/NumberHelpers.cs
 0.1 kb	 0.0% Packages/com.unity.inputsystem/InputSystem/Utilities/MemoryHelpers.cs
 0.1 kb	 0.0% Packages/com.unity.inputsystem/InputSystem/Utilities/InternedString.cs
 0.1 kb	 0.0% Packages/com.unity.inputsystem/InputSystem/Utilities/ExceptionHelpers.cs
 0.1 kb	 0.0% Packages/com.unity.inputsystem/InputSystem/Utilities/DelegateHelpers.cs
 0.1 kb	 0.0% Packages/com.unity.inputsystem/InputSystem/Plugins/iOS/iOSStepCounter.cs
 0.1 kb	 0.0% Packages/com.unity.inputsystem/InputSystem/Plugins/XR/TrackedPoseDriver.cs
 0.1 kb	 0.0% Packages/com.unity.inputsystem/InputSystem/Plugins/XR/Haptics/BufferedRumble.cs
 0.1 kb	 0.0% Packages/com.unity.inputsystem/InputSystem/Plugins/UI/VirtualMouseInput.cs
 0.1 kb	 0.0% Packages/com.unity.inputsystem/InputSystem/Plugins/UI/INavigationEventData.cs
 0.1 kb	 0.0% Packages/com.unity.inputsystem/InputSystem/Plugins/UI/BaseInputOverride.cs
 0.1 kb	 0.0% Packages/com.unity.inputsystem/InputSystem/Plugins/DualShock/DualShockSupport.cs
 0.1 kb	 0.0% Packages/com.unity.inputsystem/InputSystem/Plugins/DualShock/DualShockGamepad.cs
 0.1 kb	 0.0% Packages/com.unity.inputsystem/InputSystem/Controls/Processors/ScaleProcessor.cs
 0.1 kb	 0.0% Packages/com.unity.inputsystem/InputSystem/Controls/Processors/InvertProcessor.cs
 0.1 kb	 0.0% Packages/com.unity.inputsystem/InputSystem/Controls/Processors/ClampProcessor.cs
 0.1 kb	 0.0% Packages/com.unity.inputsystem/InputSystem/Actions/Interactions/TapInteraction.cs
 0.1 kb	 0.0% Packages/com.unity.inputsystem/InputSystem/Actions/Interactions/PressInteraction.cs
 0.1 kb	 0.0% Packages/com.unity.inputsystem/InputSystem/Actions/Interactions/HoldInteraction.cs
 0.1 kb	 0.0% Packages/com.unity.inputsystem/InputSystem/Actions/InputActionTrace.cs
 0.1 kb	 0.0% Packages/com.unity.inputsystem/InputSystem/Actions/Composites/Vector3Composite.cs
 0.1 kb	 0.0% Packages/com.unity.inputsystem/InputSystem/Actions/Composites/Vector2Composite.cs
 0.1 kb	 0.0% Packages/com.unity.inputsystem/InputSystem/Actions/Composites/AxisComposite.cs
 0.1 kb	 0.0% Packages/com.unity.collections/Unity.Collections/UnsafeBitArray.cs
 0.1 kb	 0.0% Packages/com.unity.collections/Unity.Collections/UTF8ArrayUnsafeUtility.cs
 0.1 kb	 0.0% Packages/com.unity.collections/Unity.Collections/StreamCompressionModel.cs
 0.1 kb	 0.0% Packages/com.unity.collections/Unity.Collections/NativeArrayExtensions.cs
 0.1 kb	 0.0% Packages/com.unity.collections/Unity.Collections/FixedStringInternalMethods.cs
 0.1 kb	 0.0% Packages/com.unity.collections/Unity.Collections/FixedStringFormatMethods.gen.cs
 0.1 kb	 0.0% Packages/com.unity.burst/Runtime/CompilerServices/SkipLocalsInitAttribute.cs
 0.1 kb	 0.0% Packages/com.unity.burst/Runtime/CompilerServices/IgnoreWarningAttribute.cs
 0.1 kb	 0.0% Packages/com.unity.ai.navigation/Runtime/NavMeshModifierVolume.cs
 0.1 kb	 0.0% Assets/Plugins/Demigiant/DOTween/Modules/DOTweenModuleUIToolkit.cs
 0.1 kb	 0.0% Assets/Plugins/Demigiant/DOTween/Modules/DOTweenModulePhysics2D.cs
 0.1 kb	 0.0% Assets/NoSafeCircle/DoorPrototype/Scripts/PlayerMovement.cs
 0.1 kb	 0.0% Assets/NoSafeCircle/DoorPrototype/Scripts/PlayerHealthUI.cs
 0.1 kb	 0.0% Assets/NoSafeCircle/DoorPrototype/Scripts/DoorInteractable.cs
 0.1 kb	 0.0% Packages/com.unity.visualscripting/Runtime/VisualScripting.State/Units/SetStateGraph.cs
 0.1 kb	 0.0% Packages/com.unity.visualscripting/Runtime/VisualScripting.State/Units/GetStateGraphs.cs
 0.1 kb	 0.0% Packages/com.unity.visualscripting/Runtime/VisualScripting.State/Units/GetStateGraph.cs
 0.1 kb	 0.0% Packages/com.unity.visualscripting/Runtime/VisualScripting.State/StateTransition.cs
 0.1 kb	 0.0% Packages/com.unity.visualscripting/Runtime/VisualScripting.State/StateGraphData.cs
 0.1 kb	 0.0% Packages/com.unity.visualscripting/Runtime/VisualScripting.State/StateGraphAsset.cs
 0.1 kb	 0.0% Packages/com.unity.visualscripting/Runtime/VisualScripting.State/StateEventHooks.cs
 0.1 kb	 0.0% Packages/com.unity.visualscripting/Runtime/VisualScripting.State/IStateTransition.cs
 0.1 kb	 0.0% Packages/com.unity.visualscripting/Runtime/VisualScripting.State/IStateDebugData.cs
 0.1 kb	 0.0% Packages/com.unity.visualscripting/Runtime/VisualScripting.State/Framework/Graph/HasStateGraph.cs
 0.1 kb	 0.0% Packages/com.unity.visualscripting/Runtime/VisualScripting.Flow/UnitPreservation.cs
 0.1 kb	 0.0% Packages/com.unity.visualscripting/Runtime/VisualScripting.Flow/ScriptMachine.cs
 0.1 kb	 0.0% Packages/com.unity.visualscripting/Runtime/VisualScripting.Flow/ScriptGraphAsset.cs
 0.1 kb	 0.0% Packages/com.unity.visualscripting/Runtime/VisualScripting.Flow/Ports/InvalidOutput.cs
 0.1 kb	 0.0% Packages/com.unity.visualscripting/Runtime/VisualScripting.Flow/Ports/IUnitValuePort.cs
 0.1 kb	 0.0% Packages/com.unity.visualscripting/Runtime/VisualScripting.Flow/Ports/IUnitOutputPort.cs
 0.1 kb	 0.0% Packages/com.unity.visualscripting/Runtime/VisualScripting.Flow/Ports/IUnitInvalidPort.cs
 0.1 kb	 0.0% Packages/com.unity.visualscripting/Runtime/VisualScripting.Flow/Ports/IUnitInputPort.cs
 0.1 kb	 0.0% Packages/com.unity.visualscripting/Runtime/VisualScripting.Flow/Ports/IUnitControlPort.cs
 0.1 kb	 0.0% Packages/com.unity.visualscripting/Runtime/VisualScripting.Flow/Ports/ControlOutput.cs
 0.1 kb	 0.0% Packages/com.unity.visualscripting/Runtime/VisualScripting.Flow/MultiInputUnit.cs
 0.1 kb	 0.0% Packages/com.unity.visualscripting/Runtime/VisualScripting.Flow/IUnitDebugData.cs
 0.1 kb	 0.0% Packages/com.unity.visualscripting/Runtime/VisualScripting.Flow/Framework/Variables/SaveVariables.cs
 0.1 kb	 0.0% Packages/com.unity.visualscripting/Runtime/VisualScripting.Flow/Framework/Variables/Obsolete/SetVariableUnit.cs
 0.1 kb	 0.0% Packages/com.unity.visualscripting/Runtime/VisualScripting.Flow/Framework/Variables/Obsolete/SetSceneVariable.cs
 0.1 kb	 0.0% Packages/com.unity.visualscripting/Runtime/VisualScripting.Flow/Framework/Variables/Obsolete/SetSavedVariable.cs
 0.1 kb	 0.0% Packages/com.unity.visualscripting/Runtime/VisualScripting.Flow/Framework/Variables/Obsolete/SetGraphVariable.cs
 0.1 kb	 0.0% Packages/com.unity.visualscripting/Runtime/VisualScripting.Flow/Framework/Variables/Obsolete/IVariableUnit.cs
 0.1 kb	 0.0% Packages/com.unity.visualscripting/Runtime/VisualScripting.Flow/Framework/Variables/Obsolete/GetVariableUnit.cs
 0.1 kb	 0.0% Packages/com.unity.visualscripting/Runtime/VisualScripting.Flow/Framework/Variables/Obsolete/GetSceneVariable.cs
 0.1 kb	 0.0% Packages/com.unity.visualscripting/Runtime/VisualScripting.Flow/Framework/Variables/Obsolete/GetSavedVariable.cs
 0.1 kb	 0.0% Packages/com.unity.visualscripting/Runtime/VisualScripting.Flow/Framework/Variables/Obsolete/GetGraphVariable.cs
 0.1 kb	 0.0% Packages/com.unity.visualscripting/Runtime/VisualScripting.Flow/Framework/Time/WaitWhileUnit.cs
 0.1 kb	 0.0% Packages/com.unity.visualscripting/Runtime/VisualScripting.Flow/Framework/Time/WaitUntilUnit.cs
 0.1 kb	 0.0% Packages/com.unity.visualscripting/Runtime/VisualScripting.Flow/Framework/Math/Vector4/Vector4Subtract.cs
 0.1 kb	 0.0% Packages/com.unity.visualscripting/Runtime/VisualScripting.Flow/Framework/Math/Vector4/Vector4PerSecond.cs
 0.1 kb	 0.0% Packages/com.unity.visualscripting/Runtime/VisualScripting.Flow/Framework/Math/Vector4/Vector4Normalize.cs
 0.1 kb	 0.0% Packages/com.unity.visualscripting/Runtime/VisualScripting.Flow/Framework/Math/Vector4/Vector4Multiply.cs
 0.1 kb	 0.0% Packages/com.unity.visualscripting/Runtime/VisualScripting.Flow/Framework/Math/Vector4/Vector4Modulo.cs
 0.1 kb	 0.0% Packages/com.unity.visualscripting/Runtime/VisualScripting.Flow/Framework/Math/Vector4/Vector4Minimum.cs
 0.1 kb	 0.0% Packages/com.unity.visualscripting/Runtime/VisualScripting.Flow/Framework/Math/Vector4/Vector4Maximum.cs
 0.1 kb	 0.0% Packages/com.unity.visualscripting/Runtime/VisualScripting.Flow/Framework/Math/Vector4/Vector4Divide.cs
 0.1 kb	 0.0% Packages/com.unity.visualscripting/Runtime/VisualScripting.Flow/Framework/Math/Vector4/Vector4Distance.cs
 0.1 kb	 0.0% Packages/com.unity.visualscripting/Runtime/VisualScripting.Flow/Framework/Math/Vector4/Vector4Average.cs
 0.1 kb	 0.0% Packages/com.unity.visualscripting/Runtime/VisualScripting.Flow/Framework/Math/Vector4/Vector4Absolute.cs
 0.1 kb	 0.0% Packages/com.unity.visualscripting/Runtime/VisualScripting.Flow/Framework/Math/Vector3/Vector3Subtract.cs
 0.1 kb	 0.0% Packages/com.unity.visualscripting/Runtime/VisualScripting.Flow/Framework/Math/Vector3/Vector3Project.cs
 0.1 kb	 0.0% Packages/com.unity.visualscripting/Runtime/VisualScripting.Flow/Framework/Math/Vector3/Vector3PerSecond.cs
 0.1 kb	 0.0% Packages/com.unity.visualscripting/Runtime/VisualScripting.Flow/Framework/Math/Vector3/Vector3Normalize.cs
 0.1 kb	 0.0% Packages/com.unity.visualscripting/Runtime/VisualScripting.Flow/Framework/Math/Vector3/Vector3Multiply.cs
 0.1 kb	 0.0% Packages/com.unity.visualscripting/Runtime/VisualScripting.Flow/Framework/Math/Vector3/Vector3Modulo.cs
 0.1 kb	 0.0% Packages/com.unity.visualscripting/Runtime/VisualScripting.Flow/Framework/Math/Vector3/Vector3Minimum.cs
 0.1 kb	 0.0% Packages/com.unity.visualscripting/Runtime/VisualScripting.Flow/Framework/Math/Vector3/Vector3Maximum.cs
 0.1 kb	 0.0% Packages/com.unity.visualscripting/Runtime/VisualScripting.Flow/Framework/Math/Vector3/Vector3Divide.cs
 0.1 kb	 0.0% Packages/com.unity.visualscripting/Runtime/VisualScripting.Flow/Framework/Math/Vector3/Vector3Distance.cs
 0.1 kb	 0.0% Packages/com.unity.visualscripting/Runtime/VisualScripting.Flow/Framework/Math/Vector3/Vector3Average.cs
 0.1 kb	 0.0% Packages/com.unity.visualscripting/Runtime/VisualScripting.Flow/Framework/Math/Vector3/Vector3Absolute.cs
 0.1 kb	 0.0% Packages/com.unity.visualscripting/Runtime/VisualScripting.Flow/Framework/Math/Vector2/Vector2Subtract.cs
 0.1 kb	 0.0% Packages/com.unity.visualscripting/Runtime/VisualScripting.Flow/Framework/Math/Vector2/Vector2Project.cs
 0.1 kb	 0.0% Packages/com.unity.visualscripting/Runtime/VisualScripting.Flow/Framework/Math/Vector2/Vector2PerSecond.cs
 0.1 kb	 0.0% Packages/com.unity.visualscripting/Runtime/VisualScripting.Flow/Framework/Math/Vector2/Vector2Normalize.cs
 0.1 kb	 0.0% Packages/com.unity.visualscripting/Runtime/VisualScripting.Flow/Framework/Math/Vector2/Vector2Multiply.cs
 0.1 kb	 0.0% Packages/com.unity.visualscripting/Runtime/VisualScripting.Flow/Framework/Math/Vector2/Vector2Modulo.cs
 0.1 kb	 0.0% Packages/com.unity.visualscripting/Runtime/VisualScripting.Flow/Framework/Math/Vector2/Vector2Minimum.cs
 0.1 kb	 0.0% Packages/com.unity.visualscripting/Runtime/VisualScripting.Flow/Framework/Math/Vector2/Vector2Maximum.cs
 0.1 kb	 0.0% Packages/com.unity.visualscripting/Runtime/VisualScripting.Flow/Framework/Math/Vector2/Vector2Divide.cs
 0.1 kb	 0.0% Packages/com.unity.visualscripting/Runtime/VisualScripting.Flow/Framework/Math/Vector2/Vector2Distance.cs
 0.1 kb	 0.0% Packages/com.unity.visualscripting/Runtime/VisualScripting.Flow/Framework/Math/Vector2/Vector2Average.cs
 0.1 kb	 0.0% Packages/com.unity.visualscripting/Runtime/VisualScripting.Flow/Framework/Math/Vector2/Vector2Absolute.cs
 0.1 kb	 0.0% Packages/com.unity.visualscripting/Runtime/VisualScripting.Flow/Framework/Math/Scalar/ScalarSubtract.cs
 0.1 kb	 0.0% Packages/com.unity.visualscripting/Runtime/VisualScripting.Flow/Framework/Math/Scalar/ScalarPerSecond.cs
 0.1 kb	 0.0% Packages/com.unity.visualscripting/Runtime/VisualScripting.Flow/Framework/Math/Scalar/ScalarNormalize.cs
 0.1 kb	 0.0% Packages/com.unity.visualscripting/Runtime/VisualScripting.Flow/Framework/Math/Scalar/ScalarMultiply.cs
 0.1 kb	 0.0% Packages/com.unity.visualscripting/Runtime/VisualScripting.Flow/Framework/Math/Scalar/ScalarMinimum.cs
 0.1 kb	 0.0% Packages/com.unity.visualscripting/Runtime/VisualScripting.Flow/Framework/Math/Scalar/ScalarMaximum.cs
 0.1 kb	 0.0% Packages/com.unity.visualscripting/Runtime/VisualScripting.Flow/Framework/Math/Scalar/ScalarAverage.cs
 0.1 kb	 0.0% Packages/com.unity.visualscripting/Runtime/VisualScripting.Flow/Framework/Math/Scalar/ScalarAbsolute.cs
 0.1 kb	 0.0% Packages/com.unity.visualscripting/Runtime/VisualScripting.Flow/Framework/Math/Generic/GenericSubtract.cs
 0.1 kb	 0.0% Packages/com.unity.visualscripting/Runtime/VisualScripting.Flow/Framework/Math/Generic/GenericMultiply.cs
 0.1 kb	 0.0% Packages/com.unity.visualscripting/Runtime/VisualScripting.Flow/Framework/Math/Generic/GenericModulo.cs
 0.1 kb	 0.0% Packages/com.unity.visualscripting/Runtime/VisualScripting.Flow/Framework/Math/Generic/GenericDivide.cs
 0.1 kb	 0.0% Packages/com.unity.visualscripting/Runtime/VisualScripting.Flow/Framework/Logic/GreaterOrEqual.cs
 0.1 kb	 0.0% Packages/com.unity.visualscripting/Runtime/VisualScripting.Flow/Framework/Graph/SetScriptGraph.cs
 0.1 kb	 0.0% Packages/com.unity.visualscripting/Runtime/VisualScripting.Flow/Framework/Graph/HasScriptGraph.cs
 0.1 kb	 0.0% Packages/com.unity.visualscripting/Runtime/VisualScripting.Flow/Framework/Graph/GetScriptGraphs.cs
 0.1 kb	 0.0% Packages/com.unity.visualscripting/Runtime/VisualScripting.Flow/Framework/Graph/GetScriptGraph.cs
 0.1 kb	 0.0% Packages/com.unity.visualscripting/Runtime/VisualScripting.Flow/Framework/Events/Time/OnTimerElapsed.cs
 0.1 kb	 0.0% Packages/com.unity.visualscripting/Runtime/VisualScripting.Flow/Framework/Events/Rendering/OnBecameVisible.cs
 0.1 kb	 0.0% Packages/com.unity.visualscripting/Runtime/VisualScripting.Flow/Framework/Events/Physics2D/OnTriggerStay2D.cs
 0.1 kb	 0.0% Packages/com.unity.visualscripting/Runtime/VisualScripting.Flow/Framework/Events/Physics2D/OnTriggerExit2D.cs
 0.1 kb	 0.0% Packages/com.unity.visualscripting/Runtime/VisualScripting.Flow/Framework/Events/Physics2D/OnTriggerEnter2D.cs
 0.1 kb	 0.0% Packages/com.unity.visualscripting/Runtime/VisualScripting.Flow/Framework/Events/Physics2D/OnJointBreak2D.cs
 0.1 kb	 0.0% Packages/com.unity.visualscripting/Runtime/VisualScripting.Flow/Framework/Events/Physics/TriggerEventUnit.cs
 0.1 kb	 0.0% Packages/com.unity.visualscripting/Runtime/VisualScripting.Flow/Framework/Events/Physics/OnTriggerStay.cs
 0.1 kb	 0.0% Packages/com.unity.visualscripting/Runtime/VisualScripting.Flow/Framework/Events/Physics/OnTriggerExit.cs
 0.1 kb	 0.0% Packages/com.unity.visualscripting/Runtime/VisualScripting.Flow/Framework/Events/Physics/OnTriggerEnter.cs
 0.1 kb	 0.0% Packages/com.unity.visualscripting/Runtime/VisualScripting.Flow/Framework/Events/Physics/OnCollisionStay.cs
 0.1 kb	 0.0% Packages/com.unity.visualscripting/Runtime/VisualScripting.Flow/Framework/Events/Physics/OnCollisionExit.cs
 0.1 kb	 0.0% Packages/com.unity.visualscripting/Runtime/VisualScripting.Flow/Framework/Events/Physics/OnCollisionEnter.cs
 0.1 kb	 0.0% Packages/com.unity.visualscripting/Runtime/VisualScripting.Flow/Framework/Events/Input/OnKeyboardInput.cs
 0.1 kb	 0.0% Packages/com.unity.visualscripting/Runtime/VisualScripting.Flow/Framework/Events/Input/OnButtonInput.cs
 0.1 kb	 0.0% Packages/com.unity.visualscripting/Runtime/VisualScripting.Flow/Framework/Events/Input/IMouseEventUnit.cs
 0.1 kb	 0.0% Packages/com.unity.visualscripting/Runtime/VisualScripting.Flow/Framework/Events/GUI/PointerEventUnit.cs
 0.1 kb	 0.0% Packages/com.unity.visualscripting/Runtime/VisualScripting.Flow/Framework/Events/GUI/OnPointerExit.cs
 0.1 kb	 0.0% Packages/com.unity.visualscripting/Runtime/VisualScripting.Flow/Framework/Events/GUI/OnPointerEnter.cs
 0.1 kb	 0.0% Packages/com.unity.visualscripting/Runtime/VisualScripting.Flow/Framework/Events/GUI/OnPointerDown.cs
 0.1 kb	 0.0% Packages/com.unity.visualscripting/Runtime/VisualScripting.Flow/Framework/Events/GUI/OnPointerClick.cs
 0.1 kb	 0.0% Packages/com.unity.visualscripting/Runtime/VisualScripting.Flow/Framework/Events/GUI/OnButtonClick.cs
 0.1 kb	 0.0% Packages/com.unity.visualscripting/Runtime/VisualScripting.Flow/Framework/Events/CustomEventArgs.cs
 0.1 kb	 0.0% Packages/com.unity.visualscripting/Runtime/VisualScripting.Flow/Framework/Events/BoltUnityEvent.cs
 0.1 kb	 0.0% Packages/com.unity.visualscripting/Runtime/VisualScripting.Flow/Framework/Events/Animation/OnAnimatorMove.cs
 0.1 kb	 0.0% Packages/com.unity.visualscripting/Runtime/VisualScripting.Flow/Framework/Control/SwitchOnString.cs
 0.1 kb	 0.0% Packages/com.unity.visualscripting/Runtime/VisualScripting.Flow/Framework/Control/SwitchOnInteger.cs
 0.1 kb	 0.0% Packages/com.unity.visualscripting/Runtime/VisualScripting.Flow/Framework/Control/SelectOnString.cs
 0.1 kb	 0.0% Packages/com.unity.visualscripting/Runtime/VisualScripting.Flow/Framework/Control/SelectOnInteger.cs
 0.1 kb	 0.0% Packages/com.unity.visualscripting/Runtime/VisualScripting.Flow/Framework/Collections/Lists/RemoveListItemAt.cs
 0.1 kb	 0.0% Packages/com.unity.visualscripting/Runtime/VisualScripting.Flow/Framework/Collections/Lists/RemoveListItem.cs
 0.1 kb	 0.0% Packages/com.unity.visualscripting/Runtime/VisualScripting.Flow/Framework/Collections/Lists/ListContainsItem.cs
 0.1 kb	 0.0% Packages/com.unity.visualscripting/Runtime/VisualScripting.Flow/Framework/Collections/Lists/InsertListItem.cs
 0.1 kb	 0.0% Packages/com.unity.visualscripting/Runtime/VisualScripting.Flow/Framework/Collections/Dictionaries/CreateDictionary.cs
 0.1 kb	 0.0% Packages/com.unity.visualscripting/Runtime/VisualScripting.Flow/Framework/Collections/Dictionaries/ClearDictionary.cs
 0.1 kb	 0.0% Packages/com.unity.visualscripting/Runtime/VisualScripting.Flow/FlowGraphData.cs
 0.1 kb	 0.0% Packages/com.unity.visualscripting/Runtime/VisualScripting.Flow/EditorBinding/PortKeyAttribute.cs
 0.1 kb	 0.0% Packages/com.unity.visualscripting/Runtime/VisualScripting.Flow/Connections/ValueConnection.cs
 0.1 kb	 0.0% Packages/com.unity.visualscripting/Runtime/VisualScripting.Flow/Connections/IUnitRelation.cs
 0.1 kb	 0.0% Packages/com.unity.visualscripting/Runtime/VisualScripting.Flow/Connections/IUnitConnection.cs
 0.1 kb	 0.0% Packages/com.unity.visualscripting/Runtime/VisualScripting.Core/Variables/VariablesSaver.cs
 0.1 kb	 0.0% Packages/com.unity.visualscripting/Runtime/VisualScripting.Core/Variables/VariablesAsset.cs
 0.1 kb	 0.0% Packages/com.unity.visualscripting/Runtime/VisualScripting.Core/Variables/SceneVariables.cs
 0.1 kb	 0.0% Packages/com.unity.visualscripting/Runtime/VisualScripting.Core/Variables/SavedVariables.cs
 0.1 kb	 0.0% Packages/com.unity.visualscripting/Runtime/VisualScripting.Core/Variables/ObjectVariables.cs
 0.1 kb	 0.0% Packages/com.unity.visualscripting/Runtime/VisualScripting.Core/Utilities/StringUtility.cs
 0.1 kb	 0.0% Packages/com.unity.visualscripting/Runtime/VisualScripting.Core/Utilities/IInitializable.cs
 0.1 kb	 0.0% Packages/com.unity.visualscripting/Runtime/VisualScripting.Core/Utilities/IIdentifiable.cs
 0.1 kb	 0.0% Packages/com.unity.visualscripting/Runtime/VisualScripting.Core/Utilities/ExceptionUtility.cs
 0.1 kb	 0.0% Packages/com.unity.visualscripting/Runtime/VisualScripting.Core/Utilities/CoroutineRunner.cs
 0.1 kb	 0.0% Packages/com.unity.visualscripting/Runtime/VisualScripting.Core/Unity/LudiqBehaviour.cs
 0.1 kb	 0.0% Packages/com.unity.visualscripting/Runtime/VisualScripting.Core/Serialization/Serialization.cs
 0.1 kb	 0.0% Packages/com.unity.visualscripting/Runtime/VisualScripting.Core/Serialization/SerializableType.cs
 0.1 kb	 0.0% Packages/com.unity.visualscripting/Runtime/VisualScripting.Core/Serialization/DictionaryAsset.cs
 0.1 kb	 0.0% Packages/com.unity.visualscripting/Runtime/VisualScripting.Core/Serialization/Converters/Ray2DConverter.cs
 0.1 kb	 0.0% Packages/com.unity.visualscripting/Runtime/VisualScripting.Core/Reflection/RuntimeCodebase.cs
 0.1 kb	 0.0% Packages/com.unity.visualscripting/Runtime/VisualScripting.Core/Reflection/Operators/OperatorUtility.cs
 0.1 kb	 0.0% Packages/com.unity.visualscripting/Runtime/VisualScripting.Core/Reflection/Operators/OperatorHandler.cs
 0.1 kb	 0.0% Packages/com.unity.visualscripting/Runtime/VisualScripting.Core/Reflection/Operators/ModuloHandler.cs
 0.1 kb	 0.0% Packages/com.unity.visualscripting/Runtime/VisualScripting.Core/Reflection/Operators/LessThanHandler.cs
 0.1 kb	 0.0% Packages/com.unity.visualscripting/Runtime/VisualScripting.Core/Reflection/Operators/LeftShiftHandler.cs
 0.1 kb	 0.0% Packages/com.unity.visualscripting/Runtime/VisualScripting.Core/Reflection/Operators/IncrementHandler.cs
 0.1 kb	 0.0% Packages/com.unity.visualscripting/Runtime/VisualScripting.Core/Reflection/Operators/EqualityHandler.cs
 0.1 kb	 0.0% Packages/com.unity.visualscripting/Runtime/VisualScripting.Core/Reflection/Operators/DivisionHandler.cs
 0.1 kb	 0.0% Packages/com.unity.visualscripting/Runtime/VisualScripting.Core/Reflection/Operators/DecrementHandler.cs
 0.1 kb	 0.0% Packages/com.unity.visualscripting/Runtime/VisualScripting.Core/Reflection/Operators/AdditionHandler.cs
 0.1 kb	 0.0% Packages/com.unity.visualscripting/Runtime/VisualScripting.Core/Reflection/MemberUtility.cs
 0.1 kb	 0.0% Packages/com.unity.visualscripting/Runtime/VisualScripting.Core/Reflection/AttributeUtility.cs
 0.1 kb	 0.0% Packages/com.unity.visualscripting/Runtime/VisualScripting.Core/Profiling/ProfilingUtility.cs
 0.1 kb	 0.0% Packages/com.unity.visualscripting/Runtime/VisualScripting.Core/Profiling/ProfilingScope.cs
 0.1 kb	 0.0% Packages/com.unity.visualscripting/Runtime/VisualScripting.Core/Profiling/ProfiledSegment.cs
 0.1 kb	 0.0% Packages/com.unity.visualscripting/Runtime/VisualScripting.Core/Platforms/PlatformUtility.cs
 0.1 kb	 0.0% Packages/com.unity.visualscripting/Runtime/VisualScripting.Core/Platforms/IAotStubbable.cs
 0.1 kb	 0.0% Packages/com.unity.visualscripting/Runtime/VisualScripting.Core/Listeners/MessageListener.cs
 0.1 kb	 0.0% Packages/com.unity.visualscripting/Runtime/VisualScripting.Core/Graphs/IGraphElement.cs
 0.1 kb	 0.0% Packages/com.unity.visualscripting/Runtime/VisualScripting.Core/Graphs/IGraphDebugData.cs
 0.1 kb	 0.0% Packages/com.unity.visualscripting/Runtime/VisualScripting.Core/Graphs/GraphReference.cs
 0.1 kb	 0.0% Packages/com.unity.visualscripting/Runtime/VisualScripting.Core/Graphs/GraphInstances.cs
 0.1 kb	 0.0% Packages/com.unity.visualscripting/Runtime/VisualScripting.Core/Graphs/GraphDebugData.cs
 0.1 kb	 0.0% Packages/com.unity.visualscripting/Runtime/VisualScripting.Core/Events/IEventMachine.cs
 0.1 kb	 0.0% Packages/com.unity.visualscripting/Runtime/VisualScripting.Core/Events/EmptyEventArgs.cs
 0.1 kb	 0.0% Packages/com.unity.visualscripting/Runtime/VisualScripting.Core/Ensure/EnsureThat.Strings.cs
 0.1 kb	 0.0% Packages/com.unity.visualscripting/Runtime/VisualScripting.Core/Ensure/EnsureThat.Objects.cs
 0.1 kb	 0.0% Packages/com.unity.visualscripting/Runtime/VisualScripting.Core/Ensure/EnsureThat.Booleans.cs
 0.1 kb	 0.0% Packages/com.unity.visualscripting/Runtime/VisualScripting.Core/EditorBinding/TypeSetAttribute.cs
 0.1 kb	 0.0% Packages/com.unity.visualscripting/Runtime/VisualScripting.Core/Decorators/ValueAttribute.cs
 0.1 kb	 0.0% Packages/com.unity.visualscripting/Runtime/VisualScripting.Core/Collections/AotDictionary.cs
 0.1 kb	 0.0% Packages/com.unity.visualscripting/Runtime/VisualScripting.Core/Cloning/ISpecifiesCloner.cs
 0.1 kb	 0.0% Packages/com.unity.visualscripting/Runtime/VisualScripting.Core/Cloning/CloningContext.cs
 0.1 kb	 0.0% Packages/com.unity.visualscripting/Runtime/VisualScripting.Core/Cloning/Cloners/ReflectedCloner.cs
 0.1 kb	 0.0% Packages/com.unity.visualscripting/Runtime/VisualScripting.Core/Cloning/Cloners/GradientCloner.cs
 0.1 kb	 0.0% Packages/com.unity.visualscripting/Runtime/VisualScripting.Core/Cloning/Cloners/EnumerableCloner.cs
 0.1 kb	 0.0% Packages/com.unity.visualscripting/Runtime/VisualScripting.Core/Cloning/Cloners/DictionaryCloner.cs
 0.1 kb	 0.0% Packages/com.unity.ugui/Runtime/TMP/TMP_ScrollbarEventHandler.cs
 0.1 kb	 0.0% Packages/com.unity.ugui/Runtime/TMP/TMP_PackageResourceImporter.cs
 0.1 kb	 0.0% Packages/com.unity.timeline/Runtime/Utilities/TimelineCreateUtilities.cs
 0.1 kb	 0.0% Packages/com.unity.timeline/Runtime/Utilities/TimelineClipExtensions.cs
 0.1 kb	 0.0% Packages/com.unity.timeline/Runtime/Utilities/NotificationUtilities.cs
 0.1 kb	 0.0% Packages/com.unity.timeline/Runtime/Playables/PrefabControlPlayable.cs
 0.1 kb	 0.0% Packages/com.unity.timeline/Runtime/Playables/ParticleControlPlayable.cs
 0.1 kb	 0.0% Packages/com.unity.timeline/Runtime/Playables/DirectorControlPlayable.cs
 0.1 kb	 0.0% Packages/com.unity.timeline/Runtime/Events/Signals/CustomSignalEventDrawer.cs
 0.1 kb	 0.0% Packages/com.unity.timeline/Runtime/Attributes/TimelineHelpURLAttribute.cs
 0.1 kb	 0.0% Packages/com.unity.timeline/Runtime/Animation/AnimationPlayableAsset.cs
 0.1 kb	 0.0% Packages/com.unity.timeline/Runtime/Activation/ActivationPlayableAsset.cs
 0.1 kb	 0.0% Packages/com.unity.timeline/Runtime/Activation/ActivationMixerPlayable.cs
 0.1 kb	 0.0% Packages/com.unity.mathematics/Unity.Mathematics/PropertyAttributes.cs
 0.1 kb	 0.0% Packages/com.unity.inputsystem/InputSystem/State/InputStateBlock.cs
 0.1 kb	 0.0% Packages/com.unity.inputsystem/InputSystem/Plugins/iOS/iOSPostProcessBuild.cs
 0.1 kb	 0.0% Packages/com.unity.inputsystem/InputSystem/Plugins/XInput/XInputSupport.cs
 0.1 kb	 0.0% Packages/com.unity.inputsystem/InputSystem/Plugins/XInput/XInputController.cs
 0.1 kb	 0.0% Packages/com.unity.inputsystem/InputSystem/Plugins/XInput/IXboxOneRumble.cs
 0.1 kb	 0.0% Packages/com.unity.inputsystem/InputSystem/Plugins/WebGL/WebGLJoystick.cs
 0.1 kb	 0.0% Packages/com.unity.inputsystem/InputSystem/Plugins/UnityRemote/UnityRemoteSupport.cs
 0.1 kb	 0.0% Packages/com.unity.inputsystem/InputSystem/Plugins/Switch/SwitchSupportHID.cs
 0.1 kb	 0.0% Packages/com.unity.inputsystem/InputSystem/Plugins/PlayerInput/PlayerInputManager.cs
 0.1 kb	 0.0% Packages/com.unity.inputsystem/InputSystem/Plugins/PlayerInput/DefaultInputActions.cs
 0.1 kb	 0.0% Packages/com.unity.inputsystem/InputSystem/Plugins/OnScreen/OnScreenSupport.cs
 0.1 kb	 0.0% Packages/com.unity.inputsystem/InputSystem/Plugins/OnScreen/OnScreenStick.cs
 0.1 kb	 0.0% Packages/com.unity.inputsystem/InputSystem/Plugins/OnScreen/OnScreenControl.cs
 0.1 kb	 0.0% Packages/com.unity.inputsystem/InputSystem/Plugins/OnScreen/OnScreenButton.cs
 0.1 kb	 0.0% Packages/com.unity.inputsystem/InputSystem/Plugins/Linux/SDLDeviceBuilder.cs
 0.1 kb	 0.0% Packages/com.unity.inputsystem/InputSystem/Plugins/EnhancedTouch/TouchHistory.cs
 0.1 kb	 0.0% Packages/com.unity.inputsystem/InputSystem/Plugins/Android/AndroidSupport.cs
 0.1 kb	 0.0% Packages/com.unity.inputsystem/InputSystem/InputSystemObject.cs
 0.1 kb	 0.0% Packages/com.unity.inputsystem/InputSystem/InputManagerStateMonitors.cs
 0.1 kb	 0.0% Packages/com.unity.inputsystem/InputSystem/InputFeatureNames.cs
 0.1 kb	 0.0% Packages/com.unity.inputsystem/InputSystem/IInputRuntime.cs
 0.1 kb	 0.0% Packages/com.unity.inputsystem/InputSystem/IInputDiagnostics.cs
 0.1 kb	 0.0% Packages/com.unity.inputsystem/InputSystem/Events/InputEventTrace.cs
 0.1 kb	 0.0% Packages/com.unity.inputsystem/InputSystem/Events/InputEventStream.cs
 0.1 kb	 0.0% Packages/com.unity.inputsystem/InputSystem/Events/InputEventPtr.cs
 0.1 kb	 0.0% Packages/com.unity.inputsystem/InputSystem/Events/InputEventBuffer.cs
 0.1 kb	 0.0% Packages/com.unity.inputsystem/InputSystem/Events/DeviceResetEvent.cs
 0.1 kb	 0.0% Packages/com.unity.inputsystem/InputSystem/Events/DeltaStateEvent.cs
 0.1 kb	 0.0% Packages/com.unity.inputsystem/InputSystem/Editor/UITKAssetEditor/Views/PropertiesView.cs
 0.1 kb	 0.0% Packages/com.unity.inputsystem/InputSystem/Editor/UITKAssetEditor/Views/DropManipulator.cs
 0.1 kb	 0.0% Packages/com.unity.inputsystem/InputSystem/Editor/UITKAssetEditor/Views/CopyPasteHelper.cs
 0.1 kb	 0.0% Packages/com.unity.inputsystem/InputSystem/Editor/UITKAssetEditor/Views/ActionsTreeView.cs
 0.1 kb	 0.0% Packages/com.unity.inputsystem/InputSystem/Editor/UITKAssetEditor/Views/ActionMapsView.cs
 0.1 kb	 0.0% Packages/com.unity.inputsystem/InputSystem/Editor/UITKAssetEditor/StateContainer.cs
 0.1 kb	 0.0% Packages/com.unity.inputsystem/InputSystem/Editor/UITKAssetEditor/ExpressionUtils.cs
 0.1 kb	 0.0% Packages/com.unity.inputsystem/InputSystem/Editor/Internal/TreeViewHelpers.cs
 0.1 kb	 0.0% Packages/com.unity.inputsystem/InputSystem/Editor/Internal/InputStateWindow.cs
 0.1 kb	 0.0% Packages/com.unity.inputsystem/InputSystem/Editor/Internal/EditorHelpers.cs
 0.1 kb	 0.0% Packages/com.unity.inputsystem/InputSystem/Editor/Internal/AdvancedDropdown/AdvancedDropdown.cs
 0.1 kb	 0.0% Packages/com.unity.inputsystem/InputSystem/Editor/InputDiagnostics.cs
 0.1 kb	 0.0% Packages/com.unity.inputsystem/InputSystem/Devices/Haptics/IDualMotorRumble.cs
 0.1 kb	 0.0% Packages/com.unity.inputsystem/InputSystem/Devices/Haptics/DualMotorRumble.cs
 0.1 kb	 0.0% Packages/com.unity.inputsystem/InputSystem/Controls/Vector3Control.cs
 0.1 kb	 0.0% Packages/com.unity.inputsystem/InputSystem/Controls/Vector2Control.cs
 0.1 kb	 0.0% Packages/com.unity.inputsystem/InputSystem/Controls/IntegerControl.cs
 0.1 kb	 0.0% Packages/com.unity.inputsystem/InputSystem/Controls/DoubleControl.cs
 0.1 kb	 0.0% Packages/com.unity.inputsystem/InputSystem/Controls/ButtonControl.cs
 0.1 kb	 0.0% Packages/com.unity.inputsystem/InputSystem/Controls/AnyKeyControl.cs
 0.1 kb	 0.0% Packages/com.unity.inputsystem/InputSystem/Actions/InputControlScheme.cs
 0.1 kb	 0.0% Packages/com.unity.inputsystem/InputSystem/Actions/InputBindingResolver.cs
 0.1 kb	 0.0% Packages/com.unity.inputsystem/InputSystem/Actions/InputActionReference.cs
 0.1 kb	 0.0% Packages/com.unity.inputsystem/InputSystem/Actions/InputActionProperty.cs
 0.1 kb	 0.0% Packages/com.unity.inputsystem/InputSystem/Actions/IInputInteraction.cs
 0.1 kb	 0.0% Packages/com.unity.collections/Unity.Collections/UnsafeList.cs
 0.1 kb	 0.0% Packages/com.unity.collections/Unity.Collections/FixedStringParseMethods.cs
 0.1 kb	 0.0% Packages/com.unity.collections/Unity.Collections/FixedStringAppendMethods.cs
 0.1 kb	 0.0% Packages/com.unity.visualscripting/Runtime/VisualScripting.Core/Ensure/EnsureThat.Types.cs
 0.1 kb	 0.0% Packages/com.unity.visualscripting/Runtime/VisualScripting.Core/Ensure/EnsureThat.Guids.cs
 0.1 kb	 0.0% Packages/com.unity.visualscripting/Runtime/VisualScripting.Core/Dependencies/FullSerializer/fsResult.cs
 0.1 kb	 0.0% Packages/com.unity.visualscripting/Runtime/VisualScripting.Core/Dependencies/FullSerializer/fsData.cs
 0.1 kb	 0.0% Packages/com.unity.visualscripting/Runtime/VisualScripting.Core/Dependencies/FullSerializer/fsConfig.cs
 0.1 kb	 0.0% Packages/com.unity.ugui/Runtime/UGUI/UI/Core/Utility/ReflectionMethodsCache.cs
 0.1 kb	 0.0% Packages/com.unity.ugui/Runtime/UGUI/UI/Core/MultipleDisplayUtilities.cs
 0.1 kb	 0.0% Packages/com.unity.ugui/Runtime/UGUI/UI/Core/Layout/HorizontalLayoutGroup.cs
 0.1 kb	 0.0% Packages/com.unity.ugui/Runtime/UGUI/UI/Core/IGraphicEnabledDisabled.cs
 0.1 kb	 0.0% Packages/com.unity.ugui/Runtime/UGUI/UI/Core/GraphicRebuildTracker.cs
 0.1 kb	 0.0% Packages/com.unity.ugui/Runtime/UGUI/UI/Core/Culling/RectangularVertexClipper.cs
 0.1 kb	 0.0% Packages/com.unity.ugui/Runtime/UGUI/EventSystem/UIElements/PanelEventHandler.cs
 0.1 kb	 0.0% Packages/com.unity.ugui/Runtime/UGUI/EventSystem/Raycasters/Physics2DRaycaster.cs
 0.1 kb	 0.0% Packages/com.unity.ugui/Runtime/UGUI/EventSystem/InputModules/PointerInputModule.cs
 0.1 kb	 0.0% Packages/com.unity.timeline/Runtime/TimelineAttributes.cs
 0.1 kb	 0.0% Packages/com.unity.timeline/Runtime/Playables/BasicScriptPlayable.cs
 0.1 kb	 0.0% Packages/com.unity.inputsystem/InputSystem/Utilities/TypeTable.cs
 0.1 kb	 0.0% Packages/com.unity.inputsystem/InputSystem/Utilities/TypeHelpers.cs
 0.1 kb	 0.0% Packages/com.unity.inputsystem/InputSystem/Utilities/Substring.cs
 0.1 kb	 0.0% Packages/com.unity.inputsystem/InputSystem/Utilities/SavedState.cs
 0.1 kb	 0.0% Packages/com.unity.inputsystem/InputSystem/Utilities/Observables/Observable.cs
 0.1 kb	 0.0% Packages/com.unity.inputsystem/InputSystem/Utilities/NamedValue.cs
 0.1 kb	 0.0% Packages/com.unity.inputsystem/InputSystem/Utilities/MiscHelpers.cs
 0.1 kb	 0.0% Packages/com.unity.inputsystem/InputSystem/Utilities/JsonParser.cs
 0.1 kb	 0.0% Packages/com.unity.inputsystem/InputSystem/Utilities/ArrayHelpers.cs
 0.1 kb	 0.0% Packages/com.unity.inputsystem/InputSystem/Plugins/iOS/InputSettingsiOS.cs
 0.1 kb	 0.0% Packages/com.unity.inputsystem/InputSystem/Plugins/XR/XRLayoutBuilder.cs
 0.1 kb	 0.0% Packages/com.unity.inputsystem/InputSystem/Plugins/UI/NavigationModel.cs
 0.1 kb	 0.0% Packages/com.unity.inputsystem/InputSystem/InputUpdateType.cs
 0.1 kb	 0.0% Packages/com.unity.collections/Unity.Collections/UnsafeText.cs
 0.1 kb	 0.0% Packages/com.unity.collections/Unity.Collections/UnsafeStream.cs
 0.1 kb	 0.0% Packages/com.unity.collections/Unity.Collections/RewindableAllocator.cs
 0.1 kb	 0.0% Packages/com.unity.collections/Unity.Collections/FixedStringMethods.cs
 0.1 kb	 0.0% Packages/com.unity.collections/Unity.Collections/AutoFreeAllocator.cs
 0.1 kb	 0.0% Packages/com.unity.burst/Runtime/CompilerServices/AssumeRangeAttribute.cs
 0.1 kb	 0.0% Assets/Plugins/Demigiant/DOTween/Modules/DOTweenModuleUtils.cs
 0.1 kb	 0.0% Assets/Plugins/Demigiant/DOTween/Modules/DOTweenModuleSprite.cs
 0.1 kb	 0.0% Assets/Plugins/Demigiant/DOTween/Modules/DOTweenModulePhysics.cs
 0.1 kb	 0.0% Assets/Plugins/Demigiant/DOTween/Modules/DOTweenModuleAudio.cs
 0.1 kb	 0.0% Assets/NoSafeCircle/DoorPrototype/Scripts/PlayerManaUI.cs
 0.1 kb	 0.0% Assets/NoSafeCircle/DoorPrototype/Scripts/PlayerMana.cs
 0.1 kb	 0.0% Assets/NoSafeCircle/DoorPrototype/Scripts/PlayerHealth.cs
 0.1 kb	 0.0% Assets/NoSafeCircle/DoorPrototype/Scripts/EnemyHealth.cs
 0.1 kb	 0.0% Assets/NoSafeCircle/DoorPrototype/Scripts/DemoRunFlow.cs
 0.1 kb	 0.0% Packages/com.unity.visualscripting/Runtime/VisualScripting.State/SuperState.cs
 0.1 kb	 0.0% Packages/com.unity.visualscripting/Runtime/VisualScripting.State/StateUnit.cs
 0.1 kb	 0.0% Packages/com.unity.visualscripting/Runtime/VisualScripting.State/StateMachine.cs
 0.1 kb	 0.0% Packages/com.unity.visualscripting/Runtime/VisualScripting.State/StateGraph.cs
 0.1 kb	 0.0% Packages/com.unity.visualscripting/Runtime/VisualScripting.State/OnExitState.cs
 0.1 kb	 0.0% Packages/com.unity.visualscripting/Runtime/VisualScripting.State/OnEnterState.cs
 0.1 kb	 0.0% Packages/com.unity.visualscripting/Runtime/VisualScripting.State/INesterState.cs
 0.1 kb	 0.0% Packages/com.unity.visualscripting/Runtime/VisualScripting.State/FlowState.cs
 0.1 kb	 0.0% Packages/com.unity.visualscripting/Runtime/VisualScripting.Flow/UnitCategory.cs
 0.1 kb	 0.0% Packages/com.unity.visualscripting/Runtime/VisualScripting.Flow/SubgraphUnit.cs
 0.1 kb	 0.0% Packages/com.unity.visualscripting/Runtime/VisualScripting.Flow/Ports/ValueOutput.cs
 0.1 kb	 0.0% Packages/com.unity.visualscripting/Runtime/VisualScripting.Flow/Ports/ValueInput.cs
 0.1 kb	 0.0% Packages/com.unity.visualscripting/Runtime/VisualScripting.Flow/Ports/InvalidInput.cs
 0.1 kb	 0.0% Packages/com.unity.visualscripting/Runtime/VisualScripting.Flow/Ports/IUnitPort.cs
 0.1 kb	 0.0% Packages/com.unity.visualscripting/Runtime/VisualScripting.Flow/Ports/ControlInput.cs
 0.1 kb	 0.0% Packages/com.unity.visualscripting/Runtime/VisualScripting.Flow/INesterUnit.cs
 0.1 kb	 0.0% Packages/com.unity.visualscripting/Runtime/VisualScripting.Flow/Framework/Variables/SetVariable.cs
 0.1 kb	 0.0% Packages/com.unity.visualscripting/Runtime/VisualScripting.Flow/Framework/Variables/Obsolete/VariableUnit.cs
 0.1 kb	 0.0% Packages/com.unity.visualscripting/Runtime/VisualScripting.Flow/Framework/Variables/GetVariable.cs
 0.1 kb	 0.0% Packages/com.unity.visualscripting/Runtime/VisualScripting.Flow/Framework/Time/WaitForFlow.cs
 0.1 kb	 0.0% Packages/com.unity.visualscripting/Runtime/VisualScripting.Flow/Framework/Nulls/NullCoalesce.cs
 0.1 kb	 0.0% Packages/com.unity.visualscripting/Runtime/VisualScripting.Flow/Framework/Nulls/NullCheck.cs
 0.1 kb	 0.0% Packages/com.unity.visualscripting/Runtime/VisualScripting.Flow/Framework/Nesting/GraphOutput.cs
 0.1 kb	 0.0% Packages/com.unity.visualscripting/Runtime/VisualScripting.Flow/Framework/Nesting/GraphInput.cs
 0.1 kb	 0.0% Packages/com.unity.visualscripting/Runtime/VisualScripting.Flow/Framework/MissingType.cs
 0.1 kb	 0.0% Packages/com.unity.visualscripting/Runtime/VisualScripting.Flow/Framework/Math/Vector4/Vector4Sum.cs
 0.1 kb	 0.0% Packages/com.unity.visualscripting/Runtime/VisualScripting.Flow/Framework/Math/Vector4/Vector4Round.cs
 0.1 kb	 0.0% Packages/com.unity.visualscripting/Runtime/VisualScripting.Flow/Framework/Math/Vector4/Vector4Lerp.cs
 0.1 kb	 0.0% Packages/com.unity.visualscripting/Runtime/VisualScripting.Flow/Framework/Math/Vector3/Vector3Sum.cs
 0.1 kb	 0.0% Packages/com.unity.visualscripting/Runtime/VisualScripting.Flow/Framework/Math/Vector3/Vector3Round.cs
 0.1 kb	 0.0% Packages/com.unity.visualscripting/Runtime/VisualScripting.Flow/Framework/Math/Vector3/Vector3Lerp.cs
 0.1 kb	 0.0% Packages/com.unity.visualscripting/Runtime/VisualScripting.Flow/Framework/Math/Vector3/Vector3Angle.cs
 0.1 kb	 0.0% Packages/com.unity.visualscripting/Runtime/VisualScripting.Flow/Framework/Math/Vector2/Vector2Sum.cs
 0.1 kb	 0.0% Packages/com.unity.visualscripting/Runtime/VisualScripting.Flow/Framework/Math/Vector2/Vector2Round.cs
 0.1 kb	 0.0% Packages/com.unity.visualscripting/Runtime/VisualScripting.Flow/Framework/Math/Vector2/Vector2Lerp.cs
 0.1 kb	 0.0% Packages/com.unity.visualscripting/Runtime/VisualScripting.Flow/Framework/Math/Vector2/Vector2Angle.cs
 0.1 kb	 0.0% Packages/com.unity.visualscripting/Runtime/VisualScripting.Flow/Framework/Math/Scalar/ScalarSum.cs
 0.1 kb	 0.0% Packages/com.unity.visualscripting/Runtime/VisualScripting.Flow/Framework/Math/Scalar/ScalarRound.cs
 0.1 kb	 0.0% Packages/com.unity.visualscripting/Runtime/VisualScripting.Flow/Framework/Math/Scalar/ScalarRoot.cs
 0.1 kb	 0.0% Packages/com.unity.visualscripting/Runtime/VisualScripting.Flow/Framework/Math/Scalar/ScalarModulo.cs
 0.1 kb	 0.0% Packages/com.unity.visualscripting/Runtime/VisualScripting.Flow/Framework/Math/Scalar/ScalarLerp.cs
 0.1 kb	 0.0% Packages/com.unity.visualscripting/Runtime/VisualScripting.Flow/Framework/Math/Scalar/ScalarDivide.cs
 0.1 kb	 0.0% Packages/com.unity.visualscripting/Runtime/VisualScripting.Flow/Framework/Math/Generic/GenericSum.cs
 0.1 kb	 0.0% Packages/com.unity.visualscripting/Runtime/VisualScripting.Flow/Framework/Logic/LessOrEqual.cs
 0.1 kb	 0.0% Packages/com.unity.visualscripting/Runtime/VisualScripting.Flow/Framework/Logic/ExclusiveOr.cs
 0.1 kb	 0.0% Packages/com.unity.visualscripting/Runtime/VisualScripting.Flow/Framework/Logic/Comparison.cs
 0.1 kb	 0.0% Packages/com.unity.visualscripting/Runtime/VisualScripting.Flow/Framework/Events/Physics/OnJointBreak.cs
 0.1 kb	 0.0% Packages/com.unity.visualscripting/Runtime/VisualScripting.Flow/Framework/Events/Lifecycle/OnDisable.cs
 0.1 kb	 0.0% Packages/com.unity.visualscripting/Runtime/VisualScripting.Flow/Framework/Events/Lifecycle/OnDestroy.cs
 0.1 kb	 0.0% Packages/com.unity.visualscripting/Runtime/VisualScripting.Flow/Framework/Events/Lifecycle/LateUpdate.cs
 0.1 kb	 0.0% Packages/com.unity.visualscripting/Runtime/VisualScripting.Flow/Framework/Events/Lifecycle/FixedUpdate.cs
 0.1 kb	 0.0% Packages/com.unity.visualscripting/Runtime/VisualScripting.Flow/Framework/Events/Input/OnMouseUp.cs
 0.1 kb	 0.0% Packages/com.unity.visualscripting/Runtime/VisualScripting.Flow/Framework/Events/Input/OnMouseOver.cs
 0.1 kb	 0.0% Packages/com.unity.visualscripting/Runtime/VisualScripting.Flow/Framework/Events/Input/OnMouseInput.cs
 0.1 kb	 0.0% Packages/com.unity.visualscripting/Runtime/VisualScripting.Flow/Framework/Events/Input/OnMouseExit.cs
 0.1 kb	 0.0% Packages/com.unity.visualscripting/Runtime/VisualScripting.Flow/Framework/Events/Input/OnMouseEnter.cs
 0.1 kb	 0.0% Packages/com.unity.visualscripting/Runtime/VisualScripting.Flow/Framework/Events/Input/OnMouseDrag.cs
 0.1 kb	 0.0% Packages/com.unity.visualscripting/Runtime/VisualScripting.Flow/Framework/Events/Input/OnMouseDown.cs
 0.1 kb	 0.0% Packages/com.unity.visualscripting/Runtime/VisualScripting.Flow/Framework/Events/IEventUnit.cs
 0.1 kb	 0.0% Packages/com.unity.visualscripting/Runtime/VisualScripting.Flow/Framework/Events/GUI/OnPointerUp.cs
 0.1 kb	 0.0% Packages/com.unity.visualscripting/Runtime/VisualScripting.Flow/Framework/Events/GUI/OnEndDrag.cs
 0.1 kb	 0.0% Packages/com.unity.visualscripting/Runtime/VisualScripting.Flow/Framework/Events/GUI/OnDeselect.cs
 0.1 kb	 0.0% Packages/com.unity.visualscripting/Runtime/VisualScripting.Flow/Framework/Events/GUI/OnBeginDrag.cs
 0.1 kb	 0.0% Packages/com.unity.visualscripting/Runtime/VisualScripting.Flow/Framework/Events/Editor/OnDrawGizmos.cs
 0.1 kb	 0.0% Packages/com.unity.visualscripting/Runtime/VisualScripting.Flow/Framework/Events/CustomEvent.cs
 0.1 kb	 0.0% Packages/com.unity.visualscripting/Runtime/VisualScripting.Flow/Framework/Events/Animation/OnAnimatorIK.cs
 0.1 kb	 0.0% Packages/com.unity.visualscripting/Runtime/VisualScripting.Flow/Framework/Control/ToggleValue.cs
 0.1 kb	 0.0% Packages/com.unity.visualscripting/Runtime/VisualScripting.Flow/Framework/Control/ToggleFlow.cs
 0.1 kb	 0.0% Packages/com.unity.visualscripting/Runtime/VisualScripting.Flow/Framework/Control/SwitchOnEnum.cs
 0.1 kb	 0.0% Packages/com.unity.visualscripting/Runtime/VisualScripting.Flow/Framework/Control/SelectUnit_T.cs
 0.1 kb	 0.0% Packages/com.unity.visualscripting/Runtime/VisualScripting.Flow/Framework/Control/SelectUnit.cs
 0.1 kb	 0.0% Packages/com.unity.visualscripting/Runtime/VisualScripting.Flow/Framework/Control/SelectOnFlow.cs
 0.1 kb	 0.0% Packages/com.unity.visualscripting/Runtime/VisualScripting.Flow/Framework/Control/SelectOnEnum.cs
 0.1 kb	 0.0% Packages/com.unity.visualscripting/Runtime/VisualScripting.Flow/Framework/Control/ISelectUnit.cs
 0.1 kb	 0.0% Packages/com.unity.visualscripting/Runtime/VisualScripting.Flow/Framework/Control/IBranchUnit.cs
 0.1 kb	 0.0% Packages/com.unity.visualscripting/Runtime/VisualScripting.Flow/Framework/Collections/Lists/SetListItem.cs
 0.1 kb	 0.0% Packages/com.unity.visualscripting/Runtime/VisualScripting.Flow/Framework/Collections/Lists/MergeLists.cs
 0.1 kb	 0.0% Packages/com.unity.visualscripting/Runtime/VisualScripting.Flow/Framework/Collections/Lists/GetListItem.cs
 0.1 kb	 0.0% Packages/com.unity.visualscripting/Runtime/VisualScripting.Flow/Framework/Collections/Lists/CreateList.cs
 0.1 kb	 0.0% Packages/com.unity.visualscripting/Runtime/VisualScripting.Flow/Framework/Collections/Lists/ClearList.cs
 0.1 kb	 0.0% Packages/com.unity.visualscripting/Runtime/VisualScripting.Flow/Framework/Collections/Lists/AddListItem.cs
 0.1 kb	 0.0% Packages/com.unity.visualscripting/Runtime/VisualScripting.Flow/Framework/Collections/FirstItem.cs
 0.1 kb	 0.0% Packages/com.unity.visualscripting/Runtime/VisualScripting.Flow/Framework/Collections/CountItems.cs
 0.1 kb	 0.0% Packages/com.unity.visualscripting/Runtime/VisualScripting.Flow/Framework/Codebase/SetMember.cs
 0.1 kb	 0.0% Packages/com.unity.visualscripting/Runtime/VisualScripting.Flow/Framework/Codebase/MemberUnit.cs
 0.1 kb	 0.0% Packages/com.unity.visualscripting/Runtime/VisualScripting.Flow/Framework/Codebase/InvokeMember.cs
 0.1 kb	 0.0% Packages/com.unity.visualscripting/Runtime/VisualScripting.Flow/Framework/Codebase/GetMember.cs
 0.1 kb	 0.0% Packages/com.unity.visualscripting/Runtime/VisualScripting.Flow/Framework/Codebase/CreateStruct.cs
 0.1 kb	 0.0% Packages/com.unity.visualscripting/Runtime/VisualScripting.Flow/FlowGraph.cs
 0.1 kb	 0.0% Packages/com.unity.visualscripting/Runtime/VisualScripting.Flow/Connections/UnitRelation.cs
 0.1 kb	 0.0% Packages/com.unity.visualscripting/Runtime/VisualScripting.Core/Variables/Variables.cs
 0.1 kb	 0.0% Packages/com.unity.visualscripting/Runtime/VisualScripting.Core/Utilities/Recursion.cs
 0.1 kb	 0.0% Packages/com.unity.visualscripting/Runtime/VisualScripting.Core/Utilities/LinqUtility.cs
 0.1 kb	 0.0% Packages/com.unity.visualscripting/Runtime/VisualScripting.Core/Utilities/IGettable.cs
 0.1 kb	 0.0% Packages/com.unity.visualscripting/Runtime/VisualScripting.Core/Utilities/HashUtility.cs
 0.1 kb	 0.0% Packages/com.unity.visualscripting/Runtime/VisualScripting.Core/Utilities/EnumUtility.cs
 0.1 kb	 0.0% Packages/com.unity.visualscripting/Runtime/VisualScripting.Core/Unity/UnityThread.cs
 0.1 kb	 0.0% Packages/com.unity.visualscripting/Runtime/VisualScripting.Core/Unity/ISingleton.cs
 0.1 kb	 0.0% Packages/com.unity.visualscripting/Runtime/VisualScripting.Core/Unity/IGizmoDrawer.cs
 0.1 kb	 0.0% Packages/com.unity.visualscripting/Runtime/VisualScripting.Core/StickyNote/StickyNote.cs
 0.1 kb	 0.0% Packages/com.unity.visualscripting/Runtime/VisualScripting.Core/Serialization/Converters/RayConverter.cs
 0.1 kb	 0.0% Packages/com.unity.visualscripting/Runtime/VisualScripting.Core/Reflection/TypeUtility.cs
 0.1 kb	 0.0% Packages/com.unity.visualscripting/Runtime/VisualScripting.Core/Reflection/TypeFilter.cs
 0.1 kb	 0.0% Packages/com.unity.visualscripting/Runtime/VisualScripting.Core/Reflection/Optimization/InvokerBase.cs
 0.1 kb	 0.0% Packages/com.unity.visualscripting/Runtime/VisualScripting.Core/Reflection/Operators/PlusHandler.cs
 0.1 kb	 0.0% Packages/com.unity.visualscripting/Runtime/VisualScripting.Core/Reflection/Operators/OrHandler.cs
 0.1 kb	 0.0% Packages/com.unity.visualscripting/Runtime/VisualScripting.Core/Reflection/Operators/AndHandler.cs
 0.1 kb	 0.0% Packages/com.unity.visualscripting/Runtime/VisualScripting.Core/Reflection/Namespace.cs
 0.1 kb	 0.0% Packages/com.unity.visualscripting/Runtime/VisualScripting.Core/Reflection/MemberFilter.cs
 0.1 kb	 0.0% Packages/com.unity.visualscripting/Runtime/VisualScripting.Core/Reflection/IPrewarmable.cs
 0.1 kb	 0.0% Packages/com.unity.visualscripting/Runtime/VisualScripting.Core/Pooling/IPoolable.cs
 0.1 kb	 0.0% Packages/com.unity.visualscripting/Runtime/VisualScripting.Core/Groups/GraphGroup.cs
 0.1 kb	 0.0% Packages/com.unity.visualscripting/Runtime/VisualScripting.Core/Graphs/IGraphRoot.cs
 0.1 kb	 0.0% Packages/com.unity.visualscripting/Runtime/VisualScripting.Core/Graphs/IGraphParent.cs
 0.1 kb	 0.0% Packages/com.unity.visualscripting/Runtime/VisualScripting.Core/Graphs/IGraphNester.cs
 0.1 kb	 0.0% Packages/com.unity.visualscripting/Runtime/VisualScripting.Core/Graphs/IGraphNest.cs
 0.1 kb	 0.0% Packages/com.unity.visualscripting/Runtime/VisualScripting.Core/Graphs/IGraphItem.cs
 0.1 kb	 0.0% Packages/com.unity.visualscripting/Runtime/VisualScripting.Core/Graphs/IGraphData.cs
 0.1 kb	 0.0% Packages/com.unity.visualscripting/Runtime/VisualScripting.Core/Graphs/GraphStack.cs
 0.1 kb	 0.0% Packages/com.unity.visualscripting/Runtime/VisualScripting.Core/Graphs/GraphPointer.cs
 0.1 kb	 0.0% Packages/com.unity.visualscripting/Runtime/VisualScripting.Core/Exceptions/DebugUtility.cs
 0.1 kb	 0.0% Packages/com.unity.visualscripting/Runtime/VisualScripting.Core/Events/IEventGraph.cs
 0.1 kb	 0.0% Packages/com.unity.visualscripting/Runtime/VisualScripting.Core/Events/EventHooks.cs
 0.1 kb	 0.0% Packages/com.unity.visualscripting/Runtime/VisualScripting.Core/Events/EventHook.cs
 0.1 kb	 0.0% Packages/com.unity.visualscripting/Runtime/VisualScripting.Core/Ensure/Extensions/XComparable.cs
 0.1 kb	 0.0% Packages/com.unity.visualscripting/Runtime/VisualScripting.Core/Ensure/EnsureThat.cs
 0.1 kb	 0.0% Packages/com.unity.visualscripting/Runtime/VisualScripting.Core/Cloning/Cloners/ListCloner.cs
 0.1 kb	 0.0% Packages/com.unity.visualscripting/Runtime/VisualScripting.Core/Cloning/Cloners/FieldsCloner.cs
 0.1 kb	 0.0% Packages/com.unity.visualscripting/Runtime/VisualScripting.Core/Cloning/Cloners/ArrayCloner.cs
 0.1 kb	 0.0% Packages/com.unity.ugui/Runtime/UGUI/UI/Animation/CoroutineTween.cs
 0.1 kb	 0.0% Packages/com.unity.ugui/Runtime/UGUI/EventSystem/EventInterfaces.cs
 0.1 kb	 0.0% Packages/com.unity.ugui/Runtime/TMP/TMPro_ExtensionMethods.cs
 0.1 kb	 0.0% Packages/com.unity.ugui/Runtime/TMP/TMP_TextParsingUtilities.cs
 0.1 kb	 0.0% Packages/com.unity.ugui/Runtime/TMP/TMP_TextElement_Legacy.cs
 0.1 kb	 0.0% Packages/com.unity.ugui/Runtime/TMP/TMP_FontAssetUtilities.cs
 0.1 kb	 0.0% Packages/com.unity.ugui/Runtime/TMP/MaterialReferenceManager.cs
 0.1 kb	 0.0% Packages/com.unity.ugui/Runtime/TMP/FontFeatureCommonGSUB.cs
 0.1 kb	 0.0% Packages/com.unity.timeline/Runtime/Utilities/IPropertyCollector.cs
 0.1 kb	 0.0% Packages/com.unity.timeline/Runtime/Utilities/AnimatorBindingCache.cs
 0.1 kb	 0.0% Packages/com.unity.timeline/Runtime/Playables/TimeControlPlayable.cs
 0.1 kb	 0.0% Packages/com.unity.timeline/Runtime/Evaluation/ScheduleRuntimeClip.cs
 0.1 kb	 0.0% Packages/com.unity.timeline/Runtime/Evaluation/InfiniteRuntimeClip.cs
 0.1 kb	 0.0% Packages/com.unity.timeline/Runtime/Control/ControlPlayableAsset.cs
 0.1 kb	 0.0% Packages/com.unity.timeline/Runtime/Audio/AudioPlayableAsset.cs
 0.1 kb	 0.0% Packages/com.unity.timeline/Runtime/Audio/AudioMixerProperties.cs
 0.1 kb	 0.0% Packages/com.unity.timeline/Runtime/Audio/AudioClipProperties.cs
 0.1 kb	 0.0% Packages/com.unity.timeline/Runtime/Attributes/TrackColorAttribute.cs
 0.1 kb	 0.0% Packages/com.unity.inputsystem/InputSystem/Utilities/DynamicBitfield.cs
 0.1 kb	 0.0% Packages/com.unity.inputsystem/InputSystem/State/InputState.cs
 0.1 kb	 0.0% Packages/com.unity.inputsystem/InputSystem/Plugins/WebGL/WebGLSupport.cs
 0.1 kb	 0.0% Packages/com.unity.inputsystem/InputSystem/Plugins/WebGL/WebGLGamepad.cs
 0.1 kb	 0.0% Packages/com.unity.inputsystem/InputSystem/Plugins/Users/InputUser.cs
 0.1 kb	 0.0% Packages/com.unity.inputsystem/InputSystem/Plugins/Linux/LinuxSupport.cs
 0.1 kb	 0.0% Packages/com.unity.inputsystem/InputSystem/Plugins/EnhancedTouch/Touch.cs
 0.1 kb	 0.0% Packages/com.unity.inputsystem/InputSystem/Plugins/EnhancedTouch/Finger.cs
 0.1 kb	 0.0% Packages/com.unity.inputsystem/InputSystem/InputSettings.cs
 0.1 kb	 0.0% Packages/com.unity.inputsystem/InputSystem/InputMetrics.cs
 0.1 kb	 0.0% Packages/com.unity.inputsystem/InputSystem/InputExtensions.cs
 0.1 kb	 0.0% Packages/com.unity.inputsystem/InputSystem/InputAnalytics.cs
 0.1 kb	 0.0% Packages/com.unity.inputsystem/InputSystem/Events/TextEvent.cs
 0.1 kb	 0.0% Packages/com.unity.inputsystem/InputSystem/Events/StateEvent.cs
 0.1 kb	 0.0% Packages/com.unity.inputsystem/InputSystem/Events/InputEvent.cs
 0.1 kb	 0.0% Packages/com.unity.inputsystem/InputSystem/Events/ActionEvent.cs
 0.1 kb	 0.0% Packages/com.unity.inputsystem/InputSystem/Editor/UITKAssetEditor/Views/Selectors.cs
 0.1 kb	 0.0% Packages/com.unity.inputsystem/InputSystem/Editor/UITKAssetEditor/Views/ContextMenu.cs
 0.1 kb	 0.0% Packages/com.unity.inputsystem/InputSystem/Editor/Internal/GUIHelpers.cs
 0.1 kb	 0.0% Packages/com.unity.inputsystem/InputSystem/Devices/TrackedDevice.cs
 0.1 kb	 0.0% Packages/com.unity.inputsystem/InputSystem/Devices/Remote/InputRemoting.cs
 0.1 kb	 0.0% Packages/com.unity.inputsystem/InputSystem/Devices/Precompiled/FastTouchscreen.cs
 0.1 kb	 0.0% Packages/com.unity.inputsystem/InputSystem/Devices/Precompiled/FastMouse.partial.cs
 0.1 kb	 0.0% Packages/com.unity.inputsystem/InputSystem/Devices/IEventMerger.cs
 0.1 kb	 0.0% Packages/com.unity.inputsystem/InputSystem/Controls/TouchControl.cs
 0.1 kb	 0.0% Packages/com.unity.inputsystem/InputSystem/Controls/StickControl.cs
 0.1 kb	 0.0% Packages/com.unity.inputsystem/InputSystem/Controls/KeyControl.cs
 0.1 kb	 0.0% Packages/com.unity.inputsystem/InputSystem/Controls/InputProcessor.cs
 0.1 kb	 0.0% Packages/com.unity.inputsystem/InputSystem/Controls/InputControlPath.cs
 0.1 kb	 0.0% Packages/com.unity.inputsystem/InputSystem/Controls/DpadControl.cs
 0.1 kb	 0.0% Packages/com.unity.inputsystem/InputSystem/Controls/DeltaControl.cs
 0.1 kb	 0.0% Packages/com.unity.inputsystem/InputSystem/Controls/AxisControl.cs
 0.1 kb	 0.0% Packages/com.unity.inputsystem/InputSystem/Actions/InputActionState.cs
 0.1 kb	 0.0% Packages/com.unity.inputsystem/InputSystem/Actions/InputActionMap.cs
 0.1 kb	 0.0% Packages/com.unity.inputsystem/InputSystem/Actions/InputActionAsset.cs
 0.1 kb	 0.0% Packages/com.unity.collections/Unity.Collections/UnsafeQueue.cs
 0.1 kb	 0.0% Packages/com.unity.collections/Unity.Collections/NativeHashMap.cs
 0.1 kb	 0.0% Packages/com.unity.collections/Unity.Collections/FixedStringFormat.gen.cs
 0.1 kb	 0.0% Packages/com.unity.collections/Unity.Collections/FixedString.gen.cs
 0.1 kb	 0.0% Packages/com.unity.ugui/Runtime/UGUI/UI/Core/SetPropertyUtility.cs
 0.1 kb	 0.0% Packages/com.unity.ugui/Runtime/UGUI/UI/Core/MaterialModifiers/IMaterialModifier.cs
 0.1 kb	 0.0% Packages/com.unity.ugui/Runtime/UGUI/UI/Core/Layout/VerticalLayoutGroup.cs
 0.1 kb	 0.0% Packages/com.unity.ugui/Runtime/UGUI/UI/Core/Layout/ContentSizeFitter.cs
 0.1 kb	 0.0% Packages/com.unity.ugui/Runtime/UGUI/UI/Core/Layout/AspectRatioFitter.cs
 0.1 kb	 0.0% Packages/com.unity.ugui/Runtime/UGUI/UI/Core/FontUpdateTracker.cs
 0.1 kb	 0.0% Packages/com.unity.ugui/Runtime/UGUI/UI/Core/CanvasUpdateRegistry.cs
 0.1 kb	 0.0% Packages/com.unity.ugui/Runtime/UGUI/UI/Core/AnimationTriggers.cs
 0.1 kb	 0.0% Packages/com.unity.ugui/Runtime/UGUI/EventSystem/UIElements/PanelRaycaster.cs
 0.1 kb	 0.0% Packages/com.unity.ugui/Runtime/UGUI/EventSystem/Raycasters/PhysicsRaycaster.cs
 0.1 kb	 0.0% Packages/com.unity.ugui/Runtime/UGUI/EventSystem/Raycasters/BaseRaycaster.cs
 0.1 kb	 0.0% Packages/com.unity.ugui/Runtime/UGUI/EventSystem/RaycasterManager.cs
 0.1 kb	 0.0% Packages/com.unity.ugui/Runtime/UGUI/EventSystem/RaycastResult.cs
 0.1 kb	 0.0% Packages/com.unity.ugui/Runtime/UGUI/EventSystem/InputModules/TouchInputModule.cs
 0.1 kb	 0.0% Packages/com.unity.ugui/Runtime/UGUI/EventSystem/InputModules/BaseInputModule.cs
 0.1 kb	 0.0% Packages/com.unity.ugui/Runtime/UGUI/EventSystem/ExecuteEvents.cs
 0.1 kb	 0.0% Packages/com.unity.ugui/Runtime/UGUI/EventSystem/EventData/PointerEventData.cs
 0.1 kb	 0.0% Packages/com.unity.ugui/Runtime/UGUI/EventSystem/EventData/BaseEventData.cs
 0.1 kb	 0.0% Packages/com.unity.ugui/Runtime/UGUI/EventSystem/EventData/AxisEventData.cs
 0.1 kb	 0.0% Packages/com.unity.ugui/Runtime/TMP/TMP_TextProcessingStack.cs
 0.1 kb	 0.0% Packages/com.unity.ugui/Runtime/TMP/TMP_FontFeaturesCommon.cs
 0.1 kb	 0.0% Packages/com.unity.timeline/Runtime/Extensions/TrackExtensions.cs
 0.1 kb	 0.0% Packages/com.unity.timeline/Runtime/ClipCaps.cs
 0.1 kb	 0.0% Packages/com.unity.mathematics/Unity.Mathematics/rigid_transform.cs
 0.1 kb	 0.0% Packages/com.unity.mathematics/Unity.Mathematics/math_unity_conversion.cs
 0.1 kb	 0.0% Packages/com.unity.mathematics/Unity.Mathematics/affine_transform.cs
 0.1 kb	 0.0% Packages/com.unity.mathematics/Unity.Mathematics/Geometry/MinMaxAABB.cs
 0.1 kb	 0.0% Packages/com.unity.inputsystem/InputSystem/Utilities/FourCC.cs
 0.1 kb	 0.0% Packages/com.unity.inputsystem/InputSystem/Plugins/iOS/iOSSupport.cs
 0.1 kb	 0.0% Packages/com.unity.inputsystem/InputSystem/Plugins/XR/XRSupport.cs
 0.1 kb	 0.0% Packages/com.unity.inputsystem/InputSystem/Plugins/XR/GenericXRDevice.cs
 0.1 kb	 0.0% Packages/com.unity.inputsystem/InputSystem/Plugins/XR/Devices/WindowsMR.cs
 0.1 kb	 0.0% Packages/com.unity.inputsystem/InputSystem/Plugins/XR/Controls/PoseControl.cs
 0.1 kb	 0.0% Packages/com.unity.inputsystem/InputSystem/Plugins/UI/PointerModel.cs
 0.1 kb	 0.0% Packages/com.unity.inputsystem/InputSystem/Plugins/OSX/OSXSupport.cs
 0.1 kb	 0.0% Packages/com.unity.inputsystem/InputSystem/Plugins/HID/HIDSupport.cs
 0.1 kb	 0.0% Packages/com.unity.inputsystem/InputSystem/Plugins/HID/HIDParser.cs
 0.1 kb	 0.0% Packages/com.unity.collections/Unity.Collections/xxHash3.StreamingState.cs
 0.1 kb	 0.0% Packages/com.unity.collections/Unity.Collections/NativeSort.cs
 0.1 kb	 0.0% Packages/com.unity.collections/Unity.Collections/NativeBitArray.cs
 0.1 kb	 0.0% Packages/com.unity.collections/Unity.Collections/ListExtensions.cs
 0.1 kb	 0.0% Packages/com.unity.collections/Unity.Collections/Jobs/IJobParallelForDefer.cs
 0.1 kb	 0.0% Packages/com.unity.collections/Unity.Collections/Jobs/IJobParallelForBatch.cs
 0.1 kb	 0.0% Packages/com.unity.collections/Unity.Collections/FixedStringUtils.cs
 0.1 kb	 0.0% Packages/com.unity.collections/Unity.Collections/DataStreamWriter.cs
 0.1 kb	 0.0% Packages/com.unity.collections/Unity.Collections/DataStreamReader.cs
 0.1 kb	 0.0% Packages/com.unity.collections/Unity.Collections/ConcurrentMask.cs
 0.1 kb	 0.0% Packages/com.unity.collections/Unity.Collections/CollectionHelper.cs
 0.1 kb	 0.0% Packages/com.unity.collections/Unity.Collections/AllocatorManager.cs
 0.1 kb	 0.0% Packages/com.unity.burst/Runtime/SafeStringArrayHelper.cs
 0.1 kb	 0.0% Packages/com.unity.burst/Runtime/Editor/BurstEditorOptions.cs
 0.1 kb	 0.0% Packages/com.unity.burst/Runtime/Editor/BurstCompileTarget.cs
 0.1 kb	 0.0% Packages/com.unity.burst/Runtime/Editor/BurstAssemblyDisable.cs
 0.1 kb	 0.0% Packages/com.unity.burst/Runtime/BurstCompileAttribute.cs
 0.1 kb	 0.0% Packages/com.unity.ai.navigation/Runtime/NavMeshSurface.cs
 0.1 kb	 0.0% Packages/com.unity.ai.navigation/Runtime/NavMeshModifier.cs
 0.1 kb	 0.0% Assets/Plugins/Demigiant/DOTween/Modules/DOTweenModuleUI.cs
 0.1 kb	 0.0% Packages/com.unity.visualscripting/Runtime/VisualScripting.State/State.cs
 0.1 kb	 0.0% Packages/com.unity.visualscripting/Runtime/VisualScripting.State/IState.cs
 0.1 kb	 0.0% Packages/com.unity.visualscripting/Runtime/VisualScripting.State/AnyState.cs
 0.1 kb	 0.0% Packages/com.unity.visualscripting/Runtime/VisualScripting.Flow/IUnit.cs
 0.1 kb	 0.0% Packages/com.unity.visualscripting/Runtime/VisualScripting.Flow/Framework/Time/WaitUnit.cs
 0.1 kb	 0.0% Packages/com.unity.visualscripting/Runtime/VisualScripting.Flow/Framework/Time/Timer.cs
 0.1 kb	 0.0% Packages/com.unity.visualscripting/Runtime/VisualScripting.Flow/Framework/Time/Cooldown.cs
 0.1 kb	 0.0% Packages/com.unity.visualscripting/Runtime/VisualScripting.Flow/Framework/Logic/NotEqual.cs
 0.1 kb	 0.0% Packages/com.unity.visualscripting/Runtime/VisualScripting.Flow/Framework/Logic/Negate.cs
 0.1 kb	 0.0% Packages/com.unity.visualscripting/Runtime/VisualScripting.Flow/Framework/Logic/Greater.cs
 0.1 kb	 0.0% Packages/com.unity.visualscripting/Runtime/VisualScripting.Flow/Framework/Logic/Equal.cs
 0.1 kb	 0.0% Packages/com.unity.visualscripting/Runtime/VisualScripting.Flow/Framework/Literal.cs
 0.1 kb	 0.0% Packages/com.unity.visualscripting/Runtime/VisualScripting.Flow/Framework/Formula.cs
 0.1 kb	 0.0% Packages/com.unity.visualscripting/Runtime/VisualScripting.Flow/Framework/Events/Lifecycle/Update.cs
 0.1 kb	 0.0% Packages/com.unity.visualscripting/Runtime/VisualScripting.Flow/Framework/Events/Lifecycle/Start.cs
 0.1 kb	 0.0% Packages/com.unity.visualscripting/Runtime/VisualScripting.Flow/Framework/Events/Lifecycle/OnEnable.cs
 0.1 kb	 0.0% Packages/com.unity.visualscripting/Runtime/VisualScripting.Flow/Framework/Events/GUI/OnSubmit.cs
 0.1 kb	 0.0% Packages/com.unity.visualscripting/Runtime/VisualScripting.Flow/Framework/Events/GUI/OnSelect.cs
 0.1 kb	 0.0% Packages/com.unity.visualscripting/Runtime/VisualScripting.Flow/Framework/Events/GUI/OnScroll.cs
 0.1 kb	 0.0% Packages/com.unity.visualscripting/Runtime/VisualScripting.Flow/Framework/Events/GUI/OnMove.cs
 0.1 kb	 0.0% Packages/com.unity.visualscripting/Runtime/VisualScripting.Flow/Framework/Events/GUI/OnGUI.cs
 0.1 kb	 0.0% Packages/com.unity.visualscripting/Runtime/VisualScripting.Flow/Framework/Events/GUI/OnDrop.cs
 0.1 kb	 0.0% Packages/com.unity.visualscripting/Runtime/VisualScripting.Flow/Framework/Events/GUI/OnDrag.cs
 0.1 kb	 0.0% Packages/com.unity.visualscripting/Runtime/VisualScripting.Flow/Framework/Events/GUI/OnCancel.cs
 0.1 kb	 0.0% Packages/com.unity.visualscripting/Runtime/VisualScripting.Flow/Framework/Control/While.cs
 0.1 kb	 0.0% Packages/com.unity.visualscripting/Runtime/VisualScripting.Flow/Framework/Control/TryCatch.cs
 0.1 kb	 0.0% Packages/com.unity.visualscripting/Runtime/VisualScripting.Flow/Framework/Control/Throw.cs
 0.1 kb	 0.0% Packages/com.unity.visualscripting/Runtime/VisualScripting.Flow/Framework/Control/Sequence.cs
 0.1 kb	 0.0% Packages/com.unity.visualscripting/Runtime/VisualScripting.Flow/Framework/Control/LoopUnit.cs
 0.1 kb	 0.0% Packages/com.unity.visualscripting/Runtime/VisualScripting.Flow/Framework/Control/ForEach.cs
 0.1 kb	 0.0% Packages/com.unity.visualscripting/Runtime/VisualScripting.Flow/Framework/Control/Cache.cs
 0.1 kb	 0.0% Packages/com.unity.visualscripting/Runtime/VisualScripting.Flow/Framework/Control/Break.cs
 0.1 kb	 0.0% Packages/com.unity.visualscripting/Runtime/VisualScripting.Flow/Framework/Collections/LastItem.cs
 0.1 kb	 0.0% Packages/com.unity.visualscripting/Runtime/VisualScripting.Flow/Framework/Codebase/Expose.cs
 0.1 kb	 0.0% Packages/com.unity.visualscripting/Runtime/VisualScripting.Core/Utilities/XColor.cs
 0.1 kb	 0.0% Packages/com.unity.visualscripting/Runtime/VisualScripting.Core/Reflection/TypeName.cs
 0.1 kb	 0.0% Packages/com.unity.visualscripting/Runtime/VisualScripting.Core/Reflection/Member.cs
 0.1 kb	 0.0% Packages/com.unity.visualscripting/Runtime/VisualScripting.Core/Macros/IMacro.cs
 0.1 kb	 0.0% Packages/com.unity.visualscripting/Runtime/VisualScripting.Core/Machines/IMachine.cs
 0.1 kb	 0.0% Packages/com.unity.visualscripting/Runtime/VisualScripting.Core/Graphs/IGraph.cs
 0.1 kb	 0.0% Packages/com.unity.visualscripting/Runtime/VisualScripting.Core/Graphs/Graph.cs
 0.1 kb	 0.0% Packages/com.unity.visualscripting/Runtime/VisualScripting.Core/Events/EventBus.cs
 0.1 kb	 0.0% Packages/com.unity.visualscripting/Runtime/VisualScripting.Core/Ensure/Extensions/XString.cs
 0.1 kb	 0.0% Packages/com.unity.visualscripting/Runtime/VisualScripting.Core/Ensure/Ensure.cs
 0.1 kb	 0.0% Packages/com.unity.visualscripting/Runtime/VisualScripting.Core/Collections/AotList.cs
 0.1 kb	 0.0% Packages/com.unity.visualscripting/Runtime/VisualScripting.Core/Cloning/ICloner.cs
 0.1 kb	 0.0% Packages/com.unity.visualscripting/Runtime/VisualScripting.Core/Cloning/Cloning.cs
 0.1 kb	 0.0% Packages/com.unity.ugui/Runtime/TMP/TMPro_EventManager.cs
 0.1 kb	 0.0% Packages/com.unity.ugui/Runtime/TMP/TMP_UpdateRegistery.cs
 0.1 kb	 0.0% Packages/com.unity.ugui/Runtime/TMP/TMP_UpdateManager.cs
 0.1 kb	 0.0% Packages/com.unity.ugui/Runtime/TMP/TMP_TextUtilities.cs
 0.1 kb	 0.0% Packages/com.unity.ugui/Runtime/TMP/TMP_TextProcessingCommon.cs
 0.1 kb	 0.0% Packages/com.unity.ugui/Runtime/TMP/TMP_SpriteCharacter.cs
 0.1 kb	 0.0% Packages/com.unity.ugui/Runtime/TMP/TMP_SpriteAnimator.cs
 0.1 kb	 0.0% Packages/com.unity.ugui/Runtime/TMP/TMP_SelectionCaret.cs
 0.1 kb	 0.0% Packages/com.unity.ugui/Runtime/TMP/TMP_ResourcesManager.cs
 0.1 kb	 0.0% Packages/com.unity.ugui/Runtime/TMP/TMP_MaterialManager.cs
 0.1 kb	 0.0% Packages/com.unity.ugui/Runtime/TMP/TMP_InputValidator.cs
 0.1 kb	 0.0% Packages/com.unity.ugui/Runtime/TMP/TMP_FontFeatureTable.cs
 0.1 kb	 0.0% Packages/com.unity.ugui/Runtime/TMP/TMP_DefaultControls.cs
 0.1 kb	 0.0% Packages/com.unity.ugui/Runtime/TMP/TMP_Compatibility.cs
 0.1 kb	 0.0% Packages/com.unity.ugui/Runtime/TMP/TMP_ColorGradient.cs
 0.1 kb	 0.0% Packages/com.unity.ugui/Runtime/TMP/TMP_CharacterInfo.cs
 0.1 kb	 0.0% Packages/com.unity.ugui/Runtime/TMP/ITextPreProcessor.cs
 0.1 kb	 0.0% Packages/com.unity.ugui/Runtime/TMP/FontFeatureCommonGPOS.cs
 0.1 kb	 0.0% Packages/com.unity.timeline/Runtime/Utilities/WeightUtility.cs
 0.1 kb	 0.0% Packages/com.unity.timeline/Runtime/Utilities/IPropertyPreview.cs
 0.1 kb	 0.0% Packages/com.unity.timeline/Runtime/Utilities/Extrapolation.cs
 0.1 kb	 0.0% Packages/com.unity.timeline/Runtime/TimelinePlayable.cs
 0.1 kb	 0.0% Packages/com.unity.timeline/Runtime/TimelineAsset.cs
 0.1 kb	 0.0% Packages/com.unity.timeline/Runtime/Scripting/PlayableTrack.cs
 0.1 kb	 0.0% Packages/com.unity.timeline/Runtime/Events/Signals/SignalReceiver.cs
 0.1 kb	 0.0% Packages/com.unity.timeline/Runtime/Events/Signals/SignalEmitter.cs
 0.1 kb	 0.0% Packages/com.unity.timeline/Runtime/Evaluation/RuntimeElement.cs
 0.1 kb	 0.0% Packages/com.unity.timeline/Runtime/Evaluation/RuntimeClipBase.cs
 0.1 kb	 0.0% Packages/com.unity.timeline/Runtime/Animation/AnimationTrack.cs
 0.1 kb	 0.0% Packages/com.unity.timeline/Runtime/Activation/ActivationTrack.cs
 0.1 kb	 0.0% Packages/com.unity.mathematics/Unity.Mathematics/double4x4.gen.cs
 0.1 kb	 0.0% Packages/com.unity.mathematics/Unity.Mathematics/double4x3.gen.cs
 0.1 kb	 0.0% Packages/com.unity.mathematics/Unity.Mathematics/double4x2.gen.cs
 0.1 kb	 0.0% Packages/com.unity.mathematics/Unity.Mathematics/double3x4.gen.cs
 0.1 kb	 0.0% Packages/com.unity.mathematics/Unity.Mathematics/double3x3.gen.cs
 0.1 kb	 0.0% Packages/com.unity.mathematics/Unity.Mathematics/double3x2.gen.cs
 0.1 kb	 0.0% Packages/com.unity.mathematics/Unity.Mathematics/double2x4.gen.cs
 0.1 kb	 0.0% Packages/com.unity.mathematics/Unity.Mathematics/double2x3.gen.cs
 0.1 kb	 0.0% Packages/com.unity.mathematics/Unity.Mathematics/double2x2.gen.cs
 0.1 kb	 0.0% Packages/com.unity.inputsystem/InputSystem/Plugins/PlayerInput/PlayerInput.cs
 0.1 kb	 0.0% Packages/com.unity.inputsystem/InputSystem/Plugins/PlayerInput/InputValue.cs
 0.1 kb	 0.0% Packages/com.unity.inputsystem/InputSystem/InputSystem.cs
 0.1 kb	 0.0% Packages/com.unity.inputsystem/InputSystem/InputManager.cs
 0.1 kb	 0.0% Packages/com.unity.inputsystem/InputSystem/Editor/UITKAssetEditor/Commands/Commands.cs
 0.1 kb	 0.0% Packages/com.unity.inputsystem/InputSystem/Editor/Dialog.cs
 0.1 kb	 0.0% Packages/com.unity.inputsystem/InputSystem/Devices/Touchscreen.cs
 0.1 kb	 0.0% Packages/com.unity.inputsystem/InputSystem/Devices/Precompiled/FastMouse.cs
 0.1 kb	 0.0% Packages/com.unity.inputsystem/InputSystem/Devices/Precompiled/FastKeyboard.cs
 0.1 kb	 0.0% Packages/com.unity.inputsystem/InputSystem/Devices/InputDevice.cs
 0.1 kb	 0.0% Packages/com.unity.inputsystem/InputSystem/Devices/Haptics/IHaptics.cs
 0.1 kb	 0.0% Packages/com.unity.inputsystem/InputSystem/Controls/InputControl.cs
 0.1 kb	 0.0% Packages/com.unity.inputsystem/InputSystem/Controls/CommonUsages.cs
 0.1 kb	 0.0% Packages/com.unity.inputsystem/InputSystem/AssemblyInfo.cs
 0.1 kb	 0.0% Packages/com.unity.inputsystem/InputSystem/Actions/InputBinding.cs
 0.1 kb	 0.0% Packages/com.unity.inputsystem/InputSystem/Actions/InputAction.cs
 0.1 kb	 0.0% Packages/com.unity.collections/Unity.Collections/NativeText.gen.cs
 0.1 kb	 0.0% Packages/com.unity.collections/Unity.Collections/FixedList.gen.cs
 0.1 kb	 0.0% Packages/com.unity.ugui/Runtime/UGUI/UI/Core/VertexModifiers/PositionAsUV1.cs
 0.1 kb	 0.0% Packages/com.unity.ugui/Runtime/UGUI/UI/Core/VertexModifiers/IMeshModifier.cs
 0.1 kb	 0.0% Packages/com.unity.ugui/Runtime/UGUI/UI/Core/VertexModifiers/BaseMeshEffect.cs
 0.1 kb	 0.0% Packages/com.unity.ugui/Runtime/UGUI/UI/Core/StencilMaterial.cs
 0.1 kb	 0.0% Packages/com.unity.ugui/Runtime/UGUI/UI/Core/MaskableGraphic.cs
 0.1 kb	 0.0% Packages/com.unity.ugui/Runtime/UGUI/UI/Core/MaskUtilities.cs
 0.1 kb	 0.0% Packages/com.unity.ugui/Runtime/UGUI/UI/Core/Layout/LayoutUtility.cs
 0.1 kb	 0.0% Packages/com.unity.ugui/Runtime/UGUI/UI/Core/Layout/LayoutRebuilder.cs
 0.1 kb	 0.0% Packages/com.unity.ugui/Runtime/UGUI/UI/Core/Layout/LayoutElement.cs
 0.1 kb	 0.0% Packages/com.unity.ugui/Runtime/UGUI/UI/Core/Layout/ILayoutElement.cs
 0.1 kb	 0.0% Packages/com.unity.ugui/Runtime/UGUI/UI/Core/Layout/GridLayoutGroup.cs
 0.1 kb	 0.0% Packages/com.unity.ugui/Runtime/UGUI/UI/Core/GraphicRegistry.cs
 0.1 kb	 0.0% Packages/com.unity.ugui/Runtime/UGUI/UI/Core/GraphicRaycaster.cs
 0.1 kb	 0.0% Packages/com.unity.ugui/Runtime/UGUI/UI/Core/DefaultControls.cs
 0.1 kb	 0.0% Packages/com.unity.ugui/Runtime/UGUI/UI/Core/Culling/ClipperRegistry.cs
 0.1 kb	 0.0% Packages/com.unity.ugui/Runtime/UGUI/EventSystem/UIBehaviour.cs
 0.1 kb	 0.0% Packages/com.unity.ugui/Runtime/UGUI/EventSystem/InputModules/BaseInput.cs
 0.1 kb	 0.0% Packages/com.unity.ugui/Runtime/UGUI/EventSystem/EventTrigger.cs
 0.1 kb	 0.0% Packages/com.unity.ugui/Runtime/UGUI/EventSystem/EventSystem.cs
 0.1 kb	 0.0% Packages/com.unity.ugui/Runtime/TMP/TMPro_MeshUtilities.cs
 0.1 kb	 0.0% Packages/com.unity.ugui/Runtime/TMP/TMP_ShaderUtilities.cs
 0.1 kb	 0.0% Packages/com.unity.ugui/Runtime/TMP/TMP_RichTextTagsCommon.cs
 0.1 kb	 0.0% Packages/com.unity.ugui/Runtime/TMP/TMP_FontAssetCommon.cs
 0.1 kb	 0.0% Packages/com.unity.mathematics/Unity.Mathematics/quaternion.cs
 0.1 kb	 0.0% Packages/com.unity.mathematics/Unity.Mathematics/Noise/classicnoise4D.cs
 0.1 kb	 0.0% Packages/com.unity.mathematics/Unity.Mathematics/Noise/classicnoise3D.cs
 0.1 kb	 0.0% Packages/com.unity.mathematics/Unity.Mathematics/Noise/classicnoise2D.cs
 0.1 kb	 0.0% Packages/com.unity.mathematics/Unity.Mathematics/Noise/cellular2x2x2.cs
 0.1 kb	 0.0% Packages/com.unity.mathematics/Unity.Mathematics/Geometry/Plane.cs
 0.1 kb	 0.0% Packages/com.unity.inputsystem/InputSystem/Plugins/XR/Devices/Oculus.cs
 0.1 kb	 0.0% Packages/com.unity.collections/Unity.Collections/UIntFloat.cs
 0.1 kb	 0.0% Packages/com.unity.collections/Unity.Collections/NativeStream.cs
 0.1 kb	 0.0% Packages/com.unity.collections/Unity.Collections/Jobs/EarlyInitHelpers.cs
 0.1 kb	 0.0% Packages/com.unity.burst/Runtime/Intrinsics/SimdDebugViews.cs
 0.1 kb	 0.0% Packages/com.unity.burst/Runtime/Editor/BurstReflection.cs
 0.1 kb	 0.0% Packages/com.unity.burst/Runtime/BurstCompilerOptions.cs
 0.1 kb	 0.0% Packages/com.unity.ai.navigation/Runtime/NavMeshLink.cs
 0.1 kb	 0.0% Packages/com.unity.visualscripting/Runtime/VisualScripting.Flow/Unit.cs
 0.1 kb	 0.0% Packages/com.unity.visualscripting/Runtime/VisualScripting.Flow/Framework/This.cs
 0.1 kb	 0.0% Packages/com.unity.visualscripting/Runtime/VisualScripting.Flow/Framework/Nulls/Null.cs
 0.1 kb	 0.0% Packages/com.unity.visualscripting/Runtime/VisualScripting.Flow/Framework/Logic/Or.cs
 0.1 kb	 0.0% Packages/com.unity.visualscripting/Runtime/VisualScripting.Flow/Framework/Logic/Less.cs
 0.1 kb	 0.0% Packages/com.unity.visualscripting/Runtime/VisualScripting.Flow/Framework/Logic/And.cs
 0.1 kb	 0.0% Packages/com.unity.visualscripting/Runtime/VisualScripting.Flow/Framework/Control/Once.cs
 0.1 kb	 0.0% Packages/com.unity.visualscripting/Runtime/VisualScripting.Flow/Framework/Control/If.cs
 0.1 kb	 0.0% Packages/com.unity.visualscripting/Runtime/VisualScripting.Flow/Framework/Control/For.cs
 0.1 kb	 0.0% Packages/com.unity.visualscripting/Runtime/VisualScripting.Flow/Flow.cs
 0.1 kb	 0.0% Packages/com.unity.ugui/Runtime/TMP/TextMeshProUGUI.cs
 0.1 kb	 0.0% Packages/com.unity.ugui/Runtime/TMP/TextContainer.cs
 0.1 kb	 0.0% Packages/com.unity.ugui/Runtime/TMP/TMP_TextElement.cs
 0.1 kb	 0.0% Packages/com.unity.ugui/Runtime/TMP/TMP_SubMeshUI.cs
 0.1 kb	 0.0% Packages/com.unity.ugui/Runtime/TMP/TMP_StyleSheet.cs
 0.1 kb	 0.0% Packages/com.unity.ugui/Runtime/TMP/TMP_SpriteGlyph.cs
 0.1 kb	 0.0% Packages/com.unity.ugui/Runtime/TMP/TMP_SpriteAsset.cs
 0.1 kb	 0.0% Packages/com.unity.ugui/Runtime/TMP/TMP_InputField.cs
 0.1 kb	 0.0% Packages/com.unity.ugui/Runtime/TMP/TMP_FontAsset.cs
 0.1 kb	 0.0% Packages/com.unity.ugui/Runtime/TMP/TMP_CoroutineTween.cs
 0.1 kb	 0.0% Packages/com.unity.ugui/Runtime/TMP/TMP_Character.cs
 0.1 kb	 0.0% Packages/com.unity.timeline/Runtime/Utilities/TimelineUndo.cs
 0.1 kb	 0.0% Packages/com.unity.timeline/Runtime/Utilities/TimeUtility.cs
 0.1 kb	 0.0% Packages/com.unity.timeline/Runtime/Utilities/HashUtility.cs
 0.1 kb	 0.0% Packages/com.unity.timeline/Runtime/TrackAsset.cs
 0.1 kb	 0.0% Packages/com.unity.timeline/Runtime/TimelineClip.cs
 0.1 kb	 0.0% Packages/com.unity.timeline/Runtime/Playables/ITimeControl.cs
 0.1 kb	 0.0% Packages/com.unity.timeline/Runtime/ILayerable.cs
 0.1 kb	 0.0% Packages/com.unity.timeline/Runtime/GroupTrack.cs
 0.1 kb	 0.0% Packages/com.unity.timeline/Runtime/Events/Signals/SignalAsset.cs
 0.1 kb	 0.0% Packages/com.unity.timeline/Runtime/Events/SignalTrack.cs
 0.1 kb	 0.0% Packages/com.unity.timeline/Runtime/Events/MarkerTrack.cs
 0.1 kb	 0.0% Packages/com.unity.timeline/Runtime/Events/MarkerList.cs
 0.1 kb	 0.0% Packages/com.unity.timeline/Runtime/Evaluation/RuntimeClip.cs
 0.1 kb	 0.0% Packages/com.unity.timeline/Runtime/Evaluation/IntervalTree.cs
 0.1 kb	 0.0% Packages/com.unity.timeline/Runtime/DiscreteTime.cs
 0.1 kb	 0.0% Packages/com.unity.timeline/Runtime/Control/ControlTrack.cs
 0.1 kb	 0.0% Packages/com.unity.timeline/Runtime/Audio/AudioTrack.cs
 0.1 kb	 0.0% Packages/com.unity.timeline/Runtime/AssetUpgrade/ClipUpgrade.cs
 0.1 kb	 0.0% Packages/com.unity.timeline/Runtime/Animation/ICurvesOwner.cs
 0.1 kb	 0.0% Packages/com.unity.mathematics/Unity.Mathematics/uint4x4.gen.cs
 0.1 kb	 0.0% Packages/com.unity.mathematics/Unity.Mathematics/uint4x3.gen.cs
 0.1 kb	 0.0% Packages/com.unity.mathematics/Unity.Mathematics/uint4x2.gen.cs
 0.1 kb	 0.0% Packages/com.unity.mathematics/Unity.Mathematics/uint4.gen.cs
 0.1 kb	 0.0% Packages/com.unity.mathematics/Unity.Mathematics/uint3x4.gen.cs
 0.1 kb	 0.0% Packages/com.unity.mathematics/Unity.Mathematics/uint3x3.gen.cs
 0.1 kb	 0.0% Packages/com.unity.mathematics/Unity.Mathematics/uint3x2.gen.cs
 0.1 kb	 0.0% Packages/com.unity.mathematics/Unity.Mathematics/uint3.gen.cs
 0.1 kb	 0.0% Packages/com.unity.mathematics/Unity.Mathematics/uint2x4.gen.cs
 0.1 kb	 0.0% Packages/com.unity.mathematics/Unity.Mathematics/uint2x3.gen.cs
 0.1 kb	 0.0% Packages/com.unity.mathematics/Unity.Mathematics/uint2x2.gen.cs
 0.1 kb	 0.0% Packages/com.unity.mathematics/Unity.Mathematics/uint2.gen.cs
 0.1 kb	 0.0% Packages/com.unity.mathematics/Unity.Mathematics/int4x4.gen.cs
 0.1 kb	 0.0% Packages/com.unity.mathematics/Unity.Mathematics/int4x3.gen.cs
 0.1 kb	 0.0% Packages/com.unity.mathematics/Unity.Mathematics/int4x2.gen.cs
 0.1 kb	 0.0% Packages/com.unity.mathematics/Unity.Mathematics/int3x4.gen.cs
 0.1 kb	 0.0% Packages/com.unity.mathematics/Unity.Mathematics/int3x3.gen.cs
 0.1 kb	 0.0% Packages/com.unity.mathematics/Unity.Mathematics/int3x2.gen.cs
 0.1 kb	 0.0% Packages/com.unity.mathematics/Unity.Mathematics/int2x4.gen.cs
 0.1 kb	 0.0% Packages/com.unity.mathematics/Unity.Mathematics/int2x3.gen.cs
 0.1 kb	 0.0% Packages/com.unity.mathematics/Unity.Mathematics/int2x2.gen.cs
 0.1 kb	 0.0% Packages/com.unity.mathematics/Unity.Mathematics/half4.gen.cs
 0.1 kb	 0.0% Packages/com.unity.mathematics/Unity.Mathematics/half3.gen.cs
 0.1 kb	 0.0% Packages/com.unity.mathematics/Unity.Mathematics/half2.gen.cs
 0.1 kb	 0.0% Packages/com.unity.mathematics/Unity.Mathematics/float4x4.gen.cs
 0.1 kb	 0.0% Packages/com.unity.mathematics/Unity.Mathematics/float4x3.gen.cs
 0.1 kb	 0.0% Packages/com.unity.mathematics/Unity.Mathematics/float4x2.gen.cs
 0.1 kb	 0.0% Packages/com.unity.mathematics/Unity.Mathematics/float4.gen.cs
 0.1 kb	 0.0% Packages/com.unity.mathematics/Unity.Mathematics/float3x4.gen.cs
 0.1 kb	 0.0% Packages/com.unity.mathematics/Unity.Mathematics/float3x3.gen.cs
 0.1 kb	 0.0% Packages/com.unity.mathematics/Unity.Mathematics/float3x2.gen.cs
 0.1 kb	 0.0% Packages/com.unity.mathematics/Unity.Mathematics/float3.gen.cs
 0.1 kb	 0.0% Packages/com.unity.mathematics/Unity.Mathematics/float2x4.gen.cs
 0.1 kb	 0.0% Packages/com.unity.mathematics/Unity.Mathematics/float2x3.gen.cs
 0.1 kb	 0.0% Packages/com.unity.mathematics/Unity.Mathematics/float2x2.gen.cs
 0.1 kb	 0.0% Packages/com.unity.mathematics/Unity.Mathematics/float2.gen.cs
 0.1 kb	 0.0% Packages/com.unity.mathematics/Unity.Mathematics/double4.gen.cs
 0.1 kb	 0.0% Packages/com.unity.mathematics/Unity.Mathematics/double3.gen.cs
 0.1 kb	 0.0% Packages/com.unity.mathematics/Unity.Mathematics/double2.gen.cs
 0.1 kb	 0.0% Packages/com.unity.mathematics/Unity.Mathematics/bool4x4.gen.cs
 0.1 kb	 0.0% Packages/com.unity.mathematics/Unity.Mathematics/bool4x3.gen.cs
 0.1 kb	 0.0% Packages/com.unity.mathematics/Unity.Mathematics/bool4x2.gen.cs
 0.1 kb	 0.0% Packages/com.unity.mathematics/Unity.Mathematics/bool4.gen.cs
 0.1 kb	 0.0% Packages/com.unity.mathematics/Unity.Mathematics/bool3x4.gen.cs
 0.1 kb	 0.0% Packages/com.unity.mathematics/Unity.Mathematics/bool3x3.gen.cs
 0.1 kb	 0.0% Packages/com.unity.mathematics/Unity.Mathematics/bool3x2.gen.cs
 0.1 kb	 0.0% Packages/com.unity.mathematics/Unity.Mathematics/bool3.gen.cs
 0.1 kb	 0.0% Packages/com.unity.mathematics/Unity.Mathematics/bool2x4.gen.cs
 0.1 kb	 0.0% Packages/com.unity.mathematics/Unity.Mathematics/bool2x3.gen.cs
 0.1 kb	 0.0% Packages/com.unity.mathematics/Unity.Mathematics/bool2x2.gen.cs
 0.1 kb	 0.0% Packages/com.unity.mathematics/Unity.Mathematics/bool2.gen.cs
 0.1 kb	 0.0% Packages/com.unity.mathematics/Unity.Mathematics/Noise/psrdnoise2D.cs
 0.1 kb	 0.0% Packages/com.unity.mathematics/Unity.Mathematics/Noise/noise3Dgrad.cs
 0.1 kb	 0.0% Packages/com.unity.mathematics/Unity.Mathematics/Noise/cellular3D.cs
 0.1 kb	 0.0% Packages/com.unity.mathematics/Unity.Mathematics/Noise/cellular2x2.cs
 0.1 kb	 0.0% Packages/com.unity.mathematics/Unity.Mathematics/Noise/cellular2D.cs
 0.1 kb	 0.0% Packages/com.unity.inputsystem/InputSystem/Plugins/XR/Devices/GoogleVR.cs
 0.1 kb	 0.0% Packages/com.unity.inputsystem/InputSystem/Editor/DownloadableSample.cs
 0.1 kb	 0.0% Packages/com.unity.inputsystem/InputSystem/Devices/Sensor.cs
 0.1 kb	 0.0% Packages/com.unity.inputsystem/InputSystem/Devices/Pointer.cs
 0.1 kb	 0.0% Packages/com.unity.inputsystem/InputSystem/Devices/Mouse.cs
 0.1 kb	 0.0% Packages/com.unity.inputsystem/InputSystem/Devices/Keyboard.cs
 0.1 kb	 0.0% Packages/com.unity.inputsystem/InputSystem/Devices/Joystick.cs
 0.1 kb	 0.0% Packages/com.unity.inputsystem/InputSystem/Devices/Gamepad.cs
 0.1 kb	 0.0% Packages/com.unity.collections/Unity.Collections/xxHash3.AVX2.cs
 0.1 kb	 0.0% Packages/com.unity.burst/Runtime/Intrinsics/Arm/NEON_AArch64_rdma.cs
 0.1 kb	 0.0% Packages/com.unity.burst/Runtime/Intrinsics/Arm/NEON_AArch64_dotprod.cs
 0.1 kb	 0.0% Packages/com.unity.burst/Runtime/Intrinsics/Arm/NEON_AArch64_crypto.cs
 0.1 kb	 0.0% Packages/com.unity.ugui/Runtime/UGUI/UI/Core/Utility/VertexHelper.cs
 0.1 kb	 0.0% Packages/com.unity.ugui/Runtime/UGUI/UI/Core/ToggleGroup.cs
 0.1 kb	 0.0% Packages/com.unity.ugui/Runtime/UGUI/UI/Core/SpriteState.cs
 0.1 kb	 0.0% Packages/com.unity.ugui/Runtime/UGUI/UI/Core/Selectable.cs
 0.1 kb	 0.0% Packages/com.unity.ugui/Runtime/UGUI/UI/Core/Scrollbar.cs
 0.1 kb	 0.0% Packages/com.unity.ugui/Runtime/UGUI/UI/Core/ScrollRect.cs
 0.1 kb	 0.0% Packages/com.unity.ugui/Runtime/UGUI/UI/Core/RectMask2D.cs
 0.1 kb	 0.0% Packages/com.unity.ugui/Runtime/UGUI/UI/Core/Navigation.cs
 0.1 kb	 0.0% Packages/com.unity.ugui/Runtime/UGUI/UI/Core/Layout/LayoutGroup.cs
 0.1 kb	 0.0% Packages/com.unity.ugui/Runtime/UGUI/UI/Core/Layout/CanvasScaler.cs
 0.1 kb	 0.0% Packages/com.unity.ugui/Runtime/UGUI/UI/Core/InputField.cs
 0.1 kb	 0.0% Packages/com.unity.ugui/Runtime/UGUI/UI/Core/IMaskable.cs
 0.1 kb	 0.0% Packages/com.unity.ugui/Runtime/UGUI/UI/Core/ColorBlock.cs
 0.1 kb	 0.0% Packages/com.unity.mathematics/Unity.Mathematics/random.cs
 0.1 kb	 0.0% Packages/com.unity.mathematics/Unity.Mathematics/matrix.gen.cs
 0.1 kb	 0.0% Packages/com.unity.mathematics/Unity.Mathematics/matrix.cs
 0.1 kb	 0.0% Packages/com.unity.mathematics/Unity.Mathematics/Noise/noise4D.cs
 0.1 kb	 0.0% Packages/com.unity.mathematics/Unity.Mathematics/Noise/noise3D.cs
 0.1 kb	 0.0% Packages/com.unity.mathematics/Unity.Mathematics/Noise/noise2D.cs
 0.1 kb	 0.0% Packages/com.unity.mathematics/Unity.Mathematics/Noise/common.cs
 0.1 kb	 0.0% Packages/com.unity.inputsystem/InputSystem/Plugins/XR/Devices/OpenVR.cs
 0.1 kb	 0.0% Packages/com.unity.inputsystem/InputSystem/Plugins/HID/HID.cs
 0.1 kb	 0.0% Packages/com.unity.collections/Unity.Collections/xxHash3.cs
 0.1 kb	 0.0% Packages/com.unity.collections/Unity.Collections/Unicode.cs
 0.1 kb	 0.0% Packages/com.unity.collections/Unity.Collections/Memory.cs
 0.1 kb	 0.0% Packages/com.unity.collections/Unity.Collections/Jobs/IJobFilter.cs
 0.1 kb	 0.0% Packages/com.unity.collections/Unity.Collections/BitField.cs
 0.1 kb	 0.0% Packages/com.unity.burst/Runtime/NoAliasAttribute.cs
 0.1 kb	 0.0% Packages/com.unity.burst/Runtime/FunctionPointer.cs
 0.1 kb	 0.0% Packages/com.unity.burst/Runtime/Editor/BurstLoader.cs
 0.1 kb	 0.0% Packages/com.unity.burst/Runtime/CompilerServices/Constant.cs
 0.1 kb	 0.0% Packages/com.unity.burst/Runtime/CompilerServices/Aliasing.cs
 0.1 kb	 0.0% Packages/com.unity.burst/Runtime/BurstString.Float.cs
 0.1 kb	 0.0% Packages/com.unity.burst/Runtime/BurstCompiler.cs
 0.1 kb	 0.0% Packages/com.unity.ai.navigation/Runtime/HelpUrls.cs
 0.1 kb	 0.0% Packages/com.unity.ugui/Runtime/UGUI/UI/Core/Culling/IClipRegion.cs
 0.1 kb	 0.0% Packages/com.unity.ugui/Runtime/TMP/TextMeshPro.cs
 0.1 kb	 0.0% Packages/com.unity.ugui/Runtime/TMP/TMP_TextInfo.cs
 0.1 kb	 0.0% Packages/com.unity.ugui/Runtime/TMP/TMP_SubMesh.cs
 0.1 kb	 0.0% Packages/com.unity.ugui/Runtime/TMP/TMP_Style.cs
 0.1 kb	 0.0% Packages/com.unity.ugui/Runtime/TMP/TMP_Sprite.cs
 0.1 kb	 0.0% Packages/com.unity.ugui/Runtime/TMP/TMP_Settings.cs
 0.1 kb	 0.0% Packages/com.unity.ugui/Runtime/TMP/TMP_MeshInfo.cs
 0.1 kb	 0.0% Packages/com.unity.ugui/Runtime/TMP/TMP_LineInfo.cs
 0.1 kb	 0.0% Packages/com.unity.ugui/Runtime/TMP/TMP_Dropdown.cs
 0.1 kb	 0.0% Packages/com.unity.ugui/Runtime/TMP/TMP_Asset.cs
 0.1 kb	 0.0% Packages/com.unity.ugui/Runtime/TMP/FastAction.cs
 0.1 kb	 0.0% Packages/com.unity.timeline/Runtime/Events/Marker.cs
 0.1 kb	 0.0% Packages/com.unity.timeline/Runtime/Events/IMarker.cs
 0.1 kb	 0.0% Packages/com.unity.mathematics/Unity.Mathematics/int4.gen.cs
 0.1 kb	 0.0% Packages/com.unity.mathematics/Unity.Mathematics/int3.gen.cs
 0.1 kb	 0.0% Packages/com.unity.mathematics/Unity.Mathematics/int2.gen.cs
 0.1 kb	 0.0% Packages/com.unity.inputsystem/InputSystem/Devices/Pen.cs
 0.1 kb	 0.0% Packages/com.unity.burst/Runtime/Intrinsics/Common.cs
 0.1 kb	 0.0% Packages/com.unity.burst/Runtime/Intrinsics/Arm/NEON_ctor.cs
 0.1 kb	 0.0% Packages/com.unity.burst/Runtime/Intrinsics/Arm/NEON_AArch64.cs
 0.1 kb	 0.0% Packages/com.unity.ugui/Runtime/UGUI/UI/Core/VertexModifiers/Shadow.cs
 0.1 kb	 0.0% Packages/com.unity.ugui/Runtime/UGUI/UI/Core/VertexModifiers/Outline.cs
 0.1 kb	 0.0% Packages/com.unity.ugui/Runtime/UGUI/UI/Core/Toggle.cs
 0.1 kb	 0.0% Packages/com.unity.ugui/Runtime/UGUI/UI/Core/Slider.cs
 0.1 kb	 0.0% Packages/com.unity.ugui/Runtime/UGUI/UI/Core/RawImage.cs
 0.1 kb	 0.0% Packages/com.unity.ugui/Runtime/UGUI/UI/Core/Image.cs
 0.1 kb	 0.0% Packages/com.unity.ugui/Runtime/UGUI/UI/Core/IMask.cs
 0.1 kb	 0.0% Packages/com.unity.ugui/Runtime/UGUI/UI/Core/Graphic.cs
 0.1 kb	 0.0% Packages/com.unity.ugui/Runtime/UGUI/UI/Core/FontData.cs
 0.1 kb	 0.0% Packages/com.unity.ugui/Runtime/UGUI/UI/Core/Dropdown.cs
 0.1 kb	 0.0% Packages/com.unity.ugui/Runtime/UGUI/UI/Core/Culling/Clipping.cs
 0.1 kb	 0.0% Packages/com.unity.ugui/Runtime/UGUI/UI/Core/Button.cs
 0.1 kb	 0.0% Packages/com.unity.mathematics/Unity.Mathematics/svd.cs
 0.1 kb	 0.0% Packages/com.unity.mathematics/Unity.Mathematics/math.cs
 0.1 kb	 0.0% Packages/com.unity.mathematics/Unity.Mathematics/half.cs
 0.1 kb	 0.0% Packages/com.unity.burst/Runtime/SharedStatic.cs
 0.1 kb	 0.0% Packages/com.unity.burst/Runtime/Intrinsics/x86/Ssse3.cs
 0.1 kb	 0.0% Packages/com.unity.burst/Runtime/Intrinsics/x86/Sse4_2.cs
 0.1 kb	 0.0% Packages/com.unity.burst/Runtime/Intrinsics/x86/Sse4_1.cs
 0.1 kb	 0.0% Packages/com.unity.burst/Runtime/Intrinsics/x86/Popcnt.cs
 0.1 kb	 0.0% Packages/com.unity.burst/Runtime/Intrinsics/x86/Common.cs
 0.1 kb	 0.0% Packages/com.unity.burst/Runtime/CompilerServices/Hint.cs
 0.1 kb	 0.0% Packages/com.unity.burst/Runtime/BurstString.cs
 0.1 kb	 0.0% Packages/com.unity.burst/Runtime/BurstRuntime.cs
 0.1 kb	 0.0% Packages/com.unity.ugui/Runtime/TMP/TMP_Text.cs
 0.1 kb	 0.0% Packages/com.unity.inputsystem/InputSystem/Plugins/UI/UISupport.cs
 0.1 kb	 0.0% Packages/com.unity.burst/Runtime/Intrinsics/x86/Sse3.cs
 0.1 kb	 0.0% Packages/com.unity.burst/Runtime/Intrinsics/x86/Sse2.cs
 0.1 kb	 0.0% Packages/com.unity.burst/Runtime/Intrinsics/x86/Sse.cs
 0.1 kb	 0.0% Packages/com.unity.burst/Runtime/Intrinsics/x86/Fma.cs
 0.1 kb	 0.0% Packages/com.unity.burst/Runtime/Intrinsics/x86/F16C.cs
 0.1 kb	 0.0% Packages/com.unity.burst/Runtime/Intrinsics/x86/Csr.cs
 0.1 kb	 0.0% Packages/com.unity.burst/Runtime/Intrinsics/x86/Bmi2.cs
 0.1 kb	 0.0% Packages/com.unity.burst/Runtime/Intrinsics/x86/Bmi1.cs
 0.1 kb	 0.0% Packages/com.unity.burst/Runtime/Intrinsics/x86/Avx2.cs
 0.1 kb	 0.0% Packages/com.unity.burst/Runtime/Intrinsics/x86/Avx.cs
 0.1 kb	 0.0% Packages/com.unity.burst/Runtime/Intrinsics/v64.cs
 0.1 kb	 0.0% Packages/com.unity.burst/Runtime/Intrinsics/v256.cs
 0.1 kb	 0.0% Packages/com.unity.burst/Runtime/Intrinsics/v128.cs
 0.1 kb	 0.0% Packages/com.unity.burst/Runtime/Intrinsics/Arm/NEON.cs
 0.1 kb	 0.0% Assets/Plugins/deVoid/Signals/Signals.cs
 0.1 kb	 0.0% Packages/com.unity.ugui/Runtime/UGUI/UI/Core/Text.cs
 0.1 kb	 0.0% Packages/com.unity.ugui/Runtime/UGUI/UI/Core/Misc.cs
 0.1 kb	 0.0% Packages/com.unity.ugui/Runtime/UGUI/UI/Core/Mask.cs
 0.1 kb	 0.0% Assets/Resources/PerformanceTestRunSettings.json
-------------------------------------------------------------------------------
Unloading 0 Unused Serialized files (Serialized files now loaded: 0)
Unloading 369 unused Assets / (4.8 MB). Loaded Objects now: 5603.
Memory consumption went from 150.2 MB to 145.4 MB.
Total: 7.996000 ms (FindLiveObjects: 0.280600 ms CreateObjectMapping: 0.097200 ms MarkObjects: 6.619200 ms  DeleteObjects: 0.997600 ms)

DisplayProgressNotification: Build Successful
Build Finished, Result: Success.
Total cache size 266440009
Total cache size after purge 266440009, took 00:00:00.3468718
##utp:{"type":"PlayerBuildInfo","version":2,"phase":"Immediate","time":1789529206623,"processId":43232,"steps":[{"description":"Preprocess Player","duration":27},{"description":"Prepare For Build","duration":0},{"description":"ProducePlayerScriptAssemblies","duration":10371},{"description":"Verify Build setup","duration":26},{"description":"Prepare assets for target platform","duration":2},{"description":"Prepare splash screen","duration":0},{"description":"Building scenes","duration":343},{"description":"Build scripts DLLs","duration":22},{"description":"Build GlobalGameManagers file","duration":93},{"description":"Writing asset files","duration":138},{"description":"Building Resources/unity_builtin_extra","duration":52},{"description":"Creating compressed player package","duration":1252},{"description":"Write data build dirty tracking information","duration":175},{"description":"Postprocess built player","duration":122409}],"duration":134910}
Unloading 5 Unused Serialized files (Serialized files now loaded: 0)
Loaded scene 'Temp/__Backupscenes/0.backup'
	Deserialize:            8.422 ms
	Integration:            228.819 ms
	Integration of assets:  0.224 ms
	Thread Wait Time:       0.027 ms
	Total Operation Time:   237.492 ms
Unloading 0 unused Assets / (2.9 KB). Loaded Objects now: 6880.
Memory consumption went from 134.6 MB to 134.6 MB.
Total: 6.120600 ms (FindLiveObjects: 0.450000 ms CreateObjectMapping: 0.239900 ms MarkObjects: 5.422700 ms  DeleteObjects: 0.007000 ms)

WebGL build succeeded in 00:02:15.1522434, 11300788 bytes at F:/Portfolio/cathode26.github.io/NoSafeCircleFinal
UnityEngine.Debug:ExtractStackTraceNoAlloc (byte*,int,string)
UnityEngine.StackTraceUtility:ExtractStackTrace ()
UnityEngine.DebugLogHandler:Internal_Log (UnityEngine.LogType,UnityEngine.LogOption,string,UnityEngine.Object)
UnityEngine.DebugLogHandler:LogFormat (UnityEngine.LogType,UnityEngine.Object,string,object[])
UnityEngine.Logger:Log (UnityEngine.LogType,object)
UnityEngine.Debug:Log (object)
NoSafeCircle.DoorPrototype.Editor.WebGLBuilder:BuildFinal () (at Assets/NoSafeCircle/DoorPrototype/Editor/WebGLBuilder.cs:52)

(Filename: Assets/NoSafeCircle/DoorPrototype/Editor/WebGLBuilder.cs Line: 52)

Batchmode quit successfully invoked - shutting down!
[websockify wrapper] OnUnload
[websockify wrapper] Process killed
Start importing ProjectSettings/ProjectSettings.asset using Guid(00000000000000004000000000000000) (LibraryAssetImporter) -> (artifact id: '9122913ae7480f9c5481e9939fb9ed95') in 0.004067 seconds
Refreshing native plugins compatible for Editor in 1.89 ms, found 4 plugins.
Preloading 0 native plugins for Editor in 0.00 ms.
Asset Pipeline Refresh (id=ce6cc9061f52af04387478119b92b838): Total: 0.022 seconds - Initiated by StopAssetImportingV2(NoUpdateAssetOptions)
[Physics::Module] Cleanup current backned.
[Physics::Module] Id: 0xf2b8ea05
Input System module state changed to: ShutdownInProgress.
Input System polling thread exited.
Input System module state changed to: Shutdown.
[Licensing::IpcConnector] LicenseClient-VincentLiguori-notifications channel disconnected successfully.
[Licensing::IpcConnector] LicenseClient-VincentLiguori channel disconnected successfully.
AcceleratorClientConnectionCallback - disconnected - :0
Shut down.
Cleanup mono
[websockify wrapper] OnUnload
abort_threads: Failed aborting id: 000000000000E898, mono_thread_manage will ignore it

abort_threads: Failed aborting id: 00000000000073C4, mono_thread_manage will ignore it

abort_threads: Failed aborting id: 000000000000E898, mono_thread_manage will ignore it

abort_threads: Failed aborting id: 00000000000073C4, mono_thread_manage will ignore it

debugger-agent: Unable to listen on 3272
Exiting batchmode successfully now!
Exiting without the bug reporter. Application will terminate with return code 0