[Licensing::Module] Trying to connect to existing licensing client channel...
[Licensing::IpcConnector] Successfully connected to: "LicenseClient-VincentLiguori" at "2026-09-17T06:23:30.7755723Z"
[Licensing::Client] Code 10 while verifying Licensing Client signature (process Id: 28360, path: "C:/Program Files/Unity Hub/UnityLicensingClient_V1/Unity.Licensing.Client.exe")
[Licensing::Module] LicensingClient has failed validation; ignoring
[Licensing::Client] Handshaking with LicensingClient:
  Version:                 1.18.3+d7ffd15
  Session Id:              fe633d9e9326421fa6b703a38a16f439
  Correlation Id:          c3a9b5f7dc93b1dab59b61320cead0dc
  External correlation Id: 2365648375490161273
  Machine Id:              HxO4LzPDSZi5N+Qj55f7MhdwfeY=
[Licensing::Module] Successfully connected to LicensingClient on channel: "LicenseClient-VincentLiguori" (connect: 0.00s, validation: 0.01s, handshake: 0.04s)
[Licensing::IpcConnector] Successfully connected to: "LicenseClient-VincentLiguori-notifications" at "2026-09-17T06:23:30.8268854Z"
[Licensing::Module] Error: Access token is unavailable; failed to update
[Licensing::Client] Successfully resolved entitlement details
[Licensing::Module] Serial number assigned to: "37203-UnityPersXXXX"
[Licensing::Client] Successfully updated license, isAync: True, time: 0.01
Built from '6000.1/staging' branch; Version is '6000.1.8f1 (2a5b1522e5ab) revision 2775829'; Using compiler version '194234433'; Build Type 'Release'
OS: 'Windows 11  (10.0.26200) 64bit Professional' Language: 'en' Physical Memory: 64969 MB
[Licensing::Client] Successfully resolved entitlement details
BatchMode: 1, IsHumanControllingUs: 0, StartBugReporterOnCrash: 0, Is64bit: 1, IsPro: 0
Date: 2026-09-17T06:23:30Z

COMMAND LINE ARGUMENTS:
C:\Program Files\Unity\Hub\Editor\6000.1.8f1\Editor\Unity.exe
-batchmode
-quit
-projectPath
C:/nscrev/branch-verify
-executeMethod
NoSafeCircle.DoorPrototype.Editor.DoorPrototypeSceneBuilder.Build
-logFile
C:/nscrev/reports/nsc077/unity/candidate-build1.log
Successfully changed project path to: C:/nscrev/branch-verify
C:/nscrev/branch-verify
[UnityMemory] Configuration Parameters - Can be set up in boot.config
    "memorysetup-allocator-temp-initial-block-size-main=262144"
    "memorysetup-allocator-temp-initial-block-size-worker=262144"
    "memorysetup-bucket-allocator-granularity=16"
    "memorysetup-bucket-allocator-bucket-count=8"
    "memorysetup-bucket-allocator-block-size=33554432"
    "memorysetup-bucket-allocator-block-count=8"
    "memorysetup-main-allocator-block-size=16777216"
    "memorysetup-thread-allocator-block-size=16777216"
    "memorysetup-gfx-main-allocator-block-size=16777216"
    "memorysetup-gfx-thread-allocator-block-size=16777216"
    "memorysetup-cache-allocator-block-size=4194304"
    "memorysetup-typetree-allocator-block-size=2097152"
    "memorysetup-profiler-bucket-allocator-granularity=16"
    "memorysetup-profiler-bucket-allocator-bucket-count=8"
    "memorysetup-profiler-bucket-allocator-block-size=33554432"
    "memorysetup-profiler-bucket-allocator-block-count=8"
    "memorysetup-profiler-allocator-block-size=16777216"
    "memorysetup-profiler-editor-allocator-block-size=1048576"
    "memorysetup-temp-allocator-size-main=16777216"
    "memorysetup-job-temp-allocator-block-size=2097152"
    "memorysetup-job-temp-allocator-block-size-background=1048576"
    "memorysetup-job-temp-allocator-reduction-small-platforms=262144"
    "memorysetup-temp-allocator-size-background-worker=32768"
    "memorysetup-temp-allocator-size-job-worker=262144"
    "memorysetup-temp-allocator-size-preload-manager=33554432"
    "memorysetup-temp-allocator-size-nav-mesh-worker=65536"
    "memorysetup-temp-allocator-size-audio-worker=65536"
    "memorysetup-temp-allocator-size-cloud-worker=32768"
    "memorysetup-temp-allocator-size-gi-baking-worker=262144"
    "memorysetup-temp-allocator-size-gi-baking-worker=262144"
    "memorysetup-temp-allocator-size-gi-baking-worker=262144"
    "memorysetup-temp-allocator-size-gi-baking-worker=262144"
    "memorysetup-temp-allocator-size-gi-baking-worker=262144"
    "memorysetup-temp-allocator-size-gfx=262144"
Player connection [47900]  Target information:

Player connection [47900]  * "[IP] 172.28.64.1 [Port] 55504 [Flags] 2 [Guid] 996649616 [EditorId] 996649616 [Version] 1048832 [Id] WindowsEditor(7,DESKTOP-6LMNLCK) [Debug] 1 [PackageName] WindowsEditor [ProjectName] Editor" 

Player connection [47900]  * "[IP] 192.168.10.143 [Port] 55504 [Flags] 2 [Guid] 996649616 [EditorId] 996649616 [Version] 1048832 [Id] WindowsEditor(7,DESKTOP-6LMNLCK) [Debug] 1 [PackageName] WindowsEditor [ProjectName] Editor" 

Player connection [47900] Host joined multi-casting on [225.0.0.222:54997]...
Player connection [47900] Host joined alternative multi-casting on [225.0.0.222:34997]...
Input System module state changed to: Initialized.
[Physics::Module] Initialized fallback backend.
[Physics::Module] Id: 0xdecafbad
[Package Manager] Connected to IPC stream "Upm-49212" after 0.3 seconds.
Library Redirect Path: Library/
[Package Manager] Restoring resolved packages state from cache
[Licensing::Client] Successfully resolved entitlement details
[Package Manager] Registered 56 packages:
  Packages from [https://packages.unity.com]:
    com.unity.ai.navigation@2.0.14 (location: C:\nscrev\branch-verify\Library\PackageCache\com.unity.ai.navigation@134dd6a3b97b)
    com.unity.collab-proxy@2.13.5 (location: C:\nscrev\branch-verify\Library\PackageCache\com.unity.collab-proxy@120d77864ebc)
    com.unity.inputsystem@1.14.0 (location: C:\nscrev\branch-verify\Library\PackageCache\com.unity.inputsystem@7fe8299111a7)
    com.unity.timeline@1.8.7 (location: C:\nscrev\branch-verify\Library\PackageCache\com.unity.timeline@c58b4ee65782)
    com.unity.visualscripting@1.9.7 (location: C:\nscrev\branch-verify\Library\PackageCache\com.unity.visualscripting@6279e2b7c485)
    com.unity.ide.visualstudio@2.0.23 (location: C:\nscrev\branch-verify\Library\PackageCache\com.unity.ide.visualstudio@198cdf337d13)
    com.unity.ide.rider@3.0.36 (location: C:\nscrev\branch-verify\Library\PackageCache\com.unity.ide.rider@4d374c7eb6db)
    com.unity.editorcoroutines@1.0.0 (location: C:\nscrev\branch-verify\Library\PackageCache\com.unity.editorcoroutines@7d48783e7b8c)
    com.unity.performance.profile-analyzer@1.2.3 (location: C:\nscrev\branch-verify\Library\PackageCache\com.unity.performance.profile-analyzer@a68e7bc84997)
    com.unity.testtools.codecoverage@1.2.6 (location: C:\nscrev\branch-verify\Library\PackageCache\com.unity.testtools.codecoverage@205a02cbcb39)
    com.unity.collections@2.6.8 (location: C:\nscrev\branch-verify\Library\PackageCache\com.unity.collections@84e8eb3fc12e)
    com.unity.settings-manager@2.1.0 (location: C:\nscrev\branch-verify\Library\PackageCache\com.unity.settings-manager@41738c275190)
    com.unity.burst@1.8.29 (location: C:\nscrev\branch-verify\Library\PackageCache\com.unity.burst@6bb9aca3ef38)
    com.unity.mathematics@1.3.2 (location: C:\nscrev\branch-verify\Library\PackageCache\com.unity.mathematics@8017b507cc74)
    com.unity.nuget.mono-cecil@1.11.6 (location: C:\nscrev\branch-verify\Library\PackageCache\com.unity.nuget.mono-cecil@ecb9724e46ff)
    com.unity.test-framework.performance@3.1.0 (location: C:\nscrev\branch-verify\Library\PackageCache\com.unity.test-framework.performance@92d1d09a72ed)
  Built-in packages:
    com.unity.2d.tilemap@1.0.0 (location: C:\nscrev\branch-verify\Library\PackageCache\com.unity.2d.tilemap@855769f9baae)
    com.unity.feature.development@1.0.2 (location: C:\nscrev\branch-verify\Library\PackageCache\com.unity.feature.development@767aadbc6eb7)
    com.unity.multiplayer.center@1.0.0 (location: C:\nscrev\branch-verify\Library\PackageCache\com.unity.multiplayer.center@f3fb577b3546)
    com.unity.ugui@2.0.0 (location: C:\nscrev\branch-verify\Library\PackageCache\com.unity.ugui@57cef44123c7)
    com.unity.modules.accessibility@1.0.0 (location: C:\Program Files\Unity\Hub\Editor\6000.1.8f1\Editor\Data\Resources\PackageManager\BuiltInPackages\com.unity.modules.accessibility)
    com.unity.modules.ai@1.0.0 (location: C:\Program Files\Unity\Hub\Editor\6000.1.8f1\Editor\Data\Resources\PackageManager\BuiltInPackages\com.unity.modules.ai)
    com.unity.modules.androidjni@1.0.0 (location: C:\Program Files\Unity\Hub\Editor\6000.1.8f1\Editor\Data\Resources\PackageManager\BuiltInPackages\com.unity.modules.androidjni)
    com.unity.modules.animation@1.0.0 (location: C:\Program Files\Unity\Hub\Editor\6000.1.8f1\Editor\Data\Resources\PackageManager\BuiltInPackages\com.unity.modules.animation)
    com.unity.modules.assetbundle@1.0.0 (location: C:\Program Files\Unity\Hub\Editor\6000.1.8f1\Editor\Data\Resources\PackageManager\BuiltInPackages\com.unity.modules.assetbundle)
    com.unity.modules.audio@1.0.0 (location: C:\Program Files\Unity\Hub\Editor\6000.1.8f1\Editor\Data\Resources\PackageManager\BuiltInPackages\com.unity.modules.audio)
    com.unity.modules.cloth@1.0.0 (location: C:\Program Files\Unity\Hub\Editor\6000.1.8f1\Editor\Data\Resources\PackageManager\BuiltInPackages\com.unity.modules.cloth)
    com.unity.modules.director@1.0.0 (location: C:\Program Files\Unity\Hub\Editor\6000.1.8f1\Editor\Data\Resources\PackageManager\BuiltInPackages\com.unity.modules.director)
    com.unity.modules.imageconversion@1.0.0 (location: C:\Program Files\Unity\Hub\Editor\6000.1.8f1\Editor\Data\Resources\PackageManager\BuiltInPackages\com.unity.modules.imageconversion)
    com.unity.modules.imgui@1.0.0 (location: C:\Program Files\Unity\Hub\Editor\6000.1.8f1\Editor\Data\Resources\PackageManager\BuiltInPackages\com.unity.modules.imgui)
    com.unity.modules.jsonserialize@1.0.0 (location: C:\Program Files\Unity\Hub\Editor\6000.1.8f1\Editor\Data\Resources\PackageManager\BuiltInPackages\com.unity.modules.jsonserialize)
    com.unity.modules.particlesystem@1.0.0 (location: C:\Program Files\Unity\Hub\Editor\6000.1.8f1\Editor\Data\Resources\PackageManager\BuiltInPackages\com.unity.modules.particlesystem)
    com.unity.modules.physics@1.0.0 (location: C:\Program Files\Unity\Hub\Editor\6000.1.8f1\Editor\Data\Resources\PackageManager\BuiltInPackages\com.unity.modules.physics)
    com.unity.modules.physics2d@1.0.0 (location: C:\Program Files\Unity\Hub\Editor\6000.1.8f1\Editor\Data\Resources\PackageManager\BuiltInPackages\com.unity.modules.physics2d)
    com.unity.modules.screencapture@1.0.0 (location: C:\Program Files\Unity\Hub\Editor\6000.1.8f1\Editor\Data\Resources\PackageManager\BuiltInPackages\com.unity.modules.screencapture)
    com.unity.modules.terrain@1.0.0 (location: C:\Program Files\Unity\Hub\Editor\6000.1.8f1\Editor\Data\Resources\PackageManager\BuiltInPackages\com.unity.modules.terrain)
    com.unity.modules.terrainphysics@1.0.0 (location: C:\Program Files\Unity\Hub\Editor\6000.1.8f1\Editor\Data\Resources\PackageManager\BuiltInPackages\com.unity.modules.terrainphysics)
    com.unity.modules.tilemap@1.0.0 (location: C:\Program Files\Unity\Hub\Editor\6000.1.8f1\Editor\Data\Resources\PackageManager\BuiltInPackages\com.unity.modules.tilemap)
    com.unity.modules.ui@1.0.0 (location: C:\Program Files\Unity\Hub\Editor\6000.1.8f1\Editor\Data\Resources\PackageManager\BuiltInPackages\com.unity.modules.ui)
    com.unity.modules.uielements@1.0.0 (location: C:\Program Files\Unity\Hub\Editor\6000.1.8f1\Editor\Data\Resources\PackageManager\BuiltInPackages\com.unity.modules.uielements)
    com.unity.modules.umbra@1.0.0 (location: C:\Program Files\Unity\Hub\Editor\6000.1.8f1\Editor\Data\Resources\PackageManager\BuiltInPackages\com.unity.modules.umbra)
    com.unity.modules.unityanalytics@1.0.0 (location: C:\Program Files\Unity\Hub\Editor\6000.1.8f1\Editor\Data\Resources\PackageManager\BuiltInPackages\com.unity.modules.unityanalytics)
    com.unity.modules.unitywebrequest@1.0.0 (location: C:\Program Files\Unity\Hub\Editor\6000.1.8f1\Editor\Data\Resources\PackageManager\BuiltInPackages\com.unity.modules.unitywebrequest)
    com.unity.modules.unitywebrequestassetbundle@1.0.0 (location: C:\Program Files\Unity\Hub\Editor\6000.1.8f1\Editor\Data\Resources\PackageManager\BuiltInPackages\com.unity.modules.unitywebrequestassetbundle)
    com.unity.modules.unitywebrequestaudio@1.0.0 (location: C:\Program Files\Unity\Hub\Editor\6000.1.8f1\Editor\Data\Resources\PackageManager\BuiltInPackages\com.unity.modules.unitywebrequestaudio)
    com.unity.modules.unitywebrequesttexture@1.0.0 (location: C:\Program Files\Unity\Hub\Editor\6000.1.8f1\Editor\Data\Resources\PackageManager\BuiltInPackages\com.unity.modules.unitywebrequesttexture)
    com.unity.modules.unitywebrequestwww@1.0.0 (location: C:\Program Files\Unity\Hub\Editor\6000.1.8f1\Editor\Data\Resources\PackageManager\BuiltInPackages\com.unity.modules.unitywebrequestwww)
    com.unity.modules.vehicles@1.0.0 (location: C:\Program Files\Unity\Hub\Editor\6000.1.8f1\Editor\Data\Resources\PackageManager\BuiltInPackages\com.unity.modules.vehicles)
    com.unity.modules.video@1.0.0 (location: C:\Program Files\Unity\Hub\Editor\6000.1.8f1\Editor\Data\Resources\PackageManager\BuiltInPackages\com.unity.modules.video)
    com.unity.modules.vr@1.0.0 (location: C:\Program Files\Unity\Hub\Editor\6000.1.8f1\Editor\Data\Resources\PackageManager\BuiltInPackages\com.unity.modules.vr)
    com.unity.modules.wind@1.0.0 (location: C:\Program Files\Unity\Hub\Editor\6000.1.8f1\Editor\Data\Resources\PackageManager\BuiltInPackages\com.unity.modules.wind)
    com.unity.modules.xr@1.0.0 (location: C:\Program Files\Unity\Hub\Editor\6000.1.8f1\Editor\Data\Resources\PackageManager\BuiltInPackages\com.unity.modules.xr)
    com.unity.modules.subsystems@1.0.0 (location: C:\Program Files\Unity\Hub\Editor\6000.1.8f1\Editor\Data\Resources\PackageManager\BuiltInPackages\com.unity.modules.subsystems)
    com.unity.modules.hierarchycore@1.0.0 (location: C:\Program Files\Unity\Hub\Editor\6000.1.8f1\Editor\Data\Resources\PackageManager\BuiltInPackages\com.unity.modules.hierarchycore)
    com.unity.test-framework@1.5.1 (location: C:\nscrev\branch-verify\Library\PackageCache\com.unity.test-framework@7056e7f856e9)
    com.unity.ext.nunit@2.0.5 (location: C:\nscrev\branch-verify\Library\PackageCache\com.unity.ext.nunit@031a54704bff)
[Physics::Module] Selected backend.
[Physics::Module] Name: PhysX
[Physics::Module] Id: 0xf2b8ea05
[Physics::Module] SDK Version: 4.1.2
[Physics::Module] Integration Version: 1.0.0
[Physics::Module] Threading Mode: Multi-Threaded
[Subsystems] No new subsystems found in resolved package list.
Package Manager log level set to [2]
[Package Manager] Done registering packages in 0.41 seconds
Refreshing native plugins compatible for Editor in 4.33 ms, found 4 plugins.
Preloading 0 native plugins for Editor in 0.00 ms.
Initialize engine version: 6000.1.8f1 (2a5b1522e5ab)
[Subsystems] Discovering subsystems at path C:/Program Files/Unity/Hub/Editor/6000.1.8f1/Editor/Data/Resources/UnitySubsystems
[Subsystems] Discovering subsystems at path C:/nscrev/branch-verify/Assets
GfxDevice: creating device client; kGfxThreadingModeNonThreaded
Direct3D:
    Version:         Direct3D 12 [level 12.1]
    Renderer:        NVIDIA GeForce RTX 4070 Laptop GPU (ID=0x2820)
    Vendor:          NVIDIA
    VRAM:            7948 MB
    App VRAM Budget: 7180 MB
    Driver:          32.0.15.9658
[Licensing::Client] Successfully resolved entitlement details
Initialize mono
Mono path[0] = 'C:/Program Files/Unity/Hub/Editor/6000.1.8f1/Editor/Data/Managed'
Mono path[1] = 'C:/Program Files/Unity/Hub/Editor/6000.1.8f1/Editor/Data/MonoBleedingEdge/lib/mono/unityjit-win32'
Mono config path = 'C:/Program Files/Unity/Hub/Editor/6000.1.8f1/Editor/Data/MonoBleedingEdge/etc'
Using monoOptions --debugger-agent=transport=dt_socket,embedding=1,server=y,suspend=n,address=127.0.0.1:56212
Using cacheserver namespaces - metadata:defaultmetadata, artifacts:defaultartifacts
Using cacheserver namespaces - metadata:defaultmetadata, artifacts:defaultartifacts
ImportWorker Server TCP listen port: 0
AcceleratorClientConnectionCallback - disconnected - :0
Begin MonoManager ReloadAssembly
Registering precompiled unity dll's ...
Register platform support module: C:/Program Files/Unity/Hub/Editor/6000.1.8f1/Editor/Data/PlaybackEngines/WebGLSupport/UnityEditor.WebGL.Extensions.dll
Register platform support module: C:/Program Files/Unity/Hub/Editor/6000.1.8f1/Editor/Data/PlaybackEngines/WindowsStandaloneSupport/UnityEditor.WindowsStandalone.Extensions.dll
Registered in 0.003354 seconds.
- Loaded All Assemblies, in  0.349 seconds
Native extension for WindowsStandalone target not found
Native extension for WebGL target not found
Mono: successfully reloaded assembly
- Finished resetting the current domain, in  0.291 seconds
Domain Reload Profiling: 638ms
	BeginReloadAssembly (118ms)
		ExecutionOrderSort (0ms)
		DisableScriptedObjects (0ms)
		BackupInstance (0ms)
		ReleaseScriptingObjects (0ms)
		CreateAndSetChildDomain (1ms)
	RebuildCommonClasses (30ms)
	RebuildNativeTypeToScriptingClass (9ms)
	initialDomainReloadingComplete (48ms)
	LoadAllAssembliesAndSetupDomain (142ms)
		LoadAssemblies (115ms)
		RebuildTransferFunctionScriptingTraits (0ms)
		AnalyzeDomain (139ms)
			TypeCache.Refresh (137ms)
				TypeCache.ScanAssembly (125ms)
			BuildScriptInfoCaches (0ms)
			ResolveRequiredComponents (0ms)
	FinalizeReload (291ms)
		ReleaseScriptCaches (0ms)
		RebuildScriptCaches (0ms)
		SetupLoadedEditorAssemblies (261ms)
			LogAssemblyErrors (0ms)
			InitializePlatformSupportModulesInManaged (53ms)
			SetLoadedEditorAssemblies (4ms)
			BeforeProcessingInitializeOnLoad (55ms)
			ProcessInitializeOnLoadAttributes (105ms)
			ProcessInitializeOnLoadMethodAttributes (45ms)
			AfterProcessingInitializeOnLoad (0ms)
			EditorAssembliesLoaded (0ms)
		ExecutionOrderSort2 (0ms)
		AwakeInstancesAfterBackupRestoration (0ms)
[Licensing::Client] Successfully resolved entitlement details
Application.AssetDatabase Initial Refresh Start
[ScriptCompilation] Requested script compilation because: Assetdatabase observed changes in script compilation related files
warn: Unity.AspNetCore.NamedPipeSupport.NamedPipeServer[0]
      Exception occured while accepting client connection: System.IO.IOException: The pipe is being closed.
         at System.IO.Pipes.NamedPipeServerStream.WaitForConnectionCoreAsync(CancellationToken cancellationToken)
         at System.IO.Pipes.NamedPipeServerStream.WaitForConnectionAsync(CancellationToken cancellationToken)
         at Unity.AspNetCore.NamedPipeSupport.NamedPipeServer.AcceptLoop(Boolean useNamedPipeMessageSemantic)
         at System.Runtime.CompilerServices.AsyncMethodBuilderCore.Start[TStateMachine](TStateMachine& stateMachine)
         at Unity.AspNetCore.NamedPipeSupport.NamedPipeServer.AcceptLoop(Boolean useNamedPipeMessageSemantic)
         at Unity.AspNetCore.NamedPipeSupport.NamedPipeServer..ctor(String pipeName, NamedPipeListenerOptions options, ILogger`1 logger)
         at Unity.AspNetCore.NamedPipeSupport.NamedPipeListener..ctor(NamedPipeEndpoint endpoint, ILoggerFactory loggerFactory, NamedPipeListenerOptions namedPipeListenerOptions)
         at Unity.AspNetCore.NamedPipeSupport.NamedPipeListenerFactory.BindAsync(EndPoint _, CancellationToken cancellationToken)
         at Microsoft.AspNetCore.Server.Kestrel.Core.Internal.Infrastructure.TransportManager.BindAsync(EndPoint endPoint, ConnectionDelegate connectionDelegate, EndpointConfig endpointConfig, CancellationToken cancellationToken)
         at System.Runtime.CompilerServices.AsyncMethodBuilderCore.Start[TStateMachine](TStateMachine& stateMachine)
         at Microsoft.AspNetCore.Server.Kestrel.Core.Internal.Infrastructure.TransportManager.BindAsync(EndPoint endPoint, ConnectionDelegate connectionDelegate, EndpointConfig endpointConfig, CancellationToken cancellationToken)
         at Microsoft.AspNetCore.Server.Kestrel.Core.KestrelServerImpl.<>c__DisplayClass30_0`1.<<StartAsync>g__OnBind|0>d.MoveNext()
         at System.Runtime.CompilerServices.AsyncMethodBuilderCore.Start[TStateMachine](TStateMachine& stateMachine)
         at Microsoft.AspNetCore.Server.Kestrel.Core.KestrelServerImpl.<>c__DisplayClass30_0`1.<StartAsync>g__OnBind|0(ListenOptions options, CancellationToken onBindCancellationToken)
         at Microsoft.AspNetCore.Server.Kestrel.Core.Internal.AddressBinder.BindEndpointAsync(ListenOptions endpoint, AddressBindContext context, CancellationToken cancellationToken)
         at System.Runtime.CompilerServices.AsyncMethodBuilderCore.Start[TStateMachine](TStateMachine& stateMachine)
         at Microsoft.AspNetCore.Server.Kestrel.Core.Internal.AddressBinder.BindEndpointAsync(ListenOptions endpoint, AddressBindContext context, CancellationToken cancellationToken)
         at Microsoft.AspNetCore.Server.Kestrel.Core.LocalhostListenOptions.BindAsync(AddressBindContext context, CancellationToken cancellationToken)
         at System.Runtime.CompilerServices.AsyncMethodBuilderCore.Start[TStateMachine](TStateMachine& stateMachine)
         at Microsoft.AspNetCore.Server.Kestrel.Core.LocalhostListenOptions.BindAsync(AddressBindContext context, CancellationToken cancellationToken)
         at Microsoft.AspNetCore.Server.Kestrel.Core.Internal.AddressBinder.EndpointsStrategy.BindAsync(AddressBindContext context, CancellationToken cancellationToken)
         at System.Runtime.CompilerServices.AsyncMethodBuilderCore.Start[TStateMachine](TStateMachine& stateMachine)
         at Microsoft.AspNetCore.Server.Kestrel.Core.Internal.AddressBinder.EndpointsStrategy.BindAsync(AddressBindContext context, CancellationToken cancellationToken)
         at Microsoft.AspNetCore.Server.Kestrel.Core.Internal.AddressBinder.BindAsync(IEnumerable`1 listenOptions, AddressBindContext context, CancellationToken cancellationToken)
         at System.Runtime.CompilerServices.AsyncMethodBuilderCore.Start[TStateMachine](TStateMachine& stateMachine)
         at Microsoft.AspNetCore.Server.Kestrel.Core.Internal.AddressBinder.BindAsync(IEnumerable`1 listenOptions, AddressBindContext context, CancellationToken cancellationToken)
         at Microsoft.AspNetCore.Server.Kestrel.Core.KestrelServerImpl.BindAsync(CancellationToken cancellationToken)
         at System.Runtime.CompilerServices.AsyncMethodBuilderCore.Start[TStateMachine](TStateMachine& stateMachine)
         at Microsoft.AspNetCore.Server.Kestrel.Core.KestrelServerImpl.BindAsync(CancellationToken cancellationToken)
         at Microsoft.AspNetCore.Server.Kestrel.Core.KestrelServerImpl.StartAsync[TContext](IHttpApplication`1 application, CancellationToken cancellationToken)
         at System.Runtime.CompilerServices.AsyncMethodBuilderCore.Start[TStateMachine](TStateMachine& stateMachine)
         at Microsoft.AspNetCore.Server.Kestrel.Core.KestrelServerImpl.StartAsync[TContext](IHttpApplication`1 application, CancellationToken cancellationToken)
         at Microsoft.AspNetCore.Hosting.GenericWebHostService.StartAsync(CancellationToken cancellationToken)
         at System.Runtime.CompilerServices.AsyncMethodBuilderCore.Start[TStateMachine](TStateMachine& stateMachine)
         at Microsoft.AspNetCore.Hosting.GenericWebHostService.StartAsync(CancellationToken cancellationToken)
         at Microsoft.Extensions.Hosting.Internal.Host.StartAsync(CancellationToken cancellationToken)
         at System.Runtime.CompilerServices.AsyncMethodBuilderCore.Start[TStateMachine](TStateMachine& stateMachine)
         at Microsoft.Extensions.Hosting.Internal.Host.StartAsync(CancellationToken cancellationToken)
         at Microsoft.AspNetCore.Builder.WebApplication.StartAsync(CancellationToken cancellationToken)
         at Microsoft.Extensions.Hosting.HostingAbstractionsHostExtensions.RunAsync(IHost host, CancellationToken token)
         at System.Runtime.CompilerServices.AsyncMethodBuilderCore.Start[TStateMachine](TStateMachine& stateMachine)
         at Microsoft.Extensions.Hosting.HostingAbstractionsHostExtensions.RunAsync(IHost host, CancellationToken token)
         at Microsoft.Extensions.Hosting.HostingAbstractionsHostExtensions.Run(IHost host)
         at Microsoft.AspNetCore.Builder.WebApplication.Run(String url)
         at Program.<Main>$(String[] args)
      --- End of stack trace from previous location ---
         at Unity.AspNetCore.NamedPipeSupport.NamedPipeServer.AcceptLoop(Boolean useNamedPipeMessageSemantic)
info: Microsoft.Hosting.Lifetime[14]
      Now listening on: http://localhost:80
info: Microsoft.Hosting.Lifetime[0]
      Application started. Press Ctrl+C to shut down.
info: Microsoft.Hosting.Lifetime[0]
      Hosting environment: Production
info: Microsoft.Hosting.Lifetime[0]
      Content root path: C:\nscrev\branch-verify\
info: Microsoft.AspNetCore.Hosting.Diagnostics[1]
      Request starting HTTP/2 POST http://ilpp/UnityILPP.PostProcessing/Ping application/grpc -
info: Microsoft.AspNetCore.Routing.EndpointMiddleware[0]
      Executing endpoint 'gRPC - /UnityILPP.PostProcessing/Ping'
info: Microsoft.AspNetCore.Routing.EndpointMiddleware[1]
      Executed endpoint 'gRPC - /UnityILPP.PostProcessing/Ping'
info: Microsoft.AspNetCore.Hosting.Diagnostics[2]
      Request finished HTTP/2 POST http://ilpp/UnityILPP.PostProcessing/Ping application/grpc - - 200 - application/grpc 37.4206ms
Starting: C:\Program Files\Unity\Hub\Editor\6000.1.8f1\Editor\Data\bee_backend.exe --ipc --defer-dag-verification --dagfile="Library/Bee/1900b0aEDbg.dag" --continue-on-failure --profile="Library/Bee/backend1.traceevents" ScriptAssemblies
WorkingDir: C:/nscrev/branch-verify
info: Microsoft.AspNetCore.Hosting.Diagnostics[1]
      Request starting HTTP/2 POST http://ilpp/UnityILPP.PostProcessing/ConfigurePostProcessors application/grpc -
info: Microsoft.AspNetCore.Routing.EndpointMiddleware[0]
      Executing endpoint 'gRPC - /UnityILPP.PostProcessing/ConfigurePostProcessors'
warn: Unity.ILPP.Runner.PostProcessingAssemblyLoadContext[0]
      Assembly system.runtime.interopservices.windowsruntime has duplicate hint path. Ignoring "C:\Program Files\Unity\Hub\Editor\6000.1.8f1\Editor\Data\UnityReferenceAssemblies\unity-4.8-api\Facades\System.Runtime.InteropServices.WindowsRuntime.dll" in favor of "C:\Program Files\Unity\Hub\Editor\6000.1.8f1\Editor\Data\NetStandard\Extensions\2.0.0\System.Runtime.InteropServices.WindowsRuntime.dll"
warn: Unity.ILPP.Runner.PostProcessingAssemblyLoadContext[0]
      Assembly system.componentmodel.composition has duplicate hint path. Ignoring "C:\Program Files\Unity\Hub\Editor\6000.1.8f1\Editor\Data\UnityReferenceAssemblies\unity-4.8-api\System.ComponentModel.Composition.dll" in favor of "C:\Program Files\Unity\Hub\Editor\6000.1.8f1\Editor\Data\NetStandard\compat\2.1.0\shims\netfx\System.ComponentModel.Composition.dll"
DisplayProgressbar: Compiling Scripts
info: Unity.ILPP.Runner.PostProcessingAssemblyLoadContext[0]
      Resolved Unity.Burst.Cecil, Version=0.11.6.0, Culture=neutral, PublicKeyToken=50cebf1cceb9d05e with Library\PackageCache\com.unity.burst@6bb9aca3ef38\Unity.Burst.CodeGen\Unity.Burst.Cecil.dll
info: Unity.ILPP.Runner.PostProcessingAssemblyLoadContext[0]
      Resolved Mono.Cecil, Version=0.11.5.0, Culture=neutral, PublicKeyToken=50cebf1cceb9d05e with Library\PackageCache\com.unity.nuget.mono-cecil@ecb9724e46ff\Mono.Cecil.dll
info: Microsoft.AspNetCore.Routing.EndpointMiddleware[1]
      Executed endpoint 'gRPC - /UnityILPP.PostProcessing/ConfigurePostProcessors'
info: Microsoft.AspNetCore.Hosting.Diagnostics[2]
      Request finished HTTP/2 POST http://ilpp/UnityILPP.PostProcessing/ConfigurePostProcessors application/grpc - - 200 - application/grpc 50.5123ms
info: Microsoft.AspNetCore.Hosting.Diagnostics[1]
      Request starting HTTP/2 POST http://ilpp/UnityILPP.PostProcessing/PostProcessAssembly application/grpc -
info: Microsoft.AspNetCore.Routing.EndpointMiddleware[0]
      Executing endpoint 'gRPC - /UnityILPP.PostProcessing/PostProcessAssembly'
info: Unity.ILPP.Runner.PostProcessingPipeline[0]
      Processing assembly Library/Bee/artifacts/1900b0aEDbg.dag/NoSafeCircle.DoorPrototype.Tests.Editor.dll, with 128 defines and 257 references
info: Unity.ILPP.Runner.PostProcessingPipeline[0]
      processors: Unity.Jobs.CodeGen.JobsILPostProcessor, zzzUnity.Burst.CodeGen.BurstILPostProcessor
info: Unity.ILPP.Runner.PostProcessingPipeline[0]
      running Unity.Jobs.CodeGen.JobsILPostProcessor
info: Unity.ILPP.Runner.PostProcessingPipeline[0]
      running zzzUnity.Burst.CodeGen.BurstILPostProcessor
info: Microsoft.AspNetCore.Routing.EndpointMiddleware[1]
      Executed endpoint 'gRPC - /UnityILPP.PostProcessing/PostProcessAssembly'
info: Microsoft.AspNetCore.Hosting.Diagnostics[2]
      Request finished HTTP/2 POST http://ilpp/UnityILPP.PostProcessing/PostProcessAssembly application/grpc - - 200 - application/grpc 18.9320ms
info: Microsoft.AspNetCore.Hosting.Diagnostics[1]
      Request starting HTTP/2 POST http://ilpp/UnityILPP.PostProcessing/PostProcessAssembly application/grpc -
info: Microsoft.AspNetCore.Routing.EndpointMiddleware[0]
      Executing endpoint 'gRPC - /UnityILPP.PostProcessing/PostProcessAssembly'
info: Unity.ILPP.Runner.PostProcessingPipeline[0]
      Processing assembly Library/Bee/artifacts/1900b0aEDbg.dag/Assembly-CSharp-firstpass.dll, with 130 defines and 288 references
info: Unity.ILPP.Runner.PostProcessingPipeline[0]
      processors: Unity.Jobs.CodeGen.JobsILPostProcessor, zzzUnity.Burst.CodeGen.BurstILPostProcessor
info: Unity.ILPP.Runner.PostProcessingPipeline[0]
      running Unity.Jobs.CodeGen.JobsILPostProcessor
info: Unity.ILPP.Runner.PostProcessingAssemblyLoadContext[0]
      Resolved Unity.Collections, Version=0.0.0.0, Culture=neutral, PublicKeyToken=null with Library\Bee\artifacts\1900b0aEDbg.dag\Unity.Collections.dll
info: Unity.ILPP.Runner.PostProcessingAssemblyLoadContext[0]
      Resolved UnityEditor.CoreModule, Version=0.0.0.0, Culture=neutral, PublicKeyToken=null with C:\Program Files\Unity\Hub\Editor\6000.1.8f1\Editor\Data\Managed\UnityEngine\UnityEditor.CoreModule.dll
info: Unity.ILPP.Runner.PostProcessingAssemblyLoadContext[0]
      Resolved UnityEngine.CoreModule, Version=0.0.0.0, Culture=neutral, PublicKeyToken=null with C:\Program Files\Unity\Hub\Editor\6000.1.8f1\Editor\Data\Managed\UnityEngine\UnityEngine.CoreModule.dll
info: Unity.ILPP.Runner.PostProcessingPipeline[0]
      running zzzUnity.Burst.CodeGen.BurstILPostProcessor
info: Unity.ILPP.Runner.PostProcessingAssemblyLoadContext[0]
      Resolved Unity.Burst.Cecil.Rocks, Version=0.11.6.0, Culture=neutral, PublicKeyToken=50cebf1cceb9d05e with Library\PackageCache\com.unity.burst@6bb9aca3ef38\Unity.Burst.CodeGen\Unity.Burst.Cecil.Rocks.dll
info: Microsoft.AspNetCore.Routing.EndpointMiddleware[1]
      Executed endpoint 'gRPC - /UnityILPP.PostProcessing/PostProcessAssembly'
info: Microsoft.AspNetCore.Hosting.Diagnostics[2]
      Request finished HTTP/2 POST http://ilpp/UnityILPP.PostProcessing/PostProcessAssembly application/grpc - - 200 - application/grpc 314.3197ms
ExitCode: 0 Duration: 2s343ms
[575/728    0s] ILPP-Configuration Library/ilpp-configuration.nevergeneratedoutput
[720/728    1s] Csc Library/Bee/artifacts/1900b0aEDbg.dag/NoSafeCircle.DoorPrototype.Tests.Editor.dll (+2 others)
[721/728    0s] ILPostProcess Library/Bee/artifacts/1900b0aEDbg.dag/post-processed/NoSafeCircle.DoorPrototype.Tests.Editor.dll (+pdb)
Processing assembly Library/Bee/artifacts/1900b0aEDbg.dag/NoSafeCircle.DoorPrototype.Tests.Editor.dll, with 128 defines and 257 references

processors: Unity.Jobs.CodeGen.JobsILPostProcessor, zzzUnity.Burst.CodeGen.BurstILPostProcessor

running Unity.Jobs.CodeGen.JobsILPostProcessor

running zzzUnity.Burst.CodeGen.BurstILPostProcessor
[722/728    0s] CopyFiles Library/ScriptAssemblies/NoSafeCircle.DoorPrototype.Tests.Editor.pdb
[723/728    0s] CopyFiles Library/ScriptAssemblies/NoSafeCircle.DoorPrototype.Tests.Editor.dll
[724/728    0s] Csc Library/Bee/artifacts/1900b0aEDbg.dag/Assembly-CSharp-firstpass.dll (+2 others)
[725/728    0s] ILPostProcess Library/Bee/artifacts/1900b0aEDbg.dag/post-processed/Assembly-CSharp-firstpass.dll (+pdb)
Processing assembly Library/Bee/artifacts/1900b0aEDbg.dag/Assembly-CSharp-firstpass.dll, with 130 defines and 288 references

processors: Unity.Jobs.CodeGen.JobsILPostProcessor, zzzUnity.Burst.CodeGen.BurstILPostProcessor

running Unity.Jobs.CodeGen.JobsILPostProcessor

running zzzUnity.Burst.CodeGen.BurstILPostProcessor
[726/728    0s] CopyFiles Library/ScriptAssemblies/Assembly-CSharp-firstpass.dll
[727/728    0s] CopyFiles Library/ScriptAssemblies/Assembly-CSharp-firstpass.pdb
*** Tundra build success (2.31 seconds), 9 items updated, 728 evaluated
AssetDatabase: script compilation time: 2.883701s
Begin MonoManager ReloadAssembly
- Loaded All Assemblies, in  0.881 seconds
Start importing ProjectSettings/EditorBuildSettings.asset using Guid(0000000000000000b000000000000000) (LibraryAssetImporter) -> (artifact id: 'a568f27f9bd05b8ec5f95deee2bdb0af') in 0.0251983 seconds
Refreshing native plugins compatible for Editor in 3.63 ms, found 4 plugins.
Native extension for WindowsStandalone target not found
Native extension for WebGL target not found
Refreshing native plugins compatible for Editor in 2.44 ms, found 4 plugins.
Mono: successfully reloaded assembly
- Finished resetting the current domain, in  4.255 seconds
Domain Reload Profiling: 5131ms
	BeginReloadAssembly (292ms)
		ExecutionOrderSort (0ms)
		DisableScriptedObjects (11ms)
		BackupInstance (0ms)
		ReleaseScriptingObjects (0ms)
		CreateAndSetChildDomain (150ms)
	RebuildCommonClasses (32ms)
	RebuildNativeTypeToScriptingClass (10ms)
	initialDomainReloadingComplete (30ms)
	LoadAllAssembliesAndSetupDomain (511ms)
		LoadAssemblies (411ms)
		RebuildTransferFunctionScriptingTraits (0ms)
		AnalyzeDomain (194ms)
			TypeCache.Refresh (154ms)
				TypeCache.ScanAssembly (144ms)
			BuildScriptInfoCaches (32ms)
			ResolveRequiredComponents (5ms)
	FinalizeReload (4255ms)
		ReleaseScriptCaches (0ms)
		RebuildScriptCaches (0ms)
		SetupLoadedEditorAssemblies (4094ms)
			LogAssemblyErrors (0ms)
			InitializePlatformSupportModulesInManaged (24ms)
			SetLoadedEditorAssemblies (4ms)
			BeforeProcessingInitializeOnLoad (155ms)
			ProcessInitializeOnLoadAttributes (3850ms)
			ProcessInitializeOnLoadMethodAttributes (51ms)
			AfterProcessingInitializeOnLoad (10ms)
			EditorAssembliesLoaded (0ms)
		ExecutionOrderSort2 (0ms)
		AwakeInstancesAfterBackupRestoration (12ms)
Start importing Assets/Scenes/DoorPrototype.unity using Guid(92dbd0a3e6c18e245896a66c5120379d) (DefaultImporter) -> (artifact id: '3c75805e16e8866165518734c070334b') in 0.0028598 seconds
Start importing Assets/NoSafeCircle/DoorPrototype/Art/Enemies/Source/Walk/enemy_ranged_e_walk_03.png using Guid(006730da4ca7ca84da0efb0b1071b8e8) (TextureImporter) -> (artifact id: '624931e9763acd7be8d63344dadfdb9b') in 0.0096412 seconds
Start importing Assets/NoSafeCircle/DoorPrototype/Art/Enemies/Source/Walk/enemy_ranged_ne_walk_02.png using Guid(506afcd6a7f71f8428919d27316338a6) (TextureImporter) -> (artifact id: '21e6c592376bea4c44fe2c0635b9cc93') in 0.0039404 seconds
Start importing Assets/NoSafeCircle/DoorPrototype/Art/Enemies/Source/Walk/enemy_melee_s_walk_05.png using Guid(809a02a648ddbf1499de18af29c43e08) (TextureImporter) -> (artifact id: '96b227d71fba1fd97739456099d8f452') in 0.0032323 seconds
Start importing Assets/NoSafeCircle/DoorPrototype/Art/Enemies/Source/Walk/enemy_melee_sw_walk_00.png using Guid(9016307339bf8014399d16d2311658eb) (TextureImporter) -> (artifact id: 'c0aacb6469c2a023fa5d697a4a3ddb44') in 0.0027402 seconds
Start importing Assets/NoSafeCircle/DoorPrototype/Art/Enemies/Source/Walk/enemy_ranged_ne_walk_00.png using Guid(a06fa2155e42ba9488b82a03a5b8b70b) (TextureImporter) -> (artifact id: '0e5a751ec15f3bed2de572c699ac8809') in 0.0024289 seconds
Start importing Assets/NoSafeCircle/DoorPrototype/Art/Enemies/Source/Walk/enemy_ranged_nw_walk_02.png using Guid(f083b6211f7a48942a050d0f40eebffe) (TextureImporter) -> (artifact id: '9db7cddf244b19446757f49bfaa333f3') in 0.0026779 seconds
Start importing Assets/NoSafeCircle/DoorPrototype/Art/Enemies/Source/enemy_ranged_ne_idle_00.png using Guid(2111542209294994d9e7192824c75fa8) (TextureImporter) -> (artifact id: '0ad327f11b5c4ea3bcbfab011f8e3f72') in 0.002337 seconds
Start importing Assets/NoSafeCircle/DoorPrototype/Art/Enemies/Source/Walk/enemy_melee_nw_walk_00.png using Guid(21ff82006b8c05140b1296f38797143d) (TextureImporter) -> (artifact id: 'f93f37be4632a50a9900faa063f120a6') in 0.0028165 seconds
Start importing Assets/NoSafeCircle/DoorPrototype/Art/Enemies/Source/Walk/enemy_melee_se_walk_01.png using Guid(4124ff9f59371ed4aa800a9015bc716d) (TextureImporter) -> (artifact id: '030198082d440455865a6dbcec732b50') in 0.0028451 seconds
Start importing Assets/NoSafeCircle/DoorPrototype/Art/Enemies/Source/Walk/enemy_melee_se_walk_05.png using Guid(81e0829f94e525548bef73ad7974241e) (TextureImporter) -> (artifact id: '1d3daa46c298febfd400cdee270b5f95') in 0.0026884 seconds
Start importing Assets/NoSafeCircle/DoorPrototype/Art/Enemies/Source/Walk/enemy_ranged_nw_walk_00.png using Guid(d1434f5317889a64f949dac3c7b9d0e0) (TextureImporter) -> (artifact id: '2d82f7d0c428f93d809160a07220eff4') in 0.0027093 seconds
Start importing Assets/NoSafeCircle/DoorPrototype/Art/Enemies/Source/Walk/enemy_ranged_ne_walk_03.png using Guid(f12ff253cbb5d66458db95b1a79685f8) (TextureImporter) -> (artifact id: '9cdbb7cbeab85c464f774be852e65868') in 0.0065326 seconds
Start importing Assets/NoSafeCircle/DoorPrototype/Art/Enemies/Source/enemy_melee_n_idle_00.png using Guid(02ed6521632172d458526e95c370f4a0) (TextureImporter) -> (artifact id: '485ddd5e15e735402277393672ce4031') in 0.003583 seconds
Start importing Assets/NoSafeCircle/DoorPrototype/Art/Enemies/Source/Walk/enemy_melee_s_walk_01.png using Guid(12ada92f01ce5a548b5351598264ff5c) (TextureImporter) -> (artifact id: '68623971a852fad3a5efb23d4ca64d17') in 0.0025125 seconds
Start importing Assets/NoSafeCircle/DoorPrototype/Art/Enemies/Source/Walk/enemy_ranged_s_walk_03.png using Guid(5260af7e95ed65f43ba4865fee07c20b) (TextureImporter) -> (artifact id: '5e174e363dbb4c1d3a4c2783d90d5292') in 0.0031356 seconds
Start importing Assets/NoSafeCircle/DoorPrototype/Art/Enemies/Source/Walk/enemy_ranged_ne_walk_01.png using Guid(625243ddce3c30447b6be6e642ef5e64) (TextureImporter) -> (artifact id: '1259c422741d60a0eb898c9178fabe85') in 0.0030584 seconds
Start importing Assets/NoSafeCircle/DoorPrototype/Art/Enemies/Source/Walk/enemy_melee_se_walk_00.png using Guid(c23d7a194d869cf4a90dae387f2475c8) (TextureImporter) -> (artifact id: 'b7f0dbea461a1c92a43cf52bd0aab8c5') in 0.0032699 seconds
Start importing Assets/NoSafeCircle/DoorPrototype/Art/Enemies/Source/Walk/enemy_melee_e_walk_02.png using Guid(d20304b4112f8db4fb75af2b96899b33) (TextureImporter) -> (artifact id: '152866abe0c219dba5c095a3554b91aa') in 0.002891 seconds
Start importing Assets/NoSafeCircle/DoorPrototype/Art/Enemies/Source/Walk/enemy_ranged_sw_walk_04.png using Guid(038128a7c8777a0458d7450e177256ef) (TextureImporter) -> (artifact id: 'fff099c757d5b172b191a57fc8bf5931') in 0.0028871 seconds
Start importing Assets/NoSafeCircle/DoorPrototype/Art/Enemies/Source/Walk/enemy_ranged_nw_walk_04.png using Guid(03041bfc9da5a6542978f9a56f72045e) (TextureImporter) -> (artifact id: '269fd18fb13a24a08f6d22b179170779') in 0.0029926 seconds
Start importing Assets/NoSafeCircle/DoorPrototype/Art/Enemies/Source/Walk/enemy_melee_ne_walk_01.png using Guid(23d9c6ce6e08f6c45b85a0aadc8245f1) (TextureImporter) -> (artifact id: '5961e9d5a8e781a520fa2907408ab132') in 0.0027471 seconds
Start importing Assets/NoSafeCircle/DoorPrototype/Art/Enemies/Source/Walk/enemy_ranged_w_walk_00.png using Guid(33f0e811d069ee14898821c06de8640e) (TextureImporter) -> (artifact id: '7add1f8ccfb5ec07af4c2ab23fc2bfce') in 0.003753 seconds
Start importing Assets/NoSafeCircle/DoorPrototype/Art/Enemies/Source/Walk/enemy_ranged_s_walk_01.png using Guid(330635d3725850c43af439c0913929b8) (TextureImporter) -> (artifact id: '36bd3ebf54f1b85870137a6877506d6c') in 0.0034987 seconds
Start importing Assets/NoSafeCircle/DoorPrototype/Art/Enemies/Source/enemy_ranged_n_idle_00.png using Guid(33c70e326c5c8a74599ad6f0d4c26a44) (TextureImporter) -> (artifact id: 'b8696af28f5d914bbd7cb034524cb92b') in 0.0048233 seconds
Start importing Assets/NoSafeCircle/DoorPrototype/Art/Enemies/Source/Walk/enemy_melee_nw_walk_03.png using Guid(630f06737f1aedb4085e2ca956a04316) (TextureImporter) -> (artifact id: 'f3cbaa46470f289989222a212d7d96b2') in 0.0047076 seconds
Start importing Assets/NoSafeCircle/DoorPrototype/Art/Enemies/Source/Walk/enemy_ranged_s_walk_02.png using Guid(73c14008bfc43594b847cfccec14b653) (TextureImporter) -> (artifact id: '726b4f8d427de7cf684d90443210e229') in 0.0035824 seconds
Start importing Assets/NoSafeCircle/DoorPrototype/Art/Enemies/Source/Walk/enemy_melee_n_walk_00.png using Guid(83c42a2839f6823419ffa91bfae75a10) (TextureImporter) -> (artifact id: 'c89f03a53ba6e369fe99d27071739c2a') in 0.0031408 seconds
Start importing Assets/NoSafeCircle/DoorPrototype/Art/Enemies/Source/Walk/enemy_melee_e_walk_05.png using Guid(b39b96d40f02a974f81906d8d0f9bcf4) (TextureImporter) -> (artifact id: '84c3b56454579f8665a2b64b1ed9f489') in 0.0028039 seconds
Start importing Assets/NoSafeCircle/DoorPrototype/Art/Enemies/Source/Walk/enemy_ranged_w_walk_02.png using Guid(e3e2aa78e82c24940ad0b9e3ef947580) (TextureImporter) -> (artifact id: 'a50c34154269e242c011da2749141024') in 0.0038804 seconds
Start importing Assets/NoSafeCircle/DoorPrototype/Art/Enemies/Source/Walk/enemy_melee_w_walk_00.png using Guid(04970fb9b0075404292bfcda609ac655) (TextureImporter) -> (artifact id: '087cba78960c3480000810c7432ad65f') in 0.0038715 seconds
Start importing Assets/NoSafeCircle/DoorPrototype/Art/Enemies/Source/Walk/enemy_melee_n_walk_02.png using Guid(543628641b4da1b4b89a17840c92dcee) (TextureImporter) -> (artifact id: '2a7eb1f538f536006210da69e53deb7e') in 0.0059163 seconds
Start importing Assets/NoSafeCircle/DoorPrototype/Art/Enemies/Source/enemy_melee_w_idle_00.png using Guid(84b3c910148830447a7531c2d053eed0) (TextureImporter) -> (artifact id: '4efe1c02abe6181c27a4f318521d24d0') in 0.002626 seconds
Start importing Assets/NoSafeCircle/DoorPrototype/Art/Enemies/Source/Walk/enemy_ranged_n_walk_04.png using Guid(b48fa2e56eb2d4843bf0df1dd254169d) (TextureImporter) -> (artifact id: '6ffcabb9d8607a278cd208555b66fa1f') in 0.0027515 seconds
Start importing Assets/NoSafeCircle/DoorPrototype/Art/Enemies/Source/Walk/enemy_melee_ne_walk_04.png using Guid(f4b3b5a6ac3c8c04bbacd17e77f9e1a1) (TextureImporter) -> (artifact id: '0c5e1b4dfb8df8f7e64bbb768883a043') in 0.0034086 seconds
Start importing Assets/NoSafeCircle/DoorPrototype/Art/Enemies/Source/enemy_ranged_s_idle_00.png using Guid(0543a0d6b30a5834d9128348df3d8250) (TextureImporter) -> (artifact id: 'cd29a2d27494b8278083318a3ff8f9aa') in 0.0084953 seconds
Start importing Assets/NoSafeCircle/DoorPrototype/Art/Enemies/Source/Walk/enemy_melee_w_walk_03.png using Guid(35cb3735d498e7040bd91d17789e722f) (TextureImporter) -> (artifact id: '8aa06b2e4aac546b05300f80d0c8d1fb') in 0.0031646 seconds
Start importing Assets/NoSafeCircle/DoorPrototype/Art/Enemies/Source/Walk/enemy_ranged_se_walk_01.png using Guid(95b8e9a63fd752c46af2e6074c908bee) (TextureImporter) -> (artifact id: 'ccfa31fc97daa2dfd6d72cf3e8e2f2c8') in 0.0033522 seconds
Start importing Assets/NoSafeCircle/DoorPrototype/Art/Enemies/Source/Walk/enemy_melee_w_walk_02.png using Guid(a593b530d627a6e4ebcff249c0e35be9) (TextureImporter) -> (artifact id: 'e1e08bd989eab59bbfa8ad85399e46d4') in 0.0036125 seconds
Start importing Assets/NoSafeCircle/DoorPrototype/Art/Enemies/Source/Walk/enemy_ranged_nw_walk_01.png using Guid(c53008d6d73cb5545bf1e6b8afdd0a38) (TextureImporter) -> (artifact id: '39d02a551574185cb36f54db922297e6') in 0.0030416 seconds
Start importing Assets/NoSafeCircle/DoorPrototype/Art/Enemies/Source/Walk/enemy_ranged_n_walk_05.png using Guid(c5dde6a5e5f90b0489cd408fa77bb73c) (TextureImporter) -> (artifact id: 'bc99d9c47fa10ded30649c063efa40ca') in 0.0034025 seconds
Start importing Assets/NoSafeCircle/DoorPrototype/Art/Enemies/Source/enemy_ranged_nw_idle_00.png using Guid(262de4331824c544f8a3729d6b0f0cbe) (TextureImporter) -> (artifact id: '907ebde8e992f092e18617451e1ce681') in 0.0030102 seconds
Start importing Assets/NoSafeCircle/DoorPrototype/Art/Enemies/Source/Walk/enemy_ranged_w_walk_04.png using Guid(46b116939018878459c687db918d47d4) (TextureImporter) -> (artifact id: '4f8eee04be92d5ec6c989e103a7dbdcd') in 0.0025403 seconds
Start importing Assets/NoSafeCircle/DoorPrototype/Art/Enemies/Source/Walk/enemy_melee_nw_walk_05.png using Guid(76eaf5d9169e4214cb6b4665dccf0a4c) (TextureImporter) -> (artifact id: '3bfdeb4ac013f261b20b251caf1e6ba2') in 0.0028943 seconds
Start importing Assets/NoSafeCircle/DoorPrototype/Art/Enemies/Source/Walk/enemy_melee_sw_walk_02.png using Guid(b67484b32f282714da17c8186cd9c25e) (TextureImporter) -> (artifact id: '8c04042637880c9f535d75d7f2c18d2d') in 0.002903 seconds
Start importing Assets/NoSafeCircle/DoorPrototype/Art/Enemies/Source/Walk/enemy_ranged_e_walk_02.png using Guid(b6870002ea525fe4e8b0f57b06c59af7) (TextureImporter) -> (artifact id: '97e559ad04325c088b4c63094b8809df') in 0.0029385 seconds
Start importing Assets/NoSafeCircle/DoorPrototype/Art/Enemies/Source/Walk/enemy_melee_w_walk_01.png using Guid(e640a83cd7a837745afae2bf7e02451b) (TextureImporter) -> (artifact id: 'db33ace1c8b9706827312693852ec318') in 0.0026923 seconds
Start importing Assets/NoSafeCircle/DoorPrototype/Art/Enemies/Source/Walk/enemy_ranged_e_walk_00.png using Guid(07cae9912e13e1f4bb317105c5080479) (TextureImporter) -> (artifact id: '38e7d4c8f6a064df18494755c8570a3f') in 0.0024761 seconds
Start importing Assets/NoSafeCircle/DoorPrototype/Art/Enemies/Source/Walk/enemy_melee_ne_walk_03.png using Guid(b770e8a95f1e9d14e9ff932783505b4e) (TextureImporter) -> (artifact id: 'baf4c73972bcb35abac62a8981e8b81c') in 0.0024083 seconds
Start importing Assets/NoSafeCircle/DoorPrototype/Art/Enemies/Source/Walk/enemy_melee_nw_walk_01.png using Guid(c74db865550fea04fbc352ae7f23380a) (TextureImporter) -> (artifact id: 'a1201cba4b65a254dd4895448ba85ee1') in 0.0025041 seconds
Start importing Assets/NoSafeCircle/DoorPrototype/Art/Enemies/Source/Walk/enemy_ranged_w_walk_03.png using Guid(f7974d559950a2148957d30256a08f5d) (TextureImporter) -> (artifact id: 'fd48f8788268c6f2d42abc4d193eb9bf') in 0.0028356 seconds
Start importing Assets/NoSafeCircle/DoorPrototype/Art/Enemies/Source/Walk/enemy_ranged_s_walk_04.png using Guid(08a63476bc85f9842ad5d4276efe6662) (TextureImporter) -> (artifact id: '2bcf044f19e13d06a72cfa0a78c4c165') in 0.0031663 seconds
Start importing Assets/NoSafeCircle/DoorPrototype/Art/Enemies/Source/Walk/enemy_melee_n_walk_03.png using Guid(08ab81e5ee19c7b4893abd8b41ab98fb) (TextureImporter) -> (artifact id: '07ace3a9c8337c28006a1b1588ef105c') in 0.0029379 seconds
Start importing Assets/NoSafeCircle/DoorPrototype/Art/Enemies/Source/Walk/enemy_melee_se_walk_02.png using Guid(086cefad28c7a8e4c898265e490a1f9c) (TextureImporter) -> (artifact id: '691fd38ab756f691cb77b68a2bdb55f1') in 0.0025475 seconds
Start importing Assets/NoSafeCircle/DoorPrototype/Art/Enemies/Source/Walk/enemy_ranged_se_walk_02.png using Guid(28060325fd92f48499a5ab0d43af8a02) (TextureImporter) -> (artifact id: 'cbd746ec15e4ce5ce4290072e5146cbc') in 0.0025454 seconds
Start importing Assets/NoSafeCircle/DoorPrototype/Art/Enemies/Source/Walk/enemy_melee_sw_walk_05.png using Guid(28a8cc22f550cd44d8630b1454d2461f) (TextureImporter) -> (artifact id: '1837fbfbaddc18140263d0beee9849c3') in 0.0029538 seconds
Start importing Assets/NoSafeCircle/DoorPrototype/Art/Enemies/Source/enemy_melee_s_idle_00.png using Guid(28ab611fd2b083c479ff4fbbea96ca7a) (TextureImporter) -> (artifact id: 'f212d52039294822fb7dbc73e0b763d6') in 0.0024445 seconds
Start importing Assets/NoSafeCircle/DoorPrototype/Art/Enemies/Source/Walk/enemy_ranged_s_walk_05.png using Guid(38c8b6dac4780a34fbb1c86d38c01c9d) (TextureImporter) -> (artifact id: '85edaadaa5ae32d2d85cdd9545a32254') in 0.0028946 seconds
Start importing Assets/NoSafeCircle/DoorPrototype/Art/Enemies/Source/Walk/enemy_ranged_nw_walk_05.png using Guid(38dfbf60c27e4e242b729621564d99b2) (TextureImporter) -> (artifact id: '2c53ac596c17ae4e5772323593acb72e') in 0.0030403 seconds
Start importing Assets/NoSafeCircle/DoorPrototype/Art/Enemies/Source/Walk/enemy_melee_e_walk_01.png using Guid(f80a3412123f921488f95687d4707416) (TextureImporter) -> (artifact id: '64a2381815f2bb25d1869c634e1073d9') in 0.0025149 seconds
Start importing Assets/NoSafeCircle/DoorPrototype/Art/Enemies/Source/Walk/enemy_ranged_sw_walk_01.png using Guid(3997dcbe8de15fe48819cb20f5e6fd21) (TextureImporter) -> (artifact id: '6d0f09a2b311243170ba02a593d0ff93') in 0.0028159 seconds
Start importing Assets/NoSafeCircle/DoorPrototype/Art/Enemies/Source/Walk/enemy_melee_nw_walk_02.png using Guid(59f03ff89ea16244783799bf5718c9a3) (TextureImporter) -> (artifact id: '7eb3357d51ef3a35228b213fd6d627cb') in 0.0033124 seconds
Start importing Assets/NoSafeCircle/DoorPrototype/Art/Enemies/Source/Walk/enemy_melee_n_walk_05.png using Guid(590361ebb4fdf3141a20b70ce88b795c) (TextureImporter) -> (artifact id: '2a2ad4bff557529f05d6bf4745a75e1e') in 0.0027226 seconds
Start importing Assets/NoSafeCircle/DoorPrototype/Art/Enemies/Source/Walk/enemy_ranged_se_walk_03.png using Guid(6999875f9a335dd48a74ba6f7590a5e5) (TextureImporter) -> (artifact id: 'ef783e470b0c98e1e085bab5d402a2aa') in 0.0024699 seconds
Start importing Assets/NoSafeCircle/DoorPrototype/Art/Enemies/Source/enemy_ranged_se_idle_00.png using Guid(a9feb66b7aa2c514aa2497645352dc5f) (TextureImporter) -> (artifact id: '9312f51a50ba7a57a932f978ab83fdd4') in 0.0020892 seconds
Start importing Assets/NoSafeCircle/DoorPrototype/Art/Enemies/Source/Walk/enemy_melee_ne_walk_00.png using Guid(d9197702d17f42f46940daa1e299150f) (TextureImporter) -> (artifact id: '16682347e2ad21b128df4a36a2ff40ea') in 0.0027173 seconds
Start importing Assets/NoSafeCircle/DoorPrototype/Art/Enemies/Source/Walk/enemy_melee_s_walk_03.png using Guid(0a9c0f88662f21a4daf803f9b7825efc) (TextureImporter) -> (artifact id: 'b76f4e03f7a23740345e6c7827f567f6') in 0.0027657 seconds
Start importing Assets/NoSafeCircle/DoorPrototype/Art/Enemies/Source/Walk/enemy_ranged_sw_walk_05.png using Guid(4aae0287db4141741908245206d2f4b9) (TextureImporter) -> (artifact id: '7e67ebbcc016bd816a033905324f6d13') in 0.0025901 seconds
Start importing Assets/NoSafeCircle/DoorPrototype/Art/Enemies/Source/enemy_melee_se_idle_00.png using Guid(5a287b591b838974d8516e829e33959f) (TextureImporter) -> (artifact id: '9661d6b567a377a06720d1d6d06cd078') in 0.002198 seconds
Start importing Assets/NoSafeCircle/DoorPrototype/Art/Enemies/Source/Walk/enemy_melee_w_walk_05.png using Guid(6af394e74f91ddf4ca14d3ed82c2e412) (TextureImporter) -> (artifact id: '39a05722fc06230270a0a9eac7eab480') in 0.0023518 seconds
Start importing Assets/NoSafeCircle/DoorPrototype/Art/Enemies/Source/Walk/enemy_melee_s_walk_02.png using Guid(da78ceb5f2c42cb439c729debee2a3ef) (TextureImporter) -> (artifact id: 'bc39cfb6f7177c5005ce5b1503bca4c5') in 0.002288 seconds
Start importing Assets/NoSafeCircle/DoorPrototype/Art/Enemies/Source/enemy_melee_e_idle_00.png using Guid(ea5e7b274096c0644926cb40df94c345) (TextureImporter) -> (artifact id: '28d0f2117810c2875192952e7900e670') in 0.0022677 seconds
Start importing Assets/NoSafeCircle/DoorPrototype/Art/Enemies/Source/Walk/enemy_melee_e_walk_04.png using Guid(4b87f17801193be43934f9506e316a01) (TextureImporter) -> (artifact id: '21cdeff778cb44e670e4ef596a31d0e1') in 0.0028253 seconds
Start importing Assets/NoSafeCircle/DoorPrototype/Art/Enemies/Source/Walk/enemy_ranged_sw_walk_03.png using Guid(5be17647aba0cb441a3b73146c8cac22) (TextureImporter) -> (artifact id: '4ec386601d8d67f66a47edf860a8aa1a') in 0.0028261 seconds
Start importing Assets/NoSafeCircle/DoorPrototype/Art/Enemies/Source/Walk/enemy_melee_se_walk_03.png using Guid(6b01819ad63744141ac59f7c4e0d4a57) (TextureImporter) -> (artifact id: '2aa8a70bdacfebb3221c69c99140d5fc') in 0.0030721 seconds
Start importing Assets/NoSafeCircle/DoorPrototype/Art/Enemies/Source/Walk/enemy_melee_n_walk_04.png using Guid(7b3f78f44e5c5474b89caab4d3212909) (TextureImporter) -> (artifact id: 'fb689143af262ff14731052d9a3d7e15') in 0.0023404 seconds
Start importing Assets/NoSafeCircle/DoorPrototype/Art/Enemies/Source/Walk/enemy_melee_ne_walk_05.png using Guid(abc24b5068748854bab8633f16b8979f) (TextureImporter) -> (artifact id: 'b3f68626910bcc9c3c21256e993b65ec') in 0.0022911 seconds
Start importing Assets/NoSafeCircle/DoorPrototype/Art/Enemies/Source/Walk/enemy_melee_e_walk_03.png using Guid(bbe1faee4aae15846b2bec621089d937) (TextureImporter) -> (artifact id: '53eafb95ac1ede2c09c927378a1cc2d3') in 0.0030479 seconds
Start importing Assets/NoSafeCircle/DoorPrototype/Art/Enemies/Source/enemy_ranged_e_idle_00.png using Guid(cbd89030b5fa6064eb0d32cc4a84adb7) (TextureImporter) -> (artifact id: 'a58882cc875191c80ae4b1dbf32b6448') in 0.0024402 seconds
Start importing Assets/NoSafeCircle/DoorPrototype/Art/Enemies/Source/Walk/enemy_ranged_sw_walk_00.png using Guid(dbf16f3630017d74abc68bd3385c10e0) (TextureImporter) -> (artifact id: '10a2bf4e476da6e804742045d31bdd10') in 0.0024399 seconds
Start importing Assets/NoSafeCircle/DoorPrototype/Art/Enemies/Source/Walk/enemy_melee_sw_walk_01.png using Guid(eb9776bc29a6fdc4fa6e5109e03f52bc) (TextureImporter) -> (artifact id: '9acb3664a3256a1abf073d6eeb77b5ff') in 0.002668 seconds
Start importing Assets/NoSafeCircle/DoorPrototype/Art/Enemies/Source/Walk/enemy_melee_e_walk_00.png using Guid(fb9bd9a74c07f1b43a9ff07b57a39fe5) (TextureImporter) -> (artifact id: '793d0919a2f912a016512ec7a191450a') in 0.0025918 seconds
Start importing Assets/NoSafeCircle/DoorPrototype/Art/Enemies/Source/Walk/enemy_melee_nw_walk_04.png using Guid(1ca8123d6a29f5e4485d8362113a8365) (TextureImporter) -> (artifact id: '933c8a8d07b8b68b5edc563585faa4ed') in 0.0031921 seconds
Start importing Assets/NoSafeCircle/DoorPrototype/Art/Enemies/Source/Walk/enemy_ranged_n_walk_01.png using Guid(4c0b102347e29234a86a1dab8c5a50b0) (TextureImporter) -> (artifact id: '359e87ed528039888e8fef2bade346dd') in 0.0027394 seconds
Start importing Assets/NoSafeCircle/DoorPrototype/Art/Enemies/Source/Walk/enemy_ranged_nw_walk_03.png using Guid(6c2fc517b72c6c74fa88335f33139d71) (TextureImporter) -> (artifact id: '6265d5465c439ec344f2c050a5f01a60') in 0.0024472 seconds
Start importing Assets/NoSafeCircle/DoorPrototype/Art/Enemies/Source/enemy_ranged_w_idle_00.png using Guid(7cd289da7e4ed8e4d8e31aab3ca938e8) (TextureImporter) -> (artifact id: 'a69abe9ddcc5bc0fda19aaf020fa0254') in 0.002199 seconds
Start importing Assets/NoSafeCircle/DoorPrototype/Art/Enemies/Source/Walk/enemy_ranged_se_walk_05.png using Guid(9c9e8c98fb6adc448961649c8f75e60c) (TextureImporter) -> (artifact id: '93c11a0b76169b745df89e5478092fed') in 0.0025087 seconds
Start importing Assets/NoSafeCircle/DoorPrototype/Art/Enemies/Source/Walk/enemy_melee_sw_walk_03.png using Guid(ac154ec684875ef48af325da77c65e56) (TextureImporter) -> (artifact id: '305840c2eaf97c88261bc540e0134ace') in 0.0025604 seconds
Start importing Assets/NoSafeCircle/DoorPrototype/Art/Enemies/Source/Walk/enemy_ranged_e_walk_04.png using Guid(ac17f28dae647c744aea4aacab9ebb42) (TextureImporter) -> (artifact id: '88bf34cd75091464fce76c8cee3f433b') in 0.0026438 seconds
Start importing Assets/NoSafeCircle/DoorPrototype/Art/Enemies/Source/Walk/enemy_melee_sw_walk_04.png using Guid(bc6c21c60d6e35a4780d8d047a11113d) (TextureImporter) -> (artifact id: '14c1e19278b6ab22c3cb040cddf5fe5b') in 0.0024727 seconds
Start importing Assets/NoSafeCircle/DoorPrototype/Art/Enemies/Source/Walk/enemy_melee_s_walk_00.png using Guid(cc409ce5e13654d428fe9390fc093058) (TextureImporter) -> (artifact id: '38479f5977acca27f6a5358090c4613e') in 0.0026782 seconds
Start importing Assets/NoSafeCircle/DoorPrototype/Art/Enemies/Source/Walk/enemy_ranged_ne_walk_05.png using Guid(dc13016712cd0c748ba68b9a6b33a281) (TextureImporter) -> (artifact id: '052261d59004e06a2a7b33b770476a8f') in 0.0025321 seconds
Start importing Assets/NoSafeCircle/DoorPrototype/Art/Enemies/Source/Walk/enemy_melee_se_walk_04.png using Guid(0db2d93c482a0b042a240b88efd128f8) (TextureImporter) -> (artifact id: '383873e398aae0cb37cdec2629468a61') in 0.0027662 seconds
Start importing Assets/NoSafeCircle/DoorPrototype/Art/Enemies/Source/Walk/enemy_ranged_e_walk_01.png using Guid(6d95f379928cdf4458aa28c59094e22e) (TextureImporter) -> (artifact id: '01b54d3a60d848b5b158997afaebc3c3') in 0.002574 seconds
Start importing Assets/NoSafeCircle/DoorPrototype/Art/Enemies/Source/Walk/enemy_ranged_se_walk_00.png using Guid(6db88d6803c957242a20d484087ac773) (TextureImporter) -> (artifact id: 'b1a5c6bcf50c5db14b947d3aa1883f33') in 0.0027508 seconds
Start importing Assets/NoSafeCircle/DoorPrototype/Art/Enemies/Source/Walk/enemy_ranged_e_walk_05.png using Guid(6dae8ec0cb97de344974ffc8239825c8) (TextureImporter) -> (artifact id: '69b0169a2b1ae707157c99d0c19da54c') in 0.0028078 seconds
Start importing Assets/NoSafeCircle/DoorPrototype/Art/Enemies/Source/enemy_melee_nw_idle_00.png using Guid(7d41860e93767fb45a56edd6d49eba6f) (TextureImporter) -> (artifact id: 'd980655b32d4c2b771bbb9dea73d0f1c') in 0.0020991 seconds
Start importing Assets/NoSafeCircle/DoorPrototype/Art/Enemies/Source/Walk/enemy_ranged_w_walk_01.png using Guid(9d826f18ed4043c448e95616e87b9683) (TextureImporter) -> (artifact id: 'db3ddbc34da3cc8760e103300b3c3987') in 0.0024801 seconds
Start importing Assets/NoSafeCircle/DoorPrototype/Art/Enemies/Source/Walk/enemy_ranged_n_walk_00.png using Guid(ad616952ce92fca4ebc9c39ded6908ea) (TextureImporter) -> (artifact id: 'a97955135a04491e9b61983d633dea19') in 0.0023707 seconds
Start importing Assets/NoSafeCircle/DoorPrototype/Art/Enemies/Source/enemy_melee_sw_idle_00.png using Guid(cda27dd0fb2184d49b8a166a0458d4ff) (TextureImporter) -> (artifact id: '66836ebd11f7adadfbe6d478a431f5dd') in 0.0020132 seconds
Start importing Assets/NoSafeCircle/DoorPrototype/Art/Enemies/Source/Walk/enemy_melee_ne_walk_02.png using Guid(0e736d1fecf10c945a4868842878134e) (TextureImporter) -> (artifact id: '7b841bcb0e1218763973c397330cd745') in 0.002622 seconds
Start importing Assets/NoSafeCircle/DoorPrototype/Art/Enemies/Source/Walk/enemy_ranged_n_walk_03.png using Guid(7e077273db9ae1d41ac7bdacafc5cd18) (TextureImporter) -> (artifact id: 'c02665d1b3ac826d3cc82af2b54c57c0') in 0.0026362 seconds
Start importing Assets/NoSafeCircle/DoorPrototype/Art/Enemies/Source/enemy_melee_ne_idle_00.png using Guid(9e05e08a75c2cc04cba7162d7e122cd5) (TextureImporter) -> (artifact id: '26b4991c1730eb5c443a0edf7c5427e9') in 0.0022709 seconds
Start importing Assets/NoSafeCircle/DoorPrototype/Art/Enemies/Source/enemy_ranged_sw_idle_00.png using Guid(beab39f1029e29645b510ff3ebaa8071) (TextureImporter) -> (artifact id: 'ecbd8c67146a1b8d239d1590e519f584') in 0.0022711 seconds
Start importing Assets/NoSafeCircle/DoorPrototype/Art/Enemies/Source/Walk/enemy_ranged_se_walk_04.png using Guid(de0dc78182a366340a9ecea3d5318019) (TextureImporter) -> (artifact id: '40a5d3565a589552d80eca54a80e4151') in 0.0024173 seconds
Start importing Assets/NoSafeCircle/DoorPrototype/Art/Enemies/Source/Walk/enemy_ranged_sw_walk_02.png using Guid(2f85974a8d7f7b942ba6c0f8e17e6563) (TextureImporter) -> (artifact id: 'dc91b68a0f64bd18828dee1818c0c16f') in 0.0024416 seconds
Start importing Assets/NoSafeCircle/DoorPrototype/Art/Enemies/Source/Walk/enemy_ranged_s_walk_00.png using Guid(2f2fb9446dbc68a47a1d2000b0931e9d) (TextureImporter) -> (artifact id: '8d1c59e570add48e248a5c53f76eb716') in 0.0027156 seconds
Start importing Assets/NoSafeCircle/DoorPrototype/Art/Enemies/Source/Walk/enemy_melee_s_walk_04.png using Guid(5f5c8afeaffb59f499f7066fffcf2441) (TextureImporter) -> (artifact id: 'b3a28411ba53deee59460d0c505505ae') in 0.0025069 seconds
Start importing Assets/NoSafeCircle/DoorPrototype/Art/Enemies/Source/Walk/enemy_ranged_n_walk_02.png using Guid(7f6ec39d99f31984f90db36df13b2df5) (TextureImporter) -> (artifact id: '9e83588b6c683185a6b189a31f62ae5e') in 0.0027686 seconds
Start importing Assets/NoSafeCircle/DoorPrototype/Art/Enemies/Source/Walk/enemy_melee_w_walk_04.png using Guid(8f68cfc2d8dd0bd479592138c2c2d2e7) (TextureImporter) -> (artifact id: 'acd81f53f10efe93589468e2e8e662c9') in 0.002346 seconds
Start importing Assets/NoSafeCircle/DoorPrototype/Art/Enemies/Source/Walk/enemy_ranged_ne_walk_04.png using Guid(8f0dd5db48abcec499de014c1d5105db) (TextureImporter) -> (artifact id: 'b6192b19aaf6a534fd787eda8b1dffe6') in 0.0024289 seconds
Start importing Assets/NoSafeCircle/DoorPrototype/Art/Enemies/Source/Walk/enemy_melee_n_walk_01.png using Guid(dfe9e48df57f812479bb951374ae147d) (TextureImporter) -> (artifact id: 'fb5429249c8b830cde9bf6278dcb3cd0') in 0.0026684 seconds
Start importing Assets/NoSafeCircle/DoorPrototype/Art/Enemies/Source/Walk/enemy_ranged_w_walk_05.png using Guid(df8e55ee2ac3480438bcbab96bcc7c3a) (TextureImporter) -> (artifact id: '07852fe489f512b192bf6493e581d349') in 0.0023077 seconds
Start importing Assets/NoSafeCircle/DoorPrototype/Generated/ArchitecturalTiles/FireCasterEnemySprite.asset using Guid(42e24991a0ca4bb4b89506bc2c001ab9) (NativeFormatImporter) -> (artifact id: 'd15c62b15344b474cd6207fa950dcb80') in 0.0023681 seconds
Refreshing native plugins compatible for Editor in 2.37 ms, found 4 plugins.
Preloading 0 native plugins for Editor in 0.00 ms.
Asset Pipeline Refresh (id=f06ed6db617e7594d890e67ebe9fa946): Total: 9.261 seconds - Initiated by InitialRefreshV2(ForceSynchronousImport)
	Summary:
		Imports: total=115 (actual=115, local cache=0, cache server=0)
		Asset DB Process Time: managed=18 ms, native=5234 ms
		Asset DB Callback time: managed=147 ms, native=8 ms
		Scripting: domain reloads=1, domain reload time=881 ms, compile time=2885 ms, other=84 ms
		Project Asset Count: scripts=1002, non-scripts=1627
		Asset File Changes: new=1, changed=116, moved=0, deleted=36
		Scan Filter Count: 0
	InvokeCustomDependenciesCallbacks: 0.001ms
	InvokePackagesCallback: 1.954ms
	ApplyChangesToAssetFolders: 0.531ms
	Scan: 291.110ms
	OnSourceAssetsModified: 2.128ms
	CategorizeAssetsWithTransientArtifact: 49.508ms
	ProcessAssetsWithTransientArtifactChanges: 50.552ms
	UnregisterDeletedAssets: 0.012ms
	CategorizeAssets: 21.444ms
	ImportOutOfDateAssets: 4665.809ms (1380.772ms without children)
		ImportManagerImport: 398.759ms (8.830ms without children)
			ImportInProcess: 389.267ms
			UpdateCategorizedAssets: 0.662ms
		CompileScripts: 2885.412ms
		ReloadNativeAssets: 0.001ms
		UnloadImportedAssets: 0.189ms
		ReloadImportedAssets: 0.007ms
		EnsureUptoDateAssetsAreRegisteredWithGuidPM: 0.336ms
		InitializingProgressBar: 0.008ms
		PostProcessAllAssetNotificationsAddChangedAssets: 0.000ms
		OnDemandSchedulerStart: 0.325ms
	PostProcessAllAssets: 149.460ms
	Hotreload: 5.283ms
	GatherAllCurrentPrimaryArtifactRevisions: 0.001ms
	UnloadStreamsBegin: 0.249ms
	PersistCurrentRevisions: 0.345ms
	UnloadStreamsEnd: 0.001ms
	GenerateScriptTypeHashes: 1.505ms
	Untracked: 4023.010ms

Application.AssetDatabase Initial Refresh End
Launched and connected shader compiler UnityShaderCompiler.exe after 0.01 seconds
Scanning for USB devices : 2.910ms
Initializing Unity extensions:
[Licensing::Client] Successfully resolved entitlement details
[MODES] ModeService[none].Initialize
[MODES] ModeService[none].LoadModes
[MODES] Loading mode Default (0) for mode-current-id-NoSafeCircle
Unloading 3 Unused Serialized files (Serialized files now loaded: 0)
Unloading 5040 unused Assets / (1.9 MB). Loaded Objects now: 5543.
Memory consumption went from 141.3 MB to 139.4 MB.
Total: 7.061400 ms (FindLiveObjects: 0.437700 ms CreateObjectMapping: 0.181000 ms MarkObjects: 5.167700 ms  DeleteObjects: 1.273800 ms)

Opening scene 'Assets/Scenes/DoorPrototype.unity'
Unloading 8 Unused Serialized files (Serialized files now loaded: 0)
Loaded scene 'Assets/Scenes/DoorPrototype.unity'
	Deserialize:            27.118 ms
	Integration:            200.303 ms
	Integration of assets:  1.160 ms
	Thread Wait Time:       0.028 ms
	Total Operation Time:   228.609 ms
Unloading 2 unused Assets / (1.0 KB). Loaded Objects now: 6977.
Memory consumption went from 139.8 MB to 139.8 MB.
Total: 5.675500 ms (FindLiveObjects: 0.338700 ms CreateObjectMapping: 0.106600 ms MarkObjects: 5.202000 ms  DeleteObjects: 0.027200 ms)

Start importing Assets/NoSafeCircle/DoorPrototype/Generated/ArchitecturalTiles/FloorTile.asset using Guid(ef41a67a8bf6c9448b0f1e0732b60b4b) (NativeFormatImporter) -> (artifact id: '8b334d15e1336fd9e322154e8a630edd') in 0.0020738 seconds
Refreshing native plugins compatible for Editor in 2.79 ms, found 4 plugins.
Preloading 0 native plugins for Editor in 0.00 ms.
Asset Pipeline Refresh (id=7aeb3e60aebce6544ae30b8344935396): Total: 0.033 seconds - Initiated by StopAssetImportingV2(NoUpdateAssetOptions)
Start importing Assets/NoSafeCircle/DoorPrototype/Generated/ArchitecturalTiles/WallTile.asset using Guid(4a2a3879e8507b543b68d9eef20db2a9) (NativeFormatImporter) -> (artifact id: '9889d248879caee1dcc9f51a81f4e5c8') in 0.0037098 seconds
Refreshing native plugins compatible for Editor in 2.84 ms, found 4 plugins.
Preloading 0 native plugins for Editor in 0.00 ms.
Asset Pipeline Refresh (id=b3d8a3779b2e60446be09140c4f8afd6): Total: 0.024 seconds - Initiated by StopAssetImportingV2(NoUpdateAssetOptions)
Start importing Assets/NoSafeCircle/DoorPrototype/Generated/ArchitecturalTiles/ArchitecturalBorderTile.asset using Guid(b6f0160d5f52f704b860d04529cf5d13) (NativeFormatImporter) -> (artifact id: '8f16ab88feb1039035acb4c2e6897446') in 0.0027166 seconds
Refreshing native plugins compatible for Editor in 2.24 ms, found 4 plugins.
Preloading 0 native plugins for Editor in 0.00 ms.
Asset Pipeline Refresh (id=16f1adb078a17864d945c01aa4760dd5): Total: 0.021 seconds - Initiated by StopAssetImportingV2(NoUpdateAssetOptions)
Opening scene 'Assets/Scenes/Rooms/RuinedEntry.unity additively'
Loaded scene 'Assets/Scenes/Rooms/RuinedEntry.unity'
	Deserialize:            5.017 ms
	Integration:            1.892 ms
	Integration of assets:  0.004 ms
	Thread Wait Time:       0.036 ms
	Total Operation Time:   6.948 ms
Opening scene 'Assets/Scenes/Rooms/BoneArchive.unity additively'
Loaded scene 'Assets/Scenes/Rooms/BoneArchive.unity'
	Deserialize:            2.308 ms
	Integration:            0.541 ms
	Integration of assets:  0.022 ms
	Thread Wait Time:       0.015 ms
	Total Operation Time:   2.886 ms
Opening scene 'Assets/Scenes/Rooms/ChapelOfAsh.unity additively'
Loaded scene 'Assets/Scenes/Rooms/ChapelOfAsh.unity'
	Deserialize:            2.807 ms
	Integration:            0.377 ms
	Integration of assets:  0.019 ms
	Thread Wait Time:       0.028 ms
	Total Operation Time:   3.231 ms
Opening scene 'Assets/Scenes/Rooms/LowerVault.unity additively'
Loaded scene 'Assets/Scenes/Rooms/LowerVault.unity'
	Deserialize:            4.545 ms
	Integration:            0.388 ms
	Integration of assets:  0.052 ms
	Thread Wait Time:       0.030 ms
	Total Operation Time:   5.015 ms
Opening scene 'Assets/Scenes/Rooms/FinalRoom.unity additively'
Loaded scene 'Assets/Scenes/Rooms/FinalRoom.unity'
	Deserialize:            2.695 ms
	Integration:            0.387 ms
	Integration of assets:  0.049 ms
	Thread Wait Time:       0.030 ms
	Total Operation Time:   3.162 ms
Start importing Assets/NoSafeCircle/DoorPrototype/Art/Wizard/Source/PixelLab/masculine-light/selected/standing/north.png using Guid(91c375ee4e2b5704283a23738abe263d) (TextureImporter) -> (artifact id: '96448a2c792be8924e457b98214b93b2') in 0.0065986 seconds
Refreshing native plugins compatible for Editor in 2.43 ms, found 4 plugins.
Preloading 0 native plugins for Editor in 0.00 ms.
Asset Pipeline Refresh (id=721022dfbc015ed49b071569a3d33c17): Total: 0.034 seconds - Initiated by StopAssetImportingV2(NoUpdateAssetOptions)
Start importing Assets/NoSafeCircle/DoorPrototype/Art/Wizard/Source/PixelLab/masculine-light/selected/standing/north.png using Guid(91c375ee4e2b5704283a23738abe263d) (TextureImporter) -> (artifact id: '96448a2c792be8924e457b98214b93b2') in 0.0043992 seconds
Refreshing native plugins compatible for Editor in 2.09 ms, found 4 plugins.
Preloading 0 native plugins for Editor in 0.00 ms.
Asset Pipeline Refresh (id=b8afc60a8f111f34d82f6ee3b022aea5): Total: 0.025 seconds - Initiated by StopAssetImportingV2(NoUpdateAssetOptions)
Start importing Assets/NoSafeCircle/DoorPrototype/Art/Wizard/Source/PixelLab/masculine-light/selected/standing/north-east.png using Guid(5e344f0605b848f42982320da2ee30b0) (TextureImporter) -> (artifact id: 'ec982e4bc7fed084f720d63c08bf00ff') in 0.0053133 seconds
Refreshing native plugins compatible for Editor in 2.73 ms, found 4 plugins.
Preloading 0 native plugins for Editor in 0.00 ms.
Asset Pipeline Refresh (id=c7adc7ef6c1429b4aa0fe5a08cfa9049): Total: 0.024 seconds - Initiated by StopAssetImportingV2(NoUpdateAssetOptions)
Start importing Assets/NoSafeCircle/DoorPrototype/Art/Wizard/Source/PixelLab/masculine-light/selected/standing/north-east.png using Guid(5e344f0605b848f42982320da2ee30b0) (TextureImporter) -> (artifact id: 'ec982e4bc7fed084f720d63c08bf00ff') in 0.0053031 seconds
Refreshing native plugins compatible for Editor in 2.65 ms, found 4 plugins.
Preloading 0 native plugins for Editor in 0.00 ms.
Asset Pipeline Refresh (id=2e54e25a4e10bcf4e91b5a186776c9f3): Total: 0.026 seconds - Initiated by StopAssetImportingV2(NoUpdateAssetOptions)
Start importing Assets/NoSafeCircle/DoorPrototype/Art/Wizard/Source/PixelLab/masculine-light/selected/standing/east.png using Guid(855cc5850577ad643b9c96440c146d49) (TextureImporter) -> (artifact id: '7f0e84f20008e25dc5b67bc5f3c416a1') in 0.008676 seconds
Refreshing native plugins compatible for Editor in 2.30 ms, found 4 plugins.
Preloading 0 native plugins for Editor in 0.00 ms.
Asset Pipeline Refresh (id=656394a5c4067d944b52395bfd57eb14): Total: 0.029 seconds - Initiated by StopAssetImportingV2(NoUpdateAssetOptions)
Start importing Assets/NoSafeCircle/DoorPrototype/Art/Wizard/Source/PixelLab/masculine-light/selected/standing/east.png using Guid(855cc5850577ad643b9c96440c146d49) (TextureImporter) -> (artifact id: '7f0e84f20008e25dc5b67bc5f3c416a1') in 0.0041746 seconds
Refreshing native plugins compatible for Editor in 2.04 ms, found 4 plugins.
Preloading 0 native plugins for Editor in 0.00 ms.
Asset Pipeline Refresh (id=20f2b355744396a4ba0f7c885479c795): Total: 0.025 seconds - Initiated by StopAssetImportingV2(NoUpdateAssetOptions)
Start importing Assets/NoSafeCircle/DoorPrototype/Art/Wizard/Source/PixelLab/masculine-light/selected/standing/south-east.png using Guid(ba32e804c3c549e43aa53b4a61cad7be) (TextureImporter) -> (artifact id: 'ea93765076be854a0d811904ff9cb21e') in 0.0068244 seconds
Refreshing native plugins compatible for Editor in 2.14 ms, found 4 plugins.
Preloading 0 native plugins for Editor in 0.00 ms.
Asset Pipeline Refresh (id=db38d6ed49acb2943a9b97c363c6b512): Total: 0.029 seconds - Initiated by StopAssetImportingV2(NoUpdateAssetOptions)
Start importing Assets/NoSafeCircle/DoorPrototype/Art/Wizard/Source/PixelLab/masculine-light/selected/standing/south-east.png using Guid(ba32e804c3c549e43aa53b4a61cad7be) (TextureImporter) -> (artifact id: 'ea93765076be854a0d811904ff9cb21e') in 0.0065741 seconds
Refreshing native plugins compatible for Editor in 2.10 ms, found 4 plugins.
Preloading 0 native plugins for Editor in 0.00 ms.
Asset Pipeline Refresh (id=6ea4424ccdeeefd4f88528b1e718c72f): Total: 0.026 seconds - Initiated by StopAssetImportingV2(NoUpdateAssetOptions)
Start importing Assets/NoSafeCircle/DoorPrototype/Art/Wizard/Source/PixelLab/masculine-light/selected/standing/south.png using Guid(afd38f6e75ecac9469a8b9b3c8c5d9cf) (TextureImporter) -> (artifact id: 'f7eb6b563561967fe09ab157fb12abe3') in 0.0041764 seconds
Refreshing native plugins compatible for Editor in 2.05 ms, found 4 plugins.
Preloading 0 native plugins for Editor in 0.00 ms.
Asset Pipeline Refresh (id=3982402efb2b1c94d9d312c26e4d6605): Total: 0.020 seconds - Initiated by StopAssetImportingV2(NoUpdateAssetOptions)
Start importing Assets/NoSafeCircle/DoorPrototype/Art/Wizard/Source/PixelLab/masculine-light/selected/standing/south.png using Guid(afd38f6e75ecac9469a8b9b3c8c5d9cf) (TextureImporter) -> (artifact id: 'f7eb6b563561967fe09ab157fb12abe3') in 0.0039369 seconds
Refreshing native plugins compatible for Editor in 2.16 ms, found 4 plugins.
Preloading 0 native plugins for Editor in 0.00 ms.
Asset Pipeline Refresh (id=ef351f521ad6b3f4cbcd686ec5cfaabb): Total: 0.020 seconds - Initiated by StopAssetImportingV2(NoUpdateAssetOptions)
Start importing Assets/NoSafeCircle/DoorPrototype/Art/Wizard/Source/PixelLab/masculine-light/selected/standing/south-west.png using Guid(f1200e2de20b94f4e82a8b06bf3373e4) (TextureImporter) -> (artifact id: 'f06271d46522c0dc62f99fe3e8e175c7') in 0.0055622 seconds
Refreshing native plugins compatible for Editor in 3.53 ms, found 4 plugins.
Preloading 0 native plugins for Editor in 0.00 ms.
Asset Pipeline Refresh (id=5b847d81fcabcdf4e821e21a6e7f22d0): Total: 0.025 seconds - Initiated by StopAssetImportingV2(NoUpdateAssetOptions)
Start importing Assets/NoSafeCircle/DoorPrototype/Art/Wizard/Source/PixelLab/masculine-light/selected/standing/south-west.png using Guid(f1200e2de20b94f4e82a8b06bf3373e4) (TextureImporter) -> (artifact id: 'f06271d46522c0dc62f99fe3e8e175c7') in 0.0041049 seconds
Refreshing native plugins compatible for Editor in 2.30 ms, found 4 plugins.
Preloading 0 native plugins for Editor in 0.00 ms.
Asset Pipeline Refresh (id=b9ff80c43ec10cf42a885ef84f44b24b): Total: 0.022 seconds - Initiated by StopAssetImportingV2(NoUpdateAssetOptions)
Start importing Assets/NoSafeCircle/DoorPrototype/Art/Wizard/Source/PixelLab/masculine-light/selected/standing/west.png using Guid(fcab85bd8cb12954790ec61cad798011) (TextureImporter) -> (artifact id: '619a549616710f6f8c18f4ec9fe9cae1') in 0.0046777 seconds
Refreshing native plugins compatible for Editor in 2.88 ms, found 4 plugins.
Preloading 0 native plugins for Editor in 0.00 ms.
Asset Pipeline Refresh (id=002c535a52ff9934498da20942f876d0): Total: 0.023 seconds - Initiated by StopAssetImportingV2(NoUpdateAssetOptions)
Start importing Assets/NoSafeCircle/DoorPrototype/Art/Wizard/Source/PixelLab/masculine-light/selected/standing/west.png using Guid(fcab85bd8cb12954790ec61cad798011) (TextureImporter) -> (artifact id: '619a549616710f6f8c18f4ec9fe9cae1') in 0.0039615 seconds
Refreshing native plugins compatible for Editor in 3.37 ms, found 4 plugins.
Preloading 0 native plugins for Editor in 0.00 ms.
Asset Pipeline Refresh (id=95ffabe260b083844aa9416cd65979bb): Total: 0.023 seconds - Initiated by StopAssetImportingV2(NoUpdateAssetOptions)
Start importing Assets/NoSafeCircle/DoorPrototype/Art/Wizard/Source/PixelLab/masculine-light/selected/standing/north-west.png using Guid(90987ee35d8dc3942b6c07b1e7be561d) (TextureImporter) -> (artifact id: '936478f301bed31f876bed28e8f38b64') in 0.0043806 seconds
Refreshing native plugins compatible for Editor in 2.08 ms, found 4 plugins.
Preloading 0 native plugins for Editor in 0.00 ms.
Asset Pipeline Refresh (id=002960b251a5b6141b9cb38feaf4d63c): Total: 0.022 seconds - Initiated by StopAssetImportingV2(NoUpdateAssetOptions)
Start importing Assets/NoSafeCircle/DoorPrototype/Art/Wizard/Source/PixelLab/masculine-light/selected/standing/north-west.png using Guid(90987ee35d8dc3942b6c07b1e7be561d) (TextureImporter) -> (artifact id: '936478f301bed31f876bed28e8f38b64') in 0.0036464 seconds
Refreshing native plugins compatible for Editor in 4.55 ms, found 4 plugins.
Preloading 0 native plugins for Editor in 0.00 ms.
Asset Pipeline Refresh (id=8fe51f634670b2d41867f7ab55ac0710): Total: 0.024 seconds - Initiated by StopAssetImportingV2(NoUpdateAssetOptions)
Start importing Assets/NoSafeCircle/DoorPrototype/Art/Wizard/Source/PixelLab/masculine-light/selected/standing/north.png using Guid(91c375ee4e2b5704283a23738abe263d) (TextureImporter) -> (artifact id: '96448a2c792be8924e457b98214b93b2') in 0.0085062 seconds
Refreshing native plugins compatible for Editor in 2.43 ms, found 4 plugins.
Preloading 0 native plugins for Editor in 0.00 ms.
Asset Pipeline Refresh (id=f50c5b828e6bb524a991e566026017e8): Total: 0.033 seconds - Initiated by StopAssetImportingV2(NoUpdateAssetOptions)
Start importing Assets/NoSafeCircle/DoorPrototype/Art/Wizard/Source/PixelLab/masculine-light/selected/standing/north.png using Guid(91c375ee4e2b5704283a23738abe263d) (TextureImporter) -> (artifact id: '96448a2c792be8924e457b98214b93b2') in 0.0056575 seconds
Refreshing native plugins compatible for Editor in 2.33 ms, found 4 plugins.
Preloading 0 native plugins for Editor in 0.00 ms.
Asset Pipeline Refresh (id=fb4c8ab27965e7447a993f5a22285657): Total: 0.027 seconds - Initiated by StopAssetImportingV2(NoUpdateAssetOptions)
Start importing Assets/NoSafeCircle/DoorPrototype/Art/Wizard/Generated/Wizard_Masculine_White_idle_north.anim using Guid(216d2ed55c73b3d44be8c802857d0ad4) (NativeFormatImporter) -> (artifact id: '608ade622e788a860a6f28b0bfc3dd1f') in 0.0019225 seconds
Refreshing native plugins compatible for Editor in 2.09 ms, found 4 plugins.
Preloading 0 native plugins for Editor in 0.00 ms.
Asset Pipeline Refresh (id=8171a73d6e7117b438b787b2771a50ed): Total: 0.018 seconds - Initiated by StopAssetImportingV2(NoUpdateAssetOptions)
Start importing Assets/NoSafeCircle/DoorPrototype/Art/Wizard/Source/PixelLab/masculine-light/selected/walk/north/frame_000.png using Guid(5c6239b09a01ecae426d1622ae9b4750) (TextureImporter) -> (artifact id: '7cb9bbe8d3aa084d9d580b44b1a94212') in 0.0056293 seconds
Refreshing native plugins compatible for Editor in 2.26 ms, found 4 plugins.
Preloading 0 native plugins for Editor in 0.00 ms.
Asset Pipeline Refresh (id=14407982fe03c0e48a36a185386c225a): Total: 0.024 seconds - Initiated by StopAssetImportingV2(NoUpdateAssetOptions)
Start importing Assets/NoSafeCircle/DoorPrototype/Art/Wizard/Source/PixelLab/masculine-light/selected/walk/north/frame_000.png using Guid(5c6239b09a01ecae426d1622ae9b4750) (TextureImporter) -> (artifact id: '7cb9bbe8d3aa084d9d580b44b1a94212') in 0.0041923 seconds
Refreshing native plugins compatible for Editor in 3.06 ms, found 4 plugins.
Preloading 0 native plugins for Editor in 0.00 ms.
Asset Pipeline Refresh (id=0267370a699157e4197b054268ef8e7c): Total: 0.025 seconds - Initiated by StopAssetImportingV2(NoUpdateAssetOptions)
Start importing Assets/NoSafeCircle/DoorPrototype/Art/Wizard/Source/PixelLab/masculine-light/selected/walk/north/frame_001.png using Guid(5c49559a87b50be50a7f345f4c08c036) (TextureImporter) -> (artifact id: 'e1442ef9a8e9be3eb84a5ae82ba10801') in 0.0053878 seconds
Refreshing native plugins compatible for Editor in 1.91 ms, found 4 plugins.
Preloading 0 native plugins for Editor in 0.00 ms.
Asset Pipeline Refresh (id=2cf334648ab483c47b98b38a0c2950c7): Total: 0.022 seconds - Initiated by StopAssetImportingV2(NoUpdateAssetOptions)
Start importing Assets/NoSafeCircle/DoorPrototype/Art/Wizard/Source/PixelLab/masculine-light/selected/walk/north/frame_001.png using Guid(5c49559a87b50be50a7f345f4c08c036) (TextureImporter) -> (artifact id: 'e1442ef9a8e9be3eb84a5ae82ba10801') in 0.0042508 seconds
Refreshing native plugins compatible for Editor in 3.12 ms, found 4 plugins.
Preloading 0 native plugins for Editor in 0.00 ms.
Asset Pipeline Refresh (id=450300c239da23c4d8361901749d2534): Total: 0.023 seconds - Initiated by StopAssetImportingV2(NoUpdateAssetOptions)
Start importing Assets/NoSafeCircle/DoorPrototype/Art/Wizard/Source/PixelLab/masculine-light/selected/walk/north/frame_002.png using Guid(0831741a5a6c4af16e8da6fbbd132f03) (TextureImporter) -> (artifact id: 'b15f7344e2db31e0b38fffa37cec3c77') in 0.0043617 seconds
Refreshing native plugins compatible for Editor in 2.21 ms, found 4 plugins.
Preloading 0 native plugins for Editor in 0.00 ms.
Asset Pipeline Refresh (id=29d86f3d99076824b9004e8326bea4b1): Total: 0.020 seconds - Initiated by StopAssetImportingV2(NoUpdateAssetOptions)
Start importing Assets/NoSafeCircle/DoorPrototype/Art/Wizard/Source/PixelLab/masculine-light/selected/walk/north/frame_002.png using Guid(0831741a5a6c4af16e8da6fbbd132f03) (TextureImporter) -> (artifact id: 'b15f7344e2db31e0b38fffa37cec3c77') in 0.0040652 seconds
Refreshing native plugins compatible for Editor in 2.03 ms, found 4 plugins.
Preloading 0 native plugins for Editor in 0.00 ms.
Asset Pipeline Refresh (id=aaed0d400e972544aaeeade6f34e01d1): Total: 0.020 seconds - Initiated by StopAssetImportingV2(NoUpdateAssetOptions)
Start importing Assets/NoSafeCircle/DoorPrototype/Art/Wizard/Source/PixelLab/masculine-light/selected/walk/north/frame_003.png using Guid(2602cb7b2885a6fd54c19c4f1fbe2519) (TextureImporter) -> (artifact id: 'ed2c1ce7db5662452c9b27ca9ee8f3ca') in 0.0041182 seconds
Refreshing native plugins compatible for Editor in 2.28 ms, found 4 plugins.
Preloading 0 native plugins for Editor in 0.00 ms.
Asset Pipeline Refresh (id=a936c263a3db64746b9bb873cbce15d7): Total: 0.020 seconds - Initiated by StopAssetImportingV2(NoUpdateAssetOptions)
Start importing Assets/NoSafeCircle/DoorPrototype/Art/Wizard/Source/PixelLab/masculine-light/selected/walk/north/frame_003.png using Guid(2602cb7b2885a6fd54c19c4f1fbe2519) (TextureImporter) -> (artifact id: 'ed2c1ce7db5662452c9b27ca9ee8f3ca') in 0.0039679 seconds
Refreshing native plugins compatible for Editor in 2.02 ms, found 4 plugins.
Preloading 0 native plugins for Editor in 0.00 ms.
Asset Pipeline Refresh (id=e6df11bdc40128d4193d56190177c8af): Total: 0.020 seconds - Initiated by StopAssetImportingV2(NoUpdateAssetOptions)
Start importing Assets/NoSafeCircle/DoorPrototype/Art/Wizard/Source/PixelLab/masculine-light/selected/walk/north/frame_004.png using Guid(9373deb7810e826bb15177e7d51a8d2c) (TextureImporter) -> (artifact id: '7fc61f6c30d677229741b5d5ea793158') in 0.0041203 seconds
Refreshing native plugins compatible for Editor in 2.86 ms, found 4 plugins.
Preloading 0 native plugins for Editor in 0.00 ms.
Asset Pipeline Refresh (id=81f2c9701b7ee7e49a88ce784724553b): Total: 0.023 seconds - Initiated by StopAssetImportingV2(NoUpdateAssetOptions)
Start importing Assets/NoSafeCircle/DoorPrototype/Art/Wizard/Source/PixelLab/masculine-light/selected/walk/north/frame_004.png using Guid(9373deb7810e826bb15177e7d51a8d2c) (TextureImporter) -> (artifact id: '7fc61f6c30d677229741b5d5ea793158') in 0.0038329 seconds
Refreshing native plugins compatible for Editor in 2.06 ms, found 4 plugins.
Preloading 0 native plugins for Editor in 0.00 ms.
Asset Pipeline Refresh (id=0d268509c096ff645a333f57784f6e16): Total: 0.020 seconds - Initiated by StopAssetImportingV2(NoUpdateAssetOptions)
Start importing Assets/NoSafeCircle/DoorPrototype/Art/Wizard/Source/PixelLab/masculine-light/selected/walk/north/frame_005.png using Guid(d11f41b338ca90ee7952ba16dc3c003d) (TextureImporter) -> (artifact id: 'ee1dc21d87ca80dfab1dfce649c527a1') in 0.0039545 seconds
Refreshing native plugins compatible for Editor in 1.98 ms, found 4 plugins.
Preloading 0 native plugins for Editor in 0.00 ms.
Asset Pipeline Refresh (id=7f01fd2369a3fd049a66dc0accee5928): Total: 0.020 seconds - Initiated by StopAssetImportingV2(NoUpdateAssetOptions)
Start importing Assets/NoSafeCircle/DoorPrototype/Art/Wizard/Source/PixelLab/masculine-light/selected/walk/north/frame_005.png using Guid(d11f41b338ca90ee7952ba16dc3c003d) (TextureImporter) -> (artifact id: 'ee1dc21d87ca80dfab1dfce649c527a1') in 0.0038144 seconds
Refreshing native plugins compatible for Editor in 2.12 ms, found 4 plugins.
Preloading 0 native plugins for Editor in 0.00 ms.
Asset Pipeline Refresh (id=9d9f97ba1da0c3f429c60484a8acf8a6): Total: 0.019 seconds - Initiated by StopAssetImportingV2(NoUpdateAssetOptions)
Start importing Assets/NoSafeCircle/DoorPrototype/Art/Wizard/Generated/Wizard_Masculine_White_walk_north.anim using Guid(efae5caf1424ae34491d1750174eb78d) (NativeFormatImporter) -> (artifact id: '15a129f3cf7fb47e7d621978b12fe960') in 0.0018832 seconds
Refreshing native plugins compatible for Editor in 1.98 ms, found 4 plugins.
Preloading 0 native plugins for Editor in 0.00 ms.
Asset Pipeline Refresh (id=a098cf29b216e8f4781f1059221d6192): Total: 0.017 seconds - Initiated by StopAssetImportingV2(NoUpdateAssetOptions)
Start importing Assets/NoSafeCircle/DoorPrototype/Art/Wizard/Source/PixelLab/masculine-light/selected/standing/north-east.png using Guid(5e344f0605b848f42982320da2ee30b0) (TextureImporter) -> (artifact id: 'ec982e4bc7fed084f720d63c08bf00ff') in 0.0060228 seconds
Refreshing native plugins compatible for Editor in 2.42 ms, found 4 plugins.
Preloading 0 native plugins for Editor in 0.00 ms.
Asset Pipeline Refresh (id=2e3ca8bfe6ac278429a5b28f250a97aa): Total: 0.024 seconds - Initiated by StopAssetImportingV2(NoUpdateAssetOptions)
Start importing Assets/NoSafeCircle/DoorPrototype/Art/Wizard/Source/PixelLab/masculine-light/selected/standing/north-east.png using Guid(5e344f0605b848f42982320da2ee30b0) (TextureImporter) -> (artifact id: 'ec982e4bc7fed084f720d63c08bf00ff') in 0.0051568 seconds
Refreshing native plugins compatible for Editor in 2.09 ms, found 4 plugins.
Preloading 0 native plugins for Editor in 0.00 ms.
Asset Pipeline Refresh (id=86e72bde3963f394dade5abe033a98aa): Total: 0.025 seconds - Initiated by StopAssetImportingV2(NoUpdateAssetOptions)
Start importing Assets/NoSafeCircle/DoorPrototype/Art/Wizard/Generated/Wizard_Masculine_White_idle_north-east.anim using Guid(b6d115ade9e83434da82a9731846674f) (NativeFormatImporter) -> (artifact id: '373a432c1b03ba084be089112e83d65d') in 0.0017458 seconds
Refreshing native plugins compatible for Editor in 2.26 ms, found 4 plugins.
Preloading 0 native plugins for Editor in 0.00 ms.
Asset Pipeline Refresh (id=20f8d85684f5ac044ab875c137d49f6a): Total: 0.017 seconds - Initiated by StopAssetImportingV2(NoUpdateAssetOptions)
Start importing Assets/NoSafeCircle/DoorPrototype/Art/Wizard/Source/PixelLab/masculine-light/selected/walk/north-east/frame_000.png using Guid(91d5e512fe9f09e468cc7cf22a015977) (TextureImporter) -> (artifact id: '40cdb1afa5e1776a400fc7aca53845e5') in 0.0058121 seconds
Refreshing native plugins compatible for Editor in 3.63 ms, found 4 plugins.
Preloading 0 native plugins for Editor in 0.00 ms.
Asset Pipeline Refresh (id=89fa45df57ee7ab4bba219f69c03b2e9): Total: 0.025 seconds - Initiated by StopAssetImportingV2(NoUpdateAssetOptions)
Start importing Assets/NoSafeCircle/DoorPrototype/Art/Wizard/Source/PixelLab/masculine-light/selected/walk/north-east/frame_000.png using Guid(91d5e512fe9f09e468cc7cf22a015977) (TextureImporter) -> (artifact id: '40cdb1afa5e1776a400fc7aca53845e5') in 0.0045262 seconds
Refreshing native plugins compatible for Editor in 3.56 ms, found 4 plugins.
Preloading 0 native plugins for Editor in 0.00 ms.
Asset Pipeline Refresh (id=3e525556634ca9f46bc8ebab8cbdbc5a): Total: 0.025 seconds - Initiated by StopAssetImportingV2(NoUpdateAssetOptions)
Start importing Assets/NoSafeCircle/DoorPrototype/Art/Wizard/Source/PixelLab/masculine-light/selected/walk/north-east/frame_001.png using Guid(888094d9c0dcb964ead2060e7aa59107) (TextureImporter) -> (artifact id: '19b4d9bfbfc3a1d8232849879874326e') in 0.0054395 seconds
Refreshing native plugins compatible for Editor in 2.12 ms, found 4 plugins.
Preloading 0 native plugins for Editor in 0.00 ms.
Asset Pipeline Refresh (id=b0ce1d5a3ef0ffc42b8a443672512697): Total: 0.024 seconds - Initiated by StopAssetImportingV2(NoUpdateAssetOptions)
Start importing Assets/NoSafeCircle/DoorPrototype/Art/Wizard/Source/PixelLab/masculine-light/selected/walk/north-east/frame_001.png using Guid(888094d9c0dcb964ead2060e7aa59107) (TextureImporter) -> (artifact id: '19b4d9bfbfc3a1d8232849879874326e') in 0.0038282 seconds
Refreshing native plugins compatible for Editor in 3.06 ms, found 4 plugins.
Preloading 0 native plugins for Editor in 0.00 ms.
Asset Pipeline Refresh (id=6b7d0f30b3d4ee94abe4723feac19579): Total: 0.022 seconds - Initiated by StopAssetImportingV2(NoUpdateAssetOptions)
Start importing Assets/NoSafeCircle/DoorPrototype/Art/Wizard/Source/PixelLab/masculine-light/selected/walk/north-east/frame_002.png using Guid(c67a1a0ffa7f2ce4b85b1c50f5eef908) (TextureImporter) -> (artifact id: '46183cf7e9e3e169c96ddd8c256255e8') in 0.0044959 seconds
Refreshing native plugins compatible for Editor in 2.23 ms, found 4 plugins.
Preloading 0 native plugins for Editor in 0.00 ms.
Asset Pipeline Refresh (id=c29ee682174c9a649a03dc449bf25ebf): Total: 0.024 seconds - Initiated by StopAssetImportingV2(NoUpdateAssetOptions)
Start importing Assets/NoSafeCircle/DoorPrototype/Art/Wizard/Source/PixelLab/masculine-light/selected/walk/north-east/frame_002.png using Guid(c67a1a0ffa7f2ce4b85b1c50f5eef908) (TextureImporter) -> (artifact id: '46183cf7e9e3e169c96ddd8c256255e8') in 0.0048578 seconds
Refreshing native plugins compatible for Editor in 2.19 ms, found 4 plugins.
Preloading 0 native plugins for Editor in 0.00 ms.
Asset Pipeline Refresh (id=a854efa0920d47f4e9e52517289ad80d): Total: 0.021 seconds - Initiated by StopAssetImportingV2(NoUpdateAssetOptions)
Start importing Assets/NoSafeCircle/DoorPrototype/Art/Wizard/Source/PixelLab/masculine-light/selected/walk/north-east/frame_003.png using Guid(897b32c0fc082a34386df214b8f891b8) (TextureImporter) -> (artifact id: 'cd454be6138c68275ec6e3cc82ab666f') in 0.0049985 seconds
Refreshing native plugins compatible for Editor in 1.89 ms, found 4 plugins.
Preloading 0 native plugins for Editor in 0.00 ms.
Asset Pipeline Refresh (id=e2c779dc6f730dd42b4bb23962776145): Total: 0.021 seconds - Initiated by StopAssetImportingV2(NoUpdateAssetOptions)
Start importing Assets/NoSafeCircle/DoorPrototype/Art/Wizard/Source/PixelLab/masculine-light/selected/walk/north-east/frame_003.png using Guid(897b32c0fc082a34386df214b8f891b8) (TextureImporter) -> (artifact id: 'cd454be6138c68275ec6e3cc82ab666f') in 0.0037421 seconds
Refreshing native plugins compatible for Editor in 1.85 ms, found 4 plugins.
Preloading 0 native plugins for Editor in 0.00 ms.
Asset Pipeline Refresh (id=8e3ccbab59461224385059ae7187840b): Total: 0.019 seconds - Initiated by StopAssetImportingV2(NoUpdateAssetOptions)
Start importing Assets/NoSafeCircle/DoorPrototype/Art/Wizard/Source/PixelLab/masculine-light/selected/walk/north-east/frame_004.png using Guid(9909792c548ef4d44830f41f491c679d) (TextureImporter) -> (artifact id: 'a83e6c0c3dc0ddb03dfed1c1bda24f09') in 0.0039467 seconds
Refreshing native plugins compatible for Editor in 2.09 ms, found 4 plugins.
Preloading 0 native plugins for Editor in 0.00 ms.
Asset Pipeline Refresh (id=dfb695c2dd1bf47448a4447a241cd5e1): Total: 0.020 seconds - Initiated by StopAssetImportingV2(NoUpdateAssetOptions)
Start importing Assets/NoSafeCircle/DoorPrototype/Art/Wizard/Source/PixelLab/masculine-light/selected/walk/north-east/frame_004.png using Guid(9909792c548ef4d44830f41f491c679d) (TextureImporter) -> (artifact id: 'a83e6c0c3dc0ddb03dfed1c1bda24f09') in 0.0044824 seconds
Refreshing native plugins compatible for Editor in 1.86 ms, found 4 plugins.
Preloading 0 native plugins for Editor in 0.00 ms.
Asset Pipeline Refresh (id=8e74d846f86c7c8429a6aeb0ea448902): Total: 0.020 seconds - Initiated by StopAssetImportingV2(NoUpdateAssetOptions)
Start importing Assets/NoSafeCircle/DoorPrototype/Art/Wizard/Source/PixelLab/masculine-light/selected/walk/north-east/frame_005.png using Guid(8937b18c2e140c844821069cc5bed355) (TextureImporter) -> (artifact id: 'cac96c4cdc42bd061ae0d1068dfea2e4') in 0.0040643 seconds
Refreshing native plugins compatible for Editor in 1.98 ms, found 4 plugins.
Preloading 0 native plugins for Editor in 0.00 ms.
Asset Pipeline Refresh (id=f04a1b218479c4d4795d54ae3fba8110): Total: 0.021 seconds - Initiated by StopAssetImportingV2(NoUpdateAssetOptions)
Start importing Assets/NoSafeCircle/DoorPrototype/Art/Wizard/Source/PixelLab/masculine-light/selected/walk/north-east/frame_005.png using Guid(8937b18c2e140c844821069cc5bed355) (TextureImporter) -> (artifact id: 'cac96c4cdc42bd061ae0d1068dfea2e4') in 0.0039169 seconds
Refreshing native plugins compatible for Editor in 1.90 ms, found 4 plugins.
Preloading 0 native plugins for Editor in 0.00 ms.
Asset Pipeline Refresh (id=ebc1f99b1edc4f7479cba5384b17b50c): Total: 0.021 seconds - Initiated by StopAssetImportingV2(NoUpdateAssetOptions)
Start importing Assets/NoSafeCircle/DoorPrototype/Art/Wizard/Generated/Wizard_Masculine_White_walk_north-east.anim using Guid(edec638159a30d14d89e481308982594) (NativeFormatImporter) -> (artifact id: '7119a38167ae67ab7f69ea5332241d95') in 0.0018734 seconds
Refreshing native plugins compatible for Editor in 1.81 ms, found 4 plugins.
Preloading 0 native plugins for Editor in 0.00 ms.
Asset Pipeline Refresh (id=5467c549b9fd6bb479756aa2d231f809): Total: 0.017 seconds - Initiated by StopAssetImportingV2(NoUpdateAssetOptions)
Start importing Assets/NoSafeCircle/DoorPrototype/Art/Wizard/Source/PixelLab/masculine-light/selected/standing/east.png using Guid(855cc5850577ad643b9c96440c146d49) (TextureImporter) -> (artifact id: '7f0e84f20008e25dc5b67bc5f3c416a1') in 0.0060467 seconds
Refreshing native plugins compatible for Editor in 2.23 ms, found 4 plugins.
Preloading 0 native plugins for Editor in 0.00 ms.
Asset Pipeline Refresh (id=51e070d41e2fb804f8449c52483866ba): Total: 0.026 seconds - Initiated by StopAssetImportingV2(NoUpdateAssetOptions)
Start importing Assets/NoSafeCircle/DoorPrototype/Art/Wizard/Source/PixelLab/masculine-light/selected/standing/east.png using Guid(855cc5850577ad643b9c96440c146d49) (TextureImporter) -> (artifact id: '7f0e84f20008e25dc5b67bc5f3c416a1') in 0.0054743 seconds
Refreshing native plugins compatible for Editor in 2.33 ms, found 4 plugins.
Preloading 0 native plugins for Editor in 0.00 ms.
Asset Pipeline Refresh (id=0a0c1d3f10706144b9623b0970fd201e): Total: 0.025 seconds - Initiated by StopAssetImportingV2(NoUpdateAssetOptions)
Start importing Assets/NoSafeCircle/DoorPrototype/Art/Wizard/Generated/Wizard_Masculine_White_idle_east.anim using Guid(9349e3fc966a2e14ab81806b744a95ec) (NativeFormatImporter) -> (artifact id: 'e4fc5828d6f868a36aee81ff483c41fa') in 0.0019825 seconds
Refreshing native plugins compatible for Editor in 1.93 ms, found 4 plugins.
Preloading 0 native plugins for Editor in 0.00 ms.
Asset Pipeline Refresh (id=98d441055f36f624ca3dbdb58d5676e9): Total: 0.017 seconds - Initiated by StopAssetImportingV2(NoUpdateAssetOptions)
Start importing Assets/NoSafeCircle/DoorPrototype/Art/Wizard/Source/PixelLab/masculine-light/selected/walk/east/frame_000.png using Guid(0a6827740383f74169ae3252042981dc) (TextureImporter) -> (artifact id: '99bd7ff5bdc38b0c6b70fc2ca6b18a75') in 0.0041237 seconds
Refreshing native plugins compatible for Editor in 2.12 ms, found 4 plugins.
Preloading 0 native plugins for Editor in 0.00 ms.
Asset Pipeline Refresh (id=0c62bc00275ef784aae560935911d99c): Total: 0.019 seconds - Initiated by StopAssetImportingV2(NoUpdateAssetOptions)
Start importing Assets/NoSafeCircle/DoorPrototype/Art/Wizard/Source/PixelLab/masculine-light/selected/walk/east/frame_000.png using Guid(0a6827740383f74169ae3252042981dc) (TextureImporter) -> (artifact id: '99bd7ff5bdc38b0c6b70fc2ca6b18a75') in 0.0039257 seconds
Refreshing native plugins compatible for Editor in 2.49 ms, found 4 plugins.
Preloading 0 native plugins for Editor in 0.00 ms.
Asset Pipeline Refresh (id=2b63aba74343cee4d9ffa006f7a4b2d6): Total: 0.022 seconds - Initiated by StopAssetImportingV2(NoUpdateAssetOptions)
Start importing Assets/NoSafeCircle/DoorPrototype/Art/Wizard/Source/PixelLab/masculine-light/selected/walk/east/frame_001.png using Guid(632e0f62e13c18590b49441cc7938ae7) (TextureImporter) -> (artifact id: 'e968a5dd9f5919caadb677a95f739dbc') in 0.0044074 seconds
Refreshing native plugins compatible for Editor in 1.98 ms, found 4 plugins.
Preloading 0 native plugins for Editor in 0.00 ms.
Asset Pipeline Refresh (id=9d67c3556218a2e40bd0b9faf768e164): Total: 0.020 seconds - Initiated by StopAssetImportingV2(NoUpdateAssetOptions)
Start importing Assets/NoSafeCircle/DoorPrototype/Art/Wizard/Source/PixelLab/masculine-light/selected/walk/east/frame_001.png using Guid(632e0f62e13c18590b49441cc7938ae7) (TextureImporter) -> (artifact id: 'e968a5dd9f5919caadb677a95f739dbc') in 0.0040403 seconds
Refreshing native plugins compatible for Editor in 2.10 ms, found 4 plugins.
Preloading 0 native plugins for Editor in 0.00 ms.
Asset Pipeline Refresh (id=21acdcf7e6f347747ad4368a4b4f6276): Total: 0.020 seconds - Initiated by StopAssetImportingV2(NoUpdateAssetOptions)
Start importing Assets/NoSafeCircle/DoorPrototype/Art/Wizard/Source/PixelLab/masculine-light/selected/walk/east/frame_002.png using Guid(e90fe5bbf32dc2a3eeaa1fb0017055d9) (TextureImporter) -> (artifact id: '11c1cb04f52aa9e4a59acc2f336521ad') in 0.0042553 seconds
Refreshing native plugins compatible for Editor in 1.99 ms, found 4 plugins.
Preloading 0 native plugins for Editor in 0.00 ms.
Asset Pipeline Refresh (id=ee431a2d2d9bc714da8572fba470442b): Total: 0.024 seconds - Initiated by StopAssetImportingV2(NoUpdateAssetOptions)
Start importing Assets/NoSafeCircle/DoorPrototype/Art/Wizard/Source/PixelLab/masculine-light/selected/walk/east/frame_002.png using Guid(e90fe5bbf32dc2a3eeaa1fb0017055d9) (TextureImporter) -> (artifact id: '11c1cb04f52aa9e4a59acc2f336521ad') in 0.0038558 seconds
Refreshing native plugins compatible for Editor in 1.82 ms, found 4 plugins.
Preloading 0 native plugins for Editor in 0.00 ms.
Asset Pipeline Refresh (id=50a4a8a6fb70d4240b196becabe61cef): Total: 0.019 seconds - Initiated by StopAssetImportingV2(NoUpdateAssetOptions)
Start importing Assets/NoSafeCircle/DoorPrototype/Art/Wizard/Source/PixelLab/masculine-light/selected/walk/east/frame_003.png using Guid(109978b9253d08d0e8f75c8045608ba8) (TextureImporter) -> (artifact id: 'b97e1791c679d560c83cc57c474b986c') in 0.004721 seconds
Refreshing native plugins compatible for Editor in 1.88 ms, found 4 plugins.
Preloading 0 native plugins for Editor in 0.00 ms.
Asset Pipeline Refresh (id=d1534c9237c7b2849b46beb353c5b809): Total: 0.021 seconds - Initiated by StopAssetImportingV2(NoUpdateAssetOptions)
Start importing Assets/NoSafeCircle/DoorPrototype/Art/Wizard/Source/PixelLab/masculine-light/selected/walk/east/frame_003.png using Guid(109978b9253d08d0e8f75c8045608ba8) (TextureImporter) -> (artifact id: 'b97e1791c679d560c83cc57c474b986c') in 0.004845 seconds
Refreshing native plugins compatible for Editor in 2.49 ms, found 4 plugins.
Preloading 0 native plugins for Editor in 0.00 ms.
Asset Pipeline Refresh (id=0104733300ff5054e9348bb61a6e8f9d): Total: 0.022 seconds - Initiated by StopAssetImportingV2(NoUpdateAssetOptions)
Start importing Assets/NoSafeCircle/DoorPrototype/Art/Wizard/Source/PixelLab/masculine-light/selected/walk/east/frame_004.png using Guid(b449f990b84026fef386128f140df1bc) (TextureImporter) -> (artifact id: 'b3cb7e17a1a3c181ec4527f174e030f6') in 0.0042963 seconds
Refreshing native plugins compatible for Editor in 1.91 ms, found 4 plugins.
Preloading 0 native plugins for Editor in 0.00 ms.
Asset Pipeline Refresh (id=f91592e830404614fbc9044523dc347e): Total: 0.020 seconds - Initiated by StopAssetImportingV2(NoUpdateAssetOptions)
Start importing Assets/NoSafeCircle/DoorPrototype/Art/Wizard/Source/PixelLab/masculine-light/selected/walk/east/frame_004.png using Guid(b449f990b84026fef386128f140df1bc) (TextureImporter) -> (artifact id: 'b3cb7e17a1a3c181ec4527f174e030f6') in 0.0044476 seconds
Refreshing native plugins compatible for Editor in 1.98 ms, found 4 plugins.
Preloading 0 native plugins for Editor in 0.00 ms.
Asset Pipeline Refresh (id=a47ccb8bafda5134e8931bfcc540bd88): Total: 0.020 seconds - Initiated by StopAssetImportingV2(NoUpdateAssetOptions)
Start importing Assets/NoSafeCircle/DoorPrototype/Art/Wizard/Source/PixelLab/masculine-light/selected/walk/east/frame_005.png using Guid(ea4aaa9d2ada0820cd94fe760195dbd7) (TextureImporter) -> (artifact id: 'bd76370cec5cf43cee12d260972b18a6') in 0.0042167 seconds
Refreshing native plugins compatible for Editor in 3.20 ms, found 4 plugins.
Preloading 0 native plugins for Editor in 0.00 ms.
Asset Pipeline Refresh (id=c9e12d02162c89942bcd2ebadedccde1): Total: 0.022 seconds - Initiated by StopAssetImportingV2(NoUpdateAssetOptions)
Start importing Assets/NoSafeCircle/DoorPrototype/Art/Wizard/Source/PixelLab/masculine-light/selected/walk/east/frame_005.png using Guid(ea4aaa9d2ada0820cd94fe760195dbd7) (TextureImporter) -> (artifact id: 'bd76370cec5cf43cee12d260972b18a6') in 0.0061347 seconds
Refreshing native plugins compatible for Editor in 3.05 ms, found 4 plugins.
Preloading 0 native plugins for Editor in 0.00 ms.
Asset Pipeline Refresh (id=e55d06953251d71458a1f9c35304ad18): Total: 0.027 seconds - Initiated by StopAssetImportingV2(NoUpdateAssetOptions)
Start importing Assets/NoSafeCircle/DoorPrototype/Art/Wizard/Generated/Wizard_Masculine_White_walk_east.anim using Guid(1f3d82e87f8c22d4094052bb1a9997ca) (NativeFormatImporter) -> (artifact id: 'bbef3e684441f8f9beec98c9b8780b33') in 0.0024015 seconds
Refreshing native plugins compatible for Editor in 2.20 ms, found 4 plugins.
Preloading 0 native plugins for Editor in 0.00 ms.
Asset Pipeline Refresh (id=eb7002f537a47e34eb01b05ccb6e403a): Total: 0.019 seconds - Initiated by StopAssetImportingV2(NoUpdateAssetOptions)
Start importing Assets/NoSafeCircle/DoorPrototype/Art/Wizard/Source/PixelLab/masculine-light/selected/standing/south-east.png using Guid(ba32e804c3c549e43aa53b4a61cad7be) (TextureImporter) -> (artifact id: 'ea93765076be854a0d811904ff9cb21e') in 0.0060741 seconds
Refreshing native plugins compatible for Editor in 2.07 ms, found 4 plugins.
Preloading 0 native plugins for Editor in 0.00 ms.
Asset Pipeline Refresh (id=e6bc960cc77cef447a8164be9e0e63b3): Total: 0.025 seconds - Initiated by StopAssetImportingV2(NoUpdateAssetOptions)
Start importing Assets/NoSafeCircle/DoorPrototype/Art/Wizard/Source/PixelLab/masculine-light/selected/standing/south-east.png using Guid(ba32e804c3c549e43aa53b4a61cad7be) (TextureImporter) -> (artifact id: 'ea93765076be854a0d811904ff9cb21e') in 0.0061707 seconds
Refreshing native plugins compatible for Editor in 1.94 ms, found 4 plugins.
Preloading 0 native plugins for Editor in 0.00 ms.
Asset Pipeline Refresh (id=b2d6b4e626d39554da2c5dcf815de3d6): Total: 0.028 seconds - Initiated by StopAssetImportingV2(NoUpdateAssetOptions)
Start importing Assets/NoSafeCircle/DoorPrototype/Art/Wizard/Generated/Wizard_Masculine_White_idle_south-east.anim using Guid(7f5e5cd45c65ffc4faa8d0f76ea96f2b) (NativeFormatImporter) -> (artifact id: '59106973e8be89c405788fd3e3b2db8e') in 0.0018308 seconds
Refreshing native plugins compatible for Editor in 2.02 ms, found 4 plugins.
Preloading 0 native plugins for Editor in 0.00 ms.
Asset Pipeline Refresh (id=912dbbd36e0643143a6ab5ff1b3e8a0c): Total: 0.016 seconds - Initiated by StopAssetImportingV2(NoUpdateAssetOptions)
Start importing Assets/NoSafeCircle/DoorPrototype/Art/Wizard/Source/PixelLab/masculine-light/selected/walk/south-east/frame_000.png using Guid(1e573675621ad8743903439c37931a93) (TextureImporter) -> (artifact id: '1c036f50ef3b427b43b96ae3268fae90') in 0.0038781 seconds
Refreshing native plugins compatible for Editor in 1.80 ms, found 4 plugins.
Preloading 0 native plugins for Editor in 0.00 ms.
Asset Pipeline Refresh (id=d1d4c26168f13154088475c8a1b7046e): Total: 0.019 seconds - Initiated by StopAssetImportingV2(NoUpdateAssetOptions)
Start importing Assets/NoSafeCircle/DoorPrototype/Art/Wizard/Source/PixelLab/masculine-light/selected/walk/south-east/frame_000.png using Guid(1e573675621ad8743903439c37931a93) (TextureImporter) -> (artifact id: '1c036f50ef3b427b43b96ae3268fae90') in 0.0036362 seconds
Refreshing native plugins compatible for Editor in 2.57 ms, found 4 plugins.
Preloading 0 native plugins for Editor in 0.00 ms.
Asset Pipeline Refresh (id=cbc37a05bd9b0394f88cb6a7bc6af628): Total: 0.022 seconds - Initiated by StopAssetImportingV2(NoUpdateAssetOptions)
Start importing Assets/NoSafeCircle/DoorPrototype/Art/Wizard/Source/PixelLab/masculine-light/selected/walk/south-east/frame_001.png using Guid(0ec515a094b891441b0973e954904585) (TextureImporter) -> (artifact id: '2d9c8f6fc7fcba899f9c23a30f5923ad') in 0.0047016 seconds
Refreshing native plugins compatible for Editor in 2.74 ms, found 4 plugins.
Preloading 0 native plugins for Editor in 0.00 ms.
Asset Pipeline Refresh (id=317a8ddd04ac27845ba6df43f3ec884a): Total: 0.023 seconds - Initiated by StopAssetImportingV2(NoUpdateAssetOptions)
Start importing Assets/NoSafeCircle/DoorPrototype/Art/Wizard/Source/PixelLab/masculine-light/selected/walk/south-east/frame_001.png using Guid(0ec515a094b891441b0973e954904585) (TextureImporter) -> (artifact id: '2d9c8f6fc7fcba899f9c23a30f5923ad') in 0.0037631 seconds
Refreshing native plugins compatible for Editor in 1.91 ms, found 4 plugins.
Preloading 0 native plugins for Editor in 0.00 ms.
Asset Pipeline Refresh (id=60a404f7cb409aa4e8b70d9d305b7639): Total: 0.019 seconds - Initiated by StopAssetImportingV2(NoUpdateAssetOptions)
Start importing Assets/NoSafeCircle/DoorPrototype/Art/Wizard/Source/PixelLab/masculine-light/selected/walk/south-east/frame_002.png using Guid(24d9cf5c851b6ff40b80b312942c9ed4) (TextureImporter) -> (artifact id: 'a4570b662a74537cd75950102029ce85') in 0.0055438 seconds
Refreshing native plugins compatible for Editor in 2.05 ms, found 4 plugins.
Preloading 0 native plugins for Editor in 0.00 ms.
Asset Pipeline Refresh (id=3c95d8df44168a7489e8418298824a65): Total: 0.026 seconds - Initiated by StopAssetImportingV2(NoUpdateAssetOptions)
Start importing Assets/NoSafeCircle/DoorPrototype/Art/Wizard/Source/PixelLab/masculine-light/selected/walk/south-east/frame_002.png using Guid(24d9cf5c851b6ff40b80b312942c9ed4) (TextureImporter) -> (artifact id: 'a4570b662a74537cd75950102029ce85') in 0.0041589 seconds
Refreshing native plugins compatible for Editor in 2.23 ms, found 4 plugins.
Preloading 0 native plugins for Editor in 0.00 ms.
Asset Pipeline Refresh (id=75449b465b9e85944a8b97e3559ae2e2): Total: 0.021 seconds - Initiated by StopAssetImportingV2(NoUpdateAssetOptions)
Start importing Assets/NoSafeCircle/DoorPrototype/Art/Wizard/Source/PixelLab/masculine-light/selected/walk/south-east/frame_003.png using Guid(61b4925b9e5b5904bb9c5590d1765130) (TextureImporter) -> (artifact id: '81dbeef909d70edc2ec154ce4611e378') in 0.0052687 seconds
Refreshing native plugins compatible for Editor in 1.77 ms, found 4 plugins.
Preloading 0 native plugins for Editor in 0.00 ms.
Asset Pipeline Refresh (id=22821225154eaa04f9479acfce11c218): Total: 0.021 seconds - Initiated by StopAssetImportingV2(NoUpdateAssetOptions)
Start importing Assets/NoSafeCircle/DoorPrototype/Art/Wizard/Source/PixelLab/masculine-light/selected/walk/south-east/frame_003.png using Guid(61b4925b9e5b5904bb9c5590d1765130) (TextureImporter) -> (artifact id: '81dbeef909d70edc2ec154ce4611e378') in 0.0036423 seconds
Refreshing native plugins compatible for Editor in 1.78 ms, found 4 plugins.
Preloading 0 native plugins for Editor in 0.00 ms.
Asset Pipeline Refresh (id=ab2a5aa9598495342bee1c8c86b03d7e): Total: 0.018 seconds - Initiated by StopAssetImportingV2(NoUpdateAssetOptions)
Start importing Assets/NoSafeCircle/DoorPrototype/Art/Wizard/Source/PixelLab/masculine-light/selected/walk/south-east/frame_004.png using Guid(7df496d852adbe5499e42bfb29a57f7e) (TextureImporter) -> (artifact id: '9302cf07b1d46733fddb195c5f6fb3bf') in 0.0046914 seconds
Refreshing native plugins compatible for Editor in 2.02 ms, found 4 plugins.
Preloading 0 native plugins for Editor in 0.00 ms.
Asset Pipeline Refresh (id=d8240383c53a0dc4a9e4251513c9a424): Total: 0.024 seconds - Initiated by StopAssetImportingV2(NoUpdateAssetOptions)
Start importing Assets/NoSafeCircle/DoorPrototype/Art/Wizard/Source/PixelLab/masculine-light/selected/walk/south-east/frame_004.png using Guid(7df496d852adbe5499e42bfb29a57f7e) (TextureImporter) -> (artifact id: '9302cf07b1d46733fddb195c5f6fb3bf') in 0.004323 seconds
Refreshing native plugins compatible for Editor in 2.04 ms, found 4 plugins.
Preloading 0 native plugins for Editor in 0.00 ms.
Asset Pipeline Refresh (id=1956588ebd6387c408f50bd19dc62e2b): Total: 0.019 seconds - Initiated by StopAssetImportingV2(NoUpdateAssetOptions)
Start importing Assets/NoSafeCircle/DoorPrototype/Art/Wizard/Source/PixelLab/masculine-light/selected/walk/south-east/frame_005.png using Guid(b9bef793cc514e44cac2d8b1591b9ab1) (TextureImporter) -> (artifact id: '12ac33b488b764ecd1cb133014cb3353') in 0.0045177 seconds
Refreshing native plugins compatible for Editor in 2.47 ms, found 4 plugins.
Preloading 0 native plugins for Editor in 0.00 ms.
Asset Pipeline Refresh (id=a5df301c315e41b4daa76c7181f9aeb5): Total: 0.020 seconds - Initiated by StopAssetImportingV2(NoUpdateAssetOptions)
Start importing Assets/NoSafeCircle/DoorPrototype/Art/Wizard/Source/PixelLab/masculine-light/selected/walk/south-east/frame_005.png using Guid(b9bef793cc514e44cac2d8b1591b9ab1) (TextureImporter) -> (artifact id: '12ac33b488b764ecd1cb133014cb3353') in 0.0037663 seconds
Refreshing native plugins compatible for Editor in 2.31 ms, found 4 plugins.
Preloading 0 native plugins for Editor in 0.00 ms.
Asset Pipeline Refresh (id=fcb896cc01d9fee449403088cea7a165): Total: 0.020 seconds - Initiated by StopAssetImportingV2(NoUpdateAssetOptions)
Start importing Assets/NoSafeCircle/DoorPrototype/Art/Wizard/Generated/Wizard_Masculine_White_walk_south-east.anim using Guid(0b68bfc7a44c82e4b848f1456189e6aa) (NativeFormatImporter) -> (artifact id: '041faf5b642c04b998838c7232bfca03') in 0.0020823 seconds
Refreshing native plugins compatible for Editor in 2.38 ms, found 4 plugins.
Preloading 0 native plugins for Editor in 0.00 ms.
Asset Pipeline Refresh (id=fc5b7259fb4080145a1d2ffaad5ce90c): Total: 0.018 seconds - Initiated by StopAssetImportingV2(NoUpdateAssetOptions)
Start importing Assets/NoSafeCircle/DoorPrototype/Art/Wizard/Source/PixelLab/masculine-light/selected/standing/south.png using Guid(afd38f6e75ecac9469a8b9b3c8c5d9cf) (TextureImporter) -> (artifact id: 'f7eb6b563561967fe09ab157fb12abe3') in 0.0053029 seconds
Refreshing native plugins compatible for Editor in 2.20 ms, found 4 plugins.
Preloading 0 native plugins for Editor in 0.00 ms.
Asset Pipeline Refresh (id=36a015a06e20151429f3588e288dfe99): Total: 0.023 seconds - Initiated by StopAssetImportingV2(NoUpdateAssetOptions)
Start importing Assets/NoSafeCircle/DoorPrototype/Art/Wizard/Source/PixelLab/masculine-light/selected/standing/south.png using Guid(afd38f6e75ecac9469a8b9b3c8c5d9cf) (TextureImporter) -> (artifact id: 'f7eb6b563561967fe09ab157fb12abe3') in 0.0053638 seconds
Refreshing native plugins compatible for Editor in 1.94 ms, found 4 plugins.
Preloading 0 native plugins for Editor in 0.00 ms.
Asset Pipeline Refresh (id=714950eface918e438dfc491ecb6b4a2): Total: 0.024 seconds - Initiated by StopAssetImportingV2(NoUpdateAssetOptions)
Start importing Assets/NoSafeCircle/DoorPrototype/Art/Wizard/Generated/Wizard_Masculine_White_idle_south.anim using Guid(e6940e8055c98c64588eead07458811b) (NativeFormatImporter) -> (artifact id: 'a5c73b16a5be91da4c70cc309418bdfc') in 0.0017771 seconds
Refreshing native plugins compatible for Editor in 1.99 ms, found 4 plugins.
Preloading 0 native plugins for Editor in 0.00 ms.
Asset Pipeline Refresh (id=90ffd59d7eb70394fb4a91d124a02679): Total: 0.016 seconds - Initiated by StopAssetImportingV2(NoUpdateAssetOptions)
Start importing Assets/NoSafeCircle/DoorPrototype/Art/Wizard/Source/PixelLab/masculine-light/selected/walk/south/frame_000.png using Guid(e460031589239c24b88cbe765d425ba7) (TextureImporter) -> (artifact id: '42e1c90d4962704f696b130909a71d91') in 0.0037193 seconds
Refreshing native plugins compatible for Editor in 1.84 ms, found 4 plugins.
Preloading 0 native plugins for Editor in 0.00 ms.
Asset Pipeline Refresh (id=4def58101625dce4182693d09d1678fc): Total: 0.017 seconds - Initiated by StopAssetImportingV2(NoUpdateAssetOptions)
Start importing Assets/NoSafeCircle/DoorPrototype/Art/Wizard/Source/PixelLab/masculine-light/selected/walk/south/frame_000.png using Guid(e460031589239c24b88cbe765d425ba7) (TextureImporter) -> (artifact id: '42e1c90d4962704f696b130909a71d91') in 0.0036747 seconds
Refreshing native plugins compatible for Editor in 2.11 ms, found 4 plugins.
Preloading 0 native plugins for Editor in 0.00 ms.
Asset Pipeline Refresh (id=e1c372dcd38100d4d99ef448b35cfefa): Total: 0.019 seconds - Initiated by StopAssetImportingV2(NoUpdateAssetOptions)
Start importing Assets/NoSafeCircle/DoorPrototype/Art/Wizard/Source/PixelLab/masculine-light/selected/walk/south/frame_001.png using Guid(230f16d2029fb92f384fbbc1c3f21b9e) (TextureImporter) -> (artifact id: 'c3745360952e6f74dfd3a05337bd6bf6') in 0.0040707 seconds
Refreshing native plugins compatible for Editor in 1.87 ms, found 4 plugins.
Preloading 0 native plugins for Editor in 0.00 ms.
Asset Pipeline Refresh (id=2037656be9678b543b34b22678f42337): Total: 0.021 seconds - Initiated by StopAssetImportingV2(NoUpdateAssetOptions)
Start importing Assets/NoSafeCircle/DoorPrototype/Art/Wizard/Source/PixelLab/masculine-light/selected/walk/south/frame_001.png using Guid(230f16d2029fb92f384fbbc1c3f21b9e) (TextureImporter) -> (artifact id: 'c3745360952e6f74dfd3a05337bd6bf6') in 0.0043675 seconds
Refreshing native plugins compatible for Editor in 1.95 ms, found 4 plugins.
Preloading 0 native plugins for Editor in 0.00 ms.
Asset Pipeline Refresh (id=cb74290c1d1fb9b4da13f362401f5637): Total: 0.019 seconds - Initiated by StopAssetImportingV2(NoUpdateAssetOptions)
Start importing Assets/NoSafeCircle/DoorPrototype/Art/Wizard/Source/PixelLab/masculine-light/selected/walk/south/frame_002.png using Guid(a1cb13cd419e4ba982b5d89a633fa9e1) (TextureImporter) -> (artifact id: '63ad28669b7ae0bed0b19242a35e80dc') in 0.0043822 seconds
Refreshing native plugins compatible for Editor in 1.84 ms, found 4 plugins.
Preloading 0 native plugins for Editor in 0.00 ms.
Asset Pipeline Refresh (id=571da0bd543a52a4ca0509ee65dac219): Total: 0.019 seconds - Initiated by StopAssetImportingV2(NoUpdateAssetOptions)
Start importing Assets/NoSafeCircle/DoorPrototype/Art/Wizard/Source/PixelLab/masculine-light/selected/walk/south/frame_002.png using Guid(a1cb13cd419e4ba982b5d89a633fa9e1) (TextureImporter) -> (artifact id: '63ad28669b7ae0bed0b19242a35e80dc') in 0.0036845 seconds
Refreshing native plugins compatible for Editor in 1.79 ms, found 4 plugins.
Preloading 0 native plugins for Editor in 0.00 ms.
Asset Pipeline Refresh (id=03112c7b8914312418ec3a818ce8bdde): Total: 0.019 seconds - Initiated by StopAssetImportingV2(NoUpdateAssetOptions)
Start importing Assets/NoSafeCircle/DoorPrototype/Art/Wizard/Source/PixelLab/masculine-light/selected/walk/south/frame_003.png using Guid(b8159ccaca67c0797b7e8a51ad4ec9d2) (TextureImporter) -> (artifact id: 'c683fe85571029669f41fe3b5249f27a') in 0.0050765 seconds
Refreshing native plugins compatible for Editor in 2.12 ms, found 4 plugins.
Preloading 0 native plugins for Editor in 0.00 ms.
Asset Pipeline Refresh (id=02ce097e4608e4e498663b1eb80ea025): Total: 0.020 seconds - Initiated by StopAssetImportingV2(NoUpdateAssetOptions)
Start importing Assets/NoSafeCircle/DoorPrototype/Art/Wizard/Source/PixelLab/masculine-light/selected/walk/south/frame_003.png using Guid(b8159ccaca67c0797b7e8a51ad4ec9d2) (TextureImporter) -> (artifact id: 'c683fe85571029669f41fe3b5249f27a') in 0.0041989 seconds
Refreshing native plugins compatible for Editor in 1.81 ms, found 4 plugins.
Preloading 0 native plugins for Editor in 0.00 ms.
Asset Pipeline Refresh (id=81e5279c3b2f5574aa9e3571dd90bc6e): Total: 0.022 seconds - Initiated by StopAssetImportingV2(NoUpdateAssetOptions)
Start importing Assets/NoSafeCircle/DoorPrototype/Art/Wizard/Source/PixelLab/masculine-light/selected/walk/south/frame_004.png using Guid(fe6dd92acc59c495c707e4cafdeb07b2) (TextureImporter) -> (artifact id: 'b8973c7401385cf90eac25035ef86776') in 0.0038538 seconds
Refreshing native plugins compatible for Editor in 1.88 ms, found 4 plugins.
Preloading 0 native plugins for Editor in 0.00 ms.
Asset Pipeline Refresh (id=df087cc8bd89c02409311e9cea778bd0): Total: 0.018 seconds - Initiated by StopAssetImportingV2(NoUpdateAssetOptions)
Start importing Assets/NoSafeCircle/DoorPrototype/Art/Wizard/Source/PixelLab/masculine-light/selected/walk/south/frame_004.png using Guid(fe6dd92acc59c495c707e4cafdeb07b2) (TextureImporter) -> (artifact id: 'b8973c7401385cf90eac25035ef86776') in 0.0036234 seconds
Refreshing native plugins compatible for Editor in 2.03 ms, found 4 plugins.
Preloading 0 native plugins for Editor in 0.00 ms.
Asset Pipeline Refresh (id=cbb4826681be2584f9f3ebf6845c63d0): Total: 0.019 seconds - Initiated by StopAssetImportingV2(NoUpdateAssetOptions)
Start importing Assets/NoSafeCircle/DoorPrototype/Art/Wizard/Source/PixelLab/masculine-light/selected/walk/south/frame_005.png using Guid(ca3d04fe73bf4d95f271161b9d6def20) (TextureImporter) -> (artifact id: 'ce2ed048bcbf582377bc63b020a01851') in 0.0038605 seconds
Refreshing native plugins compatible for Editor in 1.86 ms, found 4 plugins.
Preloading 0 native plugins for Editor in 0.00 ms.
Asset Pipeline Refresh (id=a70a952e61fcf3347803f89c5da9b3d4): Total: 0.018 seconds - Initiated by StopAssetImportingV2(NoUpdateAssetOptions)
Start importing Assets/NoSafeCircle/DoorPrototype/Art/Wizard/Source/PixelLab/masculine-light/selected/walk/south/frame_005.png using Guid(ca3d04fe73bf4d95f271161b9d6def20) (TextureImporter) -> (artifact id: 'ce2ed048bcbf582377bc63b020a01851') in 0.0036627 seconds
Refreshing native plugins compatible for Editor in 1.71 ms, found 4 plugins.
Preloading 0 native plugins for Editor in 0.00 ms.
Asset Pipeline Refresh (id=c4018092f52371343b0e7c5eee8b6c29): Total: 0.018 seconds - Initiated by StopAssetImportingV2(NoUpdateAssetOptions)
Start importing Assets/NoSafeCircle/DoorPrototype/Art/Wizard/Generated/Wizard_Masculine_White_walk_south.anim using Guid(f905ead907e56374db43be94602d741f) (NativeFormatImporter) -> (artifact id: '94a4d6137e98e3e5f935f50a9236a76a') in 0.0019538 seconds
Refreshing native plugins compatible for Editor in 1.75 ms, found 4 plugins.
Preloading 0 native plugins for Editor in 0.00 ms.
Asset Pipeline Refresh (id=5c80b2c9c1ebe324486b1e625b7cd6c4): Total: 0.016 seconds - Initiated by StopAssetImportingV2(NoUpdateAssetOptions)
Start importing Assets/NoSafeCircle/DoorPrototype/Art/Wizard/Source/PixelLab/masculine-light/selected/standing/south-west.png using Guid(f1200e2de20b94f4e82a8b06bf3373e4) (TextureImporter) -> (artifact id: 'f06271d46522c0dc62f99fe3e8e175c7') in 0.0065337 seconds
Refreshing native plugins compatible for Editor in 1.91 ms, found 4 plugins.
Preloading 0 native plugins for Editor in 0.00 ms.
Asset Pipeline Refresh (id=837831e6e87a4a74d85a9b2e00fc94cb): Total: 0.024 seconds - Initiated by StopAssetImportingV2(NoUpdateAssetOptions)
Start importing Assets/NoSafeCircle/DoorPrototype/Art/Wizard/Source/PixelLab/masculine-light/selected/standing/south-west.png using Guid(f1200e2de20b94f4e82a8b06bf3373e4) (TextureImporter) -> (artifact id: 'f06271d46522c0dc62f99fe3e8e175c7') in 0.0052651 seconds
Refreshing native plugins compatible for Editor in 2.24 ms, found 4 plugins.
Preloading 0 native plugins for Editor in 0.00 ms.
Asset Pipeline Refresh (id=473c9f22f0d65e342b1c37c8bfd1889e): Total: 0.024 seconds - Initiated by StopAssetImportingV2(NoUpdateAssetOptions)
Start importing Assets/NoSafeCircle/DoorPrototype/Art/Wizard/Generated/Wizard_Masculine_White_idle_south-west.anim using Guid(b90d4c633bbf42942b6a77f242096ff0) (NativeFormatImporter) -> (artifact id: 'e852358f1cc5ccdb8683f4a1a50fd0f3') in 0.0017943 seconds
Refreshing native plugins compatible for Editor in 2.51 ms, found 4 plugins.
Preloading 0 native plugins for Editor in 0.00 ms.
Asset Pipeline Refresh (id=b4f94387828a7c545895db42ed2ac89e): Total: 0.017 seconds - Initiated by StopAssetImportingV2(NoUpdateAssetOptions)
Start importing Assets/NoSafeCircle/DoorPrototype/Art/Wizard/Source/PixelLab/masculine-light/selected/walk/south-west/frame_000.png using Guid(da3d4fdcfebd8584ea6768eae4fa7e40) (TextureImporter) -> (artifact id: '5a59c9eb93da21aada5636c6f167b215') in 0.0045503 seconds
Refreshing native plugins compatible for Editor in 1.83 ms, found 4 plugins.
Preloading 0 native plugins for Editor in 0.00 ms.
Asset Pipeline Refresh (id=013d4951c1f82ad4596bdda67a222e37): Total: 0.022 seconds - Initiated by StopAssetImportingV2(NoUpdateAssetOptions)
Start importing Assets/NoSafeCircle/DoorPrototype/Art/Wizard/Source/PixelLab/masculine-light/selected/walk/south-west/frame_000.png using Guid(da3d4fdcfebd8584ea6768eae4fa7e40) (TextureImporter) -> (artifact id: '5a59c9eb93da21aada5636c6f167b215') in 0.0035264 seconds
Refreshing native plugins compatible for Editor in 1.86 ms, found 4 plugins.
Preloading 0 native plugins for Editor in 0.00 ms.
Asset Pipeline Refresh (id=aee472b279b56d743a7f81e9e6419e3d): Total: 0.018 seconds - Initiated by StopAssetImportingV2(NoUpdateAssetOptions)
Start importing Assets/NoSafeCircle/DoorPrototype/Art/Wizard/Source/PixelLab/masculine-light/selected/walk/south-west/frame_001.png using Guid(f99519450cc37d1488712b0da934c9b3) (TextureImporter) -> (artifact id: '4437c42bca06bb7dfc23d0fa5e354fcc') in 0.0038488 seconds
Refreshing native plugins compatible for Editor in 1.88 ms, found 4 plugins.
Preloading 0 native plugins for Editor in 0.00 ms.
Asset Pipeline Refresh (id=ba6c5c2451603ee4cb11649f168a3cd0): Total: 0.018 seconds - Initiated by StopAssetImportingV2(NoUpdateAssetOptions)
Start importing Assets/NoSafeCircle/DoorPrototype/Art/Wizard/Source/PixelLab/masculine-light/selected/walk/south-west/frame_001.png using Guid(f99519450cc37d1488712b0da934c9b3) (TextureImporter) -> (artifact id: '4437c42bca06bb7dfc23d0fa5e354fcc') in 0.0036152 seconds
Refreshing native plugins compatible for Editor in 1.85 ms, found 4 plugins.
Preloading 0 native plugins for Editor in 0.00 ms.
Asset Pipeline Refresh (id=74823abe10aff3e45a1abe29313df54a): Total: 0.018 seconds - Initiated by StopAssetImportingV2(NoUpdateAssetOptions)
Start importing Assets/NoSafeCircle/DoorPrototype/Art/Wizard/Source/PixelLab/masculine-light/selected/walk/south-west/frame_002.png using Guid(6f02ea9a9b30ff04abb3c12ab5178eff) (TextureImporter) -> (artifact id: 'be7425f9d7d14665b4a723316a2e1c3a') in 0.004663 seconds
Refreshing native plugins compatible for Editor in 1.98 ms, found 4 plugins.
Preloading 0 native plugins for Editor in 0.00 ms.
Asset Pipeline Refresh (id=31d05b49ee1ea9d449e5d3e47952f91d): Total: 0.020 seconds - Initiated by StopAssetImportingV2(NoUpdateAssetOptions)
Start importing Assets/NoSafeCircle/DoorPrototype/Art/Wizard/Source/PixelLab/masculine-light/selected/walk/south-west/frame_002.png using Guid(6f02ea9a9b30ff04abb3c12ab5178eff) (TextureImporter) -> (artifact id: 'be7425f9d7d14665b4a723316a2e1c3a') in 0.0036791 seconds
Refreshing native plugins compatible for Editor in 2.10 ms, found 4 plugins.
Preloading 0 native plugins for Editor in 0.00 ms.
Asset Pipeline Refresh (id=405058ec795cc294783555294a48404e): Total: 0.021 seconds - Initiated by StopAssetImportingV2(NoUpdateAssetOptions)
Start importing Assets/NoSafeCircle/DoorPrototype/Art/Wizard/Source/PixelLab/masculine-light/selected/walk/south-west/frame_003.png using Guid(43a7f5ed54226fe43b29a94dc9a90148) (TextureImporter) -> (artifact id: '23f80cc9ca80e6054b098320aa0534a9') in 0.0042616 seconds
Refreshing native plugins compatible for Editor in 3.17 ms, found 4 plugins.
Preloading 0 native plugins for Editor in 0.00 ms.
Asset Pipeline Refresh (id=c55a626193a30dd44886682e68b5a5ba): Total: 0.021 seconds - Initiated by StopAssetImportingV2(NoUpdateAssetOptions)
Start importing Assets/NoSafeCircle/DoorPrototype/Art/Wizard/Source/PixelLab/masculine-light/selected/walk/south-west/frame_003.png using Guid(43a7f5ed54226fe43b29a94dc9a90148) (TextureImporter) -> (artifact id: '23f80cc9ca80e6054b098320aa0534a9') in 0.0038046 seconds
Refreshing native plugins compatible for Editor in 2.10 ms, found 4 plugins.
Preloading 0 native plugins for Editor in 0.00 ms.
Asset Pipeline Refresh (id=b78729a831baf8e41af82f8fdf8d0590): Total: 0.020 seconds - Initiated by StopAssetImportingV2(NoUpdateAssetOptions)
Start importing Assets/NoSafeCircle/DoorPrototype/Art/Wizard/Source/PixelLab/masculine-light/selected/walk/south-west/frame_004.png using Guid(51532264872e0e84293f263e959c1e57) (TextureImporter) -> (artifact id: '1fd8da0564eb8dd06a80e1de1fb4c560') in 0.004152 seconds
Refreshing native plugins compatible for Editor in 1.94 ms, found 4 plugins.
Preloading 0 native plugins for Editor in 0.00 ms.
Asset Pipeline Refresh (id=9575531ba82b9b04cab5f0cdca691404): Total: 0.020 seconds - Initiated by StopAssetImportingV2(NoUpdateAssetOptions)
Start importing Assets/NoSafeCircle/DoorPrototype/Art/Wizard/Source/PixelLab/masculine-light/selected/walk/south-west/frame_004.png using Guid(51532264872e0e84293f263e959c1e57) (TextureImporter) -> (artifact id: '1fd8da0564eb8dd06a80e1de1fb4c560') in 0.0043295 seconds
Refreshing native plugins compatible for Editor in 2.57 ms, found 4 plugins.
Preloading 0 native plugins for Editor in 0.00 ms.
Asset Pipeline Refresh (id=522dc8b564cacb34a942ba4ca0efaa64): Total: 0.022 seconds - Initiated by StopAssetImportingV2(NoUpdateAssetOptions)
Start importing Assets/NoSafeCircle/DoorPrototype/Art/Wizard/Source/PixelLab/masculine-light/selected/walk/south-west/frame_005.png using Guid(e442009237360244fb731295b9de2ce1) (TextureImporter) -> (artifact id: 'b4b85a90a8558c9f22d994a981b275da') in 0.0087682 seconds
Refreshing native plugins compatible for Editor in 2.62 ms, found 4 plugins.
Preloading 0 native plugins for Editor in 0.00 ms.
Asset Pipeline Refresh (id=0b3149f8890c1f44b8f0e87c3e3bd36f): Total: 0.025 seconds - Initiated by StopAssetImportingV2(NoUpdateAssetOptions)
Start importing Assets/NoSafeCircle/DoorPrototype/Art/Wizard/Source/PixelLab/masculine-light/selected/walk/south-west/frame_005.png using Guid(e442009237360244fb731295b9de2ce1) (TextureImporter) -> (artifact id: 'b4b85a90a8558c9f22d994a981b275da') in 0.0036166 seconds
Refreshing native plugins compatible for Editor in 1.85 ms, found 4 plugins.
Preloading 0 native plugins for Editor in 0.00 ms.
Asset Pipeline Refresh (id=5a9889aa22e376148a9089a1457e9aa3): Total: 0.020 seconds - Initiated by StopAssetImportingV2(NoUpdateAssetOptions)
Start importing Assets/NoSafeCircle/DoorPrototype/Art/Wizard/Generated/Wizard_Masculine_White_walk_south-west.anim using Guid(30506471e884bf54fa863b663748012e) (NativeFormatImporter) -> (artifact id: '73f2f654271ffa2e7abdb200a7f3e118') in 0.0018707 seconds
Refreshing native plugins compatible for Editor in 1.97 ms, found 4 plugins.
Preloading 0 native plugins for Editor in 0.00 ms.
Asset Pipeline Refresh (id=d5677d6706c12d24e96fe7d6aed55f87): Total: 0.017 seconds - Initiated by StopAssetImportingV2(NoUpdateAssetOptions)
Start importing Assets/NoSafeCircle/DoorPrototype/Art/Wizard/Source/PixelLab/masculine-light/selected/standing/west.png using Guid(fcab85bd8cb12954790ec61cad798011) (TextureImporter) -> (artifact id: '619a549616710f6f8c18f4ec9fe9cae1') in 0.0054179 seconds
Refreshing native plugins compatible for Editor in 1.72 ms, found 4 plugins.
Preloading 0 native plugins for Editor in 0.00 ms.
Asset Pipeline Refresh (id=6fb74d01e21383c478c57dfc5e553c86): Total: 0.022 seconds - Initiated by StopAssetImportingV2(NoUpdateAssetOptions)
Start importing Assets/NoSafeCircle/DoorPrototype/Art/Wizard/Source/PixelLab/masculine-light/selected/standing/west.png using Guid(fcab85bd8cb12954790ec61cad798011) (TextureImporter) -> (artifact id: '619a549616710f6f8c18f4ec9fe9cae1') in 0.0050854 seconds
Refreshing native plugins compatible for Editor in 2.38 ms, found 4 plugins.
Preloading 0 native plugins for Editor in 0.00 ms.
Asset Pipeline Refresh (id=9c48292655cf75545a716c08b3679759): Total: 0.025 seconds - Initiated by StopAssetImportingV2(NoUpdateAssetOptions)
Start importing Assets/NoSafeCircle/DoorPrototype/Art/Wizard/Generated/Wizard_Masculine_White_idle_west.anim using Guid(898376da8b2862d40abdf3312a9d0b7d) (NativeFormatImporter) -> (artifact id: '31e0391e70a5186bd5d967f11d11422d') in 0.0019629 seconds
Refreshing native plugins compatible for Editor in 1.94 ms, found 4 plugins.
Preloading 0 native plugins for Editor in 0.00 ms.
Asset Pipeline Refresh (id=491038066cb7d7d4baa654e9718fd063): Total: 0.017 seconds - Initiated by StopAssetImportingV2(NoUpdateAssetOptions)
Start importing Assets/NoSafeCircle/DoorPrototype/Art/Wizard/Source/PixelLab/masculine-light/selected/walk/west/frame_000.png using Guid(68a9f5e18b89d98b132a7387ddb82b8f) (TextureImporter) -> (artifact id: '472598731803f07a0c3405fa14500fa5') in 0.0039911 seconds
Refreshing native plugins compatible for Editor in 1.98 ms, found 4 plugins.
Preloading 0 native plugins for Editor in 0.00 ms.
Asset Pipeline Refresh (id=d6aff8414153e3044afeaaed073d0b9c): Total: 0.020 seconds - Initiated by StopAssetImportingV2(NoUpdateAssetOptions)
Start importing Assets/NoSafeCircle/DoorPrototype/Art/Wizard/Source/PixelLab/masculine-light/selected/walk/west/frame_000.png using Guid(68a9f5e18b89d98b132a7387ddb82b8f) (TextureImporter) -> (artifact id: '472598731803f07a0c3405fa14500fa5') in 0.0042413 seconds
Refreshing native plugins compatible for Editor in 1.96 ms, found 4 plugins.
Preloading 0 native plugins for Editor in 0.00 ms.
Asset Pipeline Refresh (id=5671afaa6ed74ab4fa10fde791e83b65): Total: 0.020 seconds - Initiated by StopAssetImportingV2(NoUpdateAssetOptions)
Start importing Assets/NoSafeCircle/DoorPrototype/Art/Wizard/Source/PixelLab/masculine-light/selected/walk/west/frame_001.png using Guid(c0c81357b05d21eb347e22a32cdffa20) (TextureImporter) -> (artifact id: '80133c436d6f649424696dfb917d2d4e') in 0.0045174 seconds
Refreshing native plugins compatible for Editor in 1.82 ms, found 4 plugins.
Preloading 0 native plugins for Editor in 0.00 ms.
Asset Pipeline Refresh (id=81d16433be3d5d9498c98730f33f61bc): Total: 0.021 seconds - Initiated by StopAssetImportingV2(NoUpdateAssetOptions)
Start importing Assets/NoSafeCircle/DoorPrototype/Art/Wizard/Source/PixelLab/masculine-light/selected/walk/west/frame_001.png using Guid(c0c81357b05d21eb347e22a32cdffa20) (TextureImporter) -> (artifact id: '80133c436d6f649424696dfb917d2d4e') in 0.0041394 seconds
Refreshing native plugins compatible for Editor in 2.20 ms, found 4 plugins.
Preloading 0 native plugins for Editor in 0.00 ms.
Asset Pipeline Refresh (id=6758eaf4bad05b24cbbb7dc5018f1fc4): Total: 0.022 seconds - Initiated by StopAssetImportingV2(NoUpdateAssetOptions)
Start importing Assets/NoSafeCircle/DoorPrototype/Art/Wizard/Source/PixelLab/masculine-light/selected/walk/west/frame_002.png using Guid(3dbb7e5a45ee3dded30f73cc578f2738) (TextureImporter) -> (artifact id: '42ac701c2f06bb65fc06fd311a5e79f5') in 0.0053611 seconds
Refreshing native plugins compatible for Editor in 2.07 ms, found 4 plugins.
Preloading 0 native plugins for Editor in 0.00 ms.
Asset Pipeline Refresh (id=a2bc87735852e6f4ea846878179c64fb): Total: 0.021 seconds - Initiated by StopAssetImportingV2(NoUpdateAssetOptions)
Start importing Assets/NoSafeCircle/DoorPrototype/Art/Wizard/Source/PixelLab/masculine-light/selected/walk/west/frame_002.png using Guid(3dbb7e5a45ee3dded30f73cc578f2738) (TextureImporter) -> (artifact id: '42ac701c2f06bb65fc06fd311a5e79f5') in 0.0038092 seconds
Refreshing native plugins compatible for Editor in 2.32 ms, found 4 plugins.
Preloading 0 native plugins for Editor in 0.00 ms.
Asset Pipeline Refresh (id=ae420606622fd0b41a8f8adcdef26199): Total: 0.020 seconds - Initiated by StopAssetImportingV2(NoUpdateAssetOptions)
Start importing Assets/NoSafeCircle/DoorPrototype/Art/Wizard/Source/PixelLab/masculine-light/selected/walk/west/frame_003.png using Guid(e41f248459d4ae59975cc78239f7b20c) (TextureImporter) -> (artifact id: 'b8e913298f9ae24d0cd3efadd781f1cc') in 0.0048513 seconds
Refreshing native plugins compatible for Editor in 2.09 ms, found 4 plugins.
Preloading 0 native plugins for Editor in 0.00 ms.
Asset Pipeline Refresh (id=0f3b8d07000ab8446b18f877b27f2ace): Total: 0.021 seconds - Initiated by StopAssetImportingV2(NoUpdateAssetOptions)
Start importing Assets/NoSafeCircle/DoorPrototype/Art/Wizard/Source/PixelLab/masculine-light/selected/walk/west/frame_003.png using Guid(e41f248459d4ae59975cc78239f7b20c) (TextureImporter) -> (artifact id: 'b8e913298f9ae24d0cd3efadd781f1cc') in 0.003468 seconds
Refreshing native plugins compatible for Editor in 1.89 ms, found 4 plugins.
Preloading 0 native plugins for Editor in 0.00 ms.
Asset Pipeline Refresh (id=8ab525ac1b799e143a781567dfd556e1): Total: 0.019 seconds - Initiated by StopAssetImportingV2(NoUpdateAssetOptions)
Start importing Assets/NoSafeCircle/DoorPrototype/Art/Wizard/Source/PixelLab/masculine-light/selected/walk/west/frame_004.png using Guid(3a69ff0a640213c3644a40ed60250934) (TextureImporter) -> (artifact id: 'ebd0a3559235a0b2f0fd2ed1f837201b') in 0.0040226 seconds
Refreshing native plugins compatible for Editor in 2.29 ms, found 4 plugins.
Preloading 0 native plugins for Editor in 0.00 ms.
Asset Pipeline Refresh (id=d5b66b43a49b0e7438d6b684df1b41df): Total: 0.021 seconds - Initiated by StopAssetImportingV2(NoUpdateAssetOptions)
Start importing Assets/NoSafeCircle/DoorPrototype/Art/Wizard/Source/PixelLab/masculine-light/selected/walk/west/frame_004.png using Guid(3a69ff0a640213c3644a40ed60250934) (TextureImporter) -> (artifact id: 'ebd0a3559235a0b2f0fd2ed1f837201b') in 0.0039771 seconds
Refreshing native plugins compatible for Editor in 1.99 ms, found 4 plugins.
Preloading 0 native plugins for Editor in 0.00 ms.
Asset Pipeline Refresh (id=769aa3a914895e948a37cc4eb9ccb9f5): Total: 0.022 seconds - Initiated by StopAssetImportingV2(NoUpdateAssetOptions)
Start importing Assets/NoSafeCircle/DoorPrototype/Art/Wizard/Source/PixelLab/masculine-light/selected/walk/west/frame_005.png using Guid(9a5d1644e38fcfc51966cfba42c3797c) (TextureImporter) -> (artifact id: '4c5730d53990b809a25c82a5eefd774a') in 0.0049836 seconds
Refreshing native plugins compatible for Editor in 2.18 ms, found 4 plugins.
Preloading 0 native plugins for Editor in 0.00 ms.
Asset Pipeline Refresh (id=16d97d49ad1867d419b8b666ee3056b0): Total: 0.021 seconds - Initiated by StopAssetImportingV2(NoUpdateAssetOptions)
Start importing Assets/NoSafeCircle/DoorPrototype/Art/Wizard/Source/PixelLab/masculine-light/selected/walk/west/frame_005.png using Guid(9a5d1644e38fcfc51966cfba42c3797c) (TextureImporter) -> (artifact id: '4c5730d53990b809a25c82a5eefd774a') in 0.0048797 seconds
Refreshing native plugins compatible for Editor in 2.31 ms, found 4 plugins.
Preloading 0 native plugins for Editor in 0.00 ms.
Asset Pipeline Refresh (id=859024a39e0878541b95ac1f92b7ab79): Total: 0.022 seconds - Initiated by StopAssetImportingV2(NoUpdateAssetOptions)
Start importing Assets/NoSafeCircle/DoorPrototype/Art/Wizard/Generated/Wizard_Masculine_White_walk_west.anim using Guid(2c593440929c9da4690ea44feb838fa5) (NativeFormatImporter) -> (artifact id: 'b5fa78633655eb28c7b7fcad434f0815') in 0.0020266 seconds
Refreshing native plugins compatible for Editor in 1.95 ms, found 4 plugins.
Preloading 0 native plugins for Editor in 0.00 ms.
Asset Pipeline Refresh (id=d074161ed7adb6f4aaff65be73b8f22b): Total: 0.018 seconds - Initiated by StopAssetImportingV2(NoUpdateAssetOptions)
Start importing Assets/NoSafeCircle/DoorPrototype/Art/Wizard/Source/PixelLab/masculine-light/selected/standing/north-west.png using Guid(90987ee35d8dc3942b6c07b1e7be561d) (TextureImporter) -> (artifact id: '936478f301bed31f876bed28e8f38b64') in 0.0052206 seconds
Refreshing native plugins compatible for Editor in 2.12 ms, found 4 plugins.
Preloading 0 native plugins for Editor in 0.00 ms.
Asset Pipeline Refresh (id=721036e62b2e5c44c862b875225c9f24): Total: 0.023 seconds - Initiated by StopAssetImportingV2(NoUpdateAssetOptions)
Start importing Assets/NoSafeCircle/DoorPrototype/Art/Wizard/Source/PixelLab/masculine-light/selected/standing/north-west.png using Guid(90987ee35d8dc3942b6c07b1e7be561d) (TextureImporter) -> (artifact id: '936478f301bed31f876bed28e8f38b64') in 0.005027 seconds
Refreshing native plugins compatible for Editor in 2.20 ms, found 4 plugins.
Preloading 0 native plugins for Editor in 0.00 ms.
Asset Pipeline Refresh (id=d45d01257b5928f449a7bae84e136557): Total: 0.025 seconds - Initiated by StopAssetImportingV2(NoUpdateAssetOptions)
Start importing Assets/NoSafeCircle/DoorPrototype/Art/Wizard/Generated/Wizard_Masculine_White_idle_north-west.anim using Guid(7652da59edab6324ea7b4b4a155a0f23) (NativeFormatImporter) -> (artifact id: 'ce27b6416f14268e491e9a4db222dbe0') in 0.002058 seconds
Refreshing native plugins compatible for Editor in 1.89 ms, found 4 plugins.
Preloading 0 native plugins for Editor in 0.00 ms.
Asset Pipeline Refresh (id=3966b95e981e7224780dcca9cc1c961a): Total: 0.018 seconds - Initiated by StopAssetImportingV2(NoUpdateAssetOptions)
Start importing Assets/NoSafeCircle/DoorPrototype/Art/Wizard/Source/PixelLab/masculine-light/selected/walk/north-west/frame_000.png using Guid(677b1a2b1ee5cdf478a4d802aaaeb8c9) (TextureImporter) -> (artifact id: 'cc16f980874a5033006e6bb3a4e2c672') in 0.0038811 seconds
Refreshing native plugins compatible for Editor in 3.25 ms, found 4 plugins.
Preloading 0 native plugins for Editor in 0.00 ms.
Asset Pipeline Refresh (id=fcbcf861d6f867f438f2ff4723220363): Total: 0.021 seconds - Initiated by StopAssetImportingV2(NoUpdateAssetOptions)
Start importing Assets/NoSafeCircle/DoorPrototype/Art/Wizard/Source/PixelLab/masculine-light/selected/walk/north-west/frame_000.png using Guid(677b1a2b1ee5cdf478a4d802aaaeb8c9) (TextureImporter) -> (artifact id: 'cc16f980874a5033006e6bb3a4e2c672') in 0.0036995 seconds
Refreshing native plugins compatible for Editor in 3.10 ms, found 4 plugins.
Preloading 0 native plugins for Editor in 0.00 ms.
Asset Pipeline Refresh (id=9d9f131ed7ccc494caf4db2f4eb8d1d5): Total: 0.020 seconds - Initiated by StopAssetImportingV2(NoUpdateAssetOptions)
Start importing Assets/NoSafeCircle/DoorPrototype/Art/Wizard/Source/PixelLab/masculine-light/selected/walk/north-west/frame_001.png using Guid(30043e147cb157e48b727d6a625138d1) (TextureImporter) -> (artifact id: '05e5be27b30cccf9c9bbcc20ff4187f6') in 0.0048275 seconds
Refreshing native plugins compatible for Editor in 1.89 ms, found 4 plugins.
Preloading 0 native plugins for Editor in 0.00 ms.
Asset Pipeline Refresh (id=6bb24cedbcfeca34abb0d63152c812bf): Total: 0.020 seconds - Initiated by StopAssetImportingV2(NoUpdateAssetOptions)
Start importing Assets/NoSafeCircle/DoorPrototype/Art/Wizard/Source/PixelLab/masculine-light/selected/walk/north-west/frame_001.png using Guid(30043e147cb157e48b727d6a625138d1) (TextureImporter) -> (artifact id: '05e5be27b30cccf9c9bbcc20ff4187f6') in 0.0046155 seconds
Refreshing native plugins compatible for Editor in 2.28 ms, found 4 plugins.
Preloading 0 native plugins for Editor in 0.00 ms.
Asset Pipeline Refresh (id=c194fc29f594a2849887df5d1270cb9a): Total: 0.022 seconds - Initiated by StopAssetImportingV2(NoUpdateAssetOptions)
Start importing Assets/NoSafeCircle/DoorPrototype/Art/Wizard/Source/PixelLab/masculine-light/selected/walk/north-west/frame_002.png using Guid(da876a2dd1ddfaf4784e8508e2b85b2d) (TextureImporter) -> (artifact id: '1eb79f1aa0eb8deb525a1eb379b001f4') in 0.0049564 seconds
Refreshing native plugins compatible for Editor in 2.05 ms, found 4 plugins.
Preloading 0 native plugins for Editor in 0.00 ms.
Asset Pipeline Refresh (id=31ba142eb782ec949a8e62c48f86ac36): Total: 0.021 seconds - Initiated by StopAssetImportingV2(NoUpdateAssetOptions)
Start importing Assets/NoSafeCircle/DoorPrototype/Art/Wizard/Source/PixelLab/masculine-light/selected/walk/north-west/frame_002.png using Guid(da876a2dd1ddfaf4784e8508e2b85b2d) (TextureImporter) -> (artifact id: '1eb79f1aa0eb8deb525a1eb379b001f4') in 0.0036407 seconds
Refreshing native plugins compatible for Editor in 2.76 ms, found 4 plugins.
Preloading 0 native plugins for Editor in 0.00 ms.
Asset Pipeline Refresh (id=3684dd7c5a471264f9400a321b617bb1): Total: 0.021 seconds - Initiated by StopAssetImportingV2(NoUpdateAssetOptions)
Start importing Assets/NoSafeCircle/DoorPrototype/Art/Wizard/Source/PixelLab/masculine-light/selected/walk/north-west/frame_003.png using Guid(cb165ba370e93d24faa19fb73c65d3a2) (TextureImporter) -> (artifact id: '2b0a4dd0b3604b5d6a87d4e4b16f2bd5') in 0.0047653 seconds
Refreshing native plugins compatible for Editor in 2.56 ms, found 4 plugins.
Preloading 0 native plugins for Editor in 0.00 ms.
Asset Pipeline Refresh (id=6f3dd35dc0369404d9f227cd5445a135): Total: 0.021 seconds - Initiated by StopAssetImportingV2(NoUpdateAssetOptions)
Start importing Assets/NoSafeCircle/DoorPrototype/Art/Wizard/Source/PixelLab/masculine-light/selected/walk/north-west/frame_003.png using Guid(cb165ba370e93d24faa19fb73c65d3a2) (TextureImporter) -> (artifact id: '2b0a4dd0b3604b5d6a87d4e4b16f2bd5') in 0.0036948 seconds
Refreshing native plugins compatible for Editor in 2.18 ms, found 4 plugins.
Preloading 0 native plugins for Editor in 0.00 ms.
Asset Pipeline Refresh (id=a5d7c79501433c447a5a5faa20b1c391): Total: 0.020 seconds - Initiated by StopAssetImportingV2(NoUpdateAssetOptions)
Start importing Assets/NoSafeCircle/DoorPrototype/Art/Wizard/Source/PixelLab/masculine-light/selected/walk/north-west/frame_004.png using Guid(955aecbdbcf09294f8ff3f95ba81899e) (TextureImporter) -> (artifact id: 'fc062a63e110c77d2f55121c77ca9711') in 0.0043897 seconds
Refreshing native plugins compatible for Editor in 2.28 ms, found 4 plugins.
Preloading 0 native plugins for Editor in 0.00 ms.
Asset Pipeline Refresh (id=f4e2fa77542f50848a3df5ccf440a7e7): Total: 0.021 seconds - Initiated by StopAssetImportingV2(NoUpdateAssetOptions)
Start importing Assets/NoSafeCircle/DoorPrototype/Art/Wizard/Source/PixelLab/masculine-light/selected/walk/north-west/frame_004.png using Guid(955aecbdbcf09294f8ff3f95ba81899e) (TextureImporter) -> (artifact id: 'fc062a63e110c77d2f55121c77ca9711') in 0.0041143 seconds
Refreshing native plugins compatible for Editor in 2.16 ms, found 4 plugins.
Preloading 0 native plugins for Editor in 0.00 ms.
Asset Pipeline Refresh (id=63f52364165457c479aea4bea456595a): Total: 0.020 seconds - Initiated by StopAssetImportingV2(NoUpdateAssetOptions)
Start importing Assets/NoSafeCircle/DoorPrototype/Art/Wizard/Source/PixelLab/masculine-light/selected/walk/north-west/frame_005.png using Guid(8ebb18bbc00d6374f9dfab5a847428c8) (TextureImporter) -> (artifact id: '18f1118577269af583895f67a501391e') in 0.0040102 seconds
Refreshing native plugins compatible for Editor in 2.79 ms, found 4 plugins.
Preloading 0 native plugins for Editor in 0.00 ms.
Asset Pipeline Refresh (id=f0f0996435ae2fe4c859a4509e00cf3e): Total: 0.020 seconds - Initiated by StopAssetImportingV2(NoUpdateAssetOptions)
Start importing Assets/NoSafeCircle/DoorPrototype/Art/Wizard/Source/PixelLab/masculine-light/selected/walk/north-west/frame_005.png using Guid(8ebb18bbc00d6374f9dfab5a847428c8) (TextureImporter) -> (artifact id: '18f1118577269af583895f67a501391e') in 0.0040508 seconds
Refreshing native plugins compatible for Editor in 2.07 ms, found 4 plugins.
Preloading 0 native plugins for Editor in 0.00 ms.
Asset Pipeline Refresh (id=ea4bf6f456857234586a94a09d678d2e): Total: 0.020 seconds - Initiated by StopAssetImportingV2(NoUpdateAssetOptions)
Start importing Assets/NoSafeCircle/DoorPrototype/Art/Wizard/Generated/Wizard_Masculine_White_walk_north-west.anim using Guid(9e420108d6d789c42829311a3496c981) (NativeFormatImporter) -> (artifact id: 'f34e4fd597a1bff633b2946854850c78') in 0.0019086 seconds
Refreshing native plugins compatible for Editor in 2.15 ms, found 4 plugins.
Preloading 0 native plugins for Editor in 0.00 ms.
Asset Pipeline Refresh (id=1a48e72a655f97944b637bcced562f46): Total: 0.020 seconds - Initiated by StopAssetImportingV2(NoUpdateAssetOptions)
Start importing Assets/NoSafeCircle/DoorPrototype/Art/Wizard/Source/PixelLab/masculine-dark/selected/standing/north.png using Guid(72f11a7679e395346ab124f06174e442) (TextureImporter) -> (artifact id: '70da063f657aff1db63217a637ab83ac') in 0.005457 seconds
Refreshing native plugins compatible for Editor in 2.21 ms, found 4 plugins.
Preloading 0 native plugins for Editor in 0.00 ms.
Asset Pipeline Refresh (id=4d2ca0651ba76bf4287a1c3f13592c14): Total: 0.022 seconds - Initiated by StopAssetImportingV2(NoUpdateAssetOptions)
Start importing Assets/NoSafeCircle/DoorPrototype/Art/Wizard/Source/PixelLab/masculine-dark/selected/standing/north.png using Guid(72f11a7679e395346ab124f06174e442) (TextureImporter) -> (artifact id: '70da063f657aff1db63217a637ab83ac') in 0.0040733 seconds
Refreshing native plugins compatible for Editor in 1.94 ms, found 4 plugins.
Preloading 0 native plugins for Editor in 0.00 ms.
Asset Pipeline Refresh (id=14af154073b2dfe46bf50d578e679c07): Total: 0.020 seconds - Initiated by StopAssetImportingV2(NoUpdateAssetOptions)
Start importing Assets/NoSafeCircle/DoorPrototype/Art/Wizard/Source/PixelLab/masculine-dark/selected/standing/north-east.png using Guid(6735524043016474aa7448c28d5f2ed0) (TextureImporter) -> (artifact id: 'f5c99ddaabf9faaf203cd15b18007110') in 0.0053679 seconds
Refreshing native plugins compatible for Editor in 2.01 ms, found 4 plugins.
Preloading 0 native plugins for Editor in 0.00 ms.
Asset Pipeline Refresh (id=ae0774d572e08814d8994c79420053a1): Total: 0.022 seconds - Initiated by StopAssetImportingV2(NoUpdateAssetOptions)
Start importing Assets/NoSafeCircle/DoorPrototype/Art/Wizard/Source/PixelLab/masculine-dark/selected/standing/north-east.png using Guid(6735524043016474aa7448c28d5f2ed0) (TextureImporter) -> (artifact id: 'f5c99ddaabf9faaf203cd15b18007110') in 0.0039958 seconds
Refreshing native plugins compatible for Editor in 2.07 ms, found 4 plugins.
Preloading 0 native plugins for Editor in 0.00 ms.
Asset Pipeline Refresh (id=116f0d342ae306b44a7da988f7edecad): Total: 0.022 seconds - Initiated by StopAssetImportingV2(NoUpdateAssetOptions)
Start importing Assets/NoSafeCircle/DoorPrototype/Art/Wizard/Source/PixelLab/masculine-dark/selected/standing/east.png using Guid(23c96c0551a1d5d41aba5a67067caf55) (TextureImporter) -> (artifact id: '8be7e17aaf3c7d7a4ccc79bfb73e5a5a') in 0.0039056 seconds
Refreshing native plugins compatible for Editor in 2.07 ms, found 4 plugins.
Preloading 0 native plugins for Editor in 0.00 ms.
Asset Pipeline Refresh (id=b654d57f0a98d554dbb8f8402c11b982): Total: 0.021 seconds - Initiated by StopAssetImportingV2(NoUpdateAssetOptions)
Start importing Assets/NoSafeCircle/DoorPrototype/Art/Wizard/Source/PixelLab/masculine-dark/selected/standing/east.png using Guid(23c96c0551a1d5d41aba5a67067caf55) (TextureImporter) -> (artifact id: '8be7e17aaf3c7d7a4ccc79bfb73e5a5a') in 0.0038427 seconds
Refreshing native plugins compatible for Editor in 2.62 ms, found 4 plugins.
Preloading 0 native plugins for Editor in 0.00 ms.
Asset Pipeline Refresh (id=ffad187f14351584c8b64cdf0671e8f4): Total: 0.020 seconds - Initiated by StopAssetImportingV2(NoUpdateAssetOptions)
Start importing Assets/NoSafeCircle/DoorPrototype/Art/Wizard/Source/PixelLab/masculine-dark/selected/standing/south-east.png using Guid(64d787ff2e602f6429731e96dfa9db4d) (TextureImporter) -> (artifact id: 'c4f537e47a5d7dc109882aa8871726f7') in 0.0041167 seconds
Refreshing native plugins compatible for Editor in 3.02 ms, found 4 plugins.
Preloading 0 native plugins for Editor in 0.00 ms.
Asset Pipeline Refresh (id=66caec8d94c62f548997aab18b3afee9): Total: 0.022 seconds - Initiated by StopAssetImportingV2(NoUpdateAssetOptions)
Start importing Assets/NoSafeCircle/DoorPrototype/Art/Wizard/Source/PixelLab/masculine-dark/selected/standing/south-east.png using Guid(64d787ff2e602f6429731e96dfa9db4d) (TextureImporter) -> (artifact id: 'c4f537e47a5d7dc109882aa8871726f7') in 0.0041165 seconds
Refreshing native plugins compatible for Editor in 2.14 ms, found 4 plugins.
Preloading 0 native plugins for Editor in 0.00 ms.
Asset Pipeline Refresh (id=f313cabb0110d184b9e71df2723076b2): Total: 0.022 seconds - Initiated by StopAssetImportingV2(NoUpdateAssetOptions)
Start importing Assets/NoSafeCircle/DoorPrototype/Art/Wizard/Source/PixelLab/masculine-dark/selected/standing/south.png using Guid(e4176867d0e8e284d9cc11f06e1338df) (TextureImporter) -> (artifact id: '304b0fcfe56d81fab628df5211f0f7e1') in 0.004189 seconds
Refreshing native plugins compatible for Editor in 2.70 ms, found 4 plugins.
Preloading 0 native plugins for Editor in 0.00 ms.
Asset Pipeline Refresh (id=05d3c89e7572f9344a1f7d41978d0b26): Total: 0.020 seconds - Initiated by StopAssetImportingV2(NoUpdateAssetOptions)
Start importing Assets/NoSafeCircle/DoorPrototype/Art/Wizard/Source/PixelLab/masculine-dark/selected/standing/south.png using Guid(e4176867d0e8e284d9cc11f06e1338df) (TextureImporter) -> (artifact id: '304b0fcfe56d81fab628df5211f0f7e1') in 0.0038451 seconds
Refreshing native plugins compatible for Editor in 2.15 ms, found 4 plugins.
Preloading 0 native plugins for Editor in 0.00 ms.
Asset Pipeline Refresh (id=9fc8bbd3b29d0e74d872565e96ef42ce): Total: 0.021 seconds - Initiated by StopAssetImportingV2(NoUpdateAssetOptions)
Start importing Assets/NoSafeCircle/DoorPrototype/Art/Wizard/Source/PixelLab/masculine-dark/selected/standing/south-west.png using Guid(9beca6eb733e13b47adf2a5ef994fc16) (TextureImporter) -> (artifact id: 'f535571f993a89e9404f7172871e0f78') in 0.0046494 seconds
Refreshing native plugins compatible for Editor in 2.54 ms, found 4 plugins.
Preloading 0 native plugins for Editor in 0.00 ms.
Asset Pipeline Refresh (id=a167f1ccc2989b641aa83885ced7e893): Total: 0.022 seconds - Initiated by StopAssetImportingV2(NoUpdateAssetOptions)
Start importing Assets/NoSafeCircle/DoorPrototype/Art/Wizard/Source/PixelLab/masculine-dark/selected/standing/south-west.png using Guid(9beca6eb733e13b47adf2a5ef994fc16) (TextureImporter) -> (artifact id: 'f535571f993a89e9404f7172871e0f78') in 0.003493 seconds
Refreshing native plugins compatible for Editor in 1.97 ms, found 4 plugins.
Preloading 0 native plugins for Editor in 0.00 ms.
Asset Pipeline Refresh (id=e783283883eaa3147b2a52c82055228f): Total: 0.020 seconds - Initiated by StopAssetImportingV2(NoUpdateAssetOptions)
Start importing Assets/NoSafeCircle/DoorPrototype/Art/Wizard/Source/PixelLab/masculine-dark/selected/standing/west.png using Guid(73a6621521f4b884db960ca03998e8fe) (TextureImporter) -> (artifact id: '7adf28fff782a222e54fa235543ff0b0') in 0.0038067 seconds
Refreshing native plugins compatible for Editor in 1.96 ms, found 4 plugins.
Preloading 0 native plugins for Editor in 0.00 ms.
Asset Pipeline Refresh (id=a460ee0592671024c8649f01b9705aef): Total: 0.019 seconds - Initiated by StopAssetImportingV2(NoUpdateAssetOptions)
Start importing Assets/NoSafeCircle/DoorPrototype/Art/Wizard/Source/PixelLab/masculine-dark/selected/standing/west.png using Guid(73a6621521f4b884db960ca03998e8fe) (TextureImporter) -> (artifact id: '7adf28fff782a222e54fa235543ff0b0') in 0.0038999 seconds
Refreshing native plugins compatible for Editor in 5.69 ms, found 4 plugins.
Preloading 0 native plugins for Editor in 0.00 ms.
Asset Pipeline Refresh (id=b6beb5ebcbb2e274bb9e26e2c47eedaa): Total: 0.024 seconds - Initiated by StopAssetImportingV2(NoUpdateAssetOptions)
Start importing Assets/NoSafeCircle/DoorPrototype/Art/Wizard/Source/PixelLab/masculine-dark/selected/standing/north-west.png using Guid(e75263b3690bab04b8176ae917d18d88) (TextureImporter) -> (artifact id: '0535b61d9380e4f2bc865a11da9ebc76') in 0.0056207 seconds
Refreshing native plugins compatible for Editor in 1.90 ms, found 4 plugins.
Preloading 0 native plugins for Editor in 0.00 ms.
Asset Pipeline Refresh (id=f09c066813e4b9c45985bde77d5ea50a): Total: 0.022 seconds - Initiated by StopAssetImportingV2(NoUpdateAssetOptions)
Start importing Assets/NoSafeCircle/DoorPrototype/Art/Wizard/Source/PixelLab/masculine-dark/selected/standing/north-west.png using Guid(e75263b3690bab04b8176ae917d18d88) (TextureImporter) -> (artifact id: '0535b61d9380e4f2bc865a11da9ebc76') in 0.003945 seconds
Refreshing native plugins compatible for Editor in 2.11 ms, found 4 plugins.
Preloading 0 native plugins for Editor in 0.00 ms.
Asset Pipeline Refresh (id=4dce67941cb00ab42b8b7ecee7bdf64b): Total: 0.022 seconds - Initiated by StopAssetImportingV2(NoUpdateAssetOptions)
Start importing Assets/NoSafeCircle/DoorPrototype/Art/Wizard/Source/PixelLab/masculine-dark/selected/standing/north.png using Guid(72f11a7679e395346ab124f06174e442) (TextureImporter) -> (artifact id: '70da063f657aff1db63217a637ab83ac') in 0.0066442 seconds
Refreshing native plugins compatible for Editor in 3.35 ms, found 4 plugins.
Preloading 0 native plugins for Editor in 0.00 ms.
Asset Pipeline Refresh (id=e19d2b759bb573e43b3dfade21c807e4): Total: 0.029 seconds - Initiated by StopAssetImportingV2(NoUpdateAssetOptions)
Start importing Assets/NoSafeCircle/DoorPrototype/Art/Wizard/Source/PixelLab/masculine-dark/selected/standing/north.png using Guid(72f11a7679e395346ab124f06174e442) (TextureImporter) -> (artifact id: '70da063f657aff1db63217a637ab83ac') in 0.0063652 seconds
Refreshing native plugins compatible for Editor in 2.90 ms, found 4 plugins.
Preloading 0 native plugins for Editor in 0.00 ms.
Asset Pipeline Refresh (id=802dd10058cc1f14d8a65508978e07ae): Total: 0.029 seconds - Initiated by StopAssetImportingV2(NoUpdateAssetOptions)
Start importing Assets/NoSafeCircle/DoorPrototype/Art/Wizard/Generated/Wizard_Masculine_Black_idle_north.anim using Guid(683bbd32ba5874a4f9b06b392297e801) (NativeFormatImporter) -> (artifact id: 'b05a6950f33e81cb9e3beaa5ff91cd24') in 0.0021705 seconds
Refreshing native plugins compatible for Editor in 2.12 ms, found 4 plugins.
Preloading 0 native plugins for Editor in 0.00 ms.
Asset Pipeline Refresh (id=1a3449b835ec12644b732367e99751b3): Total: 0.020 seconds - Initiated by StopAssetImportingV2(NoUpdateAssetOptions)
Start importing Assets/NoSafeCircle/DoorPrototype/Art/Wizard/Source/PixelLab/masculine-dark/selected/walk/north/frame_000.png using Guid(6a3bbb844579377da96602a46b5588a7) (TextureImporter) -> (artifact id: 'c1bdc84c04188c64c7aecad0ef289dd0') in 0.0038169 seconds
Refreshing native plugins compatible for Editor in 1.97 ms, found 4 plugins.
Preloading 0 native plugins for Editor in 0.00 ms.
Asset Pipeline Refresh (id=de1c69a2b1bfee04fbcf81940609e29f): Total: 0.018 seconds - Initiated by StopAssetImportingV2(NoUpdateAssetOptions)
Start importing Assets/NoSafeCircle/DoorPrototype/Art/Wizard/Source/PixelLab/masculine-dark/selected/walk/north/frame_000.png using Guid(6a3bbb844579377da96602a46b5588a7) (TextureImporter) -> (artifact id: 'c1bdc84c04188c64c7aecad0ef289dd0') in 0.0037141 seconds
Refreshing native plugins compatible for Editor in 2.18 ms, found 4 plugins.
Preloading 0 native plugins for Editor in 0.00 ms.
Asset Pipeline Refresh (id=8ad9a5d7c852c3f46a0619b503012151): Total: 0.023 seconds - Initiated by StopAssetImportingV2(NoUpdateAssetOptions)
Start importing Assets/NoSafeCircle/DoorPrototype/Art/Wizard/Source/PixelLab/masculine-dark/selected/walk/north/frame_001.png using Guid(95705046e869e5860fba582291172320) (TextureImporter) -> (artifact id: '8f589dd42129e00c7e8c7cca26c72e9a') in 0.0041943 seconds
Refreshing native plugins compatible for Editor in 2.32 ms, found 4 plugins.
Preloading 0 native plugins for Editor in 0.00 ms.
Asset Pipeline Refresh (id=986d4dd79f8a2af47a3ea07b0a2a9e80): Total: 0.022 seconds - Initiated by StopAssetImportingV2(NoUpdateAssetOptions)
Start importing Assets/NoSafeCircle/DoorPrototype/Art/Wizard/Source/PixelLab/masculine-dark/selected/walk/north/frame_001.png using Guid(95705046e869e5860fba582291172320) (TextureImporter) -> (artifact id: '8f589dd42129e00c7e8c7cca26c72e9a') in 0.0040623 seconds
Refreshing native plugins compatible for Editor in 2.05 ms, found 4 plugins.
Preloading 0 native plugins for Editor in 0.00 ms.
Asset Pipeline Refresh (id=fdf06e11756a4974f822f02d1184d84a): Total: 0.021 seconds - Initiated by StopAssetImportingV2(NoUpdateAssetOptions)
Start importing Assets/NoSafeCircle/DoorPrototype/Art/Wizard/Source/PixelLab/masculine-dark/selected/walk/north/frame_002.png using Guid(77871f0448f876e87b236c0896909c77) (TextureImporter) -> (artifact id: '7357071d20808be3f33b304529729b4b') in 0.0039243 seconds
Refreshing native plugins compatible for Editor in 2.17 ms, found 4 plugins.
Preloading 0 native plugins for Editor in 0.00 ms.
Asset Pipeline Refresh (id=b34f8e47a18eb9342894761ae54e8125): Total: 0.019 seconds - Initiated by StopAssetImportingV2(NoUpdateAssetOptions)
Start importing Assets/NoSafeCircle/DoorPrototype/Art/Wizard/Source/PixelLab/masculine-dark/selected/walk/north/frame_002.png using Guid(77871f0448f876e87b236c0896909c77) (TextureImporter) -> (artifact id: '7357071d20808be3f33b304529729b4b') in 0.0051015 seconds
Refreshing native plugins compatible for Editor in 3.16 ms, found 4 plugins.
Preloading 0 native plugins for Editor in 0.00 ms.
Asset Pipeline Refresh (id=4a848496c3a78414eae49701440689e5): Total: 0.025 seconds - Initiated by StopAssetImportingV2(NoUpdateAssetOptions)
Start importing Assets/NoSafeCircle/DoorPrototype/Art/Wizard/Source/PixelLab/masculine-dark/selected/walk/north/frame_003.png using Guid(d8c2cf21cabc006295d8de2f667b51c9) (TextureImporter) -> (artifact id: 'c55def55d82437c6221c90e3c350ccff') in 0.0048658 seconds
Refreshing native plugins compatible for Editor in 2.98 ms, found 4 plugins.
Preloading 0 native plugins for Editor in 0.00 ms.
Asset Pipeline Refresh (id=ad65a5fc58d16cb459f30267b3112d9e): Total: 0.024 seconds - Initiated by StopAssetImportingV2(NoUpdateAssetOptions)
Start importing Assets/NoSafeCircle/DoorPrototype/Art/Wizard/Source/PixelLab/masculine-dark/selected/walk/north/frame_003.png using Guid(d8c2cf21cabc006295d8de2f667b51c9) (TextureImporter) -> (artifact id: 'c55def55d82437c6221c90e3c350ccff') in 0.005579 seconds
Refreshing native plugins compatible for Editor in 3.29 ms, found 4 plugins.
Preloading 0 native plugins for Editor in 0.00 ms.
Asset Pipeline Refresh (id=4d28edb48bc75ec459431eef6b710563): Total: 0.028 seconds - Initiated by StopAssetImportingV2(NoUpdateAssetOptions)
Start importing Assets/NoSafeCircle/DoorPrototype/Art/Wizard/Source/PixelLab/masculine-dark/selected/walk/north/frame_004.png using Guid(38172d193e0363be0faee65153a02786) (TextureImporter) -> (artifact id: 'bab9a8e865f93aca9072fbf81ac1f5a4') in 0.0067248 seconds
Refreshing native plugins compatible for Editor in 4.60 ms, found 4 plugins.
Preloading 0 native plugins for Editor in 0.00 ms.
Asset Pipeline Refresh (id=51b721f5a2ccf8d40a541be17282511a): Total: 0.035 seconds - Initiated by StopAssetImportingV2(NoUpdateAssetOptions)
Start importing Assets/NoSafeCircle/DoorPrototype/Art/Wizard/Source/PixelLab/masculine-dark/selected/walk/north/frame_004.png using Guid(38172d193e0363be0faee65153a02786) (TextureImporter) -> (artifact id: 'bab9a8e865f93aca9072fbf81ac1f5a4') in 0.0055057 seconds
Refreshing native plugins compatible for Editor in 2.89 ms, found 4 plugins.
Preloading 0 native plugins for Editor in 0.00 ms.
Asset Pipeline Refresh (id=22b4074045c3c4a4f86be2ccff7ddd0a): Total: 0.031 seconds - Initiated by StopAssetImportingV2(NoUpdateAssetOptions)
Start importing Assets/NoSafeCircle/DoorPrototype/Art/Wizard/Source/PixelLab/masculine-dark/selected/walk/north/frame_005.png using Guid(ff7984ab1e399b9c62eadb536de94164) (TextureImporter) -> (artifact id: 'd875ef199cbd70726cd39d45b1a42b17') in 0.0060349 seconds
Refreshing native plugins compatible for Editor in 2.45 ms, found 4 plugins.
Preloading 0 native plugins for Editor in 0.00 ms.
Asset Pipeline Refresh (id=23aa4bb8e1b4972409518a7a927d7217): Total: 0.032 seconds - Initiated by StopAssetImportingV2(NoUpdateAssetOptions)
Start importing Assets/NoSafeCircle/DoorPrototype/Art/Wizard/Source/PixelLab/masculine-dark/selected/walk/north/frame_005.png using Guid(ff7984ab1e399b9c62eadb536de94164) (TextureImporter) -> (artifact id: 'd875ef199cbd70726cd39d45b1a42b17') in 0.0053156 seconds
Refreshing native plugins compatible for Editor in 2.78 ms, found 4 plugins.
Preloading 0 native plugins for Editor in 0.00 ms.
Asset Pipeline Refresh (id=9cdb02fb4bf580e47876316bf6f4269c): Total: 0.026 seconds - Initiated by StopAssetImportingV2(NoUpdateAssetOptions)
Start importing Assets/NoSafeCircle/DoorPrototype/Art/Wizard/Generated/Wizard_Masculine_Black_walk_north.anim using Guid(631dafa328e2a9c4dbfc13279528c926) (NativeFormatImporter) -> (artifact id: 'd8f763a60850eea70801641c4dff5c29') in 0.002572 seconds
Refreshing native plugins compatible for Editor in 2.34 ms, found 4 plugins.
Preloading 0 native plugins for Editor in 0.00 ms.
Asset Pipeline Refresh (id=27e4f72c9f3f703469bc9576ff82b644): Total: 0.025 seconds - Initiated by StopAssetImportingV2(NoUpdateAssetOptions)
Start importing Assets/NoSafeCircle/DoorPrototype/Art/Wizard/Source/PixelLab/masculine-dark/selected/standing/north-east.png using Guid(6735524043016474aa7448c28d5f2ed0) (TextureImporter) -> (artifact id: 'f5c99ddaabf9faaf203cd15b18007110') in 0.0089696 seconds
Refreshing native plugins compatible for Editor in 3.10 ms, found 4 plugins.
Preloading 0 native plugins for Editor in 0.00 ms.
Asset Pipeline Refresh (id=962b3303154d1b04c84edefda9374fce): Total: 0.043 seconds - Initiated by StopAssetImportingV2(NoUpdateAssetOptions)
Start importing Assets/NoSafeCircle/DoorPrototype/Art/Wizard/Source/PixelLab/masculine-dark/selected/standing/north-east.png using Guid(6735524043016474aa7448c28d5f2ed0) (TextureImporter) -> (artifact id: 'f5c99ddaabf9faaf203cd15b18007110') in 0.0067896 seconds
Refreshing native plugins compatible for Editor in 4.70 ms, found 4 plugins.
Preloading 0 native plugins for Editor in 0.00 ms.
Asset Pipeline Refresh (id=2f73078cc36e6e44f91d20fb65144401): Total: 0.039 seconds - Initiated by StopAssetImportingV2(NoUpdateAssetOptions)
Start importing Assets/NoSafeCircle/DoorPrototype/Art/Wizard/Generated/Wizard_Masculine_Black_idle_north-east.anim using Guid(ee4ee09f1862ff143b0c7acc9bc465fb) (NativeFormatImporter) -> (artifact id: 'c0cc517b4168dcf52ef4f7b1a8de6582') in 0.0036763 seconds
Refreshing native plugins compatible for Editor in 4.71 ms, found 4 plugins.
Preloading 0 native plugins for Editor in 0.00 ms.
Asset Pipeline Refresh (id=fa1bc65796c76fc4287c9417cacfb466): Total: 0.035 seconds - Initiated by StopAssetImportingV2(NoUpdateAssetOptions)
Start importing Assets/NoSafeCircle/DoorPrototype/Art/Wizard/Source/PixelLab/masculine-dark/selected/walk/north-east/frame_000.png using Guid(d18508177a5df8945802a980a3a39443) (TextureImporter) -> (artifact id: '97e0fee8b69302ff38b043da0959ba60') in 0.0087552 seconds
Refreshing native plugins compatible for Editor in 4.35 ms, found 4 plugins.
Preloading 0 native plugins for Editor in 0.00 ms.
Asset Pipeline Refresh (id=1ddcb38b9bb290741b4da3280016e77b): Total: 0.041 seconds - Initiated by StopAssetImportingV2(NoUpdateAssetOptions)
Start importing Assets/NoSafeCircle/DoorPrototype/Art/Wizard/Source/PixelLab/masculine-dark/selected/walk/north-east/frame_000.png using Guid(d18508177a5df8945802a980a3a39443) (TextureImporter) -> (artifact id: '97e0fee8b69302ff38b043da0959ba60') in 0.0044695 seconds
Refreshing native plugins compatible for Editor in 2.22 ms, found 4 plugins.
Preloading 0 native plugins for Editor in 0.00 ms.
Asset Pipeline Refresh (id=1f3e4c6aa5e885247bdfb541442df293): Total: 0.027 seconds - Initiated by StopAssetImportingV2(NoUpdateAssetOptions)
Start importing Assets/NoSafeCircle/DoorPrototype/Art/Wizard/Source/PixelLab/masculine-dark/selected/walk/north-east/frame_001.png using Guid(0826798e86f0dda4b942b7af1afdf792) (TextureImporter) -> (artifact id: 'f3066f3a81ed923dfb30240230af63ed') in 0.0051265 seconds
Refreshing native plugins compatible for Editor in 2.25 ms, found 4 plugins.
Preloading 0 native plugins for Editor in 0.00 ms.
Asset Pipeline Refresh (id=26619fba92acdfc40bbf20d5526792d4): Total: 0.026 seconds - Initiated by StopAssetImportingV2(NoUpdateAssetOptions)
Start importing Assets/NoSafeCircle/DoorPrototype/Art/Wizard/Source/PixelLab/masculine-dark/selected/walk/north-east/frame_001.png using Guid(0826798e86f0dda4b942b7af1afdf792) (TextureImporter) -> (artifact id: 'f3066f3a81ed923dfb30240230af63ed') in 0.0039276 seconds
Refreshing native plugins compatible for Editor in 2.19 ms, found 4 plugins.
Preloading 0 native plugins for Editor in 0.00 ms.
Asset Pipeline Refresh (id=391595dbb26b61643915c4342388382d): Total: 0.022 seconds - Initiated by StopAssetImportingV2(NoUpdateAssetOptions)
Start importing Assets/NoSafeCircle/DoorPrototype/Art/Wizard/Source/PixelLab/masculine-dark/selected/walk/north-east/frame_002.png using Guid(c7b9af4f539ff884cb9b7506b2656bf3) (TextureImporter) -> (artifact id: '51b114470f6bcdd71d2e8a846b68d052') in 0.0059178 seconds
Refreshing native plugins compatible for Editor in 2.01 ms, found 4 plugins.
Preloading 0 native plugins for Editor in 0.00 ms.
Asset Pipeline Refresh (id=c9dc8c178ebcee54b8611477477b8d3a): Total: 0.027 seconds - Initiated by StopAssetImportingV2(NoUpdateAssetOptions)
Start importing Assets/NoSafeCircle/DoorPrototype/Art/Wizard/Source/PixelLab/masculine-dark/selected/walk/north-east/frame_002.png using Guid(c7b9af4f539ff884cb9b7506b2656bf3) (TextureImporter) -> (artifact id: '51b114470f6bcdd71d2e8a846b68d052') in 0.0050668 seconds
Refreshing native plugins compatible for Editor in 3.45 ms, found 4 plugins.
Preloading 0 native plugins for Editor in 0.00 ms.
Asset Pipeline Refresh (id=84f5d0b46f4775343bb000647a25d569): Total: 0.025 seconds - Initiated by StopAssetImportingV2(NoUpdateAssetOptions)
Start importing Assets/NoSafeCircle/DoorPrototype/Art/Wizard/Source/PixelLab/masculine-dark/selected/walk/north-east/frame_003.png using Guid(39854119ecb0c1041bb4e73b9d3a0b02) (TextureImporter) -> (artifact id: '580e5ae66b20fcd98f10eaee9e751405') in 0.0054019 seconds
Refreshing native plugins compatible for Editor in 2.29 ms, found 4 plugins.
Preloading 0 native plugins for Editor in 0.00 ms.
Asset Pipeline Refresh (id=c65ee6a27b8884e4daa242e8bc58967a): Total: 0.021 seconds - Initiated by StopAssetImportingV2(NoUpdateAssetOptions)
Start importing Assets/NoSafeCircle/DoorPrototype/Art/Wizard/Source/PixelLab/masculine-dark/selected/walk/north-east/frame_003.png using Guid(39854119ecb0c1041bb4e73b9d3a0b02) (TextureImporter) -> (artifact id: '580e5ae66b20fcd98f10eaee9e751405') in 0.0039373 seconds
Refreshing native plugins compatible for Editor in 2.07 ms, found 4 plugins.
Preloading 0 native plugins for Editor in 0.00 ms.
Asset Pipeline Refresh (id=ab2914640fee22148a1d7a631b06a915): Total: 0.026 seconds - Initiated by StopAssetImportingV2(NoUpdateAssetOptions)
Start importing Assets/NoSafeCircle/DoorPrototype/Art/Wizard/Source/PixelLab/masculine-dark/selected/walk/north-east/frame_004.png using Guid(41b4dfae49e90d74fb4b4db60ffd8869) (TextureImporter) -> (artifact id: 'f2ecc5a75ed0fe7366cc4184abed2561') in 0.004643 seconds
Refreshing native plugins compatible for Editor in 2.22 ms, found 4 plugins.
Preloading 0 native plugins for Editor in 0.00 ms.
Asset Pipeline Refresh (id=ddd5bf408c1b85e48b33452b869fbdaa): Total: 0.021 seconds - Initiated by StopAssetImportingV2(NoUpdateAssetOptions)
Start importing Assets/NoSafeCircle/DoorPrototype/Art/Wizard/Source/PixelLab/masculine-dark/selected/walk/north-east/frame_004.png using Guid(41b4dfae49e90d74fb4b4db60ffd8869) (TextureImporter) -> (artifact id: 'f2ecc5a75ed0fe7366cc4184abed2561') in 0.0049792 seconds
Refreshing native plugins compatible for Editor in 2.33 ms, found 4 plugins.
Preloading 0 native plugins for Editor in 0.00 ms.
Asset Pipeline Refresh (id=2b145dd5295546c419e07383452b0887): Total: 0.022 seconds - Initiated by StopAssetImportingV2(NoUpdateAssetOptions)
Start importing Assets/NoSafeCircle/DoorPrototype/Art/Wizard/Source/PixelLab/masculine-dark/selected/walk/north-east/frame_005.png using Guid(d6dfb9c438a72c0429ebba391e201ec5) (TextureImporter) -> (artifact id: '62e97aabe7d90a77e18e82a1cdd57aa6') in 0.0045885 seconds
Refreshing native plugins compatible for Editor in 2.20 ms, found 4 plugins.
Preloading 0 native plugins for Editor in 0.00 ms.
Asset Pipeline Refresh (id=45b9fe59dcebe5f46bbc2e455fb6d25f): Total: 0.022 seconds - Initiated by StopAssetImportingV2(NoUpdateAssetOptions)
Start importing Assets/NoSafeCircle/DoorPrototype/Art/Wizard/Source/PixelLab/masculine-dark/selected/walk/north-east/frame_005.png using Guid(d6dfb9c438a72c0429ebba391e201ec5) (TextureImporter) -> (artifact id: '62e97aabe7d90a77e18e82a1cdd57aa6') in 0.0041152 seconds
Refreshing native plugins compatible for Editor in 2.43 ms, found 4 plugins.
Preloading 0 native plugins for Editor in 0.00 ms.
Asset Pipeline Refresh (id=28b2303cdff6aa64c961937958507f55): Total: 0.020 seconds - Initiated by StopAssetImportingV2(NoUpdateAssetOptions)
Start importing Assets/NoSafeCircle/DoorPrototype/Art/Wizard/Generated/Wizard_Masculine_Black_walk_north-east.anim using Guid(2a7e815becc7a98438a2be5a2def5b1f) (NativeFormatImporter) -> (artifact id: 'cd6ea1d0f98508c0ed703852c6fe8ba9') in 0.0020308 seconds
Refreshing native plugins compatible for Editor in 2.22 ms, found 4 plugins.
Preloading 0 native plugins for Editor in 0.00 ms.
Asset Pipeline Refresh (id=9593d0b39aae22149a501921c51d424b): Total: 0.017 seconds - Initiated by StopAssetImportingV2(NoUpdateAssetOptions)
Start importing Assets/NoSafeCircle/DoorPrototype/Art/Wizard/Source/PixelLab/masculine-dark/selected/standing/east.png using Guid(23c96c0551a1d5d41aba5a67067caf55) (TextureImporter) -> (artifact id: '8be7e17aaf3c7d7a4ccc79bfb73e5a5a') in 0.0052567 seconds
Refreshing native plugins compatible for Editor in 2.16 ms, found 4 plugins.
Preloading 0 native plugins for Editor in 0.00 ms.
Asset Pipeline Refresh (id=459e319b3ce25ef48ba267c5caff64d3): Total: 0.024 seconds - Initiated by StopAssetImportingV2(NoUpdateAssetOptions)
Start importing Assets/NoSafeCircle/DoorPrototype/Art/Wizard/Source/PixelLab/masculine-dark/selected/standing/east.png using Guid(23c96c0551a1d5d41aba5a67067caf55) (TextureImporter) -> (artifact id: '8be7e17aaf3c7d7a4ccc79bfb73e5a5a') in 0.006147 seconds
Refreshing native plugins compatible for Editor in 2.19 ms, found 4 plugins.
Preloading 0 native plugins for Editor in 0.00 ms.
Asset Pipeline Refresh (id=67bb8cd3be480044687042b963a36618): Total: 0.028 seconds - Initiated by StopAssetImportingV2(NoUpdateAssetOptions)
Start importing Assets/NoSafeCircle/DoorPrototype/Art/Wizard/Generated/Wizard_Masculine_Black_idle_east.anim using Guid(c9c0dcf08d9389145948d37bd041600e) (NativeFormatImporter) -> (artifact id: '863a674e750bbc11d9fe398ff98faf6b') in 0.0027768 seconds
Refreshing native plugins compatible for Editor in 2.19 ms, found 4 plugins.
Preloading 0 native plugins for Editor in 0.00 ms.
Asset Pipeline Refresh (id=fa16a50a87366214784720d3727439dc): Total: 0.018 seconds - Initiated by StopAssetImportingV2(NoUpdateAssetOptions)
Start importing Assets/NoSafeCircle/DoorPrototype/Art/Wizard/Source/PixelLab/masculine-dark/selected/walk/east/frame_000.png using Guid(270880e4f023510773eb505c7776ba8a) (TextureImporter) -> (artifact id: '0c0a7d0ce1c199bd3248f9c26b60bb91') in 0.0038899 seconds
Refreshing native plugins compatible for Editor in 1.89 ms, found 4 plugins.
Preloading 0 native plugins for Editor in 0.00 ms.
Asset Pipeline Refresh (id=9cfe9041d8d99a145b141a803feebd39): Total: 0.021 seconds - Initiated by StopAssetImportingV2(NoUpdateAssetOptions)
Start importing Assets/NoSafeCircle/DoorPrototype/Art/Wizard/Source/PixelLab/masculine-dark/selected/walk/east/frame_000.png using Guid(270880e4f023510773eb505c7776ba8a) (TextureImporter) -> (artifact id: '0c0a7d0ce1c199bd3248f9c26b60bb91') in 0.0041777 seconds
Refreshing native plugins compatible for Editor in 1.88 ms, found 4 plugins.
Preloading 0 native plugins for Editor in 0.00 ms.
Asset Pipeline Refresh (id=55d57a17623b7534eb031fcf90de480a): Total: 0.020 seconds - Initiated by StopAssetImportingV2(NoUpdateAssetOptions)
Start importing Assets/NoSafeCircle/DoorPrototype/Art/Wizard/Source/PixelLab/masculine-dark/selected/walk/east/frame_001.png using Guid(7f64c7a4d4737e80a1f30a7ff0b204c3) (TextureImporter) -> (artifact id: '82d81adb0f0cb40eff1e464c51805042') in 0.003901 seconds
Refreshing native plugins compatible for Editor in 2.05 ms, found 4 plugins.
Preloading 0 native plugins for Editor in 0.00 ms.
Asset Pipeline Refresh (id=f4eb439c4ffe94a4abfce6c1377615cd): Total: 0.020 seconds - Initiated by StopAssetImportingV2(NoUpdateAssetOptions)
Start importing Assets/NoSafeCircle/DoorPrototype/Art/Wizard/Source/PixelLab/masculine-dark/selected/walk/east/frame_001.png using Guid(7f64c7a4d4737e80a1f30a7ff0b204c3) (TextureImporter) -> (artifact id: '82d81adb0f0cb40eff1e464c51805042') in 0.0035452 seconds
Refreshing native plugins compatible for Editor in 1.94 ms, found 4 plugins.
Preloading 0 native plugins for Editor in 0.00 ms.
Asset Pipeline Refresh (id=45bf24046213b6a418c5b4d1b3c0b97d): Total: 0.019 seconds - Initiated by StopAssetImportingV2(NoUpdateAssetOptions)
Start importing Assets/NoSafeCircle/DoorPrototype/Art/Wizard/Source/PixelLab/masculine-dark/selected/walk/east/frame_002.png using Guid(bfeb63adea4ec5ea230708fceebde858) (TextureImporter) -> (artifact id: 'df76784b2d4c73f665b1deb96ccf5e21') in 0.0040888 seconds
Refreshing native plugins compatible for Editor in 3.29 ms, found 4 plugins.
Preloading 0 native plugins for Editor in 0.00 ms.
Asset Pipeline Refresh (id=b982dfb72a64f1c48b67c101da596655): Total: 0.020 seconds - Initiated by StopAssetImportingV2(NoUpdateAssetOptions)
Start importing Assets/NoSafeCircle/DoorPrototype/Art/Wizard/Source/PixelLab/masculine-dark/selected/walk/east/frame_002.png using Guid(bfeb63adea4ec5ea230708fceebde858) (TextureImporter) -> (artifact id: 'df76784b2d4c73f665b1deb96ccf5e21') in 0.0035364 seconds
Refreshing native plugins compatible for Editor in 1.91 ms, found 4 plugins.
Preloading 0 native plugins for Editor in 0.00 ms.
Asset Pipeline Refresh (id=86fb48f0487fd4d40ab69fb01e6d0552): Total: 0.019 seconds - Initiated by StopAssetImportingV2(NoUpdateAssetOptions)
Start importing Assets/NoSafeCircle/DoorPrototype/Art/Wizard/Source/PixelLab/masculine-dark/selected/walk/east/frame_003.png using Guid(cb02cfafb49fe3d83478ecb0521de5a0) (TextureImporter) -> (artifact id: 'ee118037600673ca8368c049336373f1') in 0.0040966 seconds
Refreshing native plugins compatible for Editor in 1.94 ms, found 4 plugins.
Preloading 0 native plugins for Editor in 0.00 ms.
Asset Pipeline Refresh (id=9ff53cd69d3deb745baf4f6e06053a9a): Total: 0.019 seconds - Initiated by StopAssetImportingV2(NoUpdateAssetOptions)
Start importing Assets/NoSafeCircle/DoorPrototype/Art/Wizard/Source/PixelLab/masculine-dark/selected/walk/east/frame_003.png using Guid(cb02cfafb49fe3d83478ecb0521de5a0) (TextureImporter) -> (artifact id: 'ee118037600673ca8368c049336373f1') in 0.0038135 seconds
Refreshing native plugins compatible for Editor in 2.21 ms, found 4 plugins.
Preloading 0 native plugins for Editor in 0.00 ms.
Asset Pipeline Refresh (id=164aed893895ba54e897731f154ff41a): Total: 0.019 seconds - Initiated by StopAssetImportingV2(NoUpdateAssetOptions)
Start importing Assets/NoSafeCircle/DoorPrototype/Art/Wizard/Source/PixelLab/masculine-dark/selected/walk/east/frame_004.png using Guid(e869c0daf33679eb136e820d0943b065) (TextureImporter) -> (artifact id: 'c90c28507788de80674132de92c5a56c') in 0.0040119 seconds
Refreshing native plugins compatible for Editor in 1.97 ms, found 4 plugins.
Preloading 0 native plugins for Editor in 0.00 ms.
Asset Pipeline Refresh (id=f70a46e46e5e4844fbd70990c628d186): Total: 0.020 seconds - Initiated by StopAssetImportingV2(NoUpdateAssetOptions)
Start importing Assets/NoSafeCircle/DoorPrototype/Art/Wizard/Source/PixelLab/masculine-dark/selected/walk/east/frame_004.png using Guid(e869c0daf33679eb136e820d0943b065) (TextureImporter) -> (artifact id: 'c90c28507788de80674132de92c5a56c') in 0.0037467 seconds
Refreshing native plugins compatible for Editor in 1.85 ms, found 4 plugins.
Preloading 0 native plugins for Editor in 0.00 ms.
Asset Pipeline Refresh (id=4789a936e01c15d4bb796c6dd1524345): Total: 0.018 seconds - Initiated by StopAssetImportingV2(NoUpdateAssetOptions)
Start importing Assets/NoSafeCircle/DoorPrototype/Art/Wizard/Source/PixelLab/masculine-dark/selected/walk/east/frame_005.png using Guid(3045dbbcc801dc63d16eb6a3833be6be) (TextureImporter) -> (artifact id: 'a4a69defc816748b9dfb02bff18289c7') in 0.0042264 seconds
Refreshing native plugins compatible for Editor in 2.62 ms, found 4 plugins.
Preloading 0 native plugins for Editor in 0.00 ms.
Asset Pipeline Refresh (id=f95b10f5e2d68e64ebfbd18626a0006f): Total: 0.019 seconds - Initiated by StopAssetImportingV2(NoUpdateAssetOptions)
Start importing Assets/NoSafeCircle/DoorPrototype/Art/Wizard/Source/PixelLab/masculine-dark/selected/walk/east/frame_005.png using Guid(3045dbbcc801dc63d16eb6a3833be6be) (TextureImporter) -> (artifact id: 'a4a69defc816748b9dfb02bff18289c7') in 0.0051133 seconds
Refreshing native plugins compatible for Editor in 3.16 ms, found 4 plugins.
Preloading 0 native plugins for Editor in 0.00 ms.
Asset Pipeline Refresh (id=269968bc5728eb046ae32d25169a350d): Total: 0.025 seconds - Initiated by StopAssetImportingV2(NoUpdateAssetOptions)
Start importing Assets/NoSafeCircle/DoorPrototype/Art/Wizard/Generated/Wizard_Masculine_Black_walk_east.anim using Guid(696c85db90968bf4da1bd53e32e01832) (NativeFormatImporter) -> (artifact id: 'ee4126acbaa9189b5ebc5cae620f9d71') in 0.0020077 seconds
Refreshing native plugins compatible for Editor in 1.86 ms, found 4 plugins.
Preloading 0 native plugins for Editor in 0.00 ms.
Asset Pipeline Refresh (id=1ac859d23b69c6e45af8933ab7c9930d): Total: 0.017 seconds - Initiated by StopAssetImportingV2(NoUpdateAssetOptions)
Start importing Assets/NoSafeCircle/DoorPrototype/Art/Wizard/Source/PixelLab/masculine-dark/selected/standing/south-east.png using Guid(64d787ff2e602f6429731e96dfa9db4d) (TextureImporter) -> (artifact id: 'c4f537e47a5d7dc109882aa8871726f7') in 0.0050306 seconds
Refreshing native plugins compatible for Editor in 2.00 ms, found 4 plugins.
Preloading 0 native plugins for Editor in 0.00 ms.
Asset Pipeline Refresh (id=90578e3731a1f5b47a25615cddaab499): Total: 0.024 seconds - Initiated by StopAssetImportingV2(NoUpdateAssetOptions)
Start importing Assets/NoSafeCircle/DoorPrototype/Art/Wizard/Source/PixelLab/masculine-dark/selected/standing/south-east.png using Guid(64d787ff2e602f6429731e96dfa9db4d) (TextureImporter) -> (artifact id: 'c4f537e47a5d7dc109882aa8871726f7') in 0.005079 seconds
Refreshing native plugins compatible for Editor in 2.05 ms, found 4 plugins.
Preloading 0 native plugins for Editor in 0.00 ms.
Asset Pipeline Refresh (id=0f76aa3a2c791514786ce690df588040): Total: 0.024 seconds - Initiated by StopAssetImportingV2(NoUpdateAssetOptions)
Start importing Assets/NoSafeCircle/DoorPrototype/Art/Wizard/Generated/Wizard_Masculine_Black_idle_south-east.anim using Guid(0d5325e7f66e52449aaf29755541897e) (NativeFormatImporter) -> (artifact id: 'f8930b24d6c82f10967c34f6f97470cc') in 0.001741 seconds
Refreshing native plugins compatible for Editor in 2.14 ms, found 4 plugins.
Preloading 0 native plugins for Editor in 0.00 ms.
Asset Pipeline Refresh (id=44c3ebb63b8053440bd2ae1ca1b49144): Total: 0.017 seconds - Initiated by StopAssetImportingV2(NoUpdateAssetOptions)
Start importing Assets/NoSafeCircle/DoorPrototype/Art/Wizard/Source/PixelLab/masculine-dark/selected/walk/south-east/frame_000.png using Guid(adc4b8054a61e4e4893fc433ef941c71) (TextureImporter) -> (artifact id: 'a97b6bd64098823f8fa13cfa0e0635b2') in 0.0056343 seconds
Refreshing native plugins compatible for Editor in 1.96 ms, found 4 plugins.
Preloading 0 native plugins for Editor in 0.00 ms.
Asset Pipeline Refresh (id=e1d4931905e3af84da1749e902c6d71c): Total: 0.020 seconds - Initiated by StopAssetImportingV2(NoUpdateAssetOptions)
Start importing Assets/NoSafeCircle/DoorPrototype/Art/Wizard/Source/PixelLab/masculine-dark/selected/walk/south-east/frame_000.png using Guid(adc4b8054a61e4e4893fc433ef941c71) (TextureImporter) -> (artifact id: 'a97b6bd64098823f8fa13cfa0e0635b2') in 0.0038627 seconds
Refreshing native plugins compatible for Editor in 2.14 ms, found 4 plugins.
Preloading 0 native plugins for Editor in 0.00 ms.
Asset Pipeline Refresh (id=bfa5d2c518737f34fb70bbc59436c1b9): Total: 0.020 seconds - Initiated by StopAssetImportingV2(NoUpdateAssetOptions)
Start importing Assets/NoSafeCircle/DoorPrototype/Art/Wizard/Source/PixelLab/masculine-dark/selected/walk/south-east/frame_001.png using Guid(4ecf7752526a894489c9c07a9dc2653c) (TextureImporter) -> (artifact id: '6c71c01d29c400d03de271afe0e7cbb0') in 0.0048257 seconds
Refreshing native plugins compatible for Editor in 2.27 ms, found 4 plugins.
Preloading 0 native plugins for Editor in 0.00 ms.
Asset Pipeline Refresh (id=ccac3d029a0e1134c84dbf4822f740b0): Total: 0.021 seconds - Initiated by StopAssetImportingV2(NoUpdateAssetOptions)
Start importing Assets/NoSafeCircle/DoorPrototype/Art/Wizard/Source/PixelLab/masculine-dark/selected/walk/south-east/frame_001.png using Guid(4ecf7752526a894489c9c07a9dc2653c) (TextureImporter) -> (artifact id: '6c71c01d29c400d03de271afe0e7cbb0') in 0.0049982 seconds
Refreshing native plugins compatible for Editor in 2.26 ms, found 4 plugins.
Preloading 0 native plugins for Editor in 0.00 ms.
Asset Pipeline Refresh (id=f4624b731d0ec234f96ee04dfc0e5046): Total: 0.023 seconds - Initiated by StopAssetImportingV2(NoUpdateAssetOptions)
Start importing Assets/NoSafeCircle/DoorPrototype/Art/Wizard/Source/PixelLab/masculine-dark/selected/walk/south-east/frame_002.png using Guid(68e154ea28a89aa49b8057aaaac53c80) (TextureImporter) -> (artifact id: '4d08e965f21a303935ae2238710a2dbc') in 0.0046157 seconds
Refreshing native plugins compatible for Editor in 1.89 ms, found 4 plugins.
Preloading 0 native plugins for Editor in 0.00 ms.
Asset Pipeline Refresh (id=3c23f2a238fa0c2498ef3d027604e57f): Total: 0.021 seconds - Initiated by StopAssetImportingV2(NoUpdateAssetOptions)
Start importing Assets/NoSafeCircle/DoorPrototype/Art/Wizard/Source/PixelLab/masculine-dark/selected/walk/south-east/frame_002.png using Guid(68e154ea28a89aa49b8057aaaac53c80) (TextureImporter) -> (artifact id: '4d08e965f21a303935ae2238710a2dbc') in 0.0037512 seconds
Refreshing native plugins compatible for Editor in 2.04 ms, found 4 plugins.
Preloading 0 native plugins for Editor in 0.00 ms.
Asset Pipeline Refresh (id=e95323863fdb24b4fbadd7a652ce91a2): Total: 0.019 seconds - Initiated by StopAssetImportingV2(NoUpdateAssetOptions)
Start importing Assets/NoSafeCircle/DoorPrototype/Art/Wizard/Source/PixelLab/masculine-dark/selected/walk/south-east/frame_003.png using Guid(87a4a0fa52cebf648a80fd84985db7e9) (TextureImporter) -> (artifact id: 'b6248b94d8ebe1daa0e3ab88887caed7') in 0.0039869 seconds
Refreshing native plugins compatible for Editor in 2.39 ms, found 4 plugins.
Preloading 0 native plugins for Editor in 0.00 ms.
Asset Pipeline Refresh (id=3abed9d255794254aa27ea90ae9a9db3): Total: 0.019 seconds - Initiated by StopAssetImportingV2(NoUpdateAssetOptions)
Start importing Assets/NoSafeCircle/DoorPrototype/Art/Wizard/Source/PixelLab/masculine-dark/selected/walk/south-east/frame_003.png using Guid(87a4a0fa52cebf648a80fd84985db7e9) (TextureImporter) -> (artifact id: 'b6248b94d8ebe1daa0e3ab88887caed7') in 0.0038928 seconds
Refreshing native plugins compatible for Editor in 1.92 ms, found 4 plugins.
Preloading 0 native plugins for Editor in 0.00 ms.
Asset Pipeline Refresh (id=6e321cad09f6f7b4b8631a8daa8716e4): Total: 0.020 seconds - Initiated by StopAssetImportingV2(NoUpdateAssetOptions)
Start importing Assets/NoSafeCircle/DoorPrototype/Art/Wizard/Source/PixelLab/masculine-dark/selected/walk/south-east/frame_004.png using Guid(db930ddbd3fa09548baa788dc43bee27) (TextureImporter) -> (artifact id: 'b8306f84b9890d33c6d1c04fa3f4bf4c') in 0.0041513 seconds
Refreshing native plugins compatible for Editor in 2.34 ms, found 4 plugins.
Preloading 0 native plugins for Editor in 0.00 ms.
Asset Pipeline Refresh (id=85574c52a97a86e40a96f29a0f4bc742): Total: 0.022 seconds - Initiated by StopAssetImportingV2(NoUpdateAssetOptions)
Start importing Assets/NoSafeCircle/DoorPrototype/Art/Wizard/Source/PixelLab/masculine-dark/selected/walk/south-east/frame_004.png using Guid(db930ddbd3fa09548baa788dc43bee27) (TextureImporter) -> (artifact id: 'b8306f84b9890d33c6d1c04fa3f4bf4c') in 0.0039535 seconds
Refreshing native plugins compatible for Editor in 1.94 ms, found 4 plugins.
Preloading 0 native plugins for Editor in 0.00 ms.
Asset Pipeline Refresh (id=e870a831fddfec541b75b4ddd2aace36): Total: 0.019 seconds - Initiated by StopAssetImportingV2(NoUpdateAssetOptions)
Start importing Assets/NoSafeCircle/DoorPrototype/Art/Wizard/Source/PixelLab/masculine-dark/selected/walk/south-east/frame_005.png using Guid(c3ba11f3d98a06944af95355c90ab0dc) (TextureImporter) -> (artifact id: '56c06f31d87e7d7f968dda54ee749a16') in 0.0044077 seconds
Refreshing native plugins compatible for Editor in 2.02 ms, found 4 plugins.
Preloading 0 native plugins for Editor in 0.00 ms.
Asset Pipeline Refresh (id=64b12d6d151c3b245a0c9556b7bc13de): Total: 0.021 seconds - Initiated by StopAssetImportingV2(NoUpdateAssetOptions)
Start importing Assets/NoSafeCircle/DoorPrototype/Art/Wizard/Source/PixelLab/masculine-dark/selected/walk/south-east/frame_005.png using Guid(c3ba11f3d98a06944af95355c90ab0dc) (TextureImporter) -> (artifact id: '56c06f31d87e7d7f968dda54ee749a16') in 0.0035864 seconds
Refreshing native plugins compatible for Editor in 2.07 ms, found 4 plugins.
Preloading 0 native plugins for Editor in 0.00 ms.
Asset Pipeline Refresh (id=3593ffd9c4240b949bd9c06eb63f4ddf): Total: 0.019 seconds - Initiated by StopAssetImportingV2(NoUpdateAssetOptions)
Start importing Assets/NoSafeCircle/DoorPrototype/Art/Wizard/Generated/Wizard_Masculine_Black_walk_south-east.anim using Guid(468e8b10a6a848c4f9dfa20eb126eb05) (NativeFormatImporter) -> (artifact id: '930376f2bb818c0ac0ceec507ae994c4') in 0.0020623 seconds
Refreshing native plugins compatible for Editor in 2.07 ms, found 4 plugins.
Preloading 0 native plugins for Editor in 0.00 ms.
Asset Pipeline Refresh (id=01719eb735b06b2498c0d5092dd2e560): Total: 0.019 seconds - Initiated by StopAssetImportingV2(NoUpdateAssetOptions)
Start importing Assets/NoSafeCircle/DoorPrototype/Art/Wizard/Source/PixelLab/masculine-dark/selected/standing/south.png using Guid(e4176867d0e8e284d9cc11f06e1338df) (TextureImporter) -> (artifact id: '304b0fcfe56d81fab628df5211f0f7e1') in 0.006498 seconds
Refreshing native plugins compatible for Editor in 3.14 ms, found 4 plugins.
Preloading 0 native plugins for Editor in 0.00 ms.
Asset Pipeline Refresh (id=1c33942f4901988458d322cc03166f1f): Total: 0.025 seconds - Initiated by StopAssetImportingV2(NoUpdateAssetOptions)
Start importing Assets/NoSafeCircle/DoorPrototype/Art/Wizard/Source/PixelLab/masculine-dark/selected/standing/south.png using Guid(e4176867d0e8e284d9cc11f06e1338df) (TextureImporter) -> (artifact id: '304b0fcfe56d81fab628df5211f0f7e1') in 0.0052719 seconds
Refreshing native plugins compatible for Editor in 1.79 ms, found 4 plugins.
Preloading 0 native plugins for Editor in 0.00 ms.
Asset Pipeline Refresh (id=7cd0e7af2ffa97946b67f0524bd6a0cb): Total: 0.024 seconds - Initiated by StopAssetImportingV2(NoUpdateAssetOptions)
Start importing Assets/NoSafeCircle/DoorPrototype/Art/Wizard/Generated/Wizard_Masculine_Black_idle_south.anim using Guid(8d71b76561a4c8344b95246b8bc3a810) (NativeFormatImporter) -> (artifact id: '8e8968b8b35bbf1d5808778f02ffd7dc') in 0.0018824 seconds
Refreshing native plugins compatible for Editor in 1.78 ms, found 4 plugins.
Preloading 0 native plugins for Editor in 0.00 ms.
Asset Pipeline Refresh (id=14ca298165f9b2e43b6cb83a102e5d7a): Total: 0.017 seconds - Initiated by StopAssetImportingV2(NoUpdateAssetOptions)
Start importing Assets/NoSafeCircle/DoorPrototype/Art/Wizard/Source/PixelLab/masculine-dark/selected/walk/south/frame_000.png using Guid(2e7e3884040ecbeb6353a78b14185e16) (TextureImporter) -> (artifact id: '3fbb0337b43c257e45fe8b79c266fda8') in 0.0036829 seconds
Refreshing native plugins compatible for Editor in 2.07 ms, found 4 plugins.
Preloading 0 native plugins for Editor in 0.00 ms.
Asset Pipeline Refresh (id=f339eafcffd7e23478c54ac5763ad154): Total: 0.018 seconds - Initiated by StopAssetImportingV2(NoUpdateAssetOptions)
Start importing Assets/NoSafeCircle/DoorPrototype/Art/Wizard/Source/PixelLab/masculine-dark/selected/walk/south/frame_000.png using Guid(2e7e3884040ecbeb6353a78b14185e16) (TextureImporter) -> (artifact id: '3fbb0337b43c257e45fe8b79c266fda8') in 0.0035143 seconds
Refreshing native plugins compatible for Editor in 1.83 ms, found 4 plugins.
Preloading 0 native plugins for Editor in 0.00 ms.
Asset Pipeline Refresh (id=b86c8bddd5624364bafbf458460e8ff5): Total: 0.018 seconds - Initiated by StopAssetImportingV2(NoUpdateAssetOptions)
Start importing Assets/NoSafeCircle/DoorPrototype/Art/Wizard/Source/PixelLab/masculine-dark/selected/walk/south/frame_001.png using Guid(8afc64595dd27c9bfbb60547e5274a6a) (TextureImporter) -> (artifact id: '585e20f365c869f5864da6bb00feed53') in 0.0043099 seconds
Refreshing native plugins compatible for Editor in 1.97 ms, found 4 plugins.
Preloading 0 native plugins for Editor in 0.00 ms.
Asset Pipeline Refresh (id=27f6bb66893037d409b920925357ec4f): Total: 0.018 seconds - Initiated by StopAssetImportingV2(NoUpdateAssetOptions)
Start importing Assets/NoSafeCircle/DoorPrototype/Art/Wizard/Source/PixelLab/masculine-dark/selected/walk/south/frame_001.png using Guid(8afc64595dd27c9bfbb60547e5274a6a) (TextureImporter) -> (artifact id: '585e20f365c869f5864da6bb00feed53') in 0.0041368 seconds
Refreshing native plugins compatible for Editor in 1.74 ms, found 4 plugins.
Preloading 0 native plugins for Editor in 0.00 ms.
Asset Pipeline Refresh (id=b724fd5ab14ef8c43b4979aab1af0a09): Total: 0.019 seconds - Initiated by StopAssetImportingV2(NoUpdateAssetOptions)
Start importing Assets/NoSafeCircle/DoorPrototype/Art/Wizard/Source/PixelLab/masculine-dark/selected/walk/south/frame_002.png using Guid(d34c027d35a30a988f3e1d6e15c8c6e2) (TextureImporter) -> (artifact id: '3a8f6fd4db869660fb36a019662ee58c') in 0.0041787 seconds
Refreshing native plugins compatible for Editor in 1.88 ms, found 4 plugins.
Preloading 0 native plugins for Editor in 0.00 ms.
Asset Pipeline Refresh (id=119a34c4b65a4494abe09d19994ad8e0): Total: 0.019 seconds - Initiated by StopAssetImportingV2(NoUpdateAssetOptions)
Start importing Assets/NoSafeCircle/DoorPrototype/Art/Wizard/Source/PixelLab/masculine-dark/selected/walk/south/frame_002.png using Guid(d34c027d35a30a988f3e1d6e15c8c6e2) (TextureImporter) -> (artifact id: '3a8f6fd4db869660fb36a019662ee58c') in 0.0048716 seconds
Refreshing native plugins compatible for Editor in 1.81 ms, found 4 plugins.
Preloading 0 native plugins for Editor in 0.00 ms.
Asset Pipeline Refresh (id=622ee0c17685bf24eb4ebf30ace54d52): Total: 0.020 seconds - Initiated by StopAssetImportingV2(NoUpdateAssetOptions)
Start importing Assets/NoSafeCircle/DoorPrototype/Art/Wizard/Source/PixelLab/masculine-dark/selected/walk/south/frame_003.png using Guid(1b0ff1660e930c0b34ccdab93264aaf2) (TextureImporter) -> (artifact id: '8327ac2fcb94b8995faec65084f02ced') in 0.0039911 seconds
Refreshing native plugins compatible for Editor in 1.79 ms, found 4 plugins.
Preloading 0 native plugins for Editor in 0.00 ms.
Asset Pipeline Refresh (id=98139e11745b12f43adbe7267c81986d): Total: 0.019 seconds - Initiated by StopAssetImportingV2(NoUpdateAssetOptions)
Start importing Assets/NoSafeCircle/DoorPrototype/Art/Wizard/Source/PixelLab/masculine-dark/selected/walk/south/frame_003.png using Guid(1b0ff1660e930c0b34ccdab93264aaf2) (TextureImporter) -> (artifact id: '8327ac2fcb94b8995faec65084f02ced') in 0.0035714 seconds
Refreshing native plugins compatible for Editor in 2.29 ms, found 4 plugins.
Preloading 0 native plugins for Editor in 0.00 ms.
Asset Pipeline Refresh (id=c765b4d5b94b74247a567d96f5762c6a): Total: 0.019 seconds - Initiated by StopAssetImportingV2(NoUpdateAssetOptions)
Start importing Assets/NoSafeCircle/DoorPrototype/Art/Wizard/Source/PixelLab/masculine-dark/selected/walk/south/frame_004.png using Guid(0820813ff9b01f44ad21488c5c8529ab) (TextureImporter) -> (artifact id: '123cf84626b93332b774dc90dc3a5eb1') in 0.0039878 seconds
Refreshing native plugins compatible for Editor in 1.83 ms, found 4 plugins.
Preloading 0 native plugins for Editor in 0.00 ms.
Asset Pipeline Refresh (id=a2b183b76d0287a4b853044e9903aa87): Total: 0.018 seconds - Initiated by StopAssetImportingV2(NoUpdateAssetOptions)
Start importing Assets/NoSafeCircle/DoorPrototype/Art/Wizard/Source/PixelLab/masculine-dark/selected/walk/south/frame_004.png using Guid(0820813ff9b01f44ad21488c5c8529ab) (TextureImporter) -> (artifact id: '123cf84626b93332b774dc90dc3a5eb1') in 0.0046676 seconds
Refreshing native plugins compatible for Editor in 1.80 ms, found 4 plugins.
Preloading 0 native plugins for Editor in 0.00 ms.
Asset Pipeline Refresh (id=56a6847e14e4e684ebd56d59556f4005): Total: 0.019 seconds - Initiated by StopAssetImportingV2(NoUpdateAssetOptions)
Start importing Assets/NoSafeCircle/DoorPrototype/Art/Wizard/Source/PixelLab/masculine-dark/selected/walk/south/frame_005.png using Guid(50cbf2857b24fe11f963b2b35be72f8c) (TextureImporter) -> (artifact id: 'c3f11070242a375b5545434e4beba0a7') in 0.0042066 seconds
Refreshing native plugins compatible for Editor in 2.30 ms, found 4 plugins.
Preloading 0 native plugins for Editor in 0.00 ms.
Asset Pipeline Refresh (id=b30c92c478f61c64eb8b93a175014c30): Total: 0.019 seconds - Initiated by StopAssetImportingV2(NoUpdateAssetOptions)
Start importing Assets/NoSafeCircle/DoorPrototype/Art/Wizard/Source/PixelLab/masculine-dark/selected/walk/south/frame_005.png using Guid(50cbf2857b24fe11f963b2b35be72f8c) (TextureImporter) -> (artifact id: 'c3f11070242a375b5545434e4beba0a7') in 0.0035911 seconds
Refreshing native plugins compatible for Editor in 1.81 ms, found 4 plugins.
Preloading 0 native plugins for Editor in 0.00 ms.
Asset Pipeline Refresh (id=10caa4dcddd10ec438db1432bb489966): Total: 0.018 seconds - Initiated by StopAssetImportingV2(NoUpdateAssetOptions)
Start importing Assets/NoSafeCircle/DoorPrototype/Art/Wizard/Generated/Wizard_Masculine_Black_walk_south.anim using Guid(4a7ea61968d7a3f4e8b596ddf55152b0) (NativeFormatImporter) -> (artifact id: 'c1dbf8d4fb856c8b29db3e94808faaba') in 0.0020549 seconds
Refreshing native plugins compatible for Editor in 1.81 ms, found 4 plugins.
Preloading 0 native plugins for Editor in 0.00 ms.
Asset Pipeline Refresh (id=436466dee0fe58d498d48f9fefe4bdaa): Total: 0.016 seconds - Initiated by StopAssetImportingV2(NoUpdateAssetOptions)
Start importing Assets/NoSafeCircle/DoorPrototype/Art/Wizard/Source/PixelLab/masculine-dark/selected/standing/south-west.png using Guid(9beca6eb733e13b47adf2a5ef994fc16) (TextureImporter) -> (artifact id: 'f535571f993a89e9404f7172871e0f78') in 0.0052869 seconds
Refreshing native plugins compatible for Editor in 2.07 ms, found 4 plugins.
Preloading 0 native plugins for Editor in 0.00 ms.
Asset Pipeline Refresh (id=08e25c79d8fb5a64da927441bbbf066c): Total: 0.022 seconds - Initiated by StopAssetImportingV2(NoUpdateAssetOptions)
Start importing Assets/NoSafeCircle/DoorPrototype/Art/Wizard/Source/PixelLab/masculine-dark/selected/standing/south-west.png using Guid(9beca6eb733e13b47adf2a5ef994fc16) (TextureImporter) -> (artifact id: 'f535571f993a89e9404f7172871e0f78') in 0.0053255 seconds
Refreshing native plugins compatible for Editor in 2.10 ms, found 4 plugins.
Preloading 0 native plugins for Editor in 0.00 ms.
Asset Pipeline Refresh (id=d6459a58c59634f48826e6c50d211dea): Total: 0.023 seconds - Initiated by StopAssetImportingV2(NoUpdateAssetOptions)
Start importing Assets/NoSafeCircle/DoorPrototype/Art/Wizard/Generated/Wizard_Masculine_Black_idle_south-west.anim using Guid(c25f1674d3647dc48af767d514f21035) (NativeFormatImporter) -> (artifact id: 'a9b4cc3a1c2a905d28dc80391fd6148f') in 0.0017661 seconds
Refreshing native plugins compatible for Editor in 1.89 ms, found 4 plugins.
Preloading 0 native plugins for Editor in 0.00 ms.
Asset Pipeline Refresh (id=7cedae85f1012d54c80c100ba15bef08): Total: 0.017 seconds - Initiated by StopAssetImportingV2(NoUpdateAssetOptions)
Start importing Assets/NoSafeCircle/DoorPrototype/Art/Wizard/Source/PixelLab/masculine-dark/selected/walk/south-west/frame_000.png using Guid(776f5c35d81166b44ab22e18dc0146a5) (TextureImporter) -> (artifact id: '66ed380b191e0083940989d17523b553') in 0.0039618 seconds
Refreshing native plugins compatible for Editor in 2.06 ms, found 4 plugins.
Preloading 0 native plugins for Editor in 0.00 ms.
Asset Pipeline Refresh (id=163e5c249b0999047ada74384dac75c9): Total: 0.020 seconds - Initiated by StopAssetImportingV2(NoUpdateAssetOptions)
Start importing Assets/NoSafeCircle/DoorPrototype/Art/Wizard/Source/PixelLab/masculine-dark/selected/walk/south-west/frame_000.png using Guid(776f5c35d81166b44ab22e18dc0146a5) (TextureImporter) -> (artifact id: '66ed380b191e0083940989d17523b553') in 0.0036985 seconds
Refreshing native plugins compatible for Editor in 2.08 ms, found 4 plugins.
Preloading 0 native plugins for Editor in 0.00 ms.
Asset Pipeline Refresh (id=15e95088cbc4f2f48a7b0f15230c9a57): Total: 0.020 seconds - Initiated by StopAssetImportingV2(NoUpdateAssetOptions)
Start importing Assets/NoSafeCircle/DoorPrototype/Art/Wizard/Source/PixelLab/masculine-dark/selected/walk/south-west/frame_001.png using Guid(2cd3b109b7aec9740aa8c8908862f1c9) (TextureImporter) -> (artifact id: '88e3613c0665f217ee32930e5e467f0e') in 0.0040957 seconds
Refreshing native plugins compatible for Editor in 1.87 ms, found 4 plugins.
Preloading 0 native plugins for Editor in 0.00 ms.
Asset Pipeline Refresh (id=f74e44d5b7b556a4d93c1feb00386b6d): Total: 0.019 seconds - Initiated by StopAssetImportingV2(NoUpdateAssetOptions)
Start importing Assets/NoSafeCircle/DoorPrototype/Art/Wizard/Source/PixelLab/masculine-dark/selected/walk/south-west/frame_001.png using Guid(2cd3b109b7aec9740aa8c8908862f1c9) (TextureImporter) -> (artifact id: '88e3613c0665f217ee32930e5e467f0e') in 0.0033764 seconds
Refreshing native plugins compatible for Editor in 1.83 ms, found 4 plugins.
Preloading 0 native plugins for Editor in 0.00 ms.
Asset Pipeline Refresh (id=f7e6b5e48b38e624fab5b808fe3ef0af): Total: 0.018 seconds - Initiated by StopAssetImportingV2(NoUpdateAssetOptions)
Start importing Assets/NoSafeCircle/DoorPrototype/Art/Wizard/Source/PixelLab/masculine-dark/selected/walk/south-west/frame_002.png using Guid(c40791ff841863a419cdc5ee365aa963) (TextureImporter) -> (artifact id: 'ab140908fb4c1e1ad4bd6e59dbbebdc6') in 0.0038177 seconds
Refreshing native plugins compatible for Editor in 2.03 ms, found 4 plugins.
Preloading 0 native plugins for Editor in 0.00 ms.
Asset Pipeline Refresh (id=a0bc18a385cc0d745b34d120b6bebeec): Total: 0.019 seconds - Initiated by StopAssetImportingV2(NoUpdateAssetOptions)
Start importing Assets/NoSafeCircle/DoorPrototype/Art/Wizard/Source/PixelLab/masculine-dark/selected/walk/south-west/frame_002.png using Guid(c40791ff841863a419cdc5ee365aa963) (TextureImporter) -> (artifact id: 'ab140908fb4c1e1ad4bd6e59dbbebdc6') in 0.004331 seconds
Refreshing native plugins compatible for Editor in 2.33 ms, found 4 plugins.
Preloading 0 native plugins for Editor in 0.00 ms.
Asset Pipeline Refresh (id=c59abad3d1f645a4fb5b9fc7c712f24d): Total: 0.020 seconds - Initiated by StopAssetImportingV2(NoUpdateAssetOptions)
Start importing Assets/NoSafeCircle/DoorPrototype/Art/Wizard/Source/PixelLab/masculine-dark/selected/walk/south-west/frame_003.png using Guid(d637417f30449724dafcf42e356b1f56) (TextureImporter) -> (artifact id: '1edaf77155634effcf6738d518e9b9e7') in 0.0040783 seconds
Refreshing native plugins compatible for Editor in 2.38 ms, found 4 plugins.
Preloading 0 native plugins for Editor in 0.00 ms.
Asset Pipeline Refresh (id=329bed63701934148aa8e85cdcc3ca48): Total: 0.019 seconds - Initiated by StopAssetImportingV2(NoUpdateAssetOptions)
Start importing Assets/NoSafeCircle/DoorPrototype/Art/Wizard/Source/PixelLab/masculine-dark/selected/walk/south-west/frame_003.png using Guid(d637417f30449724dafcf42e356b1f56) (TextureImporter) -> (artifact id: '1edaf77155634effcf6738d518e9b9e7') in 0.0038873 seconds
Refreshing native plugins compatible for Editor in 1.83 ms, found 4 plugins.
Preloading 0 native plugins for Editor in 0.00 ms.
Asset Pipeline Refresh (id=264510c0da02f2c43b95ab83460c5cec): Total: 0.019 seconds - Initiated by StopAssetImportingV2(NoUpdateAssetOptions)
Start importing Assets/NoSafeCircle/DoorPrototype/Art/Wizard/Source/PixelLab/masculine-dark/selected/walk/south-west/frame_004.png using Guid(5c5d970a282cced45a93a2cac9cee61f) (TextureImporter) -> (artifact id: '0ae2238ac0dd4f5c4e817dfac2d26586') in 0.0041154 seconds
Refreshing native plugins compatible for Editor in 1.83 ms, found 4 plugins.
Preloading 0 native plugins for Editor in 0.00 ms.
Asset Pipeline Refresh (id=b8c84219942f19348aa647e928b510d0): Total: 0.018 seconds - Initiated by StopAssetImportingV2(NoUpdateAssetOptions)
Start importing Assets/NoSafeCircle/DoorPrototype/Art/Wizard/Source/PixelLab/masculine-dark/selected/walk/south-west/frame_004.png using Guid(5c5d970a282cced45a93a2cac9cee61f) (TextureImporter) -> (artifact id: '0ae2238ac0dd4f5c4e817dfac2d26586') in 0.003499 seconds
Refreshing native plugins compatible for Editor in 1.89 ms, found 4 plugins.
Preloading 0 native plugins for Editor in 0.00 ms.
Asset Pipeline Refresh (id=7cdea45b80b25974ebc094795c33a406): Total: 0.019 seconds - Initiated by StopAssetImportingV2(NoUpdateAssetOptions)
Start importing Assets/NoSafeCircle/DoorPrototype/Art/Wizard/Source/PixelLab/masculine-dark/selected/walk/south-west/frame_005.png using Guid(1445c2a3f84863d4b807f983659fcfb0) (TextureImporter) -> (artifact id: '81fb035ef66af4ad84f36308b75b0fb2') in 0.0040221 seconds
Refreshing native plugins compatible for Editor in 2.29 ms, found 4 plugins.
Preloading 0 native plugins for Editor in 0.00 ms.
Asset Pipeline Refresh (id=fbeadc30fb30a624aa1270d41eaadc8e): Total: 0.019 seconds - Initiated by StopAssetImportingV2(NoUpdateAssetOptions)
Start importing Assets/NoSafeCircle/DoorPrototype/Art/Wizard/Source/PixelLab/masculine-dark/selected/walk/south-west/frame_005.png using Guid(1445c2a3f84863d4b807f983659fcfb0) (TextureImporter) -> (artifact id: '81fb035ef66af4ad84f36308b75b0fb2') in 0.0034812 seconds
Refreshing native plugins compatible for Editor in 1.95 ms, found 4 plugins.
Preloading 0 native plugins for Editor in 0.00 ms.
Asset Pipeline Refresh (id=670e8267cd0c3e4498009ca0b10e11b1): Total: 0.019 seconds - Initiated by StopAssetImportingV2(NoUpdateAssetOptions)
Start importing Assets/NoSafeCircle/DoorPrototype/Art/Wizard/Generated/Wizard_Masculine_Black_walk_south-west.anim using Guid(72ae457a93eb234459c3362196a53f69) (NativeFormatImporter) -> (artifact id: 'a4dbe88908005c57969dbcf188d6a23f') in 0.0020092 seconds
Refreshing native plugins compatible for Editor in 1.90 ms, found 4 plugins.
Preloading 0 native plugins for Editor in 0.00 ms.
Asset Pipeline Refresh (id=d9df7bbc3b2ab0543ac39f92bb8f7925): Total: 0.017 seconds - Initiated by StopAssetImportingV2(NoUpdateAssetOptions)
Start importing Assets/NoSafeCircle/DoorPrototype/Art/Wizard/Source/PixelLab/masculine-dark/selected/standing/west.png using Guid(73a6621521f4b884db960ca03998e8fe) (TextureImporter) -> (artifact id: '7adf28fff782a222e54fa235543ff0b0') in 0.0048993 seconds
Refreshing native plugins compatible for Editor in 1.82 ms, found 4 plugins.
Preloading 0 native plugins for Editor in 0.00 ms.
Asset Pipeline Refresh (id=c8db1f32413702c48941867f51d85875): Total: 0.022 seconds - Initiated by StopAssetImportingV2(NoUpdateAssetOptions)
Start importing Assets/NoSafeCircle/DoorPrototype/Art/Wizard/Source/PixelLab/masculine-dark/selected/standing/west.png using Guid(73a6621521f4b884db960ca03998e8fe) (TextureImporter) -> (artifact id: '7adf28fff782a222e54fa235543ff0b0') in 0.0046974 seconds
Refreshing native plugins compatible for Editor in 2.22 ms, found 4 plugins.
Preloading 0 native plugins for Editor in 0.00 ms.
Asset Pipeline Refresh (id=4a886b12782b06d4b84cfb9947d0ca99): Total: 0.023 seconds - Initiated by StopAssetImportingV2(NoUpdateAssetOptions)
Start importing Assets/NoSafeCircle/DoorPrototype/Art/Wizard/Generated/Wizard_Masculine_Black_idle_west.anim using Guid(c45b838879a92644c8ea0eca25129aaf) (NativeFormatImporter) -> (artifact id: 'bbbf537913a76b959da2ca0f76dc476d') in 0.0016737 seconds
Refreshing native plugins compatible for Editor in 1.99 ms, found 4 plugins.
Preloading 0 native plugins for Editor in 0.00 ms.
Asset Pipeline Refresh (id=04a6d632064bb394eb38459534b66add): Total: 0.016 seconds - Initiated by StopAssetImportingV2(NoUpdateAssetOptions)
Start importing Assets/NoSafeCircle/DoorPrototype/Art/Wizard/Source/PixelLab/masculine-dark/selected/walk/west/frame_000.png using Guid(406a33f1039036d8f903542c3ff0931d) (TextureImporter) -> (artifact id: 'b0b860b7216b8d90ef9fc62f15c40ea9') in 0.0034044 seconds
Refreshing native plugins compatible for Editor in 2.19 ms, found 4 plugins.
Preloading 0 native plugins for Editor in 0.00 ms.
Asset Pipeline Refresh (id=4eacf9e8673abb24f954eef3fe80f03e): Total: 0.018 seconds - Initiated by StopAssetImportingV2(NoUpdateAssetOptions)
Start importing Assets/NoSafeCircle/DoorPrototype/Art/Wizard/Source/PixelLab/masculine-dark/selected/walk/west/frame_000.png using Guid(406a33f1039036d8f903542c3ff0931d) (TextureImporter) -> (artifact id: 'b0b860b7216b8d90ef9fc62f15c40ea9') in 0.0037458 seconds
Refreshing native plugins compatible for Editor in 2.45 ms, found 4 plugins.
Preloading 0 native plugins for Editor in 0.00 ms.
Asset Pipeline Refresh (id=ce1500963fa89e644b8bf099e4017a28): Total: 0.020 seconds - Initiated by StopAssetImportingV2(NoUpdateAssetOptions)
Start importing Assets/NoSafeCircle/DoorPrototype/Art/Wizard/Source/PixelLab/masculine-dark/selected/walk/west/frame_001.png using Guid(e19a72f5dc58d02c35a833eb49b127d2) (TextureImporter) -> (artifact id: 'ed715ec4621128fb7384187db4e8fd27') in 0.0044565 seconds
Refreshing native plugins compatible for Editor in 2.07 ms, found 4 plugins.
Preloading 0 native plugins for Editor in 0.00 ms.
Asset Pipeline Refresh (id=002b4007947ba5541bf915246e41df7f): Total: 0.020 seconds - Initiated by StopAssetImportingV2(NoUpdateAssetOptions)
Start importing Assets/NoSafeCircle/DoorPrototype/Art/Wizard/Source/PixelLab/masculine-dark/selected/walk/west/frame_001.png using Guid(e19a72f5dc58d02c35a833eb49b127d2) (TextureImporter) -> (artifact id: 'ed715ec4621128fb7384187db4e8fd27') in 0.0037454 seconds
Refreshing native plugins compatible for Editor in 2.32 ms, found 4 plugins.
Preloading 0 native plugins for Editor in 0.00 ms.
Asset Pipeline Refresh (id=acccda7d78fff8944958c411fd6e6b50): Total: 0.019 seconds - Initiated by StopAssetImportingV2(NoUpdateAssetOptions)
Start importing Assets/NoSafeCircle/DoorPrototype/Art/Wizard/Source/PixelLab/masculine-dark/selected/walk/west/frame_002.png using Guid(610c0ce4bb33582a32ff09768acb0653) (TextureImporter) -> (artifact id: '67621e6fb1031a6b49bd43ba957299c3') in 0.0044716 seconds
Refreshing native plugins compatible for Editor in 2.08 ms, found 4 plugins.
Preloading 0 native plugins for Editor in 0.00 ms.
Asset Pipeline Refresh (id=9711d446e941d534da989c689e44c932): Total: 0.019 seconds - Initiated by StopAssetImportingV2(NoUpdateAssetOptions)
Start importing Assets/NoSafeCircle/DoorPrototype/Art/Wizard/Source/PixelLab/masculine-dark/selected/walk/west/frame_002.png using Guid(610c0ce4bb33582a32ff09768acb0653) (TextureImporter) -> (artifact id: '67621e6fb1031a6b49bd43ba957299c3') in 0.0039326 seconds
Refreshing native plugins compatible for Editor in 1.99 ms, found 4 plugins.
Preloading 0 native plugins for Editor in 0.00 ms.
Asset Pipeline Refresh (id=ccba6cbc6ff6c8a4aa0dde16f4c2cb8e): Total: 0.021 seconds - Initiated by StopAssetImportingV2(NoUpdateAssetOptions)
Start importing Assets/NoSafeCircle/DoorPrototype/Art/Wizard/Source/PixelLab/masculine-dark/selected/walk/west/frame_003.png using Guid(daa82697d89b247fb7fb9cdccb98ac1d) (TextureImporter) -> (artifact id: 'ef5c1c6ee19dd615381e4d9174640dce') in 0.0039904 seconds
Refreshing native plugins compatible for Editor in 2.09 ms, found 4 plugins.
Preloading 0 native plugins for Editor in 0.00 ms.
Asset Pipeline Refresh (id=8bdd2e7d8afa3004180f366b877d85b9): Total: 0.020 seconds - Initiated by StopAssetImportingV2(NoUpdateAssetOptions)
Start importing Assets/NoSafeCircle/DoorPrototype/Art/Wizard/Source/PixelLab/masculine-dark/selected/walk/west/frame_003.png using Guid(daa82697d89b247fb7fb9cdccb98ac1d) (TextureImporter) -> (artifact id: 'ef5c1c6ee19dd615381e4d9174640dce') in 0.004298 seconds
Refreshing native plugins compatible for Editor in 2.21 ms, found 4 plugins.
Preloading 0 native plugins for Editor in 0.00 ms.
Asset Pipeline Refresh (id=edc4042d426df114db40a8350f82bdd7): Total: 0.019 seconds - Initiated by StopAssetImportingV2(NoUpdateAssetOptions)
Start importing Assets/NoSafeCircle/DoorPrototype/Art/Wizard/Source/PixelLab/masculine-dark/selected/walk/west/frame_004.png using Guid(7a1a9d29eb53e33c17c9498195bad446) (TextureImporter) -> (artifact id: 'f2ccfec16bfc3d5ba46aef8d0c6563d0') in 0.003761 seconds
Refreshing native plugins compatible for Editor in 1.98 ms, found 4 plugins.
Preloading 0 native plugins for Editor in 0.00 ms.
Asset Pipeline Refresh (id=5c5986b55056a0a4c8c4e218290a2d0c): Total: 0.019 seconds - Initiated by StopAssetImportingV2(NoUpdateAssetOptions)
Start importing Assets/NoSafeCircle/DoorPrototype/Art/Wizard/Source/PixelLab/masculine-dark/selected/walk/west/frame_004.png using Guid(7a1a9d29eb53e33c17c9498195bad446) (TextureImporter) -> (artifact id: 'f2ccfec16bfc3d5ba46aef8d0c6563d0') in 0.0060058 seconds
Refreshing native plugins compatible for Editor in 2.26 ms, found 4 plugins.
Preloading 0 native plugins for Editor in 0.00 ms.
Asset Pipeline Refresh (id=990b78f66c1e27e47905891a98bcc021): Total: 0.024 seconds - Initiated by StopAssetImportingV2(NoUpdateAssetOptions)
Start importing Assets/NoSafeCircle/DoorPrototype/Art/Wizard/Source/PixelLab/masculine-dark/selected/walk/west/frame_005.png using Guid(1f15844ac48192cc77a6759f789cf408) (TextureImporter) -> (artifact id: 'ecf84556795e658db6b064e86d8cfcc4') in 0.0043269 seconds
Refreshing native plugins compatible for Editor in 3.28 ms, found 4 plugins.
Preloading 0 native plugins for Editor in 0.00 ms.
Asset Pipeline Refresh (id=11953a1a5e592e0418af4e2d535ce836): Total: 0.024 seconds - Initiated by StopAssetImportingV2(NoUpdateAssetOptions)
Start importing Assets/NoSafeCircle/DoorPrototype/Art/Wizard/Source/PixelLab/masculine-dark/selected/walk/west/frame_005.png using Guid(1f15844ac48192cc77a6759f789cf408) (TextureImporter) -> (artifact id: 'ecf84556795e658db6b064e86d8cfcc4') in 0.0041436 seconds
Refreshing native plugins compatible for Editor in 2.13 ms, found 4 plugins.
Preloading 0 native plugins for Editor in 0.00 ms.
Asset Pipeline Refresh (id=d7084ec36a47b9e41a9a627789c43e59): Total: 0.022 seconds - Initiated by StopAssetImportingV2(NoUpdateAssetOptions)
Start importing Assets/NoSafeCircle/DoorPrototype/Art/Wizard/Generated/Wizard_Masculine_Black_walk_west.anim using Guid(48dfce476ebe0834c9251f773ef241fb) (NativeFormatImporter) -> (artifact id: 'e0c2d5bef8f3cc552a2de2e82e3ba8a5') in 0.0021166 seconds
Refreshing native plugins compatible for Editor in 2.08 ms, found 4 plugins.
Preloading 0 native plugins for Editor in 0.00 ms.
Asset Pipeline Refresh (id=437a0a8a25fec3949a7a83044bce47fe): Total: 0.019 seconds - Initiated by StopAssetImportingV2(NoUpdateAssetOptions)
Start importing Assets/NoSafeCircle/DoorPrototype/Art/Wizard/Source/PixelLab/masculine-dark/selected/standing/north-west.png using Guid(e75263b3690bab04b8176ae917d18d88) (TextureImporter) -> (artifact id: '0535b61d9380e4f2bc865a11da9ebc76') in 0.0048813 seconds
Refreshing native plugins compatible for Editor in 2.13 ms, found 4 plugins.
Preloading 0 native plugins for Editor in 0.00 ms.
Asset Pipeline Refresh (id=bcb894867f7b890469af02edb48deeb4): Total: 0.024 seconds - Initiated by StopAssetImportingV2(NoUpdateAssetOptions)
Start importing Assets/NoSafeCircle/DoorPrototype/Art/Wizard/Source/PixelLab/masculine-dark/selected/standing/north-west.png using Guid(e75263b3690bab04b8176ae917d18d88) (TextureImporter) -> (artifact id: '0535b61d9380e4f2bc865a11da9ebc76') in 0.0051564 seconds
Refreshing native plugins compatible for Editor in 2.00 ms, found 4 plugins.
Preloading 0 native plugins for Editor in 0.00 ms.
Asset Pipeline Refresh (id=1eef2de80d6e04e4581d30ab219cbbaa): Total: 0.025 seconds - Initiated by StopAssetImportingV2(NoUpdateAssetOptions)
Start importing Assets/NoSafeCircle/DoorPrototype/Art/Wizard/Generated/Wizard_Masculine_Black_idle_north-west.anim using Guid(d8d7214b5b33c7d45b473512f6a6b552) (NativeFormatImporter) -> (artifact id: 'c5174fedb345871cf9928c56649a7f4f') in 0.0024552 seconds
Refreshing native plugins compatible for Editor in 3.70 ms, found 4 plugins.
Preloading 0 native plugins for Editor in 0.00 ms.
Asset Pipeline Refresh (id=cf1c384fa63cbad4fb596ee560c88432): Total: 0.020 seconds - Initiated by StopAssetImportingV2(NoUpdateAssetOptions)
Start importing Assets/NoSafeCircle/DoorPrototype/Art/Wizard/Source/PixelLab/masculine-dark/selected/walk/north-west/frame_000.png using Guid(59be03f1f8ed05044b44945bfb672c37) (TextureImporter) -> (artifact id: '44704bbcafc84cd6aa59d280537cb82e') in 0.0044697 seconds
Refreshing native plugins compatible for Editor in 1.89 ms, found 4 plugins.
Preloading 0 native plugins for Editor in 0.00 ms.
Asset Pipeline Refresh (id=68665ea31da25b040a3a7516738f0c27): Total: 0.021 seconds - Initiated by StopAssetImportingV2(NoUpdateAssetOptions)
Start importing Assets/NoSafeCircle/DoorPrototype/Art/Wizard/Source/PixelLab/masculine-dark/selected/walk/north-west/frame_000.png using Guid(59be03f1f8ed05044b44945bfb672c37) (TextureImporter) -> (artifact id: '44704bbcafc84cd6aa59d280537cb82e') in 0.0036827 seconds
Refreshing native plugins compatible for Editor in 2.03 ms, found 4 plugins.
Preloading 0 native plugins for Editor in 0.00 ms.
Asset Pipeline Refresh (id=e2b05083b331ae64f910b94ab2416510): Total: 0.018 seconds - Initiated by StopAssetImportingV2(NoUpdateAssetOptions)
Start importing Assets/NoSafeCircle/DoorPrototype/Art/Wizard/Source/PixelLab/masculine-dark/selected/walk/north-west/frame_001.png using Guid(ac8d39179fc68a0498b9c8efc35d1ea6) (TextureImporter) -> (artifact id: '857174a8c0a1c0a5ba4bf61ba72f8459') in 0.0050783 seconds
Refreshing native plugins compatible for Editor in 2.26 ms, found 4 plugins.
Preloading 0 native plugins for Editor in 0.00 ms.
Asset Pipeline Refresh (id=1b939a52c6bf6904e8b2b9d3b04ceb61): Total: 0.021 seconds - Initiated by StopAssetImportingV2(NoUpdateAssetOptions)
Start importing Assets/NoSafeCircle/DoorPrototype/Art/Wizard/Source/PixelLab/masculine-dark/selected/walk/north-west/frame_001.png using Guid(ac8d39179fc68a0498b9c8efc35d1ea6) (TextureImporter) -> (artifact id: '857174a8c0a1c0a5ba4bf61ba72f8459') in 0.0036612 seconds
Refreshing native plugins compatible for Editor in 1.96 ms, found 4 plugins.
Preloading 0 native plugins for Editor in 0.00 ms.
Asset Pipeline Refresh (id=0ba483e496c107e4f8aa1c786179aa5a): Total: 0.020 seconds - Initiated by StopAssetImportingV2(NoUpdateAssetOptions)
Start importing Assets/NoSafeCircle/DoorPrototype/Art/Wizard/Source/PixelLab/masculine-dark/selected/walk/north-west/frame_002.png using Guid(47ac16eb16a35744190743cc30f44756) (TextureImporter) -> (artifact id: '7e63b6b83adf1f9873f0ddd8fe15d7e4') in 0.0040004 seconds
Refreshing native plugins compatible for Editor in 1.94 ms, found 4 plugins.
Preloading 0 native plugins for Editor in 0.00 ms.
Asset Pipeline Refresh (id=8ca1669dc049ba24ba25ba3eb6587a5a): Total: 0.019 seconds - Initiated by StopAssetImportingV2(NoUpdateAssetOptions)
Start importing Assets/NoSafeCircle/DoorPrototype/Art/Wizard/Source/PixelLab/masculine-dark/selected/walk/north-west/frame_002.png using Guid(47ac16eb16a35744190743cc30f44756) (TextureImporter) -> (artifact id: '7e63b6b83adf1f9873f0ddd8fe15d7e4') in 0.0039439 seconds
Refreshing native plugins compatible for Editor in 2.64 ms, found 4 plugins.
Preloading 0 native plugins for Editor in 0.00 ms.
Asset Pipeline Refresh (id=073133346af87bd4284b6719891e07b5): Total: 0.020 seconds - Initiated by StopAssetImportingV2(NoUpdateAssetOptions)
Start importing Assets/NoSafeCircle/DoorPrototype/Art/Wizard/Source/PixelLab/masculine-dark/selected/walk/north-west/frame_003.png using Guid(bd77fb88b248f494c9d5619b0b04fd2e) (TextureImporter) -> (artifact id: '433c65ccb349397a2f13b45686316954') in 0.0047529 seconds
Refreshing native plugins compatible for Editor in 1.94 ms, found 4 plugins.
Preloading 0 native plugins for Editor in 0.00 ms.
Asset Pipeline Refresh (id=18577672fc1f76641b71a4804fd9f9b1): Total: 0.020 seconds - Initiated by StopAssetImportingV2(NoUpdateAssetOptions)
Start importing Assets/NoSafeCircle/DoorPrototype/Art/Wizard/Source/PixelLab/masculine-dark/selected/walk/north-west/frame_003.png using Guid(bd77fb88b248f494c9d5619b0b04fd2e) (TextureImporter) -> (artifact id: '433c65ccb349397a2f13b45686316954') in 0.0036766 seconds
Refreshing native plugins compatible for Editor in 1.95 ms, found 4 plugins.
Preloading 0 native plugins for Editor in 0.00 ms.
Asset Pipeline Refresh (id=a5c773ca7dd86524ba960b1d7337a457): Total: 0.018 seconds - Initiated by StopAssetImportingV2(NoUpdateAssetOptions)
Start importing Assets/NoSafeCircle/DoorPrototype/Art/Wizard/Source/PixelLab/masculine-dark/selected/walk/north-west/frame_004.png using Guid(68823b30a08d2a84c80a7e2d2c377c51) (TextureImporter) -> (artifact id: '1f8adf1fa82cb527aeed37c09002c511') in 0.0046722 seconds
Refreshing native plugins compatible for Editor in 1.87 ms, found 4 plugins.
Preloading 0 native plugins for Editor in 0.00 ms.
Asset Pipeline Refresh (id=09d446a15dee72147abf8555970d570f): Total: 0.019 seconds - Initiated by StopAssetImportingV2(NoUpdateAssetOptions)
Start importing Assets/NoSafeCircle/DoorPrototype/Art/Wizard/Source/PixelLab/masculine-dark/selected/walk/north-west/frame_004.png using Guid(68823b30a08d2a84c80a7e2d2c377c51) (TextureImporter) -> (artifact id: '1f8adf1fa82cb527aeed37c09002c511') in 0.0039123 seconds
Refreshing native plugins compatible for Editor in 2.17 ms, found 4 plugins.
Preloading 0 native plugins for Editor in 0.00 ms.
Asset Pipeline Refresh (id=bb1998b880f34ef4f90c1790ad6f662f): Total: 0.020 seconds - Initiated by StopAssetImportingV2(NoUpdateAssetOptions)
Start importing Assets/NoSafeCircle/DoorPrototype/Art/Wizard/Source/PixelLab/masculine-dark/selected/walk/north-west/frame_005.png using Guid(cbfaa1dec76a34840905881d83fcf717) (TextureImporter) -> (artifact id: '1d9b88969f326e7e83a00a6421d439ae') in 0.0041629 seconds
Refreshing native plugins compatible for Editor in 2.05 ms, found 4 plugins.
Preloading 0 native plugins for Editor in 0.00 ms.
Asset Pipeline Refresh (id=fee604bffb5160e4286680d54fbd431e): Total: 0.022 seconds - Initiated by StopAssetImportingV2(NoUpdateAssetOptions)
Start importing Assets/NoSafeCircle/DoorPrototype/Art/Wizard/Source/PixelLab/masculine-dark/selected/walk/north-west/frame_005.png using Guid(cbfaa1dec76a34840905881d83fcf717) (TextureImporter) -> (artifact id: '1d9b88969f326e7e83a00a6421d439ae') in 0.0036947 seconds
Refreshing native plugins compatible for Editor in 2.05 ms, found 4 plugins.
Preloading 0 native plugins for Editor in 0.00 ms.
Asset Pipeline Refresh (id=d46f4f726c75c0d41a301b4e295509a8): Total: 0.020 seconds - Initiated by StopAssetImportingV2(NoUpdateAssetOptions)
Start importing Assets/NoSafeCircle/DoorPrototype/Art/Wizard/Generated/Wizard_Masculine_Black_walk_north-west.anim using Guid(ffa34882f71fcbf4b8faf50c3d8281e4) (NativeFormatImporter) -> (artifact id: 'b5e48767b478eb5011ac9f89ddb4579b') in 0.0021456 seconds
Refreshing native plugins compatible for Editor in 1.93 ms, found 4 plugins.
Preloading 0 native plugins for Editor in 0.00 ms.
Asset Pipeline Refresh (id=d75fbc70d3d5da748a7d79f65d2c54a1): Total: 0.019 seconds - Initiated by StopAssetImportingV2(NoUpdateAssetOptions)
Start importing Assets/NoSafeCircle/DoorPrototype/Art/Wizard/Source/PixelLab/feminine-light/selected/standing/north.png using Guid(ac9b52e1340fb394787642749536edb3) (TextureImporter) -> (artifact id: '805d1a789f89d8b3ad352598bc5abcc0') in 0.0036985 seconds
Refreshing native plugins compatible for Editor in 2.24 ms, found 4 plugins.
Preloading 0 native plugins for Editor in 0.00 ms.
Asset Pipeline Refresh (id=fd13f6e80aa5a474c9988659bb48c25d): Total: 0.020 seconds - Initiated by StopAssetImportingV2(NoUpdateAssetOptions)
Start importing Assets/NoSafeCircle/DoorPrototype/Art/Wizard/Source/PixelLab/feminine-light/selected/standing/north.png using Guid(ac9b52e1340fb394787642749536edb3) (TextureImporter) -> (artifact id: '805d1a789f89d8b3ad352598bc5abcc0') in 0.0035266 seconds
Refreshing native plugins compatible for Editor in 1.98 ms, found 4 plugins.
Preloading 0 native plugins for Editor in 0.00 ms.
Asset Pipeline Refresh (id=b0b07e3d46297a943a538f98f9a9e5e4): Total: 0.019 seconds - Initiated by StopAssetImportingV2(NoUpdateAssetOptions)
Start importing Assets/NoSafeCircle/DoorPrototype/Art/Wizard/Source/PixelLab/feminine-light/selected/standing/north-east.png using Guid(3a29d5ea152c58241a5bc6cb67a3a543) (TextureImporter) -> (artifact id: 'b77f64c4cb088159b43826e211c4bbd9') in 0.0049747 seconds
Refreshing native plugins compatible for Editor in 2.37 ms, found 4 plugins.
Preloading 0 native plugins for Editor in 0.00 ms.
Asset Pipeline Refresh (id=8be4448ca8edce44681d05b0b83c2d6b): Total: 0.020 seconds - Initiated by StopAssetImportingV2(NoUpdateAssetOptions)
Start importing Assets/NoSafeCircle/DoorPrototype/Art/Wizard/Source/PixelLab/feminine-light/selected/standing/north-east.png using Guid(3a29d5ea152c58241a5bc6cb67a3a543) (TextureImporter) -> (artifact id: 'b77f64c4cb088159b43826e211c4bbd9') in 0.0038325 seconds
Refreshing native plugins compatible for Editor in 2.05 ms, found 4 plugins.
Preloading 0 native plugins for Editor in 0.00 ms.
Asset Pipeline Refresh (id=7ff4454d1b17ed044837da848c3c48af): Total: 0.024 seconds - Initiated by StopAssetImportingV2(NoUpdateAssetOptions)
Start importing Assets/NoSafeCircle/DoorPrototype/Art/Wizard/Source/PixelLab/feminine-light/selected/standing/east.png using Guid(bc7e4d4b177892d468986d5ff6f53ba4) (TextureImporter) -> (artifact id: 'b6216376bd6583f03583b438ec5d7c3e') in 0.004781 seconds
Refreshing native plugins compatible for Editor in 2.35 ms, found 4 plugins.
Preloading 0 native plugins for Editor in 0.00 ms.
Asset Pipeline Refresh (id=c5057ccd3b18f3a4da5afc265c0dbfef): Total: 0.019 seconds - Initiated by StopAssetImportingV2(NoUpdateAssetOptions)
Start importing Assets/NoSafeCircle/DoorPrototype/Art/Wizard/Source/PixelLab/feminine-light/selected/standing/east.png using Guid(bc7e4d4b177892d468986d5ff6f53ba4) (TextureImporter) -> (artifact id: 'b6216376bd6583f03583b438ec5d7c3e') in 0.0036199 seconds
Refreshing native plugins compatible for Editor in 1.73 ms, found 4 plugins.
Preloading 0 native plugins for Editor in 0.00 ms.
Asset Pipeline Refresh (id=f1a924c63c3fd144ba76918aa1dc9010): Total: 0.019 seconds - Initiated by StopAssetImportingV2(NoUpdateAssetOptions)
Start importing Assets/NoSafeCircle/DoorPrototype/Art/Wizard/Source/PixelLab/feminine-light/selected/standing/south-east.png using Guid(1fb2dac316457be4bada3f5a5606f7df) (TextureImporter) -> (artifact id: '80e18e1cbc3415aefe5362a168679a27') in 0.0038076 seconds
Refreshing native plugins compatible for Editor in 2.28 ms, found 4 plugins.
Preloading 0 native plugins for Editor in 0.00 ms.
Asset Pipeline Refresh (id=5e071ba988462644db2f7d5fb616d6bf): Total: 0.020 seconds - Initiated by StopAssetImportingV2(NoUpdateAssetOptions)
Start importing Assets/NoSafeCircle/DoorPrototype/Art/Wizard/Source/PixelLab/feminine-light/selected/standing/south-east.png using Guid(1fb2dac316457be4bada3f5a5606f7df) (TextureImporter) -> (artifact id: '80e18e1cbc3415aefe5362a168679a27') in 0.0034586 seconds
Refreshing native plugins compatible for Editor in 1.91 ms, found 4 plugins.
Preloading 0 native plugins for Editor in 0.00 ms.
Asset Pipeline Refresh (id=c2a97afdd48c8d7438aa47d8fce4611e): Total: 0.018 seconds - Initiated by StopAssetImportingV2(NoUpdateAssetOptions)
Start importing Assets/NoSafeCircle/DoorPrototype/Art/Wizard/Source/PixelLab/feminine-light/selected/standing/south.png using Guid(910f6f5068b180b4d8ff24012fa1b10e) (TextureImporter) -> (artifact id: '7baebb4b1f364d7c80b0f04c338f02ed') in 0.0042123 seconds
Refreshing native plugins compatible for Editor in 2.13 ms, found 4 plugins.
Preloading 0 native plugins for Editor in 0.00 ms.
Asset Pipeline Refresh (id=18157db489380d241a4e0f9a7e8fc7f3): Total: 0.020 seconds - Initiated by StopAssetImportingV2(NoUpdateAssetOptions)
Start importing Assets/NoSafeCircle/DoorPrototype/Art/Wizard/Source/PixelLab/feminine-light/selected/standing/south.png using Guid(910f6f5068b180b4d8ff24012fa1b10e) (TextureImporter) -> (artifact id: '7baebb4b1f364d7c80b0f04c338f02ed') in 0.0038049 seconds
Refreshing native plugins compatible for Editor in 1.83 ms, found 4 plugins.
Preloading 0 native plugins for Editor in 0.00 ms.
Asset Pipeline Refresh (id=ff4099d162748d240aaf17b45cf6ae89): Total: 0.019 seconds - Initiated by StopAssetImportingV2(NoUpdateAssetOptions)
Start importing Assets/NoSafeCircle/DoorPrototype/Art/Wizard/Source/PixelLab/feminine-light/selected/standing/south-west.png using Guid(69675d2f21dcbf0408dc56b39566ad44) (TextureImporter) -> (artifact id: 'f5a27cd1e8f0e484b4b02d22cff5531b') in 0.0037449 seconds
Refreshing native plugins compatible for Editor in 1.84 ms, found 4 plugins.
Preloading 0 native plugins for Editor in 0.00 ms.
Asset Pipeline Refresh (id=6001fde23c48f4044b281fe97980a397): Total: 0.018 seconds - Initiated by StopAssetImportingV2(NoUpdateAssetOptions)
Start importing Assets/NoSafeCircle/DoorPrototype/Art/Wizard/Source/PixelLab/feminine-light/selected/standing/south-west.png using Guid(69675d2f21dcbf0408dc56b39566ad44) (TextureImporter) -> (artifact id: 'f5a27cd1e8f0e484b4b02d22cff5531b') in 0.0033796 seconds
Refreshing native plugins compatible for Editor in 1.84 ms, found 4 plugins.
Preloading 0 native plugins for Editor in 0.00 ms.
Asset Pipeline Refresh (id=6fe34655de15a724aaeae7bca461789b): Total: 0.018 seconds - Initiated by StopAssetImportingV2(NoUpdateAssetOptions)
Start importing Assets/NoSafeCircle/DoorPrototype/Art/Wizard/Source/PixelLab/feminine-light/selected/standing/west.png using Guid(d3e076e1e7bf71646827412177215b56) (TextureImporter) -> (artifact id: 'ae6fb8b685348deb580dda82a386ea5a') in 0.0036522 seconds
Refreshing native plugins compatible for Editor in 1.82 ms, found 4 plugins.
Preloading 0 native plugins for Editor in 0.00 ms.
Asset Pipeline Refresh (id=dcbae004b9c6a324d98a779b1b286927): Total: 0.018 seconds - Initiated by StopAssetImportingV2(NoUpdateAssetOptions)
Start importing Assets/NoSafeCircle/DoorPrototype/Art/Wizard/Source/PixelLab/feminine-light/selected/standing/west.png using Guid(d3e076e1e7bf71646827412177215b56) (TextureImporter) -> (artifact id: 'ae6fb8b685348deb580dda82a386ea5a') in 0.0035876 seconds
Refreshing native plugins compatible for Editor in 2.25 ms, found 4 plugins.
Preloading 0 native plugins for Editor in 0.00 ms.
Asset Pipeline Refresh (id=c8d14a29a6c250641832b0bbfe124ff9): Total: 0.019 seconds - Initiated by StopAssetImportingV2(NoUpdateAssetOptions)
Start importing Assets/NoSafeCircle/DoorPrototype/Art/Wizard/Source/PixelLab/feminine-light/selected/standing/north-west.png using Guid(d70b4b3e3697fc74a8819908aa834e8e) (TextureImporter) -> (artifact id: 'c6b5da2033b1fbe53d368542f9be588e') in 0.004228 seconds
Refreshing native plugins compatible for Editor in 2.30 ms, found 4 plugins.
Preloading 0 native plugins for Editor in 0.00 ms.
Asset Pipeline Refresh (id=8f33c823af2a61349be5e4982c34a8b3): Total: 0.021 seconds - Initiated by StopAssetImportingV2(NoUpdateAssetOptions)
Start importing Assets/NoSafeCircle/DoorPrototype/Art/Wizard/Source/PixelLab/feminine-light/selected/standing/north-west.png using Guid(d70b4b3e3697fc74a8819908aa834e8e) (TextureImporter) -> (artifact id: 'c6b5da2033b1fbe53d368542f9be588e') in 0.00358 seconds
Refreshing native plugins compatible for Editor in 3.00 ms, found 4 plugins.
Preloading 0 native plugins for Editor in 0.00 ms.
Asset Pipeline Refresh (id=141ec33575363ca4faa873f7c41c0070): Total: 0.021 seconds - Initiated by StopAssetImportingV2(NoUpdateAssetOptions)
Start importing Assets/NoSafeCircle/DoorPrototype/Art/Wizard/Source/PixelLab/feminine-light/selected/standing/north.png using Guid(ac9b52e1340fb394787642749536edb3) (TextureImporter) -> (artifact id: '805d1a789f89d8b3ad352598bc5abcc0') in 0.0053187 seconds
Refreshing native plugins compatible for Editor in 2.37 ms, found 4 plugins.
Preloading 0 native plugins for Editor in 0.00 ms.
Asset Pipeline Refresh (id=189c1ec177700f24ba09554ca0a2e611): Total: 0.025 seconds - Initiated by StopAssetImportingV2(NoUpdateAssetOptions)
Start importing Assets/NoSafeCircle/DoorPrototype/Art/Wizard/Source/PixelLab/feminine-light/selected/standing/north.png using Guid(ac9b52e1340fb394787642749536edb3) (TextureImporter) -> (artifact id: '805d1a789f89d8b3ad352598bc5abcc0') in 0.005603 seconds
Refreshing native plugins compatible for Editor in 2.56 ms, found 4 plugins.
Preloading 0 native plugins for Editor in 0.00 ms.
Asset Pipeline Refresh (id=5832ad67f35fe9249ad8967e393ff682): Total: 0.025 seconds - Initiated by StopAssetImportingV2(NoUpdateAssetOptions)
Start importing Assets/NoSafeCircle/DoorPrototype/Art/Wizard/Generated/Wizard_Feminine_White_idle_north.anim using Guid(8f679078579149b48a2128104bb7663f) (NativeFormatImporter) -> (artifact id: 'e2b5d2b45f2fbf82ffc027fdd985e227') in 0.0021678 seconds
Refreshing native plugins compatible for Editor in 2.00 ms, found 4 plugins.
Preloading 0 native plugins for Editor in 0.00 ms.
Asset Pipeline Refresh (id=24e75218261f0554a90c46cf05d8c93f): Total: 0.021 seconds - Initiated by StopAssetImportingV2(NoUpdateAssetOptions)
Start importing Assets/NoSafeCircle/DoorPrototype/Art/Wizard/Source/PixelLab/feminine-light/selected/walk/north/frame_000.png using Guid(8f56513754d165c53a842e08cafb77e6) (TextureImporter) -> (artifact id: '780b8147b479f14512c966666c23a719') in 0.0044232 seconds
Refreshing native plugins compatible for Editor in 1.93 ms, found 4 plugins.
Preloading 0 native plugins for Editor in 0.00 ms.
Asset Pipeline Refresh (id=72fdb031291894c41877111b13c4586f): Total: 0.021 seconds - Initiated by StopAssetImportingV2(NoUpdateAssetOptions)
Start importing Assets/NoSafeCircle/DoorPrototype/Art/Wizard/Source/PixelLab/feminine-light/selected/walk/north/frame_000.png using Guid(8f56513754d165c53a842e08cafb77e6) (TextureImporter) -> (artifact id: '780b8147b479f14512c966666c23a719') in 0.0038164 seconds
Refreshing native plugins compatible for Editor in 2.50 ms, found 4 plugins.
Preloading 0 native plugins for Editor in 0.00 ms.
Asset Pipeline Refresh (id=8ea76f6e1415c0041ac58d3e3fd76280): Total: 0.020 seconds - Initiated by StopAssetImportingV2(NoUpdateAssetOptions)
Start importing Assets/NoSafeCircle/DoorPrototype/Art/Wizard/Source/PixelLab/feminine-light/selected/walk/north/frame_001.png using Guid(7ccbdc5a0bb5aee56c09d9c5724bbb76) (TextureImporter) -> (artifact id: '51af6deb58659b1988960136ff65dadb') in 0.0043067 seconds
Refreshing native plugins compatible for Editor in 2.59 ms, found 4 plugins.
Preloading 0 native plugins for Editor in 0.00 ms.
Asset Pipeline Refresh (id=632efb02aba943445af78b28ff30e959): Total: 0.021 seconds - Initiated by StopAssetImportingV2(NoUpdateAssetOptions)
Start importing Assets/NoSafeCircle/DoorPrototype/Art/Wizard/Source/PixelLab/feminine-light/selected/walk/north/frame_001.png using Guid(7ccbdc5a0bb5aee56c09d9c5724bbb76) (TextureImporter) -> (artifact id: '51af6deb58659b1988960136ff65dadb') in 0.0045669 seconds
Refreshing native plugins compatible for Editor in 2.08 ms, found 4 plugins.
Preloading 0 native plugins for Editor in 0.00 ms.
Asset Pipeline Refresh (id=93aa428b727805a4e92fb607592ee4ec): Total: 0.020 seconds - Initiated by StopAssetImportingV2(NoUpdateAssetOptions)
Start importing Assets/NoSafeCircle/DoorPrototype/Art/Wizard/Source/PixelLab/feminine-light/selected/walk/north/frame_002.png using Guid(4be1834258c82b62a4598171a4744683) (TextureImporter) -> (artifact id: 'bf79cdae96a4e24d48c94962c87e85c5') in 0.0056316 seconds
Refreshing native plugins compatible for Editor in 2.09 ms, found 4 plugins.
Preloading 0 native plugins for Editor in 0.00 ms.
Asset Pipeline Refresh (id=8ae39e2eea7daae49b491cfcb34157f2): Total: 0.023 seconds - Initiated by StopAssetImportingV2(NoUpdateAssetOptions)
Start importing Assets/NoSafeCircle/DoorPrototype/Art/Wizard/Source/PixelLab/feminine-light/selected/walk/north/frame_002.png using Guid(4be1834258c82b62a4598171a4744683) (TextureImporter) -> (artifact id: 'bf79cdae96a4e24d48c94962c87e85c5') in 0.004445 seconds
Refreshing native plugins compatible for Editor in 3.21 ms, found 4 plugins.
Preloading 0 native plugins for Editor in 0.00 ms.
Asset Pipeline Refresh (id=30a9a8b410f0d4a4e98acffceeab013b): Total: 0.022 seconds - Initiated by StopAssetImportingV2(NoUpdateAssetOptions)
Start importing Assets/NoSafeCircle/DoorPrototype/Art/Wizard/Source/PixelLab/feminine-light/selected/walk/north/frame_003.png using Guid(1309b5a52bc3aeafb472d5ee8aa189e3) (TextureImporter) -> (artifact id: '77158b1135033ff41a21fce58ad86094') in 0.0039042 seconds
Refreshing native plugins compatible for Editor in 2.13 ms, found 4 plugins.
Preloading 0 native plugins for Editor in 0.00 ms.
Asset Pipeline Refresh (id=aeed3de34c1a53f42a1405e1c9debfe9): Total: 0.025 seconds - Initiated by StopAssetImportingV2(NoUpdateAssetOptions)
Start importing Assets/NoSafeCircle/DoorPrototype/Art/Wizard/Source/PixelLab/feminine-light/selected/walk/north/frame_003.png using Guid(1309b5a52bc3aeafb472d5ee8aa189e3) (TextureImporter) -> (artifact id: '77158b1135033ff41a21fce58ad86094') in 0.0036787 seconds
Refreshing native plugins compatible for Editor in 2.25 ms, found 4 plugins.
Preloading 0 native plugins for Editor in 0.00 ms.
Asset Pipeline Refresh (id=f6ac3b501a7922a4cbc089cf7e0fbd37): Total: 0.020 seconds - Initiated by StopAssetImportingV2(NoUpdateAssetOptions)
Start importing Assets/NoSafeCircle/DoorPrototype/Art/Wizard/Source/PixelLab/feminine-light/selected/walk/north/frame_004.png using Guid(37d06f8586efe085d7fe78e1f646065b) (TextureImporter) -> (artifact id: '2fca366bf5162af4690bb763ad3cd178') in 0.0040995 seconds
Refreshing native plugins compatible for Editor in 2.08 ms, found 4 plugins.
Preloading 0 native plugins for Editor in 0.00 ms.
Asset Pipeline Refresh (id=46bf31bcb2367434d8ff6e3d4c7bd628): Total: 0.019 seconds - Initiated by StopAssetImportingV2(NoUpdateAssetOptions)
Start importing Assets/NoSafeCircle/DoorPrototype/Art/Wizard/Source/PixelLab/feminine-light/selected/walk/north/frame_004.png using Guid(37d06f8586efe085d7fe78e1f646065b) (TextureImporter) -> (artifact id: '2fca366bf5162af4690bb763ad3cd178') in 0.0035151 seconds
Refreshing native plugins compatible for Editor in 1.89 ms, found 4 plugins.
Preloading 0 native plugins for Editor in 0.00 ms.
Asset Pipeline Refresh (id=afb976cde2e64b84b9a4ea5d5132de94): Total: 0.018 seconds - Initiated by StopAssetImportingV2(NoUpdateAssetOptions)
Start importing Assets/NoSafeCircle/DoorPrototype/Art/Wizard/Source/PixelLab/feminine-light/selected/walk/north/frame_005.png using Guid(fdb46698409cb4e0bd71f5deb4f20ab7) (TextureImporter) -> (artifact id: 'ef6b3bb2810240990d9f375766d912ce') in 0.0038083 seconds
Refreshing native plugins compatible for Editor in 1.91 ms, found 4 plugins.
Preloading 0 native plugins for Editor in 0.00 ms.
Asset Pipeline Refresh (id=c972500e8b33e3c46885535061d519ae): Total: 0.019 seconds - Initiated by StopAssetImportingV2(NoUpdateAssetOptions)
Start importing Assets/NoSafeCircle/DoorPrototype/Art/Wizard/Source/PixelLab/feminine-light/selected/walk/north/frame_005.png using Guid(fdb46698409cb4e0bd71f5deb4f20ab7) (TextureImporter) -> (artifact id: 'ef6b3bb2810240990d9f375766d912ce') in 0.0034315 seconds
Refreshing native plugins compatible for Editor in 2.15 ms, found 4 plugins.
Preloading 0 native plugins for Editor in 0.00 ms.
Asset Pipeline Refresh (id=e57893302b031d840b50df78b2d69cd8): Total: 0.019 seconds - Initiated by StopAssetImportingV2(NoUpdateAssetOptions)
Start importing Assets/NoSafeCircle/DoorPrototype/Art/Wizard/Generated/Wizard_Feminine_White_walk_north.anim using Guid(0885cfca7928f8c48b184792d5156e07) (NativeFormatImporter) -> (artifact id: '67b2b62b047d6bbade5551ec371242bf') in 0.0025137 seconds
Refreshing native plugins compatible for Editor in 1.98 ms, found 4 plugins.
Preloading 0 native plugins for Editor in 0.00 ms.
Asset Pipeline Refresh (id=1a3b68b0f08565f43ad6a8eb4bc9493b): Total: 0.017 seconds - Initiated by StopAssetImportingV2(NoUpdateAssetOptions)
Start importing Assets/NoSafeCircle/DoorPrototype/Art/Wizard/Source/PixelLab/feminine-light/selected/standing/north-east.png using Guid(3a29d5ea152c58241a5bc6cb67a3a543) (TextureImporter) -> (artifact id: 'b77f64c4cb088159b43826e211c4bbd9') in 0.0052338 seconds
Refreshing native plugins compatible for Editor in 2.10 ms, found 4 plugins.
Preloading 0 native plugins for Editor in 0.00 ms.
Asset Pipeline Refresh (id=c83f571fe51179141a29ad03c8fbec05): Total: 0.022 seconds - Initiated by StopAssetImportingV2(NoUpdateAssetOptions)
Start importing Assets/NoSafeCircle/DoorPrototype/Art/Wizard/Source/PixelLab/feminine-light/selected/standing/north-east.png using Guid(3a29d5ea152c58241a5bc6cb67a3a543) (TextureImporter) -> (artifact id: 'b77f64c4cb088159b43826e211c4bbd9') in 0.0050268 seconds
Refreshing native plugins compatible for Editor in 1.98 ms, found 4 plugins.
Preloading 0 native plugins for Editor in 0.00 ms.
Asset Pipeline Refresh (id=a428884a98c96d54aa73fa610bffa85f): Total: 0.023 seconds - Initiated by StopAssetImportingV2(NoUpdateAssetOptions)
Start importing Assets/NoSafeCircle/DoorPrototype/Art/Wizard/Generated/Wizard_Feminine_White_idle_north-east.anim using Guid(e42d5fa15071bc84c9a2bc0955fc584b) (NativeFormatImporter) -> (artifact id: '5f0ec9375b368b165ad93878248f0c52') in 0.0017762 seconds
Refreshing native plugins compatible for Editor in 1.84 ms, found 4 plugins.
Preloading 0 native plugins for Editor in 0.00 ms.
Asset Pipeline Refresh (id=5f44d0e63e7b6b5489d663197c2ba7d6): Total: 0.016 seconds - Initiated by StopAssetImportingV2(NoUpdateAssetOptions)
Start importing Assets/NoSafeCircle/DoorPrototype/Art/Wizard/Source/PixelLab/feminine-light/selected/walk/north-east/frame_000.png using Guid(05b72720e1db8df41b83f320b6c2ce8f) (TextureImporter) -> (artifact id: '208ed1611fbef3bead5c62e1e714640b') in 0.0036958 seconds
Refreshing native plugins compatible for Editor in 1.99 ms, found 4 plugins.
Preloading 0 native plugins for Editor in 0.00 ms.
Asset Pipeline Refresh (id=c7b6f0b3996dfba4399c8349454e1647): Total: 0.018 seconds - Initiated by StopAssetImportingV2(NoUpdateAssetOptions)
Start importing Assets/NoSafeCircle/DoorPrototype/Art/Wizard/Source/PixelLab/feminine-light/selected/walk/north-east/frame_000.png using Guid(05b72720e1db8df41b83f320b6c2ce8f) (TextureImporter) -> (artifact id: '208ed1611fbef3bead5c62e1e714640b') in 0.0037709 seconds
Refreshing native plugins compatible for Editor in 2.28 ms, found 4 plugins.
Preloading 0 native plugins for Editor in 0.00 ms.
Asset Pipeline Refresh (id=edeaed1de0a7e9e438c5a3ddcc2f911a): Total: 0.020 seconds - Initiated by StopAssetImportingV2(NoUpdateAssetOptions)
Start importing Assets/NoSafeCircle/DoorPrototype/Art/Wizard/Source/PixelLab/feminine-light/selected/walk/north-east/frame_001.png using Guid(0b38e0a077dc3b1408029a0f19061d3d) (TextureImporter) -> (artifact id: '639264ced225248c3ae1874a0a19d09a') in 0.0051107 seconds
Refreshing native plugins compatible for Editor in 2.13 ms, found 4 plugins.
Preloading 0 native plugins for Editor in 0.00 ms.
Asset Pipeline Refresh (id=e4aa4837b54084e4ab4c853d0dca7bfa): Total: 0.021 seconds - Initiated by StopAssetImportingV2(NoUpdateAssetOptions)
Start importing Assets/NoSafeCircle/DoorPrototype/Art/Wizard/Source/PixelLab/feminine-light/selected/walk/north-east/frame_001.png using Guid(0b38e0a077dc3b1408029a0f19061d3d) (TextureImporter) -> (artifact id: '639264ced225248c3ae1874a0a19d09a') in 0.0039877 seconds
Refreshing native plugins compatible for Editor in 2.49 ms, found 4 plugins.
Preloading 0 native plugins for Editor in 0.00 ms.
Asset Pipeline Refresh (id=f297adbe123b5e645b1cb64cbce88fee): Total: 0.022 seconds - Initiated by StopAssetImportingV2(NoUpdateAssetOptions)
Start importing Assets/NoSafeCircle/DoorPrototype/Art/Wizard/Source/PixelLab/feminine-light/selected/walk/north-east/frame_002.png using Guid(55a241624c68fcd45a57295365306560) (TextureImporter) -> (artifact id: '0d2a77a015fe29daf1be9e68b5ae375b') in 0.0039281 seconds
Refreshing native plugins compatible for Editor in 2.16 ms, found 4 plugins.
Preloading 0 native plugins for Editor in 0.00 ms.
Asset Pipeline Refresh (id=ff8cbf72012f3414ab76e063e94e3c1d): Total: 0.019 seconds - Initiated by StopAssetImportingV2(NoUpdateAssetOptions)
Start importing Assets/NoSafeCircle/DoorPrototype/Art/Wizard/Source/PixelLab/feminine-light/selected/walk/north-east/frame_002.png using Guid(55a241624c68fcd45a57295365306560) (TextureImporter) -> (artifact id: '0d2a77a015fe29daf1be9e68b5ae375b') in 0.0036876 seconds
Refreshing native plugins compatible for Editor in 1.81 ms, found 4 plugins.
Preloading 0 native plugins for Editor in 0.00 ms.
Asset Pipeline Refresh (id=ad65478f90f904f44a3fa5a850f0b100): Total: 0.019 seconds - Initiated by StopAssetImportingV2(NoUpdateAssetOptions)
Start importing Assets/NoSafeCircle/DoorPrototype/Art/Wizard/Source/PixelLab/feminine-light/selected/walk/north-east/frame_003.png using Guid(1bf1f3a6449a11a4aacaef706b06cae9) (TextureImporter) -> (artifact id: '5ffa5d227f9b81d826ce534e5f436be4') in 0.0039456 seconds
Refreshing native plugins compatible for Editor in 2.17 ms, found 4 plugins.
Preloading 0 native plugins for Editor in 0.00 ms.
Asset Pipeline Refresh (id=51531f49154e09d43960e2eb7cddec63): Total: 0.019 seconds - Initiated by StopAssetImportingV2(NoUpdateAssetOptions)
Start importing Assets/NoSafeCircle/DoorPrototype/Art/Wizard/Source/PixelLab/feminine-light/selected/walk/north-east/frame_003.png using Guid(1bf1f3a6449a11a4aacaef706b06cae9) (TextureImporter) -> (artifact id: '5ffa5d227f9b81d826ce534e5f436be4') in 0.003539 seconds
Refreshing native plugins compatible for Editor in 1.88 ms, found 4 plugins.
Preloading 0 native plugins for Editor in 0.00 ms.
Asset Pipeline Refresh (id=357e03a4067b3d042b0d7aae75f9fbb5): Total: 0.019 seconds - Initiated by StopAssetImportingV2(NoUpdateAssetOptions)
Start importing Assets/NoSafeCircle/DoorPrototype/Art/Wizard/Source/PixelLab/feminine-light/selected/walk/north-east/frame_004.png using Guid(03aa8d83ae4e8ea40881b62cef75f623) (TextureImporter) -> (artifact id: 'b4ee58f8d7918e29dca1bedaf2ed8c38') in 0.003841 seconds
Refreshing native plugins compatible for Editor in 2.01 ms, found 4 plugins.
Preloading 0 native plugins for Editor in 0.00 ms.
Asset Pipeline Refresh (id=a77024873973f704da052461730cc6dd): Total: 0.019 seconds - Initiated by StopAssetImportingV2(NoUpdateAssetOptions)
Start importing Assets/NoSafeCircle/DoorPrototype/Art/Wizard/Source/PixelLab/feminine-light/selected/walk/north-east/frame_004.png using Guid(03aa8d83ae4e8ea40881b62cef75f623) (TextureImporter) -> (artifact id: 'b4ee58f8d7918e29dca1bedaf2ed8c38') in 0.0039091 seconds
Refreshing native plugins compatible for Editor in 2.94 ms, found 4 plugins.
Preloading 0 native plugins for Editor in 0.00 ms.
Asset Pipeline Refresh (id=4edf109962b22bd49a6786001dacefaf): Total: 0.022 seconds - Initiated by StopAssetImportingV2(NoUpdateAssetOptions)
Start importing Assets/NoSafeCircle/DoorPrototype/Art/Wizard/Source/PixelLab/feminine-light/selected/walk/north-east/frame_005.png using Guid(1e60c61dcabe1a243a7d6d7b823bdee0) (TextureImporter) -> (artifact id: '089f6eb04871c6b6ddbd6615afa53524') in 0.0046552 seconds
Refreshing native plugins compatible for Editor in 2.03 ms, found 4 plugins.
Preloading 0 native plugins for Editor in 0.00 ms.
Asset Pipeline Refresh (id=6073601de81dbc047bb6418dd4e3fd34): Total: 0.020 seconds - Initiated by StopAssetImportingV2(NoUpdateAssetOptions)
Start importing Assets/NoSafeCircle/DoorPrototype/Art/Wizard/Source/PixelLab/feminine-light/selected/walk/north-east/frame_005.png using Guid(1e60c61dcabe1a243a7d6d7b823bdee0) (TextureImporter) -> (artifact id: '089f6eb04871c6b6ddbd6615afa53524') in 0.0038356 seconds
Refreshing native plugins compatible for Editor in 2.10 ms, found 4 plugins.
Preloading 0 native plugins for Editor in 0.00 ms.
Asset Pipeline Refresh (id=df69dbb3c847de14bbed944df8bc97d7): Total: 0.022 seconds - Initiated by StopAssetImportingV2(NoUpdateAssetOptions)
Start importing Assets/NoSafeCircle/DoorPrototype/Art/Wizard/Generated/Wizard_Feminine_White_walk_north-east.anim using Guid(8082b591b68e5ef4a89905d20d9d0c4c) (NativeFormatImporter) -> (artifact id: '2a2ef3a424614781db0d0c7796065477') in 0.0030265 seconds
Refreshing native plugins compatible for Editor in 2.10 ms, found 4 plugins.
Preloading 0 native plugins for Editor in 0.00 ms.
Asset Pipeline Refresh (id=516e1b37b09142c4ca2d0e313e75c4f1): Total: 0.018 seconds - Initiated by StopAssetImportingV2(NoUpdateAssetOptions)
Start importing Assets/NoSafeCircle/DoorPrototype/Art/Wizard/Source/PixelLab/feminine-light/selected/standing/east.png using Guid(bc7e4d4b177892d468986d5ff6f53ba4) (TextureImporter) -> (artifact id: 'b6216376bd6583f03583b438ec5d7c3e') in 0.0048843 seconds
Refreshing native plugins compatible for Editor in 2.22 ms, found 4 plugins.
Preloading 0 native plugins for Editor in 0.00 ms.
Asset Pipeline Refresh (id=50dc8873281cd48499f837b38aff9b92): Total: 0.030 seconds - Initiated by StopAssetImportingV2(NoUpdateAssetOptions)
Start importing Assets/NoSafeCircle/DoorPrototype/Art/Wizard/Source/PixelLab/feminine-light/selected/standing/east.png using Guid(bc7e4d4b177892d468986d5ff6f53ba4) (TextureImporter) -> (artifact id: 'b6216376bd6583f03583b438ec5d7c3e') in 0.0052105 seconds
Refreshing native plugins compatible for Editor in 2.26 ms, found 4 plugins.
Preloading 0 native plugins for Editor in 0.00 ms.
Asset Pipeline Refresh (id=4bf1a68a4b86a3141a83a5f66b396b14): Total: 0.023 seconds - Initiated by StopAssetImportingV2(NoUpdateAssetOptions)
Start importing Assets/NoSafeCircle/DoorPrototype/Art/Wizard/Generated/Wizard_Feminine_White_idle_east.anim using Guid(fb77f2f728e731e4eaa594b8adc9e1a5) (NativeFormatImporter) -> (artifact id: 'f48a12b47dfd580cafba5fbc8cfe0e2c') in 0.0020432 seconds
Refreshing native plugins compatible for Editor in 2.00 ms, found 4 plugins.
Preloading 0 native plugins for Editor in 0.00 ms.
Asset Pipeline Refresh (id=7ba690832c7783c48bd81728a5a61cf8): Total: 0.018 seconds - Initiated by StopAssetImportingV2(NoUpdateAssetOptions)
Start importing Assets/NoSafeCircle/DoorPrototype/Art/Wizard/Source/PixelLab/feminine-light/selected/walk/east/frame_000.png using Guid(3463b566e314abdb58429e9a227a8cbc) (TextureImporter) -> (artifact id: '8c6b7a27278fe0009ee848f8ab9317cd') in 0.004544 seconds
Refreshing native plugins compatible for Editor in 3.21 ms, found 4 plugins.
Preloading 0 native plugins for Editor in 0.00 ms.
Asset Pipeline Refresh (id=a67b1f0b0b15c064fa340a472acb707d): Total: 0.020 seconds - Initiated by StopAssetImportingV2(NoUpdateAssetOptions)
Start importing Assets/NoSafeCircle/DoorPrototype/Art/Wizard/Source/PixelLab/feminine-light/selected/walk/east/frame_000.png using Guid(3463b566e314abdb58429e9a227a8cbc) (TextureImporter) -> (artifact id: '8c6b7a27278fe0009ee848f8ab9317cd') in 0.0038691 seconds
Refreshing native plugins compatible for Editor in 2.42 ms, found 4 plugins.
Preloading 0 native plugins for Editor in 0.00 ms.
Asset Pipeline Refresh (id=596a67dd5b1c8314c9fc60549d0df09a): Total: 0.023 seconds - Initiated by StopAssetImportingV2(NoUpdateAssetOptions)
Start importing Assets/NoSafeCircle/DoorPrototype/Art/Wizard/Source/PixelLab/feminine-light/selected/walk/east/frame_001.png using Guid(eecb1542390e0e97a12677a8902b3318) (TextureImporter) -> (artifact id: 'c62fcb63e886e0924497f900193a1be9') in 0.0050696 seconds
Refreshing native plugins compatible for Editor in 1.97 ms, found 4 plugins.
Preloading 0 native plugins for Editor in 0.00 ms.
Asset Pipeline Refresh (id=d8e3919285cf45040abd1ba13404ab97): Total: 0.020 seconds - Initiated by StopAssetImportingV2(NoUpdateAssetOptions)
Start importing Assets/NoSafeCircle/DoorPrototype/Art/Wizard/Source/PixelLab/feminine-light/selected/walk/east/frame_001.png using Guid(eecb1542390e0e97a12677a8902b3318) (TextureImporter) -> (artifact id: 'c62fcb63e886e0924497f900193a1be9') in 0.0051321 seconds
Refreshing native plugins compatible for Editor in 2.44 ms, found 4 plugins.
Preloading 0 native plugins for Editor in 0.00 ms.
Asset Pipeline Refresh (id=626d002c63e045e4a8dee59f94c883f4): Total: 0.021 seconds - Initiated by StopAssetImportingV2(NoUpdateAssetOptions)
Start importing Assets/NoSafeCircle/DoorPrototype/Art/Wizard/Source/PixelLab/feminine-light/selected/walk/east/frame_002.png using Guid(6b35729f5df238e5b12c1bea369c29cc) (TextureImporter) -> (artifact id: 'fde348b4309bdbb4ba5bedf24946f0d1') in 0.0052026 seconds
Refreshing native plugins compatible for Editor in 2.01 ms, found 4 plugins.
Preloading 0 native plugins for Editor in 0.00 ms.
Asset Pipeline Refresh (id=3b7dbaddabf998e4996fe9206de841e6): Total: 0.022 seconds - Initiated by StopAssetImportingV2(NoUpdateAssetOptions)
Start importing Assets/NoSafeCircle/DoorPrototype/Art/Wizard/Source/PixelLab/feminine-light/selected/walk/east/frame_002.png using Guid(6b35729f5df238e5b12c1bea369c29cc) (TextureImporter) -> (artifact id: 'fde348b4309bdbb4ba5bedf24946f0d1') in 0.0042779 seconds
Refreshing native plugins compatible for Editor in 2.26 ms, found 4 plugins.
Preloading 0 native plugins for Editor in 0.00 ms.
Asset Pipeline Refresh (id=87f742714af2f3b489e66f3e10e38d94): Total: 0.020 seconds - Initiated by StopAssetImportingV2(NoUpdateAssetOptions)
Start importing Assets/NoSafeCircle/DoorPrototype/Art/Wizard/Source/PixelLab/feminine-light/selected/walk/east/frame_003.png using Guid(754639718611e7a62c979efb305c5a11) (TextureImporter) -> (artifact id: 'b39df205499d2efd77d655dc22fa132b') in 0.0040896 seconds
Refreshing native plugins compatible for Editor in 2.19 ms, found 4 plugins.
Preloading 0 native plugins for Editor in 0.00 ms.
Asset Pipeline Refresh (id=20ab6c514671c9b4aa1a2247b030125c): Total: 0.023 seconds - Initiated by StopAssetImportingV2(NoUpdateAssetOptions)
Start importing Assets/NoSafeCircle/DoorPrototype/Art/Wizard/Source/PixelLab/feminine-light/selected/walk/east/frame_003.png using Guid(754639718611e7a62c979efb305c5a11) (TextureImporter) -> (artifact id: 'b39df205499d2efd77d655dc22fa132b') in 0.0044572 seconds
Refreshing native plugins compatible for Editor in 2.17 ms, found 4 plugins.
Preloading 0 native plugins for Editor in 0.00 ms.
Asset Pipeline Refresh (id=6aa6ad7b4ca29d543874b1c1a2ebf6fe): Total: 0.020 seconds - Initiated by StopAssetImportingV2(NoUpdateAssetOptions)
Start importing Assets/NoSafeCircle/DoorPrototype/Art/Wizard/Source/PixelLab/feminine-light/selected/walk/east/frame_004.png using Guid(13dc2d8e253e9fae0d02c0e50596d4c3) (TextureImporter) -> (artifact id: 'bda40a4e5f6e76e8bfdd4b55fdc6627e') in 0.0041399 seconds
Refreshing native plugins compatible for Editor in 2.48 ms, found 4 plugins.
Preloading 0 native plugins for Editor in 0.00 ms.
Asset Pipeline Refresh (id=5f9c341a34ef25640b6f59731c04ffb1): Total: 0.023 seconds - Initiated by StopAssetImportingV2(NoUpdateAssetOptions)
Start importing Assets/NoSafeCircle/DoorPrototype/Art/Wizard/Source/PixelLab/feminine-light/selected/walk/east/frame_004.png using Guid(13dc2d8e253e9fae0d02c0e50596d4c3) (TextureImporter) -> (artifact id: 'bda40a4e5f6e76e8bfdd4b55fdc6627e') in 0.0045839 seconds
Refreshing native plugins compatible for Editor in 1.88 ms, found 4 plugins.
Preloading 0 native plugins for Editor in 0.00 ms.
Asset Pipeline Refresh (id=8fe78c9ba002b9148b577c320b87c398): Total: 0.021 seconds - Initiated by StopAssetImportingV2(NoUpdateAssetOptions)
Start importing Assets/NoSafeCircle/DoorPrototype/Art/Wizard/Source/PixelLab/feminine-light/selected/walk/east/frame_005.png using Guid(5ffc0e6d610a53c770f68c70a07ef9b2) (TextureImporter) -> (artifact id: '1d126802f91fb792c33c24f13d1a4a9a') in 0.0044386 seconds
Refreshing native plugins compatible for Editor in 1.99 ms, found 4 plugins.
Preloading 0 native plugins for Editor in 0.00 ms.
Asset Pipeline Refresh (id=f44f02da23586ec48bc46b6dd7db38a6): Total: 0.021 seconds - Initiated by StopAssetImportingV2(NoUpdateAssetOptions)
Start importing Assets/NoSafeCircle/DoorPrototype/Art/Wizard/Source/PixelLab/feminine-light/selected/walk/east/frame_005.png using Guid(5ffc0e6d610a53c770f68c70a07ef9b2) (TextureImporter) -> (artifact id: '1d126802f91fb792c33c24f13d1a4a9a') in 0.0055606 seconds
Refreshing native plugins compatible for Editor in 2.90 ms, found 4 plugins.
Preloading 0 native plugins for Editor in 0.00 ms.
Asset Pipeline Refresh (id=a3ccf08710fb24e4db528bbf2d1369bb): Total: 0.022 seconds - Initiated by StopAssetImportingV2(NoUpdateAssetOptions)
Start importing Assets/NoSafeCircle/DoorPrototype/Art/Wizard/Generated/Wizard_Feminine_White_walk_east.anim using Guid(5256882748978af49933c0816bea7bbf) (NativeFormatImporter) -> (artifact id: 'c1058f72e3d1af775c34c4abce49d256') in 0.0022547 seconds
Refreshing native plugins compatible for Editor in 2.33 ms, found 4 plugins.
Preloading 0 native plugins for Editor in 0.00 ms.
Asset Pipeline Refresh (id=4db401b5f243d314094362f06c1c0289): Total: 0.019 seconds - Initiated by StopAssetImportingV2(NoUpdateAssetOptions)
Start importing Assets/NoSafeCircle/DoorPrototype/Art/Wizard/Source/PixelLab/feminine-light/selected/standing/south-east.png using Guid(1fb2dac316457be4bada3f5a5606f7df) (TextureImporter) -> (artifact id: '80e18e1cbc3415aefe5362a168679a27') in 0.005709 seconds
Refreshing native plugins compatible for Editor in 2.66 ms, found 4 plugins.
Preloading 0 native plugins for Editor in 0.00 ms.
Asset Pipeline Refresh (id=c599f522a5b63fb4895708f240f4d2f6): Total: 0.027 seconds - Initiated by StopAssetImportingV2(NoUpdateAssetOptions)
Start importing Assets/NoSafeCircle/DoorPrototype/Art/Wizard/Source/PixelLab/feminine-light/selected/standing/south-east.png using Guid(1fb2dac316457be4bada3f5a5606f7df) (TextureImporter) -> (artifact id: '80e18e1cbc3415aefe5362a168679a27') in 0.0079342 seconds
Refreshing native plugins compatible for Editor in 1.99 ms, found 4 plugins.
Preloading 0 native plugins for Editor in 0.00 ms.
Asset Pipeline Refresh (id=4944dd420f580c749a16911e2d3214a4): Total: 0.027 seconds - Initiated by StopAssetImportingV2(NoUpdateAssetOptions)
Start importing Assets/NoSafeCircle/DoorPrototype/Art/Wizard/Generated/Wizard_Feminine_White_idle_south-east.anim using Guid(bbda5a9de6368bb45a82e03ca9d6d1db) (NativeFormatImporter) -> (artifact id: 'c573a7bc336f5f1c25fc0192f6db25a9') in 0.001805 seconds
Refreshing native plugins compatible for Editor in 2.31 ms, found 4 plugins.
Preloading 0 native plugins for Editor in 0.00 ms.
Asset Pipeline Refresh (id=b48783eda2f64ce4ea63c04bdf468c2f): Total: 0.022 seconds - Initiated by StopAssetImportingV2(NoUpdateAssetOptions)
Start importing Assets/NoSafeCircle/DoorPrototype/Art/Wizard/Source/PixelLab/feminine-light/selected/walk/south-east/frame_000.png using Guid(976a04156ad0de54d8d7002c8f52312b) (TextureImporter) -> (artifact id: '5d693dfef4c81979ad85a24d42f5ec3b') in 0.0045844 seconds
Refreshing native plugins compatible for Editor in 2.17 ms, found 4 plugins.
Preloading 0 native plugins for Editor in 0.00 ms.
Asset Pipeline Refresh (id=ae33f6b7e77be6d41bd6bea134105ae9): Total: 0.021 seconds - Initiated by StopAssetImportingV2(NoUpdateAssetOptions)
Start importing Assets/NoSafeCircle/DoorPrototype/Art/Wizard/Source/PixelLab/feminine-light/selected/walk/south-east/frame_000.png using Guid(976a04156ad0de54d8d7002c8f52312b) (TextureImporter) -> (artifact id: '5d693dfef4c81979ad85a24d42f5ec3b') in 0.0037812 seconds
Refreshing native plugins compatible for Editor in 2.11 ms, found 4 plugins.
Preloading 0 native plugins for Editor in 0.00 ms.
Asset Pipeline Refresh (id=93d6e6940a2088549a96ed0dcaec5245): Total: 0.021 seconds - Initiated by StopAssetImportingV2(NoUpdateAssetOptions)
Start importing Assets/NoSafeCircle/DoorPrototype/Art/Wizard/Source/PixelLab/feminine-light/selected/walk/south-east/frame_001.png using Guid(36a12f4dfea3eda4ea0aa0ccfc4aecdd) (TextureImporter) -> (artifact id: '1e578f946117151b735e93725a1a61b5') in 0.0054965 seconds
Refreshing native plugins compatible for Editor in 2.17 ms, found 4 plugins.
Preloading 0 native plugins for Editor in 0.00 ms.
Asset Pipeline Refresh (id=73a6661c7666c914ca26ba1014800f21): Total: 0.032 seconds - Initiated by StopAssetImportingV2(NoUpdateAssetOptions)
Start importing Assets/NoSafeCircle/DoorPrototype/Art/Wizard/Source/PixelLab/feminine-light/selected/walk/south-east/frame_001.png using Guid(36a12f4dfea3eda4ea0aa0ccfc4aecdd) (TextureImporter) -> (artifact id: '1e578f946117151b735e93725a1a61b5') in 0.0048684 seconds
Refreshing native plugins compatible for Editor in 2.24 ms, found 4 plugins.
Preloading 0 native plugins for Editor in 0.00 ms.
Asset Pipeline Refresh (id=ef32d7648dddc6449a80d36336f2b528): Total: 0.023 seconds - Initiated by StopAssetImportingV2(NoUpdateAssetOptions)
Start importing Assets/NoSafeCircle/DoorPrototype/Art/Wizard/Source/PixelLab/feminine-light/selected/walk/south-east/frame_002.png using Guid(d5c9bb0fcd2881643ad42d6490cdbb2f) (TextureImporter) -> (artifact id: 'b0779ed1c55f58cbe2bd52efd2a0aafa') in 0.0043053 seconds
Refreshing native plugins compatible for Editor in 2.06 ms, found 4 plugins.
Preloading 0 native plugins for Editor in 0.00 ms.
Asset Pipeline Refresh (id=ab10b511fb99c33418465fae97a3c2b7): Total: 0.020 seconds - Initiated by StopAssetImportingV2(NoUpdateAssetOptions)
Start importing Assets/NoSafeCircle/DoorPrototype/Art/Wizard/Source/PixelLab/feminine-light/selected/walk/south-east/frame_002.png using Guid(d5c9bb0fcd2881643ad42d6490cdbb2f) (TextureImporter) -> (artifact id: 'b0779ed1c55f58cbe2bd52efd2a0aafa') in 0.0043247 seconds
Refreshing native plugins compatible for Editor in 3.84 ms, found 4 plugins.
Preloading 0 native plugins for Editor in 0.00 ms.
Asset Pipeline Refresh (id=3a240aeb9fa178c4195c37600f1d4cc5): Total: 0.024 seconds - Initiated by StopAssetImportingV2(NoUpdateAssetOptions)
Start importing Assets/NoSafeCircle/DoorPrototype/Art/Wizard/Source/PixelLab/feminine-light/selected/walk/south-east/frame_003.png using Guid(7735190ab7b7ad24f9f00fdcda06ce21) (TextureImporter) -> (artifact id: 'fa30300d397ef25557d7b0b67ec468a6') in 0.0053297 seconds
Refreshing native plugins compatible for Editor in 2.87 ms, found 4 plugins.
Preloading 0 native plugins for Editor in 0.00 ms.
Asset Pipeline Refresh (id=1240806d4a7c54a4bac52631295d3c2a): Total: 0.028 seconds - Initiated by StopAssetImportingV2(NoUpdateAssetOptions)
Start importing Assets/NoSafeCircle/DoorPrototype/Art/Wizard/Source/PixelLab/feminine-light/selected/walk/south-east/frame_003.png using Guid(7735190ab7b7ad24f9f00fdcda06ce21) (TextureImporter) -> (artifact id: 'fa30300d397ef25557d7b0b67ec468a6') in 0.0038644 seconds
Refreshing native plugins compatible for Editor in 1.92 ms, found 4 plugins.
Preloading 0 native plugins for Editor in 0.00 ms.
Asset Pipeline Refresh (id=f363f4166d2642c458f7417ab332e1dd): Total: 0.021 seconds - Initiated by StopAssetImportingV2(NoUpdateAssetOptions)
Start importing Assets/NoSafeCircle/DoorPrototype/Art/Wizard/Source/PixelLab/feminine-light/selected/walk/south-east/frame_004.png using Guid(0ebf9a95e19be54498ed3f815cf1bce4) (TextureImporter) -> (artifact id: 'bf9f62394ea26582689b0783cacb19e1') in 0.0048757 seconds
Refreshing native plugins compatible for Editor in 2.00 ms, found 4 plugins.
Preloading 0 native plugins for Editor in 0.00 ms.
Asset Pipeline Refresh (id=07d51b18fc882454f87ccf36fd83142f): Total: 0.021 seconds - Initiated by StopAssetImportingV2(NoUpdateAssetOptions)
Start importing Assets/NoSafeCircle/DoorPrototype/Art/Wizard/Source/PixelLab/feminine-light/selected/walk/south-east/frame_004.png using Guid(0ebf9a95e19be54498ed3f815cf1bce4) (TextureImporter) -> (artifact id: 'bf9f62394ea26582689b0783cacb19e1') in 0.0038924 seconds
Refreshing native plugins compatible for Editor in 1.98 ms, found 4 plugins.
Preloading 0 native plugins for Editor in 0.00 ms.
Asset Pipeline Refresh (id=7056fd26a21503641bdde42fc7f1eeb1): Total: 0.021 seconds - Initiated by StopAssetImportingV2(NoUpdateAssetOptions)
Start importing Assets/NoSafeCircle/DoorPrototype/Art/Wizard/Source/PixelLab/feminine-light/selected/walk/south-east/frame_005.png using Guid(28e4eaa2bf37ba54aafb34db68d6e60a) (TextureImporter) -> (artifact id: '068fc989317579e077e68a26fa7737e5') in 0.0042336 seconds
Refreshing native plugins compatible for Editor in 1.89 ms, found 4 plugins.
Preloading 0 native plugins for Editor in 0.00 ms.
Asset Pipeline Refresh (id=8c33e7d428674b143a4d64dc1e5baabc): Total: 0.020 seconds - Initiated by StopAssetImportingV2(NoUpdateAssetOptions)
Start importing Assets/NoSafeCircle/DoorPrototype/Art/Wizard/Source/PixelLab/feminine-light/selected/walk/south-east/frame_005.png using Guid(28e4eaa2bf37ba54aafb34db68d6e60a) (TextureImporter) -> (artifact id: '068fc989317579e077e68a26fa7737e5') in 0.0037176 seconds
Refreshing native plugins compatible for Editor in 2.25 ms, found 4 plugins.
Preloading 0 native plugins for Editor in 0.00 ms.
Asset Pipeline Refresh (id=507b4ad6028e2b949a878a9806c89863): Total: 0.021 seconds - Initiated by StopAssetImportingV2(NoUpdateAssetOptions)
Start importing Assets/NoSafeCircle/DoorPrototype/Art/Wizard/Generated/Wizard_Feminine_White_walk_south-east.anim using Guid(f54a6762bb01e2b4694a7bdbb61dd759) (NativeFormatImporter) -> (artifact id: '7c0df26bf41748d78714baf66d4d90a6') in 0.0021147 seconds
Refreshing native plugins compatible for Editor in 1.77 ms, found 4 plugins.
Preloading 0 native plugins for Editor in 0.00 ms.
Asset Pipeline Refresh (id=c4108cba2d287ad46aef1d225239183a): Total: 0.017 seconds - Initiated by StopAssetImportingV2(NoUpdateAssetOptions)
Start importing Assets/NoSafeCircle/DoorPrototype/Art/Wizard/Source/PixelLab/feminine-light/selected/standing/south.png using Guid(910f6f5068b180b4d8ff24012fa1b10e) (TextureImporter) -> (artifact id: '7baebb4b1f364d7c80b0f04c338f02ed') in 0.0057343 seconds
Refreshing native plugins compatible for Editor in 2.29 ms, found 4 plugins.
Preloading 0 native plugins for Editor in 0.00 ms.
Asset Pipeline Refresh (id=4ba7bc9146e24354ea9de3347d6c012a): Total: 0.023 seconds - Initiated by StopAssetImportingV2(NoUpdateAssetOptions)
Start importing Assets/NoSafeCircle/DoorPrototype/Art/Wizard/Source/PixelLab/feminine-light/selected/standing/south.png using Guid(910f6f5068b180b4d8ff24012fa1b10e) (TextureImporter) -> (artifact id: '7baebb4b1f364d7c80b0f04c338f02ed') in 0.0060469 seconds
Refreshing native plugins compatible for Editor in 2.70 ms, found 4 plugins.
Preloading 0 native plugins for Editor in 0.00 ms.
Asset Pipeline Refresh (id=da6e7f60dd5beba46b4ab3deaa41f147): Total: 0.028 seconds - Initiated by StopAssetImportingV2(NoUpdateAssetOptions)
Start importing Assets/NoSafeCircle/DoorPrototype/Art/Wizard/Generated/Wizard_Feminine_White_idle_south.anim using Guid(0ac68c20cc00783419e1458e5ce7f6fc) (NativeFormatImporter) -> (artifact id: 'db8606ffbe9d8a41a3fbc5b517ae5ac1') in 0.0032162 seconds
Refreshing native plugins compatible for Editor in 1.90 ms, found 4 plugins.
Preloading 0 native plugins for Editor in 0.00 ms.
Asset Pipeline Refresh (id=3ef258a6ba09bb545b7ab877c70944c4): Total: 0.020 seconds - Initiated by StopAssetImportingV2(NoUpdateAssetOptions)
Start importing Assets/NoSafeCircle/DoorPrototype/Art/Wizard/Source/PixelLab/feminine-light/selected/walk/south/frame_000.png using Guid(098223b733d01b7ec5d1b41bd1e74578) (TextureImporter) -> (artifact id: 'f351ef636b08fd2cc9d2a2925e78802e') in 0.0038872 seconds
Refreshing native plugins compatible for Editor in 1.99 ms, found 4 plugins.
Preloading 0 native plugins for Editor in 0.00 ms.
Asset Pipeline Refresh (id=447a1f02f8c3ce2468462fc63893f2bb): Total: 0.019 seconds - Initiated by StopAssetImportingV2(NoUpdateAssetOptions)
Start importing Assets/NoSafeCircle/DoorPrototype/Art/Wizard/Source/PixelLab/feminine-light/selected/walk/south/frame_000.png using Guid(098223b733d01b7ec5d1b41bd1e74578) (TextureImporter) -> (artifact id: 'f351ef636b08fd2cc9d2a2925e78802e') in 0.0047672 seconds
Refreshing native plugins compatible for Editor in 2.15 ms, found 4 plugins.
Preloading 0 native plugins for Editor in 0.00 ms.
Asset Pipeline Refresh (id=c19a1e48debfd5547854e6139bd62f2b): Total: 0.021 seconds - Initiated by StopAssetImportingV2(NoUpdateAssetOptions)
Start importing Assets/NoSafeCircle/DoorPrototype/Art/Wizard/Source/PixelLab/feminine-light/selected/walk/south/frame_001.png using Guid(ff3ed084d9da877b58b01ba834ae97ce) (TextureImporter) -> (artifact id: 'feea113b1b23d65cad0c8ee55da3a966') in 0.0055047 seconds
Refreshing native plugins compatible for Editor in 2.05 ms, found 4 plugins.
Preloading 0 native plugins for Editor in 0.00 ms.
Asset Pipeline Refresh (id=670f2eddd4b4e894794c1f994e30bd27): Total: 0.022 seconds - Initiated by StopAssetImportingV2(NoUpdateAssetOptions)
Start importing Assets/NoSafeCircle/DoorPrototype/Art/Wizard/Source/PixelLab/feminine-light/selected/walk/south/frame_001.png using Guid(ff3ed084d9da877b58b01ba834ae97ce) (TextureImporter) -> (artifact id: 'feea113b1b23d65cad0c8ee55da3a966') in 0.0040911 seconds
Refreshing native plugins compatible for Editor in 2.00 ms, found 4 plugins.
Preloading 0 native plugins for Editor in 0.00 ms.
Asset Pipeline Refresh (id=a784f8bdc781b894eb3959c50e5730f2): Total: 0.020 seconds - Initiated by StopAssetImportingV2(NoUpdateAssetOptions)
Start importing Assets/NoSafeCircle/DoorPrototype/Art/Wizard/Source/PixelLab/feminine-light/selected/walk/south/frame_002.png using Guid(ce65773fea7b972fb2b2d7cec9bfc64a) (TextureImporter) -> (artifact id: '2ee277e21a2815fc861c13327f043188') in 0.0041461 seconds
Refreshing native plugins compatible for Editor in 1.82 ms, found 4 plugins.
Preloading 0 native plugins for Editor in 0.00 ms.
Asset Pipeline Refresh (id=7e50d3e2b23f0a741beb84837466bf19): Total: 0.020 seconds - Initiated by StopAssetImportingV2(NoUpdateAssetOptions)
Start importing Assets/NoSafeCircle/DoorPrototype/Art/Wizard/Source/PixelLab/feminine-light/selected/walk/south/frame_002.png using Guid(ce65773fea7b972fb2b2d7cec9bfc64a) (TextureImporter) -> (artifact id: '2ee277e21a2815fc861c13327f043188') in 0.0040156 seconds
Refreshing native plugins compatible for Editor in 1.75 ms, found 4 plugins.
Preloading 0 native plugins for Editor in 0.00 ms.
Asset Pipeline Refresh (id=f11ae6e57a030064dae9e223959feda9): Total: 0.019 seconds - Initiated by StopAssetImportingV2(NoUpdateAssetOptions)
Start importing Assets/NoSafeCircle/DoorPrototype/Art/Wizard/Source/PixelLab/feminine-light/selected/walk/south/frame_003.png using Guid(40028884d90fcca5f8c7e3c3da0a2eb1) (TextureImporter) -> (artifact id: '983d5a202b000bd775711f1909672868') in 0.0074874 seconds
Refreshing native plugins compatible for Editor in 2.14 ms, found 4 plugins.
Preloading 0 native plugins for Editor in 0.00 ms.
Asset Pipeline Refresh (id=d73c63294647be34cabe9fba84e43a1b): Total: 0.027 seconds - Initiated by StopAssetImportingV2(NoUpdateAssetOptions)
Start importing Assets/NoSafeCircle/DoorPrototype/Art/Wizard/Source/PixelLab/feminine-light/selected/walk/south/frame_003.png using Guid(40028884d90fcca5f8c7e3c3da0a2eb1) (TextureImporter) -> (artifact id: '983d5a202b000bd775711f1909672868') in 0.0040413 seconds
Refreshing native plugins compatible for Editor in 2.34 ms, found 4 plugins.
Preloading 0 native plugins for Editor in 0.00 ms.
Asset Pipeline Refresh (id=a973d144db270d94bb04dc3692d50707): Total: 0.021 seconds - Initiated by StopAssetImportingV2(NoUpdateAssetOptions)
Start importing Assets/NoSafeCircle/DoorPrototype/Art/Wizard/Source/PixelLab/feminine-light/selected/walk/south/frame_004.png using Guid(fb5d15fc5481b6d083f8c0a022de423e) (TextureImporter) -> (artifact id: 'f4e026776c396a6a9d80f3d5d2af9c6b') in 0.0052198 seconds
Refreshing native plugins compatible for Editor in 2.17 ms, found 4 plugins.
Preloading 0 native plugins for Editor in 0.00 ms.
Asset Pipeline Refresh (id=6103aa4babc7a8e49831632b1e0f5704): Total: 0.021 seconds - Initiated by StopAssetImportingV2(NoUpdateAssetOptions)
Start importing Assets/NoSafeCircle/DoorPrototype/Art/Wizard/Source/PixelLab/feminine-light/selected/walk/south/frame_004.png using Guid(fb5d15fc5481b6d083f8c0a022de423e) (TextureImporter) -> (artifact id: 'f4e026776c396a6a9d80f3d5d2af9c6b') in 0.0043872 seconds
Refreshing native plugins compatible for Editor in 1.96 ms, found 4 plugins.
Preloading 0 native plugins for Editor in 0.00 ms.
Asset Pipeline Refresh (id=637488c86b69e6946b8856ba2a1f3f05): Total: 0.020 seconds - Initiated by StopAssetImportingV2(NoUpdateAssetOptions)
Start importing Assets/NoSafeCircle/DoorPrototype/Art/Wizard/Source/PixelLab/feminine-light/selected/walk/south/frame_005.png using Guid(35bb6ad1765b89ea385d354345652a0b) (TextureImporter) -> (artifact id: '3410004b711c8d93775183b8de1a453f') in 0.0049515 seconds
Refreshing native plugins compatible for Editor in 2.67 ms, found 4 plugins.
Preloading 0 native plugins for Editor in 0.00 ms.
Asset Pipeline Refresh (id=729a90764f12d1b49ac7591d94021754): Total: 0.023 seconds - Initiated by StopAssetImportingV2(NoUpdateAssetOptions)
Start importing Assets/NoSafeCircle/DoorPrototype/Art/Wizard/Source/PixelLab/feminine-light/selected/walk/south/frame_005.png using Guid(35bb6ad1765b89ea385d354345652a0b) (TextureImporter) -> (artifact id: '3410004b711c8d93775183b8de1a453f') in 0.0047018 seconds
Refreshing native plugins compatible for Editor in 2.35 ms, found 4 plugins.
Preloading 0 native plugins for Editor in 0.00 ms.
Asset Pipeline Refresh (id=42f26de0a5b762849a12880ed67dad61): Total: 0.025 seconds - Initiated by StopAssetImportingV2(NoUpdateAssetOptions)
Start importing Assets/NoSafeCircle/DoorPrototype/Art/Wizard/Generated/Wizard_Feminine_White_walk_south.anim using Guid(fc7c6813f2493914695d19e37ce4b9f8) (NativeFormatImporter) -> (artifact id: 'b2ea601abba70169c85bd135dc3409c3') in 0.0036448 seconds
Refreshing native plugins compatible for Editor in 3.48 ms, found 4 plugins.
Preloading 0 native plugins for Editor in 0.00 ms.
Asset Pipeline Refresh (id=48a21b878923dde488e54bd3dc92823c): Total: 0.026 seconds - Initiated by StopAssetImportingV2(NoUpdateAssetOptions)
Start importing Assets/NoSafeCircle/DoorPrototype/Art/Wizard/Source/PixelLab/feminine-light/selected/standing/south-west.png using Guid(69675d2f21dcbf0408dc56b39566ad44) (TextureImporter) -> (artifact id: 'f5a27cd1e8f0e484b4b02d22cff5531b') in 0.0060042 seconds
Refreshing native plugins compatible for Editor in 3.40 ms, found 4 plugins.
Preloading 0 native plugins for Editor in 0.00 ms.
Asset Pipeline Refresh (id=907cc101873f5d941830889ab930a9d3): Total: 0.028 seconds - Initiated by StopAssetImportingV2(NoUpdateAssetOptions)
Start importing Assets/NoSafeCircle/DoorPrototype/Art/Wizard/Source/PixelLab/feminine-light/selected/standing/south-west.png using Guid(69675d2f21dcbf0408dc56b39566ad44) (TextureImporter) -> (artifact id: 'f5a27cd1e8f0e484b4b02d22cff5531b') in 0.0064732 seconds
Refreshing native plugins compatible for Editor in 3.00 ms, found 4 plugins.
Preloading 0 native plugins for Editor in 0.00 ms.
Asset Pipeline Refresh (id=99e43d1d586cac646bdb8d0bb4ee6612): Total: 0.031 seconds - Initiated by StopAssetImportingV2(NoUpdateAssetOptions)
Start importing Assets/NoSafeCircle/DoorPrototype/Art/Wizard/Generated/Wizard_Feminine_White_idle_south-west.anim using Guid(fa2edab4ad57a644397eccafb9507c05) (NativeFormatImporter) -> (artifact id: '54c2a60dca40b2e8462530143cd8351d') in 0.0024315 seconds
Refreshing native plugins compatible for Editor in 2.58 ms, found 4 plugins.
Preloading 0 native plugins for Editor in 0.00 ms.
Asset Pipeline Refresh (id=e357561b1f4a9b4439c1c16df572b155): Total: 0.023 seconds - Initiated by StopAssetImportingV2(NoUpdateAssetOptions)
Start importing Assets/NoSafeCircle/DoorPrototype/Art/Wizard/Source/PixelLab/feminine-light/selected/walk/south-west/frame_000.png using Guid(7051eb9ef52226946989500d6c536ec0) (TextureImporter) -> (artifact id: 'c642b226bc190e0373041942b3e375e5') in 0.0052792 seconds
Refreshing native plugins compatible for Editor in 3.56 ms, found 4 plugins.
Preloading 0 native plugins for Editor in 0.00 ms.
Asset Pipeline Refresh (id=915f8feb58c00af49880d83433d71bf3): Total: 0.027 seconds - Initiated by StopAssetImportingV2(NoUpdateAssetOptions)
Start importing Assets/NoSafeCircle/DoorPrototype/Art/Wizard/Source/PixelLab/feminine-light/selected/walk/south-west/frame_000.png using Guid(7051eb9ef52226946989500d6c536ec0) (TextureImporter) -> (artifact id: 'c642b226bc190e0373041942b3e375e5') in 0.0047139 seconds
Refreshing native plugins compatible for Editor in 2.22 ms, found 4 plugins.
Preloading 0 native plugins for Editor in 0.00 ms.
Asset Pipeline Refresh (id=0698bdc4d9b89884f8591c05986fab18): Total: 0.025 seconds - Initiated by StopAssetImportingV2(NoUpdateAssetOptions)
Start importing Assets/NoSafeCircle/DoorPrototype/Art/Wizard/Source/PixelLab/feminine-light/selected/walk/south-west/frame_001.png using Guid(829350b9940d51b4280d34867812cbcf) (TextureImporter) -> (artifact id: '263b0a961fe0a7e5428d7fbbd059c931') in 0.0046301 seconds
Refreshing native plugins compatible for Editor in 3.12 ms, found 4 plugins.
Preloading 0 native plugins for Editor in 0.00 ms.
Asset Pipeline Refresh (id=18a1311fa0ae41e4eac452cf22f048c8): Total: 0.025 seconds - Initiated by StopAssetImportingV2(NoUpdateAssetOptions)
Start importing Assets/NoSafeCircle/DoorPrototype/Art/Wizard/Source/PixelLab/feminine-light/selected/walk/south-west/frame_001.png using Guid(829350b9940d51b4280d34867812cbcf) (TextureImporter) -> (artifact id: '263b0a961fe0a7e5428d7fbbd059c931') in 0.0043468 seconds
Refreshing native plugins compatible for Editor in 2.04 ms, found 4 plugins.
Preloading 0 native plugins for Editor in 0.00 ms.
Asset Pipeline Refresh (id=8405dc402f8d6ed43977aee684cb7d6c): Total: 0.021 seconds - Initiated by StopAssetImportingV2(NoUpdateAssetOptions)
Start importing Assets/NoSafeCircle/DoorPrototype/Art/Wizard/Source/PixelLab/feminine-light/selected/walk/south-west/frame_002.png using Guid(5fd7ed3bb4dd132498ee0c1e910f20d4) (TextureImporter) -> (artifact id: 'adf51a5ddee22e509ec0ac12ef7bc45b') in 0.0048726 seconds
Refreshing native plugins compatible for Editor in 3.04 ms, found 4 plugins.
Preloading 0 native plugins for Editor in 0.00 ms.
Asset Pipeline Refresh (id=3c89688e3cf282649ab6d27e084fb425): Total: 0.024 seconds - Initiated by StopAssetImportingV2(NoUpdateAssetOptions)
Start importing Assets/NoSafeCircle/DoorPrototype/Art/Wizard/Source/PixelLab/feminine-light/selected/walk/south-west/frame_002.png using Guid(5fd7ed3bb4dd132498ee0c1e910f20d4) (TextureImporter) -> (artifact id: 'adf51a5ddee22e509ec0ac12ef7bc45b') in 0.0053048 seconds
Refreshing native plugins compatible for Editor in 1.92 ms, found 4 plugins.
Preloading 0 native plugins for Editor in 0.00 ms.
Asset Pipeline Refresh (id=2ba6ac33a2190574e86f35760b50ad56): Total: 0.024 seconds - Initiated by StopAssetImportingV2(NoUpdateAssetOptions)
Start importing Assets/NoSafeCircle/DoorPrototype/Art/Wizard/Source/PixelLab/feminine-light/selected/walk/south-west/frame_003.png using Guid(9b58399de27eb7e4ca2835b6ee0ab351) (TextureImporter) -> (artifact id: '140266b4970062238b7fb2540eccf883') in 0.0040261 seconds
Refreshing native plugins compatible for Editor in 2.98 ms, found 4 plugins.
Preloading 0 native plugins for Editor in 0.00 ms.
Asset Pipeline Refresh (id=0802d223a0c93b2449d1dde235c3a931): Total: 0.021 seconds - Initiated by StopAssetImportingV2(NoUpdateAssetOptions)
Start importing Assets/NoSafeCircle/DoorPrototype/Art/Wizard/Source/PixelLab/feminine-light/selected/walk/south-west/frame_003.png using Guid(9b58399de27eb7e4ca2835b6ee0ab351) (TextureImporter) -> (artifact id: '140266b4970062238b7fb2540eccf883') in 0.0042493 seconds
Refreshing native plugins compatible for Editor in 2.04 ms, found 4 plugins.
Preloading 0 native plugins for Editor in 0.00 ms.
Asset Pipeline Refresh (id=982be111d6f3bb64e9ddbf7fc29ef237): Total: 0.024 seconds - Initiated by StopAssetImportingV2(NoUpdateAssetOptions)
Start importing Assets/NoSafeCircle/DoorPrototype/Art/Wizard/Source/PixelLab/feminine-light/selected/walk/south-west/frame_004.png using Guid(ed5cea1de1090394aaf67a645de66f29) (TextureImporter) -> (artifact id: 'f1d0879e8ab9c0a76e4c8bc45f132ea0') in 0.0045182 seconds
Refreshing native plugins compatible for Editor in 2.06 ms, found 4 plugins.
Preloading 0 native plugins for Editor in 0.00 ms.
Asset Pipeline Refresh (id=5906fb7f1f44f3848aeeb14832498fde): Total: 0.023 seconds - Initiated by StopAssetImportingV2(NoUpdateAssetOptions)
Start importing Assets/NoSafeCircle/DoorPrototype/Art/Wizard/Source/PixelLab/feminine-light/selected/walk/south-west/frame_004.png using Guid(ed5cea1de1090394aaf67a645de66f29) (TextureImporter) -> (artifact id: 'f1d0879e8ab9c0a76e4c8bc45f132ea0') in 0.0038512 seconds
Refreshing native plugins compatible for Editor in 1.97 ms, found 4 plugins.
Preloading 0 native plugins for Editor in 0.00 ms.
Asset Pipeline Refresh (id=22b4af3121547d74f87d7e9c81db1854): Total: 0.021 seconds - Initiated by StopAssetImportingV2(NoUpdateAssetOptions)
Start importing Assets/NoSafeCircle/DoorPrototype/Art/Wizard/Source/PixelLab/feminine-light/selected/walk/south-west/frame_005.png using Guid(512b6e4e52dd7ff458348443ea8ea2ad) (TextureImporter) -> (artifact id: 'a9ed636b8159606b9ef991cc0fc1a4fc') in 0.0054241 seconds
Refreshing native plugins compatible for Editor in 2.19 ms, found 4 plugins.
Preloading 0 native plugins for Editor in 0.00 ms.
Asset Pipeline Refresh (id=79d081fc09f72104fb5e451fd10e4ad2): Total: 0.022 seconds - Initiated by StopAssetImportingV2(NoUpdateAssetOptions)
Start importing Assets/NoSafeCircle/DoorPrototype/Art/Wizard/Source/PixelLab/feminine-light/selected/walk/south-west/frame_005.png using Guid(512b6e4e52dd7ff458348443ea8ea2ad) (TextureImporter) -> (artifact id: 'a9ed636b8159606b9ef991cc0fc1a4fc') in 0.0044631 seconds
Refreshing native plugins compatible for Editor in 1.88 ms, found 4 plugins.
Preloading 0 native plugins for Editor in 0.00 ms.
Asset Pipeline Refresh (id=66bc3df81b5665c44b913df5113a295f): Total: 0.020 seconds - Initiated by StopAssetImportingV2(NoUpdateAssetOptions)
Start importing Assets/NoSafeCircle/DoorPrototype/Art/Wizard/Generated/Wizard_Feminine_White_walk_south-west.anim using Guid(ce4f2cf7f6f25e9418c755199a0badd5) (NativeFormatImporter) -> (artifact id: '1a2d36f9ae9d278bd3531c3699f82b44') in 0.0020025 seconds
Refreshing native plugins compatible for Editor in 2.30 ms, found 4 plugins.
Preloading 0 native plugins for Editor in 0.00 ms.
Asset Pipeline Refresh (id=c35379389abcb50459b69e2cf9b461e6): Total: 0.019 seconds - Initiated by StopAssetImportingV2(NoUpdateAssetOptions)
Start importing Assets/NoSafeCircle/DoorPrototype/Art/Wizard/Source/PixelLab/feminine-light/selected/standing/west.png using Guid(d3e076e1e7bf71646827412177215b56) (TextureImporter) -> (artifact id: 'ae6fb8b685348deb580dda82a386ea5a') in 0.0058799 seconds
Refreshing native plugins compatible for Editor in 2.12 ms, found 4 plugins.
Preloading 0 native plugins for Editor in 0.00 ms.
Asset Pipeline Refresh (id=bd5d53dad93c2db4a95adca8db94b646): Total: 0.025 seconds - Initiated by StopAssetImportingV2(NoUpdateAssetOptions)
Start importing Assets/NoSafeCircle/DoorPrototype/Art/Wizard/Source/PixelLab/feminine-light/selected/standing/west.png using Guid(d3e076e1e7bf71646827412177215b56) (TextureImporter) -> (artifact id: 'ae6fb8b685348deb580dda82a386ea5a') in 0.0050407 seconds
Refreshing native plugins compatible for Editor in 2.23 ms, found 4 plugins.
Preloading 0 native plugins for Editor in 0.00 ms.
Asset Pipeline Refresh (id=61395a80b9efe9b45852d2c646d118c6): Total: 0.023 seconds - Initiated by StopAssetImportingV2(NoUpdateAssetOptions)
Start importing Assets/NoSafeCircle/DoorPrototype/Art/Wizard/Generated/Wizard_Feminine_White_idle_west.anim using Guid(8e6f13d0786b5f348a17c782398048f1) (NativeFormatImporter) -> (artifact id: 'f5407805b14ae50d3cf3a1f36869360f') in 0.0020201 seconds
Refreshing native plugins compatible for Editor in 1.93 ms, found 4 plugins.
Preloading 0 native plugins for Editor in 0.00 ms.
Asset Pipeline Refresh (id=2b51f393933966247afa22b927495168): Total: 0.017 seconds - Initiated by StopAssetImportingV2(NoUpdateAssetOptions)
Start importing Assets/NoSafeCircle/DoorPrototype/Art/Wizard/Source/PixelLab/feminine-light/selected/walk/west/frame_000.png using Guid(7571d66acdceaee0b80636ce62822bdd) (TextureImporter) -> (artifact id: '4d3c5087cc1c85fe9007007cfd17c520') in 0.0046482 seconds
Refreshing native plugins compatible for Editor in 1.83 ms, found 4 plugins.
Preloading 0 native plugins for Editor in 0.00 ms.
Asset Pipeline Refresh (id=b52d2baadc62a3c43a7e52bda9c8e805): Total: 0.021 seconds - Initiated by StopAssetImportingV2(NoUpdateAssetOptions)
Start importing Assets/NoSafeCircle/DoorPrototype/Art/Wizard/Source/PixelLab/feminine-light/selected/walk/west/frame_000.png using Guid(7571d66acdceaee0b80636ce62822bdd) (TextureImporter) -> (artifact id: '4d3c5087cc1c85fe9007007cfd17c520') in 0.0038687 seconds
Refreshing native plugins compatible for Editor in 2.03 ms, found 4 plugins.
Preloading 0 native plugins for Editor in 0.00 ms.
Asset Pipeline Refresh (id=0ef00e9157ff2174a81d0df03f4eb052): Total: 0.021 seconds - Initiated by StopAssetImportingV2(NoUpdateAssetOptions)
Start importing Assets/NoSafeCircle/DoorPrototype/Art/Wizard/Source/PixelLab/feminine-light/selected/walk/west/frame_001.png using Guid(a88c0d3537007ca6094475cade0c7b6b) (TextureImporter) -> (artifact id: '54081266a63c03c004f213eccdc4ddb8') in 0.004584 seconds
Refreshing native plugins compatible for Editor in 1.97 ms, found 4 plugins.
Preloading 0 native plugins for Editor in 0.00 ms.
Asset Pipeline Refresh (id=2a5f2c21c528f28468fe260710052775): Total: 0.019 seconds - Initiated by StopAssetImportingV2(NoUpdateAssetOptions)
Start importing Assets/NoSafeCircle/DoorPrototype/Art/Wizard/Source/PixelLab/feminine-light/selected/walk/west/frame_001.png using Guid(a88c0d3537007ca6094475cade0c7b6b) (TextureImporter) -> (artifact id: '54081266a63c03c004f213eccdc4ddb8') in 0.0039503 seconds
Refreshing native plugins compatible for Editor in 1.84 ms, found 4 plugins.
Preloading 0 native plugins for Editor in 0.00 ms.
Asset Pipeline Refresh (id=f84f405df534d634a9d2ebe1455fbb2d): Total: 0.020 seconds - Initiated by StopAssetImportingV2(NoUpdateAssetOptions)
Start importing Assets/NoSafeCircle/DoorPrototype/Art/Wizard/Source/PixelLab/feminine-light/selected/walk/west/frame_002.png using Guid(645d422b88d88415f16c75822081ef2d) (TextureImporter) -> (artifact id: 'e2a5afc4717026f40a90b6bf15ce0b93') in 0.0042085 seconds
Refreshing native plugins compatible for Editor in 1.98 ms, found 4 plugins.
Preloading 0 native plugins for Editor in 0.00 ms.
Asset Pipeline Refresh (id=552d987ae6a54d24293b3c544eb43293): Total: 0.021 seconds - Initiated by StopAssetImportingV2(NoUpdateAssetOptions)
Start importing Assets/NoSafeCircle/DoorPrototype/Art/Wizard/Source/PixelLab/feminine-light/selected/walk/west/frame_002.png using Guid(645d422b88d88415f16c75822081ef2d) (TextureImporter) -> (artifact id: 'e2a5afc4717026f40a90b6bf15ce0b93') in 0.0047446 seconds
Refreshing native plugins compatible for Editor in 1.90 ms, found 4 plugins.
Preloading 0 native plugins for Editor in 0.00 ms.
Asset Pipeline Refresh (id=c541664a813eba444a6735f081b0380b): Total: 0.021 seconds - Initiated by StopAssetImportingV2(NoUpdateAssetOptions)
Start importing Assets/NoSafeCircle/DoorPrototype/Art/Wizard/Source/PixelLab/feminine-light/selected/walk/west/frame_003.png using Guid(150fa2eef9161aad547e1996eb6d5d35) (TextureImporter) -> (artifact id: 'c230aaab8a54e1361cd4e4052a89cae1') in 0.0045632 seconds
Refreshing native plugins compatible for Editor in 1.89 ms, found 4 plugins.
Preloading 0 native plugins for Editor in 0.00 ms.
Asset Pipeline Refresh (id=44a340f20634cb04da15cfa96dd1f3fd): Total: 0.021 seconds - Initiated by StopAssetImportingV2(NoUpdateAssetOptions)
Start importing Assets/NoSafeCircle/DoorPrototype/Art/Wizard/Source/PixelLab/feminine-light/selected/walk/west/frame_003.png using Guid(150fa2eef9161aad547e1996eb6d5d35) (TextureImporter) -> (artifact id: 'c230aaab8a54e1361cd4e4052a89cae1') in 0.0046613 seconds
Refreshing native plugins compatible for Editor in 2.60 ms, found 4 plugins.
Preloading 0 native plugins for Editor in 0.00 ms.
Asset Pipeline Refresh (id=2111ebe4a94234441838c17eaf0cfd60): Total: 0.021 seconds - Initiated by StopAssetImportingV2(NoUpdateAssetOptions)
Start importing Assets/NoSafeCircle/DoorPrototype/Art/Wizard/Source/PixelLab/feminine-light/selected/walk/west/frame_004.png using Guid(d7ac587fea5c81057a262992887c3961) (TextureImporter) -> (artifact id: '9965a21ba34fc6dd745bc1bf8e1bdb4a') in 0.0041393 seconds
Refreshing native plugins compatible for Editor in 2.30 ms, found 4 plugins.
Preloading 0 native plugins for Editor in 0.00 ms.
Asset Pipeline Refresh (id=35cee937d427e044ea9ba7e235a27e39): Total: 0.023 seconds - Initiated by StopAssetImportingV2(NoUpdateAssetOptions)
Start importing Assets/NoSafeCircle/DoorPrototype/Art/Wizard/Source/PixelLab/feminine-light/selected/walk/west/frame_004.png using Guid(d7ac587fea5c81057a262992887c3961) (TextureImporter) -> (artifact id: '9965a21ba34fc6dd745bc1bf8e1bdb4a') in 0.0044348 seconds
Refreshing native plugins compatible for Editor in 1.86 ms, found 4 plugins.
Preloading 0 native plugins for Editor in 0.00 ms.
Asset Pipeline Refresh (id=df9194487c82f594cb48f941b60e3649): Total: 0.022 seconds - Initiated by StopAssetImportingV2(NoUpdateAssetOptions)
Start importing Assets/NoSafeCircle/DoorPrototype/Art/Wizard/Source/PixelLab/feminine-light/selected/walk/west/frame_005.png using Guid(1e715a12d09c89ca196de094f426b0c5) (TextureImporter) -> (artifact id: 'f200f291205c40b543e82cba89b78b24') in 0.0053395 seconds
Refreshing native plugins compatible for Editor in 2.11 ms, found 4 plugins.
Preloading 0 native plugins for Editor in 0.00 ms.
Asset Pipeline Refresh (id=68a91fb7d9bd7eb43ae16bb39ea7c4e4): Total: 0.026 seconds - Initiated by StopAssetImportingV2(NoUpdateAssetOptions)
Start importing Assets/NoSafeCircle/DoorPrototype/Art/Wizard/Source/PixelLab/feminine-light/selected/walk/west/frame_005.png using Guid(1e715a12d09c89ca196de094f426b0c5) (TextureImporter) -> (artifact id: 'f200f291205c40b543e82cba89b78b24') in 0.0041265 seconds
Refreshing native plugins compatible for Editor in 2.02 ms, found 4 plugins.
Preloading 0 native plugins for Editor in 0.00 ms.
Asset Pipeline Refresh (id=fbcbd66b2e51a3b459bdfcedccc1d616): Total: 0.022 seconds - Initiated by StopAssetImportingV2(NoUpdateAssetOptions)
Start importing Assets/NoSafeCircle/DoorPrototype/Art/Wizard/Generated/Wizard_Feminine_White_walk_west.anim using Guid(f619379b3c32ae44bb2ec1b657a31f99) (NativeFormatImporter) -> (artifact id: 'ffbf888c0ddc06df9bfae99eefdaa6ab') in 0.0019019 seconds
Refreshing native plugins compatible for Editor in 1.98 ms, found 4 plugins.
Preloading 0 native plugins for Editor in 0.00 ms.
Asset Pipeline Refresh (id=b23fef81a5f35094280161c0392465d6): Total: 0.018 seconds - Initiated by StopAssetImportingV2(NoUpdateAssetOptions)
Start importing Assets/NoSafeCircle/DoorPrototype/Art/Wizard/Source/PixelLab/feminine-light/selected/standing/north-west.png using Guid(d70b4b3e3697fc74a8819908aa834e8e) (TextureImporter) -> (artifact id: 'c6b5da2033b1fbe53d368542f9be588e') in 0.0054719 seconds
Refreshing native plugins compatible for Editor in 2.66 ms, found 4 plugins.
Preloading 0 native plugins for Editor in 0.00 ms.
Asset Pipeline Refresh (id=e54cbf234c09d0a469e01b49052b56f3): Total: 0.028 seconds - Initiated by StopAssetImportingV2(NoUpdateAssetOptions)
Start importing Assets/NoSafeCircle/DoorPrototype/Art/Wizard/Source/PixelLab/feminine-light/selected/standing/north-west.png using Guid(d70b4b3e3697fc74a8819908aa834e8e) (TextureImporter) -> (artifact id: 'c6b5da2033b1fbe53d368542f9be588e') in 0.0072099 seconds
Refreshing native plugins compatible for Editor in 3.42 ms, found 4 plugins.
Preloading 0 native plugins for Editor in 0.00 ms.
Asset Pipeline Refresh (id=ec5b5c206b049e04bbbe237a80255903): Total: 0.029 seconds - Initiated by StopAssetImportingV2(NoUpdateAssetOptions)
Start importing Assets/NoSafeCircle/DoorPrototype/Art/Wizard/Generated/Wizard_Feminine_White_idle_north-west.anim using Guid(6c175dc876e9f6c4ca6b4fbdc4e17bb4) (NativeFormatImporter) -> (artifact id: 'b8ca1fedd014ee886cec722a8b1f4aeb') in 0.0024998 seconds
Refreshing native plugins compatible for Editor in 2.90 ms, found 4 plugins.
Preloading 0 native plugins for Editor in 0.00 ms.
Asset Pipeline Refresh (id=370eddb4b7b9a4949bec7a63545dc7b0): Total: 0.019 seconds - Initiated by StopAssetImportingV2(NoUpdateAssetOptions)
Start importing Assets/NoSafeCircle/DoorPrototype/Art/Wizard/Source/PixelLab/feminine-light/selected/walk/north-west/frame_000.png using Guid(f10c702eda6b0bc498b63aff8c1462d0) (TextureImporter) -> (artifact id: '048294d447c384c7872ce22d39c02e84') in 0.0046694 seconds
Refreshing native plugins compatible for Editor in 1.98 ms, found 4 plugins.
Preloading 0 native plugins for Editor in 0.00 ms.
Asset Pipeline Refresh (id=c65b3320922c9ca46abe7edbea655594): Total: 0.022 seconds - Initiated by StopAssetImportingV2(NoUpdateAssetOptions)
Start importing Assets/NoSafeCircle/DoorPrototype/Art/Wizard/Source/PixelLab/feminine-light/selected/walk/north-west/frame_000.png using Guid(f10c702eda6b0bc498b63aff8c1462d0) (TextureImporter) -> (artifact id: '048294d447c384c7872ce22d39c02e84') in 0.00361 seconds
Refreshing native plugins compatible for Editor in 2.26 ms, found 4 plugins.
Preloading 0 native plugins for Editor in 0.00 ms.
Asset Pipeline Refresh (id=2dd9f302f038a3b42bbe2744c2cb986d): Total: 0.019 seconds - Initiated by StopAssetImportingV2(NoUpdateAssetOptions)
Start importing Assets/NoSafeCircle/DoorPrototype/Art/Wizard/Source/PixelLab/feminine-light/selected/walk/north-west/frame_001.png using Guid(4aa6ec8679abc8b489de0df01a392c37) (TextureImporter) -> (artifact id: '9fc3e124686b8a7cc7fdc45d1f120b96') in 0.0048944 seconds
Refreshing native plugins compatible for Editor in 2.40 ms, found 4 plugins.
Preloading 0 native plugins for Editor in 0.00 ms.
Asset Pipeline Refresh (id=a2db3938c8c3d4a43a1565efbb27b609): Total: 0.025 seconds - Initiated by StopAssetImportingV2(NoUpdateAssetOptions)
Start importing Assets/NoSafeCircle/DoorPrototype/Art/Wizard/Source/PixelLab/feminine-light/selected/walk/north-west/frame_001.png using Guid(4aa6ec8679abc8b489de0df01a392c37) (TextureImporter) -> (artifact id: '9fc3e124686b8a7cc7fdc45d1f120b96') in 0.004471 seconds
Refreshing native plugins compatible for Editor in 2.10 ms, found 4 plugins.
Preloading 0 native plugins for Editor in 0.00 ms.
Asset Pipeline Refresh (id=c37916303ff89e3468cd0ceb83537b50): Total: 0.023 seconds - Initiated by StopAssetImportingV2(NoUpdateAssetOptions)
Start importing Assets/NoSafeCircle/DoorPrototype/Art/Wizard/Source/PixelLab/feminine-light/selected/walk/north-west/frame_002.png using Guid(080d7d6cd5d36994989d903675132bfa) (TextureImporter) -> (artifact id: '240f0b95fd70970c239ac0a0b982a50b') in 0.004285 seconds
Refreshing native plugins compatible for Editor in 1.99 ms, found 4 plugins.
Preloading 0 native plugins for Editor in 0.00 ms.
Asset Pipeline Refresh (id=4c5103a1fa8af0e4d99b2bb4a0359a92): Total: 0.019 seconds - Initiated by StopAssetImportingV2(NoUpdateAssetOptions)
Start importing Assets/NoSafeCircle/DoorPrototype/Art/Wizard/Source/PixelLab/feminine-light/selected/walk/north-west/frame_002.png using Guid(080d7d6cd5d36994989d903675132bfa) (TextureImporter) -> (artifact id: '240f0b95fd70970c239ac0a0b982a50b') in 0.0038301 seconds
Refreshing native plugins compatible for Editor in 2.84 ms, found 4 plugins.
Preloading 0 native plugins for Editor in 0.00 ms.
Asset Pipeline Refresh (id=d8ca1de0b6f73734d86155ef3375ffd4): Total: 0.024 seconds - Initiated by StopAssetImportingV2(NoUpdateAssetOptions)
Start importing Assets/NoSafeCircle/DoorPrototype/Art/Wizard/Source/PixelLab/feminine-light/selected/walk/north-west/frame_003.png using Guid(26a262b8fa2598441b020c71d16ec900) (TextureImporter) -> (artifact id: '9e8082f900e20cb30f15b2a2b32af96c') in 0.004978 seconds
Refreshing native plugins compatible for Editor in 3.20 ms, found 4 plugins.
Preloading 0 native plugins for Editor in 0.00 ms.
Asset Pipeline Refresh (id=01e61152c9f22764aa392204753abaea): Total: 0.022 seconds - Initiated by StopAssetImportingV2(NoUpdateAssetOptions)
Start importing Assets/NoSafeCircle/DoorPrototype/Art/Wizard/Source/PixelLab/feminine-light/selected/walk/north-west/frame_003.png using Guid(26a262b8fa2598441b020c71d16ec900) (TextureImporter) -> (artifact id: '9e8082f900e20cb30f15b2a2b32af96c') in 0.0043013 seconds
Refreshing native plugins compatible for Editor in 1.97 ms, found 4 plugins.
Preloading 0 native plugins for Editor in 0.00 ms.
Asset Pipeline Refresh (id=d3ed3439e2eefbd4cbb50b761fcbe0b6): Total: 0.023 seconds - Initiated by StopAssetImportingV2(NoUpdateAssetOptions)
Start importing Assets/NoSafeCircle/DoorPrototype/Art/Wizard/Source/PixelLab/feminine-light/selected/walk/north-west/frame_004.png using Guid(70a602b2113bba04ca48403252b86875) (TextureImporter) -> (artifact id: '545ca84f3b5da4cf2a135a23eca927cd') in 0.0044199 seconds
Refreshing native plugins compatible for Editor in 2.03 ms, found 4 plugins.
Preloading 0 native plugins for Editor in 0.00 ms.
Asset Pipeline Refresh (id=05a5e3044514a1042861abde9e88f345): Total: 0.024 seconds - Initiated by StopAssetImportingV2(NoUpdateAssetOptions)
Start importing Assets/NoSafeCircle/DoorPrototype/Art/Wizard/Source/PixelLab/feminine-light/selected/walk/north-west/frame_004.png using Guid(70a602b2113bba04ca48403252b86875) (TextureImporter) -> (artifact id: '545ca84f3b5da4cf2a135a23eca927cd') in 0.0039613 seconds
Refreshing native plugins compatible for Editor in 1.93 ms, found 4 plugins.
Preloading 0 native plugins for Editor in 0.00 ms.
Asset Pipeline Refresh (id=76d3c50ddfb39b94fbc765285819661a): Total: 0.021 seconds - Initiated by StopAssetImportingV2(NoUpdateAssetOptions)
Start importing Assets/NoSafeCircle/DoorPrototype/Art/Wizard/Source/PixelLab/feminine-light/selected/walk/north-west/frame_005.png using Guid(53bb7d2264c5fc64bafb50637f621a9c) (TextureImporter) -> (artifact id: '98b37cd95b43bd172cb97567c5653be2') in 0.0058654 seconds
Refreshing native plugins compatible for Editor in 2.01 ms, found 4 plugins.
Preloading 0 native plugins for Editor in 0.00 ms.
Asset Pipeline Refresh (id=09dff7515f576354bbc33d425c18d1cc): Total: 0.026 seconds - Initiated by StopAssetImportingV2(NoUpdateAssetOptions)
Start importing Assets/NoSafeCircle/DoorPrototype/Art/Wizard/Source/PixelLab/feminine-light/selected/walk/north-west/frame_005.png using Guid(53bb7d2264c5fc64bafb50637f621a9c) (TextureImporter) -> (artifact id: '98b37cd95b43bd172cb97567c5653be2') in 0.0039037 seconds
Refreshing native plugins compatible for Editor in 1.94 ms, found 4 plugins.
Preloading 0 native plugins for Editor in 0.00 ms.
Asset Pipeline Refresh (id=de01bba5544a1094e8c5cb907a9a96c7): Total: 0.021 seconds - Initiated by StopAssetImportingV2(NoUpdateAssetOptions)
Start importing Assets/NoSafeCircle/DoorPrototype/Art/Wizard/Generated/Wizard_Feminine_White_walk_north-west.anim using Guid(1afdb32c71b21e843a556eec21a17728) (NativeFormatImporter) -> (artifact id: '9b69464bd4308c4425cb4c7c911add7b') in 0.0048615 seconds
Refreshing native plugins compatible for Editor in 2.08 ms, found 4 plugins.
Preloading 0 native plugins for Editor in 0.00 ms.
Asset Pipeline Refresh (id=89ea415b70a59c54d873683ba71c53f9): Total: 0.023 seconds - Initiated by StopAssetImportingV2(NoUpdateAssetOptions)
Start importing Assets/NoSafeCircle/DoorPrototype/Art/Wizard/Source/PixelLab/feminine-dark/selected/standing/north.png using Guid(2feb146e8a7a73047b887b1ade0e55fa) (TextureImporter) -> (artifact id: '957879f7d4eef227ba1ce5952211fa76') in 0.0041754 seconds
Refreshing native plugins compatible for Editor in 2.21 ms, found 4 plugins.
Preloading 0 native plugins for Editor in 0.00 ms.
Asset Pipeline Refresh (id=c4567a0519c832e47a3f7fdec3d71e94): Total: 0.023 seconds - Initiated by StopAssetImportingV2(NoUpdateAssetOptions)
Start importing Assets/NoSafeCircle/DoorPrototype/Art/Wizard/Source/PixelLab/feminine-dark/selected/standing/north.png using Guid(2feb146e8a7a73047b887b1ade0e55fa) (TextureImporter) -> (artifact id: '957879f7d4eef227ba1ce5952211fa76') in 0.0044313 seconds
Refreshing native plugins compatible for Editor in 1.99 ms, found 4 plugins.
Preloading 0 native plugins for Editor in 0.00 ms.
Asset Pipeline Refresh (id=77e8db2c5f7598a42ac0c372a15ef5be): Total: 0.021 seconds - Initiated by StopAssetImportingV2(NoUpdateAssetOptions)
Start importing Assets/NoSafeCircle/DoorPrototype/Art/Wizard/Source/PixelLab/feminine-dark/selected/standing/north-east.png using Guid(a1217821b0169bb4a87454fdd117b348) (TextureImporter) -> (artifact id: 'cc17198cbb5cc3c43edb700ebcf2db2f') in 0.0048334 seconds
Refreshing native plugins compatible for Editor in 2.23 ms, found 4 plugins.
Preloading 0 native plugins for Editor in 0.00 ms.
Asset Pipeline Refresh (id=cbcc68e693022a647a101895d090578b): Total: 0.020 seconds - Initiated by StopAssetImportingV2(NoUpdateAssetOptions)
Start importing Assets/NoSafeCircle/DoorPrototype/Art/Wizard/Source/PixelLab/feminine-dark/selected/standing/north-east.png using Guid(a1217821b0169bb4a87454fdd117b348) (TextureImporter) -> (artifact id: 'cc17198cbb5cc3c43edb700ebcf2db2f') in 0.003915 seconds
Refreshing native plugins compatible for Editor in 2.09 ms, found 4 plugins.
Preloading 0 native plugins for Editor in 0.00 ms.
Asset Pipeline Refresh (id=44b9e090ac98e9b4d9ecfed5130abc47): Total: 0.021 seconds - Initiated by StopAssetImportingV2(NoUpdateAssetOptions)
Start importing Assets/NoSafeCircle/DoorPrototype/Art/Wizard/Source/PixelLab/feminine-dark/selected/standing/east.png using Guid(265f095eae845d544b4fe1e5d828a4c6) (TextureImporter) -> (artifact id: 'ae8733c5142b9ba0eef52c6c3c6c45dd') in 0.0042864 seconds
Refreshing native plugins compatible for Editor in 1.95 ms, found 4 plugins.
Preloading 0 native plugins for Editor in 0.00 ms.
Asset Pipeline Refresh (id=3e49b59ea18ce984ca932c7f5bdad032): Total: 0.021 seconds - Initiated by StopAssetImportingV2(NoUpdateAssetOptions)
Start importing Assets/NoSafeCircle/DoorPrototype/Art/Wizard/Source/PixelLab/feminine-dark/selected/standing/east.png using Guid(265f095eae845d544b4fe1e5d828a4c6) (TextureImporter) -> (artifact id: 'ae8733c5142b9ba0eef52c6c3c6c45dd') in 0.0046136 seconds
Refreshing native plugins compatible for Editor in 1.95 ms, found 4 plugins.
Preloading 0 native plugins for Editor in 0.00 ms.
Asset Pipeline Refresh (id=b13081d5c3ab9f04c8ada4918ae2e42f): Total: 0.021 seconds - Initiated by StopAssetImportingV2(NoUpdateAssetOptions)
Start importing Assets/NoSafeCircle/DoorPrototype/Art/Wizard/Source/PixelLab/feminine-dark/selected/standing/south-east.png using Guid(69f3c2f3d7452fd41b949253110967be) (TextureImporter) -> (artifact id: 'ee6467e97aa63a1a751ef6096fb9ecf6') in 0.0058882 seconds
Refreshing native plugins compatible for Editor in 1.89 ms, found 4 plugins.
Preloading 0 native plugins for Editor in 0.00 ms.
Asset Pipeline Refresh (id=bbaf4af968e47734cb250fe15c6956c3): Total: 0.021 seconds - Initiated by StopAssetImportingV2(NoUpdateAssetOptions)
Start importing Assets/NoSafeCircle/DoorPrototype/Art/Wizard/Source/PixelLab/feminine-dark/selected/standing/south-east.png using Guid(69f3c2f3d7452fd41b949253110967be) (TextureImporter) -> (artifact id: 'ee6467e97aa63a1a751ef6096fb9ecf6') in 0.0038421 seconds
Refreshing native plugins compatible for Editor in 1.92 ms, found 4 plugins.
Preloading 0 native plugins for Editor in 0.00 ms.
Asset Pipeline Refresh (id=2092bad5eb261e54d8279baad0a46207): Total: 0.019 seconds - Initiated by StopAssetImportingV2(NoUpdateAssetOptions)
Start importing Assets/NoSafeCircle/DoorPrototype/Art/Wizard/Source/PixelLab/feminine-dark/selected/standing/south.png using Guid(395f313db6b829b4e98b7bb95d03047b) (TextureImporter) -> (artifact id: 'd3c15594e4a8572e716e80ecbb874809') in 0.0042682 seconds
Refreshing native plugins compatible for Editor in 1.97 ms, found 4 plugins.
Preloading 0 native plugins for Editor in 0.00 ms.
Asset Pipeline Refresh (id=274dc4cf6624d1844bfc65e32b35790e): Total: 0.022 seconds - Initiated by StopAssetImportingV2(NoUpdateAssetOptions)
Start importing Assets/NoSafeCircle/DoorPrototype/Art/Wizard/Source/PixelLab/feminine-dark/selected/standing/south.png using Guid(395f313db6b829b4e98b7bb95d03047b) (TextureImporter) -> (artifact id: 'd3c15594e4a8572e716e80ecbb874809') in 0.0039867 seconds
Refreshing native plugins compatible for Editor in 2.78 ms, found 4 plugins.
Preloading 0 native plugins for Editor in 0.00 ms.
Asset Pipeline Refresh (id=672caec9ecf9d9f42a412b781c0b3634): Total: 0.020 seconds - Initiated by StopAssetImportingV2(NoUpdateAssetOptions)
Start importing Assets/NoSafeCircle/DoorPrototype/Art/Wizard/Source/PixelLab/feminine-dark/selected/standing/south-west.png using Guid(d340bd93ea196354289606025f38f94d) (TextureImporter) -> (artifact id: 'f837691b8466871cabcca2d15ba6c6af') in 0.0042434 seconds
Refreshing native plugins compatible for Editor in 1.96 ms, found 4 plugins.
Preloading 0 native plugins for Editor in 0.00 ms.
Asset Pipeline Refresh (id=8309c4913bff0154faba555d9a703014): Total: 0.021 seconds - Initiated by StopAssetImportingV2(NoUpdateAssetOptions)
Start importing Assets/NoSafeCircle/DoorPrototype/Art/Wizard/Source/PixelLab/feminine-dark/selected/standing/south-west.png using Guid(d340bd93ea196354289606025f38f94d) (TextureImporter) -> (artifact id: 'f837691b8466871cabcca2d15ba6c6af') in 0.0043383 seconds
Refreshing native plugins compatible for Editor in 3.30 ms, found 4 plugins.
Preloading 0 native plugins for Editor in 0.00 ms.
Asset Pipeline Refresh (id=7036aa7c131461d4bbb7010a79ee3ab9): Total: 0.023 seconds - Initiated by StopAssetImportingV2(NoUpdateAssetOptions)
Start importing Assets/NoSafeCircle/DoorPrototype/Art/Wizard/Source/PixelLab/feminine-dark/selected/standing/west.png using Guid(6cc81d4fd67acb649b32359d6fc7cd2e) (TextureImporter) -> (artifact id: 'd02b0a988451053004fce71b6b6f9812') in 0.0042142 seconds
Refreshing native plugins compatible for Editor in 2.02 ms, found 4 plugins.
Preloading 0 native plugins for Editor in 0.00 ms.
Asset Pipeline Refresh (id=266a458faea265a449671a886b312863): Total: 0.020 seconds - Initiated by StopAssetImportingV2(NoUpdateAssetOptions)
Start importing Assets/NoSafeCircle/DoorPrototype/Art/Wizard/Source/PixelLab/feminine-dark/selected/standing/west.png using Guid(6cc81d4fd67acb649b32359d6fc7cd2e) (TextureImporter) -> (artifact id: 'd02b0a988451053004fce71b6b6f9812') in 0.0044784 seconds
Refreshing native plugins compatible for Editor in 1.96 ms, found 4 plugins.
Preloading 0 native plugins for Editor in 0.00 ms.
Asset Pipeline Refresh (id=04b1d6e5f3a4b0944a981c9297f16468): Total: 0.020 seconds - Initiated by StopAssetImportingV2(NoUpdateAssetOptions)
Start importing Assets/NoSafeCircle/DoorPrototype/Art/Wizard/Source/PixelLab/feminine-dark/selected/standing/north-west.png using Guid(2769efd7b13347c4b8f686924823a27d) (TextureImporter) -> (artifact id: '13bfff9ddb194b4329aa7c38db0fe7ac') in 0.004108 seconds
Refreshing native plugins compatible for Editor in 2.15 ms, found 4 plugins.
Preloading 0 native plugins for Editor in 0.00 ms.
Asset Pipeline Refresh (id=02cc8a56562d27f49a2971132f3c976b): Total: 0.020 seconds - Initiated by StopAssetImportingV2(NoUpdateAssetOptions)
Start importing Assets/NoSafeCircle/DoorPrototype/Art/Wizard/Source/PixelLab/feminine-dark/selected/standing/north-west.png using Guid(2769efd7b13347c4b8f686924823a27d) (TextureImporter) -> (artifact id: '13bfff9ddb194b4329aa7c38db0fe7ac') in 0.0040283 seconds
Refreshing native plugins compatible for Editor in 1.90 ms, found 4 plugins.
Preloading 0 native plugins for Editor in 0.00 ms.
Asset Pipeline Refresh (id=b6bfe4c8c3701ab4f9d79ac40cb99b0e): Total: 0.021 seconds - Initiated by StopAssetImportingV2(NoUpdateAssetOptions)
Start importing Assets/NoSafeCircle/DoorPrototype/Art/Wizard/Source/PixelLab/feminine-dark/selected/standing/north.png using Guid(2feb146e8a7a73047b887b1ade0e55fa) (TextureImporter) -> (artifact id: '957879f7d4eef227ba1ce5952211fa76') in 0.0057645 seconds
Refreshing native plugins compatible for Editor in 1.98 ms, found 4 plugins.
Preloading 0 native plugins for Editor in 0.00 ms.
Asset Pipeline Refresh (id=0e25ba29212e0a547a93e50984ee8fda): Total: 0.026 seconds - Initiated by StopAssetImportingV2(NoUpdateAssetOptions)
Start importing Assets/NoSafeCircle/DoorPrototype/Art/Wizard/Source/PixelLab/feminine-dark/selected/standing/north.png using Guid(2feb146e8a7a73047b887b1ade0e55fa) (TextureImporter) -> (artifact id: '957879f7d4eef227ba1ce5952211fa76') in 0.0056194 seconds
Refreshing native plugins compatible for Editor in 2.65 ms, found 4 plugins.
Preloading 0 native plugins for Editor in 0.00 ms.
Asset Pipeline Refresh (id=e35142ee060e4064e87989f98afa4665): Total: 0.024 seconds - Initiated by StopAssetImportingV2(NoUpdateAssetOptions)
Start importing Assets/NoSafeCircle/DoorPrototype/Art/Wizard/Generated/Wizard_Feminine_Black_idle_north.anim using Guid(56390b93606113148b6b0b6f3bc4580a) (NativeFormatImporter) -> (artifact id: '937366b7eedda339319c7b0bff0db838') in 0.0017598 seconds
Refreshing native plugins compatible for Editor in 2.78 ms, found 4 plugins.
Preloading 0 native plugins for Editor in 0.00 ms.
Asset Pipeline Refresh (id=c74b3557c2cf6fe41ae0cdd91b6cb59b): Total: 0.017 seconds - Initiated by StopAssetImportingV2(NoUpdateAssetOptions)
Start importing Assets/NoSafeCircle/DoorPrototype/Art/Wizard/Source/PixelLab/feminine-dark/selected/walk/north/frame_000.png using Guid(e643b744a35ec73f7f8861db43aa1baa) (TextureImporter) -> (artifact id: 'dbf48c7353477c34c3a4d05d87dbcd6c') in 0.0038723 seconds
Refreshing native plugins compatible for Editor in 2.80 ms, found 4 plugins.
Preloading 0 native plugins for Editor in 0.00 ms.
Asset Pipeline Refresh (id=fb085304c6e28a4488198fe6a3dd3344): Total: 0.020 seconds - Initiated by StopAssetImportingV2(NoUpdateAssetOptions)
Start importing Assets/NoSafeCircle/DoorPrototype/Art/Wizard/Source/PixelLab/feminine-dark/selected/walk/north/frame_000.png using Guid(e643b744a35ec73f7f8861db43aa1baa) (TextureImporter) -> (artifact id: 'dbf48c7353477c34c3a4d05d87dbcd6c') in 0.0039531 seconds
Refreshing native plugins compatible for Editor in 2.88 ms, found 4 plugins.
Preloading 0 native plugins for Editor in 0.00 ms.
Asset Pipeline Refresh (id=d298c3ddefb2a294fbfd9e2785d4d368): Total: 0.022 seconds - Initiated by StopAssetImportingV2(NoUpdateAssetOptions)
Start importing Assets/NoSafeCircle/DoorPrototype/Art/Wizard/Source/PixelLab/feminine-dark/selected/walk/north/frame_001.png using Guid(da593aa160fcf63e35ae7401b448426c) (TextureImporter) -> (artifact id: 'fd3ea520f459a1b8ac6f34f7aa56e48e') in 0.0041263 seconds
Refreshing native plugins compatible for Editor in 2.13 ms, found 4 plugins.
Preloading 0 native plugins for Editor in 0.00 ms.
Asset Pipeline Refresh (id=a2a59bf436f80064790e4971efb9c717): Total: 0.021 seconds - Initiated by StopAssetImportingV2(NoUpdateAssetOptions)
Start importing Assets/NoSafeCircle/DoorPrototype/Art/Wizard/Source/PixelLab/feminine-dark/selected/walk/north/frame_001.png using Guid(da593aa160fcf63e35ae7401b448426c) (TextureImporter) -> (artifact id: 'fd3ea520f459a1b8ac6f34f7aa56e48e') in 0.0038118 seconds
Refreshing native plugins compatible for Editor in 2.29 ms, found 4 plugins.
Preloading 0 native plugins for Editor in 0.00 ms.
Asset Pipeline Refresh (id=bfc77973c4c07734796ffb7c01a84e2b): Total: 0.023 seconds - Initiated by StopAssetImportingV2(NoUpdateAssetOptions)
Start importing Assets/NoSafeCircle/DoorPrototype/Art/Wizard/Source/PixelLab/feminine-dark/selected/walk/north/frame_002.png using Guid(1c2272d93a608693e04f3b094fd144cc) (TextureImporter) -> (artifact id: 'c5467830e9cb27b11b41427ada047248') in 0.0042069 seconds
Refreshing native plugins compatible for Editor in 1.94 ms, found 4 plugins.
Preloading 0 native plugins for Editor in 0.00 ms.
Asset Pipeline Refresh (id=09b76b3736d2d5442970d93bcaed70b2): Total: 0.019 seconds - Initiated by StopAssetImportingV2(NoUpdateAssetOptions)
Start importing Assets/NoSafeCircle/DoorPrototype/Art/Wizard/Source/PixelLab/feminine-dark/selected/walk/north/frame_002.png using Guid(1c2272d93a608693e04f3b094fd144cc) (TextureImporter) -> (artifact id: 'c5467830e9cb27b11b41427ada047248') in 0.0043413 seconds
Refreshing native plugins compatible for Editor in 2.13 ms, found 4 plugins.
Preloading 0 native plugins for Editor in 0.00 ms.
Asset Pipeline Refresh (id=e0d0e9305df36c34ca6317fa9f7a84d2): Total: 0.020 seconds - Initiated by StopAssetImportingV2(NoUpdateAssetOptions)
Start importing Assets/NoSafeCircle/DoorPrototype/Art/Wizard/Source/PixelLab/feminine-dark/selected/walk/north/frame_003.png using Guid(9433017af23746d908f0e4a8f10426c2) (TextureImporter) -> (artifact id: '7bf29bf46e2afa9e91d8101ad2bc9a33') in 0.0042132 seconds
Refreshing native plugins compatible for Editor in 2.25 ms, found 4 plugins.
Preloading 0 native plugins for Editor in 0.00 ms.
Asset Pipeline Refresh (id=8434cf4fec99ec147831b079d35dad84): Total: 0.021 seconds - Initiated by StopAssetImportingV2(NoUpdateAssetOptions)
Start importing Assets/NoSafeCircle/DoorPrototype/Art/Wizard/Source/PixelLab/feminine-dark/selected/walk/north/frame_003.png using Guid(9433017af23746d908f0e4a8f10426c2) (TextureImporter) -> (artifact id: '7bf29bf46e2afa9e91d8101ad2bc9a33') in 0.0042646 seconds
Refreshing native plugins compatible for Editor in 2.00 ms, found 4 plugins.
Preloading 0 native plugins for Editor in 0.00 ms.
Asset Pipeline Refresh (id=8e5bde776a82d1c4b9c49a6588c922eb): Total: 0.021 seconds - Initiated by StopAssetImportingV2(NoUpdateAssetOptions)
Start importing Assets/NoSafeCircle/DoorPrototype/Art/Wizard/Source/PixelLab/feminine-dark/selected/walk/north/frame_004.png using Guid(0da4efe3719251f96e4f957ff0dc2a5f) (TextureImporter) -> (artifact id: '7a328d91537c1e0eae59b8b2fad1a3e9') in 0.0043049 seconds
Refreshing native plugins compatible for Editor in 2.06 ms, found 4 plugins.
Preloading 0 native plugins for Editor in 0.00 ms.
Asset Pipeline Refresh (id=e0c6646a522730549989d1e383e2a6a4): Total: 0.021 seconds - Initiated by StopAssetImportingV2(NoUpdateAssetOptions)
Start importing Assets/NoSafeCircle/DoorPrototype/Art/Wizard/Source/PixelLab/feminine-dark/selected/walk/north/frame_004.png using Guid(0da4efe3719251f96e4f957ff0dc2a5f) (TextureImporter) -> (artifact id: '7a328d91537c1e0eae59b8b2fad1a3e9') in 0.004208 seconds
Refreshing native plugins compatible for Editor in 1.90 ms, found 4 plugins.
Preloading 0 native plugins for Editor in 0.00 ms.
Asset Pipeline Refresh (id=ff8a3bd335c99304f83107eec255926b): Total: 0.021 seconds - Initiated by StopAssetImportingV2(NoUpdateAssetOptions)
Start importing Assets/NoSafeCircle/DoorPrototype/Art/Wizard/Source/PixelLab/feminine-dark/selected/walk/north/frame_005.png using Guid(d36459cb14d5b8a4e7c4b911970373a2) (TextureImporter) -> (artifact id: 'd8fcc769d10729a86949473850730c6d') in 0.0044609 seconds
Refreshing native plugins compatible for Editor in 2.03 ms, found 4 plugins.
Preloading 0 native plugins for Editor in 0.00 ms.
Asset Pipeline Refresh (id=7fe33e12d66f70e43b56c342f66b666d): Total: 0.022 seconds - Initiated by StopAssetImportingV2(NoUpdateAssetOptions)
Start importing Assets/NoSafeCircle/DoorPrototype/Art/Wizard/Source/PixelLab/feminine-dark/selected/walk/north/frame_005.png using Guid(d36459cb14d5b8a4e7c4b911970373a2) (TextureImporter) -> (artifact id: 'd8fcc769d10729a86949473850730c6d') in 0.0038884 seconds
Refreshing native plugins compatible for Editor in 2.08 ms, found 4 plugins.
Preloading 0 native plugins for Editor in 0.00 ms.
Asset Pipeline Refresh (id=073fdfd7a7564c447a6c6618df8b9657): Total: 0.019 seconds - Initiated by StopAssetImportingV2(NoUpdateAssetOptions)
Start importing Assets/NoSafeCircle/DoorPrototype/Art/Wizard/Generated/Wizard_Feminine_Black_walk_north.anim using Guid(764f615fcec13bd438625b0e2b4d8fed) (NativeFormatImporter) -> (artifact id: '1619adc9d96def34c0e54b708c7d2e84') in 0.0025928 seconds
Refreshing native plugins compatible for Editor in 1.87 ms, found 4 plugins.
Preloading 0 native plugins for Editor in 0.00 ms.
Asset Pipeline Refresh (id=1e3f6d86251ea2a40a43fa4f0f665162): Total: 0.020 seconds - Initiated by StopAssetImportingV2(NoUpdateAssetOptions)
Start importing Assets/NoSafeCircle/DoorPrototype/Art/Wizard/Source/PixelLab/feminine-dark/selected/standing/north-east.png using Guid(a1217821b0169bb4a87454fdd117b348) (TextureImporter) -> (artifact id: 'cc17198cbb5cc3c43edb700ebcf2db2f') in 0.0058008 seconds
Refreshing native plugins compatible for Editor in 2.01 ms, found 4 plugins.
Preloading 0 native plugins for Editor in 0.00 ms.
Asset Pipeline Refresh (id=5e006ed62ff6b00469552c2f8b3cc550): Total: 0.025 seconds - Initiated by StopAssetImportingV2(NoUpdateAssetOptions)
Start importing Assets/NoSafeCircle/DoorPrototype/Art/Wizard/Source/PixelLab/feminine-dark/selected/standing/north-east.png using Guid(a1217821b0169bb4a87454fdd117b348) (TextureImporter) -> (artifact id: 'cc17198cbb5cc3c43edb700ebcf2db2f') in 0.0051231 seconds
Refreshing native plugins compatible for Editor in 3.12 ms, found 4 plugins.
Preloading 0 native plugins for Editor in 0.00 ms.
Asset Pipeline Refresh (id=3fde10a09c706e344b54783efc4e8c24): Total: 0.026 seconds - Initiated by StopAssetImportingV2(NoUpdateAssetOptions)
Start importing Assets/NoSafeCircle/DoorPrototype/Art/Wizard/Generated/Wizard_Feminine_Black_idle_north-east.anim using Guid(6e96856c748dc8749a34e5d581109c72) (NativeFormatImporter) -> (artifact id: '1a71f74bbd4507ade701795058a82ee4') in 0.002489 seconds
Refreshing native plugins compatible for Editor in 1.93 ms, found 4 plugins.
Preloading 0 native plugins for Editor in 0.00 ms.
Asset Pipeline Refresh (id=077379194fe3d3742a2ae3535ce6e92d): Total: 0.018 seconds - Initiated by StopAssetImportingV2(NoUpdateAssetOptions)
Start importing Assets/NoSafeCircle/DoorPrototype/Art/Wizard/Source/PixelLab/feminine-dark/selected/walk/north-east/frame_000.png using Guid(d462df5423f92c7419f5747437825c54) (TextureImporter) -> (artifact id: 'f13d5a1ab31994d3bfcd4ff510aaeefb') in 0.0040308 seconds
Refreshing native plugins compatible for Editor in 2.01 ms, found 4 plugins.
Preloading 0 native plugins for Editor in 0.00 ms.
Asset Pipeline Refresh (id=a055d465e54ffca4d8ffe4d4148e454a): Total: 0.019 seconds - Initiated by StopAssetImportingV2(NoUpdateAssetOptions)
Start importing Assets/NoSafeCircle/DoorPrototype/Art/Wizard/Source/PixelLab/feminine-dark/selected/walk/north-east/frame_000.png using Guid(d462df5423f92c7419f5747437825c54) (TextureImporter) -> (artifact id: 'f13d5a1ab31994d3bfcd4ff510aaeefb') in 0.0042999 seconds
Refreshing native plugins compatible for Editor in 2.60 ms, found 4 plugins.
Preloading 0 native plugins for Editor in 0.00 ms.
Asset Pipeline Refresh (id=81e8d44afe42c4743836369cb71fda28): Total: 0.022 seconds - Initiated by StopAssetImportingV2(NoUpdateAssetOptions)
Start importing Assets/NoSafeCircle/DoorPrototype/Art/Wizard/Source/PixelLab/feminine-dark/selected/walk/north-east/frame_001.png using Guid(934c5236f2abf814bbbafe6d5feb2a49) (TextureImporter) -> (artifact id: '2bff87f6515d9bc9f87d22ed9719b75d') in 0.005117 seconds
Refreshing native plugins compatible for Editor in 1.96 ms, found 4 plugins.
Preloading 0 native plugins for Editor in 0.00 ms.
Asset Pipeline Refresh (id=9b686240dcbd6054ab9129be3c0538f4): Total: 0.020 seconds - Initiated by StopAssetImportingV2(NoUpdateAssetOptions)
Start importing Assets/NoSafeCircle/DoorPrototype/Art/Wizard/Source/PixelLab/feminine-dark/selected/walk/north-east/frame_001.png using Guid(934c5236f2abf814bbbafe6d5feb2a49) (TextureImporter) -> (artifact id: '2bff87f6515d9bc9f87d22ed9719b75d') in 0.0041492 seconds
Refreshing native plugins compatible for Editor in 2.28 ms, found 4 plugins.
Preloading 0 native plugins for Editor in 0.00 ms.
Asset Pipeline Refresh (id=0d6bb959ab6a74b44af34a66b9b6ecf4): Total: 0.021 seconds - Initiated by StopAssetImportingV2(NoUpdateAssetOptions)
Start importing Assets/NoSafeCircle/DoorPrototype/Art/Wizard/Source/PixelLab/feminine-dark/selected/walk/north-east/frame_002.png using Guid(5bbcf96f77eecea47b3a25f4a4c5cff2) (TextureImporter) -> (artifact id: '6474f174a1bca6a2d015e340f66d43fe') in 0.0046523 seconds
Refreshing native plugins compatible for Editor in 2.01 ms, found 4 plugins.
Preloading 0 native plugins for Editor in 0.00 ms.
Asset Pipeline Refresh (id=7aef062be186fb1419acf9fdedf11cd7): Total: 0.020 seconds - Initiated by StopAssetImportingV2(NoUpdateAssetOptions)
Start importing Assets/NoSafeCircle/DoorPrototype/Art/Wizard/Source/PixelLab/feminine-dark/selected/walk/north-east/frame_002.png using Guid(5bbcf96f77eecea47b3a25f4a4c5cff2) (TextureImporter) -> (artifact id: '6474f174a1bca6a2d015e340f66d43fe') in 0.0053136 seconds
Refreshing native plugins compatible for Editor in 2.02 ms, found 4 plugins.
Preloading 0 native plugins for Editor in 0.00 ms.
Asset Pipeline Refresh (id=48c1754fc2fbd8148b8f054e1ba0a19f): Total: 0.021 seconds - Initiated by StopAssetImportingV2(NoUpdateAssetOptions)
Start importing Assets/NoSafeCircle/DoorPrototype/Art/Wizard/Source/PixelLab/feminine-dark/selected/walk/north-east/frame_003.png using Guid(c43b36f333c165b4a8fe72630a574c70) (TextureImporter) -> (artifact id: 'bb4f869d36d51000d6ef6d4cf280384b') in 0.0046564 seconds
Refreshing native plugins compatible for Editor in 2.17 ms, found 4 plugins.
Preloading 0 native plugins for Editor in 0.00 ms.
Asset Pipeline Refresh (id=09e701d3fb5a9b1498967da52dd6570d): Total: 0.022 seconds - Initiated by StopAssetImportingV2(NoUpdateAssetOptions)
Start importing Assets/NoSafeCircle/DoorPrototype/Art/Wizard/Source/PixelLab/feminine-dark/selected/walk/north-east/frame_003.png using Guid(c43b36f333c165b4a8fe72630a574c70) (TextureImporter) -> (artifact id: 'bb4f869d36d51000d6ef6d4cf280384b') in 0.0043769 seconds
Refreshing native plugins compatible for Editor in 1.97 ms, found 4 plugins.
Preloading 0 native plugins for Editor in 0.00 ms.
Asset Pipeline Refresh (id=7c74cdc6d3d799b4a9eef25a3b6e1d00): Total: 0.022 seconds - Initiated by StopAssetImportingV2(NoUpdateAssetOptions)
Start importing Assets/NoSafeCircle/DoorPrototype/Art/Wizard/Source/PixelLab/feminine-dark/selected/walk/north-east/frame_004.png using Guid(8aa232288451d3e46bd8d8a2871385a5) (TextureImporter) -> (artifact id: '4bb02c4ce38c67abd3a25ffc64dab86f') in 0.004487 seconds
Refreshing native plugins compatible for Editor in 1.93 ms, found 4 plugins.
Preloading 0 native plugins for Editor in 0.00 ms.
Asset Pipeline Refresh (id=98f55964d0824d046be1631b4b7bf0af): Total: 0.019 seconds - Initiated by StopAssetImportingV2(NoUpdateAssetOptions)
Start importing Assets/NoSafeCircle/DoorPrototype/Art/Wizard/Source/PixelLab/feminine-dark/selected/walk/north-east/frame_004.png using Guid(8aa232288451d3e46bd8d8a2871385a5) (TextureImporter) -> (artifact id: '4bb02c4ce38c67abd3a25ffc64dab86f') in 0.0040447 seconds
Refreshing native plugins compatible for Editor in 2.02 ms, found 4 plugins.
Preloading 0 native plugins for Editor in 0.00 ms.
Asset Pipeline Refresh (id=4f9f834dae50f9545b428b3c2ded7674): Total: 0.021 seconds - Initiated by StopAssetImportingV2(NoUpdateAssetOptions)
Start importing Assets/NoSafeCircle/DoorPrototype/Art/Wizard/Source/PixelLab/feminine-dark/selected/walk/north-east/frame_005.png using Guid(a0894ac601da64545a9082c129c40dd1) (TextureImporter) -> (artifact id: 'd667d0616a0e91a424e92315897361ea') in 0.0042934 seconds
Refreshing native plugins compatible for Editor in 2.99 ms, found 4 plugins.
Preloading 0 native plugins for Editor in 0.00 ms.
Asset Pipeline Refresh (id=6e7544fa22aaa874ebe8b843d45ed786): Total: 0.022 seconds - Initiated by StopAssetImportingV2(NoUpdateAssetOptions)
Start importing Assets/NoSafeCircle/DoorPrototype/Art/Wizard/Source/PixelLab/feminine-dark/selected/walk/north-east/frame_005.png using Guid(a0894ac601da64545a9082c129c40dd1) (TextureImporter) -> (artifact id: 'd667d0616a0e91a424e92315897361ea') in 0.0043618 seconds
Refreshing native plugins compatible for Editor in 2.01 ms, found 4 plugins.
Preloading 0 native plugins for Editor in 0.00 ms.
Asset Pipeline Refresh (id=1f95840e58ff7bb4bb42eb971e9cf53a): Total: 0.019 seconds - Initiated by StopAssetImportingV2(NoUpdateAssetOptions)
Start importing Assets/NoSafeCircle/DoorPrototype/Art/Wizard/Generated/Wizard_Feminine_Black_walk_north-east.anim using Guid(1431d10fec45c5641a6381d12aa09fd5) (NativeFormatImporter) -> (artifact id: 'f9cbf81ad735db7593eb5a1164b167ae') in 0.0019692 seconds
Refreshing native plugins compatible for Editor in 3.09 ms, found 4 plugins.
Preloading 0 native plugins for Editor in 0.00 ms.
Asset Pipeline Refresh (id=42e9fbd4ab32d7a42b01f6b58eab53e0): Total: 0.019 seconds - Initiated by StopAssetImportingV2(NoUpdateAssetOptions)
Start importing Assets/NoSafeCircle/DoorPrototype/Art/Wizard/Source/PixelLab/feminine-dark/selected/standing/east.png using Guid(265f095eae845d544b4fe1e5d828a4c6) (TextureImporter) -> (artifact id: 'ae8733c5142b9ba0eef52c6c3c6c45dd') in 0.0049253 seconds
Refreshing native plugins compatible for Editor in 1.86 ms, found 4 plugins.
Preloading 0 native plugins for Editor in 0.00 ms.
Asset Pipeline Refresh (id=ee42f0cfdc0bd3d49a52f06563894497): Total: 0.023 seconds - Initiated by StopAssetImportingV2(NoUpdateAssetOptions)
Start importing Assets/NoSafeCircle/DoorPrototype/Art/Wizard/Source/PixelLab/feminine-dark/selected/standing/east.png using Guid(265f095eae845d544b4fe1e5d828a4c6) (TextureImporter) -> (artifact id: 'ae8733c5142b9ba0eef52c6c3c6c45dd') in 0.0048601 seconds
Refreshing native plugins compatible for Editor in 2.44 ms, found 4 plugins.
Preloading 0 native plugins for Editor in 0.00 ms.
Asset Pipeline Refresh (id=e56cd5e86699cb54296036fbdff155a9): Total: 0.022 seconds - Initiated by StopAssetImportingV2(NoUpdateAssetOptions)
Start importing Assets/NoSafeCircle/DoorPrototype/Art/Wizard/Generated/Wizard_Feminine_Black_idle_east.anim using Guid(3490ebaa585fab94abcb613e7bf186a4) (NativeFormatImporter) -> (artifact id: 'b25eb9d9991cbc2be2b257a85ce237e9') in 0.0018087 seconds
Refreshing native plugins compatible for Editor in 1.93 ms, found 4 plugins.
Preloading 0 native plugins for Editor in 0.00 ms.
Asset Pipeline Refresh (id=bcb4fc73869895446a37cf0fc421e391): Total: 0.018 seconds - Initiated by StopAssetImportingV2(NoUpdateAssetOptions)
Start importing Assets/NoSafeCircle/DoorPrototype/Art/Wizard/Source/PixelLab/feminine-dark/selected/walk/east/frame_000.png using Guid(caa6394d11b396976d4c6dc79df16c6a) (TextureImporter) -> (artifact id: '715eb4672953b2b63d3901a47e49dc92') in 0.0046496 seconds
Refreshing native plugins compatible for Editor in 1.78 ms, found 4 plugins.
Preloading 0 native plugins for Editor in 0.00 ms.
Asset Pipeline Refresh (id=5ae407baffd2a9846a72a565d42acbe4): Total: 0.018 seconds - Initiated by StopAssetImportingV2(NoUpdateAssetOptions)
Start importing Assets/NoSafeCircle/DoorPrototype/Art/Wizard/Source/PixelLab/feminine-dark/selected/walk/east/frame_000.png using Guid(caa6394d11b396976d4c6dc79df16c6a) (TextureImporter) -> (artifact id: '715eb4672953b2b63d3901a47e49dc92') in 0.0037422 seconds
Refreshing native plugins compatible for Editor in 1.90 ms, found 4 plugins.
Preloading 0 native plugins for Editor in 0.00 ms.
Asset Pipeline Refresh (id=0982d86d96c114444a85c68a66e8cddd): Total: 0.021 seconds - Initiated by StopAssetImportingV2(NoUpdateAssetOptions)
Start importing Assets/NoSafeCircle/DoorPrototype/Art/Wizard/Source/PixelLab/feminine-dark/selected/walk/east/frame_001.png using Guid(0c6887552c141a3498876fcacb316ace) (TextureImporter) -> (artifact id: '3f3f813e578a9e58071b541c421d2d0d') in 0.0042844 seconds
Refreshing native plugins compatible for Editor in 2.11 ms, found 4 plugins.
Preloading 0 native plugins for Editor in 0.00 ms.
Asset Pipeline Refresh (id=a3787b0f64459f2418031a42c57afc1b): Total: 0.021 seconds - Initiated by StopAssetImportingV2(NoUpdateAssetOptions)
Start importing Assets/NoSafeCircle/DoorPrototype/Art/Wizard/Source/PixelLab/feminine-dark/selected/walk/east/frame_001.png using Guid(0c6887552c141a3498876fcacb316ace) (TextureImporter) -> (artifact id: '3f3f813e578a9e58071b541c421d2d0d') in 0.0052333 seconds
Refreshing native plugins compatible for Editor in 1.81 ms, found 4 plugins.
Preloading 0 native plugins for Editor in 0.00 ms.
Asset Pipeline Refresh (id=11bf0feb5dfbad049b6cf1fb7a2c515a): Total: 0.021 seconds - Initiated by StopAssetImportingV2(NoUpdateAssetOptions)
Start importing Assets/NoSafeCircle/DoorPrototype/Art/Wizard/Source/PixelLab/feminine-dark/selected/walk/east/frame_002.png using Guid(7690207c50300d550b62132ae5afaf53) (TextureImporter) -> (artifact id: 'debb9c4f666844dae449a4d1bcee0b02') in 0.0039087 seconds
Refreshing native plugins compatible for Editor in 2.70 ms, found 4 plugins.
Preloading 0 native plugins for Editor in 0.00 ms.
Asset Pipeline Refresh (id=d5da5d791ebad484fb94d11aba84f575): Total: 0.021 seconds - Initiated by StopAssetImportingV2(NoUpdateAssetOptions)
Start importing Assets/NoSafeCircle/DoorPrototype/Art/Wizard/Source/PixelLab/feminine-dark/selected/walk/east/frame_002.png using Guid(7690207c50300d550b62132ae5afaf53) (TextureImporter) -> (artifact id: 'debb9c4f666844dae449a4d1bcee0b02') in 0.0037557 seconds
Refreshing native plugins compatible for Editor in 1.82 ms, found 4 plugins.
Preloading 0 native plugins for Editor in 0.00 ms.
Asset Pipeline Refresh (id=969d02bef4c76a048a2bfba5c8aeac21): Total: 0.019 seconds - Initiated by StopAssetImportingV2(NoUpdateAssetOptions)
Start importing Assets/NoSafeCircle/DoorPrototype/Art/Wizard/Source/PixelLab/feminine-dark/selected/walk/east/frame_003.png using Guid(c3b7319eee3d6a50c41bc61c98290421) (TextureImporter) -> (artifact id: '85670ea6b1e37af2b5ab2c18b08c9465') in 0.0040677 seconds
Refreshing native plugins compatible for Editor in 1.88 ms, found 4 plugins.
Preloading 0 native plugins for Editor in 0.00 ms.
Asset Pipeline Refresh (id=4c6d1d2de32ca384f83bcbdbe55a21b6): Total: 0.019 seconds - Initiated by StopAssetImportingV2(NoUpdateAssetOptions)
Start importing Assets/NoSafeCircle/DoorPrototype/Art/Wizard/Source/PixelLab/feminine-dark/selected/walk/east/frame_003.png using Guid(c3b7319eee3d6a50c41bc61c98290421) (TextureImporter) -> (artifact id: '85670ea6b1e37af2b5ab2c18b08c9465') in 0.0036899 seconds
Refreshing native plugins compatible for Editor in 2.02 ms, found 4 plugins.
Preloading 0 native plugins for Editor in 0.00 ms.
Asset Pipeline Refresh (id=bc65b96f012fa024496022f16810f517): Total: 0.020 seconds - Initiated by StopAssetImportingV2(NoUpdateAssetOptions)
Start importing Assets/NoSafeCircle/DoorPrototype/Art/Wizard/Source/PixelLab/feminine-dark/selected/walk/east/frame_004.png using Guid(5c4b5c93863ead4e2116cb6d49f60fcb) (TextureImporter) -> (artifact id: 'b176155e95d1a3c67a4db95cae5a5664') in 0.0046994 seconds
Refreshing native plugins compatible for Editor in 2.16 ms, found 4 plugins.
Preloading 0 native plugins for Editor in 0.00 ms.
Asset Pipeline Refresh (id=ccc2c128da8117043bbaffa7351b9882): Total: 0.024 seconds - Initiated by StopAssetImportingV2(NoUpdateAssetOptions)
Start importing Assets/NoSafeCircle/DoorPrototype/Art/Wizard/Source/PixelLab/feminine-dark/selected/walk/east/frame_004.png using Guid(5c4b5c93863ead4e2116cb6d49f60fcb) (TextureImporter) -> (artifact id: 'b176155e95d1a3c67a4db95cae5a5664') in 0.0034823 seconds
Refreshing native plugins compatible for Editor in 1.95 ms, found 4 plugins.
Preloading 0 native plugins for Editor in 0.00 ms.
Asset Pipeline Refresh (id=6f648b7c1318c6e42b063ae9e618af08): Total: 0.019 seconds - Initiated by StopAssetImportingV2(NoUpdateAssetOptions)
Start importing Assets/NoSafeCircle/DoorPrototype/Art/Wizard/Source/PixelLab/feminine-dark/selected/walk/east/frame_005.png using Guid(b5e827319400f39bfca8531b9f07093b) (TextureImporter) -> (artifact id: '0d051eff3bf3c0e1d683cc782bce7037') in 0.0047345 seconds
Refreshing native plugins compatible for Editor in 2.44 ms, found 4 plugins.
Preloading 0 native plugins for Editor in 0.00 ms.
Asset Pipeline Refresh (id=91500c7094a89c6459eafacf74c76067): Total: 0.020 seconds - Initiated by StopAssetImportingV2(NoUpdateAssetOptions)
Start importing Assets/NoSafeCircle/DoorPrototype/Art/Wizard/Source/PixelLab/feminine-dark/selected/walk/east/frame_005.png using Guid(b5e827319400f39bfca8531b9f07093b) (TextureImporter) -> (artifact id: '0d051eff3bf3c0e1d683cc782bce7037') in 0.004522 seconds
Refreshing native plugins compatible for Editor in 2.51 ms, found 4 plugins.
Preloading 0 native plugins for Editor in 0.00 ms.
Asset Pipeline Refresh (id=71f0ad7f67f601c48b07f867c81becc9): Total: 0.023 seconds - Initiated by StopAssetImportingV2(NoUpdateAssetOptions)
Start importing Assets/NoSafeCircle/DoorPrototype/Art/Wizard/Generated/Wizard_Feminine_Black_walk_east.anim using Guid(68483bd57b0276240a8d985f9286a2c7) (NativeFormatImporter) -> (artifact id: '8b68dfc16ad193dff6886d1ea0918b93') in 0.0028304 seconds
Refreshing native plugins compatible for Editor in 4.58 ms, found 4 plugins.
Preloading 0 native plugins for Editor in 0.00 ms.
Asset Pipeline Refresh (id=084b9348af098364d9f002921efaed71): Total: 0.024 seconds - Initiated by StopAssetImportingV2(NoUpdateAssetOptions)
Start importing Assets/NoSafeCircle/DoorPrototype/Art/Wizard/Source/PixelLab/feminine-dark/selected/standing/south-east.png using Guid(69f3c2f3d7452fd41b949253110967be) (TextureImporter) -> (artifact id: 'ee6467e97aa63a1a751ef6096fb9ecf6') in 0.005508 seconds
Refreshing native plugins compatible for Editor in 2.85 ms, found 4 plugins.
Preloading 0 native plugins for Editor in 0.00 ms.
Asset Pipeline Refresh (id=2f1be06574c8a4f4f93c2308f4048476): Total: 0.029 seconds - Initiated by StopAssetImportingV2(NoUpdateAssetOptions)
Start importing Assets/NoSafeCircle/DoorPrototype/Art/Wizard/Source/PixelLab/feminine-dark/selected/standing/south-east.png using Guid(69f3c2f3d7452fd41b949253110967be) (TextureImporter) -> (artifact id: 'ee6467e97aa63a1a751ef6096fb9ecf6') in 0.0075693 seconds
Refreshing native plugins compatible for Editor in 3.05 ms, found 4 plugins.
Preloading 0 native plugins for Editor in 0.00 ms.
Asset Pipeline Refresh (id=e7a2db06344761b4497ccb9e7ec141c0): Total: 0.030 seconds - Initiated by StopAssetImportingV2(NoUpdateAssetOptions)
Start importing Assets/NoSafeCircle/DoorPrototype/Art/Wizard/Generated/Wizard_Feminine_Black_idle_south-east.anim using Guid(0dd27da7f0277cd4a8bd40abecd08b59) (NativeFormatImporter) -> (artifact id: 'f74c149ccf15f37feca4abdfe2df5319') in 0.0025772 seconds
Refreshing native plugins compatible for Editor in 2.69 ms, found 4 plugins.
Preloading 0 native plugins for Editor in 0.00 ms.
Asset Pipeline Refresh (id=2cc7d063bdd69684f8b288811ae96696): Total: 0.022 seconds - Initiated by StopAssetImportingV2(NoUpdateAssetOptions)
Start importing Assets/NoSafeCircle/DoorPrototype/Art/Wizard/Source/PixelLab/feminine-dark/selected/walk/south-east/frame_000.png using Guid(42dd774045ddbc744be866ab33da0f8d) (TextureImporter) -> (artifact id: 'a3239d0431e581d4577e8bccf53ad2fd') in 0.0044258 seconds
Refreshing native plugins compatible for Editor in 1.98 ms, found 4 plugins.
Preloading 0 native plugins for Editor in 0.00 ms.
Asset Pipeline Refresh (id=51cad12392cfc884e8628009f59488ab): Total: 0.023 seconds - Initiated by StopAssetImportingV2(NoUpdateAssetOptions)
Start importing Assets/NoSafeCircle/DoorPrototype/Art/Wizard/Source/PixelLab/feminine-dark/selected/walk/south-east/frame_000.png using Guid(42dd774045ddbc744be866ab33da0f8d) (TextureImporter) -> (artifact id: 'a3239d0431e581d4577e8bccf53ad2fd') in 0.0044613 seconds
Refreshing native plugins compatible for Editor in 1.87 ms, found 4 plugins.
Preloading 0 native plugins for Editor in 0.00 ms.
Asset Pipeline Refresh (id=570eea5c6d7050d4cb426d5ba8eb6acd): Total: 0.020 seconds - Initiated by StopAssetImportingV2(NoUpdateAssetOptions)
Start importing Assets/NoSafeCircle/DoorPrototype/Art/Wizard/Source/PixelLab/feminine-dark/selected/walk/south-east/frame_001.png using Guid(f44a7393b774d5442ba1251cde6646cf) (TextureImporter) -> (artifact id: '066f6762edd18106cb16804e84376107') in 0.0046991 seconds
Refreshing native plugins compatible for Editor in 2.65 ms, found 4 plugins.
Preloading 0 native plugins for Editor in 0.00 ms.
Asset Pipeline Refresh (id=10d0654373597834b8a1eabb4448acb2): Total: 0.024 seconds - Initiated by StopAssetImportingV2(NoUpdateAssetOptions)
Start importing Assets/NoSafeCircle/DoorPrototype/Art/Wizard/Source/PixelLab/feminine-dark/selected/walk/south-east/frame_001.png using Guid(f44a7393b774d5442ba1251cde6646cf) (TextureImporter) -> (artifact id: '066f6762edd18106cb16804e84376107') in 0.00461 seconds
Refreshing native plugins compatible for Editor in 1.90 ms, found 4 plugins.
Preloading 0 native plugins for Editor in 0.00 ms.
Asset Pipeline Refresh (id=78098a7a94dec024a843a9f8c816df58): Total: 0.024 seconds - Initiated by StopAssetImportingV2(NoUpdateAssetOptions)
Start importing Assets/NoSafeCircle/DoorPrototype/Art/Wizard/Source/PixelLab/feminine-dark/selected/walk/south-east/frame_002.png using Guid(aa283dd44f6c7fb46b54a6f6ea040ed0) (TextureImporter) -> (artifact id: 'ab68743bd16e61737db72f4de7e2d179') in 0.0047251 seconds
Refreshing native plugins compatible for Editor in 2.32 ms, found 4 plugins.
Preloading 0 native plugins for Editor in 0.00 ms.
Asset Pipeline Refresh (id=71f142bb18809064a9aea6f27e787f08): Total: 0.022 seconds - Initiated by StopAssetImportingV2(NoUpdateAssetOptions)
Start importing Assets/NoSafeCircle/DoorPrototype/Art/Wizard/Source/PixelLab/feminine-dark/selected/walk/south-east/frame_002.png using Guid(aa283dd44f6c7fb46b54a6f6ea040ed0) (TextureImporter) -> (artifact id: 'ab68743bd16e61737db72f4de7e2d179') in 0.0039477 seconds
Refreshing native plugins compatible for Editor in 2.25 ms, found 4 plugins.
Preloading 0 native plugins for Editor in 0.00 ms.
Asset Pipeline Refresh (id=5bccf30fd1facd244acdf193c2c0b295): Total: 0.025 seconds - Initiated by StopAssetImportingV2(NoUpdateAssetOptions)
Start importing Assets/NoSafeCircle/DoorPrototype/Art/Wizard/Source/PixelLab/feminine-dark/selected/walk/south-east/frame_003.png using Guid(a7fff011355f1f84a8b447804a104b20) (TextureImporter) -> (artifact id: '0d5d7b742fd6a74cb336f77d784db00e') in 0.0039325 seconds
Refreshing native plugins compatible for Editor in 1.87 ms, found 4 plugins.
Preloading 0 native plugins for Editor in 0.00 ms.
Asset Pipeline Refresh (id=c00de4ca9b7966245b68c8cb7a1778a9): Total: 0.018 seconds - Initiated by StopAssetImportingV2(NoUpdateAssetOptions)
Start importing Assets/NoSafeCircle/DoorPrototype/Art/Wizard/Source/PixelLab/feminine-dark/selected/walk/south-east/frame_003.png using Guid(a7fff011355f1f84a8b447804a104b20) (TextureImporter) -> (artifact id: '0d5d7b742fd6a74cb336f77d784db00e') in 0.0036456 seconds
Refreshing native plugins compatible for Editor in 1.96 ms, found 4 plugins.
Preloading 0 native plugins for Editor in 0.00 ms.
Asset Pipeline Refresh (id=3d74b8188f44a594da6d9e9d017d8423): Total: 0.022 seconds - Initiated by StopAssetImportingV2(NoUpdateAssetOptions)
Start importing Assets/NoSafeCircle/DoorPrototype/Art/Wizard/Source/PixelLab/feminine-dark/selected/walk/south-east/frame_004.png using Guid(01492cb486f6c914583ea38853044689) (TextureImporter) -> (artifact id: '0d4c4b23ef0390350af5b38e425a11d3') in 0.0044549 seconds
Refreshing native plugins compatible for Editor in 2.13 ms, found 4 plugins.
Preloading 0 native plugins for Editor in 0.00 ms.
Asset Pipeline Refresh (id=6fecf2d2c6cf3e24b99108ccfe323394): Total: 0.022 seconds - Initiated by StopAssetImportingV2(NoUpdateAssetOptions)
Start importing Assets/NoSafeCircle/DoorPrototype/Art/Wizard/Source/PixelLab/feminine-dark/selected/walk/south-east/frame_004.png using Guid(01492cb486f6c914583ea38853044689) (TextureImporter) -> (artifact id: '0d4c4b23ef0390350af5b38e425a11d3') in 0.0036403 seconds
Refreshing native plugins compatible for Editor in 2.97 ms, found 4 plugins.
Preloading 0 native plugins for Editor in 0.00 ms.
Asset Pipeline Refresh (id=70d4e47611d83704e9c4db6266c416cb): Total: 0.020 seconds - Initiated by StopAssetImportingV2(NoUpdateAssetOptions)
Start importing Assets/NoSafeCircle/DoorPrototype/Art/Wizard/Source/PixelLab/feminine-dark/selected/walk/south-east/frame_005.png using Guid(7171027cf4425fe4a94f7642fc6e9771) (TextureImporter) -> (artifact id: '0c35c354159a8f6500b3e1acb99e1336') in 0.0039791 seconds
Refreshing native plugins compatible for Editor in 1.75 ms, found 4 plugins.
Preloading 0 native plugins for Editor in 0.00 ms.
Asset Pipeline Refresh (id=866c6b9048473974eabf775df3fd32be): Total: 0.020 seconds - Initiated by StopAssetImportingV2(NoUpdateAssetOptions)
Start importing Assets/NoSafeCircle/DoorPrototype/Art/Wizard/Source/PixelLab/feminine-dark/selected/walk/south-east/frame_005.png using Guid(7171027cf4425fe4a94f7642fc6e9771) (TextureImporter) -> (artifact id: '0c35c354159a8f6500b3e1acb99e1336') in 0.0039661 seconds
Refreshing native plugins compatible for Editor in 2.37 ms, found 4 plugins.
Preloading 0 native plugins for Editor in 0.00 ms.
Asset Pipeline Refresh (id=1a604533bad7fe44c804a5799406fdb0): Total: 0.020 seconds - Initiated by StopAssetImportingV2(NoUpdateAssetOptions)
Start importing Assets/NoSafeCircle/DoorPrototype/Art/Wizard/Generated/Wizard_Feminine_Black_walk_south-east.anim using Guid(ed25b7f324d907c43bae3068122da65f) (NativeFormatImporter) -> (artifact id: '76e74549ba772f794f594a21d489763e') in 0.0025953 seconds
Refreshing native plugins compatible for Editor in 1.82 ms, found 4 plugins.
Preloading 0 native plugins for Editor in 0.00 ms.
Asset Pipeline Refresh (id=d0a395eac5bb49b44a0211191fd27fb7): Total: 0.017 seconds - Initiated by StopAssetImportingV2(NoUpdateAssetOptions)
Start importing Assets/NoSafeCircle/DoorPrototype/Art/Wizard/Source/PixelLab/feminine-dark/selected/standing/south.png using Guid(395f313db6b829b4e98b7bb95d03047b) (TextureImporter) -> (artifact id: 'd3c15594e4a8572e716e80ecbb874809') in 0.0055887 seconds
Refreshing native plugins compatible for Editor in 2.47 ms, found 4 plugins.
Preloading 0 native plugins for Editor in 0.00 ms.
Asset Pipeline Refresh (id=0b23a562eb209114a964fe9dcb95142b): Total: 0.026 seconds - Initiated by StopAssetImportingV2(NoUpdateAssetOptions)
Start importing Assets/NoSafeCircle/DoorPrototype/Art/Wizard/Source/PixelLab/feminine-dark/selected/standing/south.png using Guid(395f313db6b829b4e98b7bb95d03047b) (TextureImporter) -> (artifact id: 'd3c15594e4a8572e716e80ecbb874809') in 0.0053889 seconds
Refreshing native plugins compatible for Editor in 2.21 ms, found 4 plugins.
Preloading 0 native plugins for Editor in 0.00 ms.
Asset Pipeline Refresh (id=152cbb26272986e41818d8f548023065): Total: 0.025 seconds - Initiated by StopAssetImportingV2(NoUpdateAssetOptions)
Start importing Assets/NoSafeCircle/DoorPrototype/Art/Wizard/Generated/Wizard_Feminine_Black_idle_south.anim using Guid(2f791514911e0e84bae351af8dc1dd24) (NativeFormatImporter) -> (artifact id: '7bb05739a4addcfc7f8a718bc467709b') in 0.0018309 seconds
Refreshing native plugins compatible for Editor in 2.20 ms, found 4 plugins.
Preloading 0 native plugins for Editor in 0.00 ms.
Asset Pipeline Refresh (id=2e7e50d4c7161c041b4c80dfb7423ec7): Total: 0.017 seconds - Initiated by StopAssetImportingV2(NoUpdateAssetOptions)
Start importing Assets/NoSafeCircle/DoorPrototype/Art/Wizard/Source/PixelLab/feminine-dark/selected/walk/south/frame_000.png using Guid(501b73d8dd45af768a2da0bffe8beb5f) (TextureImporter) -> (artifact id: 'a780f8444cb7b81f4da8c942b0957278') in 0.003735 seconds
Refreshing native plugins compatible for Editor in 1.83 ms, found 4 plugins.
Preloading 0 native plugins for Editor in 0.00 ms.
Asset Pipeline Refresh (id=2a867e8d68f5c7d438204963d0bd9e81): Total: 0.020 seconds - Initiated by StopAssetImportingV2(NoUpdateAssetOptions)
Start importing Assets/NoSafeCircle/DoorPrototype/Art/Wizard/Source/PixelLab/feminine-dark/selected/walk/south/frame_000.png using Guid(501b73d8dd45af768a2da0bffe8beb5f) (TextureImporter) -> (artifact id: 'a780f8444cb7b81f4da8c942b0957278') in 0.0045738 seconds
Refreshing native plugins compatible for Editor in 2.83 ms, found 4 plugins.
Preloading 0 native plugins for Editor in 0.00 ms.
Asset Pipeline Refresh (id=06f70589bc0e23b40b5e93d658e8eeb3): Total: 0.023 seconds - Initiated by StopAssetImportingV2(NoUpdateAssetOptions)
Start importing Assets/NoSafeCircle/DoorPrototype/Art/Wizard/Source/PixelLab/feminine-dark/selected/walk/south/frame_001.png using Guid(3cc54bcb32ceb70fdfe3d97b2ed85928) (TextureImporter) -> (artifact id: 'ab5162fdbb23621781ce7864d0ebabfd') in 0.0057073 seconds
Refreshing native plugins compatible for Editor in 2.70 ms, found 4 plugins.
Preloading 0 native plugins for Editor in 0.00 ms.
Asset Pipeline Refresh (id=628f96aec1e49fe47a1d21f4e7d0c63e): Total: 0.029 seconds - Initiated by StopAssetImportingV2(NoUpdateAssetOptions)
Start importing Assets/NoSafeCircle/DoorPrototype/Art/Wizard/Source/PixelLab/feminine-dark/selected/walk/south/frame_001.png using Guid(3cc54bcb32ceb70fdfe3d97b2ed85928) (TextureImporter) -> (artifact id: 'ab5162fdbb23621781ce7864d0ebabfd') in 0.0070243 seconds
Refreshing native plugins compatible for Editor in 2.27 ms, found 4 plugins.
Preloading 0 native plugins for Editor in 0.00 ms.
Asset Pipeline Refresh (id=c0c087f39da7b7141ad2d55c1f5d157c): Total: 0.027 seconds - Initiated by StopAssetImportingV2(NoUpdateAssetOptions)
Start importing Assets/NoSafeCircle/DoorPrototype/Art/Wizard/Source/PixelLab/feminine-dark/selected/walk/south/frame_002.png using Guid(88323dab49fbb3a60ab21e993a394084) (TextureImporter) -> (artifact id: '6ee286073cd22b60e56923b5cb9d3c43') in 0.0047152 seconds
Refreshing native plugins compatible for Editor in 2.08 ms, found 4 plugins.
Preloading 0 native plugins for Editor in 0.00 ms.
Asset Pipeline Refresh (id=80769bec6051fee48b40ae613802fbad): Total: 0.022 seconds - Initiated by StopAssetImportingV2(NoUpdateAssetOptions)
Start importing Assets/NoSafeCircle/DoorPrototype/Art/Wizard/Source/PixelLab/feminine-dark/selected/walk/south/frame_002.png using Guid(88323dab49fbb3a60ab21e993a394084) (TextureImporter) -> (artifact id: '6ee286073cd22b60e56923b5cb9d3c43') in 0.0042209 seconds
Refreshing native plugins compatible for Editor in 3.00 ms, found 4 plugins.
Preloading 0 native plugins for Editor in 0.00 ms.
Asset Pipeline Refresh (id=16b93c088e95ce443b0a25c62a648b10): Total: 0.026 seconds - Initiated by StopAssetImportingV2(NoUpdateAssetOptions)
Start importing Assets/NoSafeCircle/DoorPrototype/Art/Wizard/Source/PixelLab/feminine-dark/selected/walk/south/frame_003.png using Guid(3320b02af2c0f0e0111cc9e00357f894) (TextureImporter) -> (artifact id: 'cc59cc483a8e820d4bcf1a4d91cc5d34') in 0.0055128 seconds
Refreshing native plugins compatible for Editor in 2.17 ms, found 4 plugins.
Preloading 0 native plugins for Editor in 0.00 ms.
Asset Pipeline Refresh (id=2af609cb08f3eba429e2256a0873da88): Total: 0.027 seconds - Initiated by StopAssetImportingV2(NoUpdateAssetOptions)
Start importing Assets/NoSafeCircle/DoorPrototype/Art/Wizard/Source/PixelLab/feminine-dark/selected/walk/south/frame_003.png using Guid(3320b02af2c0f0e0111cc9e00357f894) (TextureImporter) -> (artifact id: 'cc59cc483a8e820d4bcf1a4d91cc5d34') in 0.0041241 seconds
Refreshing native plugins compatible for Editor in 2.45 ms, found 4 plugins.
Preloading 0 native plugins for Editor in 0.00 ms.
Asset Pipeline Refresh (id=d28ba24b573a5c149aab7ea0ac4dd49e): Total: 0.021 seconds - Initiated by StopAssetImportingV2(NoUpdateAssetOptions)
Start importing Assets/NoSafeCircle/DoorPrototype/Art/Wizard/Source/PixelLab/feminine-dark/selected/walk/south/frame_004.png using Guid(bf21332aedec8bc2bdf449fc1ca1538c) (TextureImporter) -> (artifact id: '88414e7154b92c9a15a330aad2f691bd') in 0.005223 seconds
Refreshing native plugins compatible for Editor in 2.41 ms, found 4 plugins.
Preloading 0 native plugins for Editor in 0.00 ms.
Asset Pipeline Refresh (id=6769561b891a06a4a89d74e2cf582f2c): Total: 0.022 seconds - Initiated by StopAssetImportingV2(NoUpdateAssetOptions)
Start importing Assets/NoSafeCircle/DoorPrototype/Art/Wizard/Source/PixelLab/feminine-dark/selected/walk/south/frame_004.png using Guid(bf21332aedec8bc2bdf449fc1ca1538c) (TextureImporter) -> (artifact id: '88414e7154b92c9a15a330aad2f691bd') in 0.0046183 seconds
Refreshing native plugins compatible for Editor in 2.67 ms, found 4 plugins.
Preloading 0 native plugins for Editor in 0.00 ms.
Asset Pipeline Refresh (id=2aaa06280e660b6409ea746445ee6f74): Total: 0.025 seconds - Initiated by StopAssetImportingV2(NoUpdateAssetOptions)
Start importing Assets/NoSafeCircle/DoorPrototype/Art/Wizard/Source/PixelLab/feminine-dark/selected/walk/south/frame_005.png using Guid(35b9c6e957612454b7446ee4d28e1895) (TextureImporter) -> (artifact id: '2da7a96440588c1b232f31e158a96255') in 0.0055886 seconds
Refreshing native plugins compatible for Editor in 2.17 ms, found 4 plugins.
Preloading 0 native plugins for Editor in 0.00 ms.
Asset Pipeline Refresh (id=7f2b7bb8c40b27a4ea912ae232d591b2): Total: 0.024 seconds - Initiated by StopAssetImportingV2(NoUpdateAssetOptions)
Start importing Assets/NoSafeCircle/DoorPrototype/Art/Wizard/Source/PixelLab/feminine-dark/selected/walk/south/frame_005.png using Guid(35b9c6e957612454b7446ee4d28e1895) (TextureImporter) -> (artifact id: '2da7a96440588c1b232f31e158a96255') in 0.0047174 seconds
Refreshing native plugins compatible for Editor in 2.44 ms, found 4 plugins.
Preloading 0 native plugins for Editor in 0.00 ms.
Asset Pipeline Refresh (id=6d5a3206b98c3d74facbff890a2b107c): Total: 0.021 seconds - Initiated by StopAssetImportingV2(NoUpdateAssetOptions)
Start importing Assets/NoSafeCircle/DoorPrototype/Art/Wizard/Generated/Wizard_Feminine_Black_walk_south.anim using Guid(f0ec46e2d5b59ff40a7dcdca73eee7cc) (NativeFormatImporter) -> (artifact id: '0bc9680230b5cebc87459ffc38ec35ce') in 0.0021032 seconds
Refreshing native plugins compatible for Editor in 2.91 ms, found 4 plugins.
Preloading 0 native plugins for Editor in 0.00 ms.
Asset Pipeline Refresh (id=ae4024f2a66df98459c6d80919b9d2ed): Total: 0.020 seconds - Initiated by StopAssetImportingV2(NoUpdateAssetOptions)
Start importing Assets/NoSafeCircle/DoorPrototype/Art/Wizard/Source/PixelLab/feminine-dark/selected/standing/south-west.png using Guid(d340bd93ea196354289606025f38f94d) (TextureImporter) -> (artifact id: 'f837691b8466871cabcca2d15ba6c6af') in 0.0072806 seconds
Refreshing native plugins compatible for Editor in 2.44 ms, found 4 plugins.
Preloading 0 native plugins for Editor in 0.00 ms.
Asset Pipeline Refresh (id=222509f4dd0870a4a9d667c2f83892ba): Total: 0.026 seconds - Initiated by StopAssetImportingV2(NoUpdateAssetOptions)
Start importing Assets/NoSafeCircle/DoorPrototype/Art/Wizard/Source/PixelLab/feminine-dark/selected/standing/south-west.png using Guid(d340bd93ea196354289606025f38f94d) (TextureImporter) -> (artifact id: 'f837691b8466871cabcca2d15ba6c6af') in 0.0083016 seconds
Refreshing native plugins compatible for Editor in 2.25 ms, found 4 plugins.
Preloading 0 native plugins for Editor in 0.00 ms.
Asset Pipeline Refresh (id=7f5c1c5ee0f7e4c49ad6b7ea5ba23975): Total: 0.038 seconds - Initiated by StopAssetImportingV2(NoUpdateAssetOptions)
Start importing Assets/NoSafeCircle/DoorPrototype/Art/Wizard/Generated/Wizard_Feminine_Black_idle_south-west.anim using Guid(bf261637b1d7d8d4ab5e51947309c429) (NativeFormatImporter) -> (artifact id: '217744601dc286ec5ea7ac1422d9783a') in 0.0029183 seconds
Refreshing native plugins compatible for Editor in 4.09 ms, found 4 plugins.
Preloading 0 native plugins for Editor in 0.00 ms.
Asset Pipeline Refresh (id=53741f31220873a47b5049de8dcecec0): Total: 0.025 seconds - Initiated by StopAssetImportingV2(NoUpdateAssetOptions)
Start importing Assets/NoSafeCircle/DoorPrototype/Art/Wizard/Source/PixelLab/feminine-dark/selected/walk/south-west/frame_000.png using Guid(e6869e02dfb3c8245b1f25e335eccc30) (TextureImporter) -> (artifact id: '017f6055c5bd8e23b9e8d9f8558efd73') in 0.0044427 seconds
Refreshing native plugins compatible for Editor in 2.85 ms, found 4 plugins.
Preloading 0 native plugins for Editor in 0.00 ms.
Asset Pipeline Refresh (id=51bd79dfb0516a2489438260f194fb9f): Total: 0.025 seconds - Initiated by StopAssetImportingV2(NoUpdateAssetOptions)
Start importing Assets/NoSafeCircle/DoorPrototype/Art/Wizard/Source/PixelLab/feminine-dark/selected/walk/south-west/frame_000.png using Guid(e6869e02dfb3c8245b1f25e335eccc30) (TextureImporter) -> (artifact id: '017f6055c5bd8e23b9e8d9f8558efd73') in 0.0043869 seconds
Refreshing native plugins compatible for Editor in 1.95 ms, found 4 plugins.
Preloading 0 native plugins for Editor in 0.00 ms.
Asset Pipeline Refresh (id=7953dfda998a65143bfdad65acee7a31): Total: 0.025 seconds - Initiated by StopAssetImportingV2(NoUpdateAssetOptions)
Start importing Assets/NoSafeCircle/DoorPrototype/Art/Wizard/Source/PixelLab/feminine-dark/selected/walk/south-west/frame_001.png using Guid(20b8291cd2748074f8e43235b7bd74ae) (TextureImporter) -> (artifact id: '2f49cfa8b705ba78624ee29c9d6be903') in 0.0038603 seconds
Refreshing native plugins compatible for Editor in 1.80 ms, found 4 plugins.
Preloading 0 native plugins for Editor in 0.00 ms.
Asset Pipeline Refresh (id=c1704b2ebc63bfe4b9e8342851e28c5b): Total: 0.019 seconds - Initiated by StopAssetImportingV2(NoUpdateAssetOptions)
Start importing Assets/NoSafeCircle/DoorPrototype/Art/Wizard/Source/PixelLab/feminine-dark/selected/walk/south-west/frame_001.png using Guid(20b8291cd2748074f8e43235b7bd74ae) (TextureImporter) -> (artifact id: '2f49cfa8b705ba78624ee29c9d6be903') in 0.0034754 seconds
Refreshing native plugins compatible for Editor in 2.28 ms, found 4 plugins.
Preloading 0 native plugins for Editor in 0.00 ms.
Asset Pipeline Refresh (id=0d6b756dc0d72c041a27851eca43afac): Total: 0.022 seconds - Initiated by StopAssetImportingV2(NoUpdateAssetOptions)
Start importing Assets/NoSafeCircle/DoorPrototype/Art/Wizard/Source/PixelLab/feminine-dark/selected/walk/south-west/frame_002.png using Guid(05e3fc8b77328f840b0fce4d8257eff1) (TextureImporter) -> (artifact id: '5797e5084779a3e33d0e3b9a561fb9c3') in 0.0045214 seconds
Refreshing native plugins compatible for Editor in 1.82 ms, found 4 plugins.
Preloading 0 native plugins for Editor in 0.00 ms.
Asset Pipeline Refresh (id=d82603fa1402b5945ad2e9d5a66eea8f): Total: 0.020 seconds - Initiated by StopAssetImportingV2(NoUpdateAssetOptions)
Start importing Assets/NoSafeCircle/DoorPrototype/Art/Wizard/Source/PixelLab/feminine-dark/selected/walk/south-west/frame_002.png using Guid(05e3fc8b77328f840b0fce4d8257eff1) (TextureImporter) -> (artifact id: '5797e5084779a3e33d0e3b9a561fb9c3') in 0.0043043 seconds
Refreshing native plugins compatible for Editor in 2.64 ms, found 4 plugins.
Preloading 0 native plugins for Editor in 0.00 ms.
Asset Pipeline Refresh (id=57049525162e9c74194834c44fa32234): Total: 0.020 seconds - Initiated by StopAssetImportingV2(NoUpdateAssetOptions)
Start importing Assets/NoSafeCircle/DoorPrototype/Art/Wizard/Source/PixelLab/feminine-dark/selected/walk/south-west/frame_003.png using Guid(892244fe00fae7b43a37a0eea50191ef) (TextureImporter) -> (artifact id: 'aab1e82c90bcd1db8501f10c7ce75945') in 0.005628 seconds
Refreshing native plugins compatible for Editor in 2.20 ms, found 4 plugins.
Preloading 0 native plugins for Editor in 0.00 ms.
Asset Pipeline Refresh (id=a10dd5506360b7d4cab6c77171e4f05f): Total: 0.021 seconds - Initiated by StopAssetImportingV2(NoUpdateAssetOptions)
Start importing Assets/NoSafeCircle/DoorPrototype/Art/Wizard/Source/PixelLab/feminine-dark/selected/walk/south-west/frame_003.png using Guid(892244fe00fae7b43a37a0eea50191ef) (TextureImporter) -> (artifact id: 'aab1e82c90bcd1db8501f10c7ce75945') in 0.0038524 seconds
Refreshing native plugins compatible for Editor in 2.09 ms, found 4 plugins.
Preloading 0 native plugins for Editor in 0.00 ms.
Asset Pipeline Refresh (id=cd89c2e2e0b38614aac671432993f24a): Total: 0.021 seconds - Initiated by StopAssetImportingV2(NoUpdateAssetOptions)
Start importing Assets/NoSafeCircle/DoorPrototype/Art/Wizard/Source/PixelLab/feminine-dark/selected/walk/south-west/frame_004.png using Guid(6e335674cfa970648b41c4e47a1e9937) (TextureImporter) -> (artifact id: '8085a9e913bce88de6f52d1d0de71db5') in 0.004483 seconds
Refreshing native plugins compatible for Editor in 1.87 ms, found 4 plugins.
Preloading 0 native plugins for Editor in 0.00 ms.
Asset Pipeline Refresh (id=5ae35f9a4c99d3e4a80fe85c2d56e2f1): Total: 0.021 seconds - Initiated by StopAssetImportingV2(NoUpdateAssetOptions)
Start importing Assets/NoSafeCircle/DoorPrototype/Art/Wizard/Source/PixelLab/feminine-dark/selected/walk/south-west/frame_004.png using Guid(6e335674cfa970648b41c4e47a1e9937) (TextureImporter) -> (artifact id: '8085a9e913bce88de6f52d1d0de71db5') in 0.0042549 seconds
Refreshing native plugins compatible for Editor in 1.93 ms, found 4 plugins.
Preloading 0 native plugins for Editor in 0.00 ms.
Asset Pipeline Refresh (id=6fbc91bc6eb1a774f9c96d0c49737feb): Total: 0.021 seconds - Initiated by StopAssetImportingV2(NoUpdateAssetOptions)
Start importing Assets/NoSafeCircle/DoorPrototype/Art/Wizard/Source/PixelLab/feminine-dark/selected/walk/south-west/frame_005.png using Guid(68e7669fb892bb94eb46a71acf7b786d) (TextureImporter) -> (artifact id: '356b1f5ba076c6d5a6398cad7978c967') in 0.0040672 seconds
Refreshing native plugins compatible for Editor in 1.89 ms, found 4 plugins.
Preloading 0 native plugins for Editor in 0.00 ms.
Asset Pipeline Refresh (id=6fe1b86130fd3f04a98ee77230f880c3): Total: 0.024 seconds - Initiated by StopAssetImportingV2(NoUpdateAssetOptions)
Start importing Assets/NoSafeCircle/DoorPrototype/Art/Wizard/Source/PixelLab/feminine-dark/selected/walk/south-west/frame_005.png using Guid(68e7669fb892bb94eb46a71acf7b786d) (TextureImporter) -> (artifact id: '356b1f5ba076c6d5a6398cad7978c967') in 0.0042605 seconds
Refreshing native plugins compatible for Editor in 2.82 ms, found 4 plugins.
Preloading 0 native plugins for Editor in 0.00 ms.
Asset Pipeline Refresh (id=250181fbb1d0c494cbac881aa0a9ec63): Total: 0.021 seconds - Initiated by StopAssetImportingV2(NoUpdateAssetOptions)
Start importing Assets/NoSafeCircle/DoorPrototype/Art/Wizard/Generated/Wizard_Feminine_Black_walk_south-west.anim using Guid(14b171285160a5e4f8a497ce88dac2e5) (NativeFormatImporter) -> (artifact id: '420cb8efab5266cf5e97e5e4e8fabda9') in 0.0020598 seconds
Refreshing native plugins compatible for Editor in 3.18 ms, found 4 plugins.
Preloading 0 native plugins for Editor in 0.00 ms.
Asset Pipeline Refresh (id=03cf0df3e330570479ff35049710a85e): Total: 0.018 seconds - Initiated by StopAssetImportingV2(NoUpdateAssetOptions)
Start importing Assets/NoSafeCircle/DoorPrototype/Art/Wizard/Source/PixelLab/feminine-dark/selected/standing/west.png using Guid(6cc81d4fd67acb649b32359d6fc7cd2e) (TextureImporter) -> (artifact id: 'd02b0a988451053004fce71b6b6f9812') in 0.0052253 seconds
Refreshing native plugins compatible for Editor in 2.21 ms, found 4 plugins.
Preloading 0 native plugins for Editor in 0.00 ms.
Asset Pipeline Refresh (id=fadadfa3fc880454eb828c1bb415f52f): Total: 0.023 seconds - Initiated by StopAssetImportingV2(NoUpdateAssetOptions)
Start importing Assets/NoSafeCircle/DoorPrototype/Art/Wizard/Source/PixelLab/feminine-dark/selected/standing/west.png using Guid(6cc81d4fd67acb649b32359d6fc7cd2e) (TextureImporter) -> (artifact id: 'd02b0a988451053004fce71b6b6f9812') in 0.006063 seconds
Refreshing native plugins compatible for Editor in 1.84 ms, found 4 plugins.
Preloading 0 native plugins for Editor in 0.00 ms.
Asset Pipeline Refresh (id=e79a8d19cf993a64aa6fbbed95e70f0a): Total: 0.025 seconds - Initiated by StopAssetImportingV2(NoUpdateAssetOptions)
Start importing Assets/NoSafeCircle/DoorPrototype/Art/Wizard/Generated/Wizard_Feminine_Black_idle_west.anim using Guid(78cf5e541bb26c54e80172835e0b0f72) (NativeFormatImporter) -> (artifact id: '50058c696da1bc35e86dbc0fa1a193df') in 0.0018292 seconds
Refreshing native plugins compatible for Editor in 2.62 ms, found 4 plugins.
Preloading 0 native plugins for Editor in 0.00 ms.
Asset Pipeline Refresh (id=c3888cf286cf7f04fa4c0638c524b1f1): Total: 0.018 seconds - Initiated by StopAssetImportingV2(NoUpdateAssetOptions)
Start importing Assets/NoSafeCircle/DoorPrototype/Art/Wizard/Source/PixelLab/feminine-dark/selected/walk/west/frame_000.png using Guid(c08a2ca86a7880e693b66f46a1e3a6dc) (TextureImporter) -> (artifact id: 'fb057411bd98f09263303ec4c4303f70') in 0.0042847 seconds
Refreshing native plugins compatible for Editor in 1.95 ms, found 4 plugins.
Preloading 0 native plugins for Editor in 0.00 ms.
Asset Pipeline Refresh (id=eb40e85eef080e6458c4a0e3970a3679): Total: 0.025 seconds - Initiated by StopAssetImportingV2(NoUpdateAssetOptions)
Start importing Assets/NoSafeCircle/DoorPrototype/Art/Wizard/Source/PixelLab/feminine-dark/selected/walk/west/frame_000.png using Guid(c08a2ca86a7880e693b66f46a1e3a6dc) (TextureImporter) -> (artifact id: 'fb057411bd98f09263303ec4c4303f70') in 0.003685 seconds
Refreshing native plugins compatible for Editor in 1.77 ms, found 4 plugins.
Preloading 0 native plugins for Editor in 0.00 ms.
Asset Pipeline Refresh (id=21fccfbb857d408418347f07d0d58143): Total: 0.019 seconds - Initiated by StopAssetImportingV2(NoUpdateAssetOptions)
Start importing Assets/NoSafeCircle/DoorPrototype/Art/Wizard/Source/PixelLab/feminine-dark/selected/walk/west/frame_001.png using Guid(d1b15f425e0cc73926dc586e168bbb7f) (TextureImporter) -> (artifact id: '5c82981843acfb68c5c0363258092b95') in 0.0047005 seconds
Refreshing native plugins compatible for Editor in 3.50 ms, found 4 plugins.
Preloading 0 native plugins for Editor in 0.00 ms.
Asset Pipeline Refresh (id=f6466c090811f814ca76c5b884902a5d): Total: 0.022 seconds - Initiated by StopAssetImportingV2(NoUpdateAssetOptions)
Start importing Assets/NoSafeCircle/DoorPrototype/Art/Wizard/Source/PixelLab/feminine-dark/selected/walk/west/frame_001.png using Guid(d1b15f425e0cc73926dc586e168bbb7f) (TextureImporter) -> (artifact id: '5c82981843acfb68c5c0363258092b95') in 0.0050948 seconds
Refreshing native plugins compatible for Editor in 2.07 ms, found 4 plugins.
Preloading 0 native plugins for Editor in 0.00 ms.
Asset Pipeline Refresh (id=6ecc4abf943046d479bd5d7e42556432): Total: 0.020 seconds - Initiated by StopAssetImportingV2(NoUpdateAssetOptions)
Start importing Assets/NoSafeCircle/DoorPrototype/Art/Wizard/Source/PixelLab/feminine-dark/selected/walk/west/frame_002.png using Guid(15cebd780f294290758e202739728ec9) (TextureImporter) -> (artifact id: '52ea068cd3fe479b01cea8c15129e46e') in 0.004102 seconds
Refreshing native plugins compatible for Editor in 1.86 ms, found 4 plugins.
Preloading 0 native plugins for Editor in 0.00 ms.
Asset Pipeline Refresh (id=c01e66dbd81585a45898b915aedbc014): Total: 0.019 seconds - Initiated by StopAssetImportingV2(NoUpdateAssetOptions)
Start importing Assets/NoSafeCircle/DoorPrototype/Art/Wizard/Source/PixelLab/feminine-dark/selected/walk/west/frame_002.png using Guid(15cebd780f294290758e202739728ec9) (TextureImporter) -> (artifact id: '52ea068cd3fe479b01cea8c15129e46e') in 0.0038387 seconds
Refreshing native plugins compatible for Editor in 1.85 ms, found 4 plugins.
Preloading 0 native plugins for Editor in 0.00 ms.
Asset Pipeline Refresh (id=bc346ac65d419b34fb9e850cf76d1012): Total: 0.018 seconds - Initiated by StopAssetImportingV2(NoUpdateAssetOptions)
Start importing Assets/NoSafeCircle/DoorPrototype/Art/Wizard/Source/PixelLab/feminine-dark/selected/walk/west/frame_003.png using Guid(f9cf3354fa3469425fc6bfadd8a71e9a) (TextureImporter) -> (artifact id: '21803a8ec59f50b2616bb027f4b1ae71') in 0.0043722 seconds
Refreshing native plugins compatible for Editor in 1.77 ms, found 4 plugins.
Preloading 0 native plugins for Editor in 0.00 ms.
Asset Pipeline Refresh (id=2508edf2e4c3a144dac2e2fdf612034b): Total: 0.018 seconds - Initiated by StopAssetImportingV2(NoUpdateAssetOptions)
Start importing Assets/NoSafeCircle/DoorPrototype/Art/Wizard/Source/PixelLab/feminine-dark/selected/walk/west/frame_003.png using Guid(f9cf3354fa3469425fc6bfadd8a71e9a) (TextureImporter) -> (artifact id: '21803a8ec59f50b2616bb027f4b1ae71') in 0.0036062 seconds
Refreshing native plugins compatible for Editor in 1.86 ms, found 4 plugins.
Preloading 0 native plugins for Editor in 0.00 ms.
Asset Pipeline Refresh (id=ff1d7e6c2ad3b6f4ea268bcf178508d1): Total: 0.018 seconds - Initiated by StopAssetImportingV2(NoUpdateAssetOptions)
Start importing Assets/NoSafeCircle/DoorPrototype/Art/Wizard/Source/PixelLab/feminine-dark/selected/walk/west/frame_004.png using Guid(eadf7956539eedbcb50b748d4a30f310) (TextureImporter) -> (artifact id: 'f954737b54bf15ab2bc5a766b59d5573') in 0.0039552 seconds
Refreshing native plugins compatible for Editor in 2.18 ms, found 4 plugins.
Preloading 0 native plugins for Editor in 0.00 ms.
Asset Pipeline Refresh (id=139715722dfb5df4c8897e9eb1dc94ce): Total: 0.019 seconds - Initiated by StopAssetImportingV2(NoUpdateAssetOptions)
Start importing Assets/NoSafeCircle/DoorPrototype/Art/Wizard/Source/PixelLab/feminine-dark/selected/walk/west/frame_004.png using Guid(eadf7956539eedbcb50b748d4a30f310) (TextureImporter) -> (artifact id: 'f954737b54bf15ab2bc5a766b59d5573') in 0.0036924 seconds
Refreshing native plugins compatible for Editor in 1.90 ms, found 4 plugins.
Preloading 0 native plugins for Editor in 0.00 ms.
Asset Pipeline Refresh (id=5674f8f10225b7548a6293512e61c39d): Total: 0.018 seconds - Initiated by StopAssetImportingV2(NoUpdateAssetOptions)
Start importing Assets/NoSafeCircle/DoorPrototype/Art/Wizard/Source/PixelLab/feminine-dark/selected/walk/west/frame_005.png using Guid(f8334a35d4b88ac9b5883c63f9b3b98a) (TextureImporter) -> (artifact id: '33d786f5d3cd4399fc97e9183692dbb8') in 0.004905 seconds
Refreshing native plugins compatible for Editor in 1.91 ms, found 4 plugins.
Preloading 0 native plugins for Editor in 0.00 ms.
Asset Pipeline Refresh (id=6794775fc2193a048bed7d0e82b6f36b): Total: 0.019 seconds - Initiated by StopAssetImportingV2(NoUpdateAssetOptions)
Start importing Assets/NoSafeCircle/DoorPrototype/Art/Wizard/Source/PixelLab/feminine-dark/selected/walk/west/frame_005.png using Guid(f8334a35d4b88ac9b5883c63f9b3b98a) (TextureImporter) -> (artifact id: '33d786f5d3cd4399fc97e9183692dbb8') in 0.0038114 seconds
Refreshing native plugins compatible for Editor in 1.77 ms, found 4 plugins.
Preloading 0 native plugins for Editor in 0.00 ms.
Asset Pipeline Refresh (id=e8f9eb2ce29213644ad7bd63986a15b0): Total: 0.019 seconds - Initiated by StopAssetImportingV2(NoUpdateAssetOptions)
Start importing Assets/NoSafeCircle/DoorPrototype/Art/Wizard/Generated/Wizard_Feminine_Black_walk_west.anim using Guid(9848f7bbcb30c0f45a5809ebcaef580a) (NativeFormatImporter) -> (artifact id: '2223f0ea74626af5317bcfed75ac7788') in 0.0018693 seconds
Refreshing native plugins compatible for Editor in 2.00 ms, found 4 plugins.
Preloading 0 native plugins for Editor in 0.00 ms.
Asset Pipeline Refresh (id=b12acb4b95b309c4cb41a568b610858d): Total: 0.017 seconds - Initiated by StopAssetImportingV2(NoUpdateAssetOptions)
Start importing Assets/NoSafeCircle/DoorPrototype/Art/Wizard/Source/PixelLab/feminine-dark/selected/standing/north-west.png using Guid(2769efd7b13347c4b8f686924823a27d) (TextureImporter) -> (artifact id: '13bfff9ddb194b4329aa7c38db0fe7ac') in 0.0050786 seconds
Refreshing native plugins compatible for Editor in 2.02 ms, found 4 plugins.
Preloading 0 native plugins for Editor in 0.00 ms.
Asset Pipeline Refresh (id=72e66176c904bfc42a4a233f3b0b2dbd): Total: 0.021 seconds - Initiated by StopAssetImportingV2(NoUpdateAssetOptions)
Start importing Assets/NoSafeCircle/DoorPrototype/Art/Wizard/Source/PixelLab/feminine-dark/selected/standing/north-west.png using Guid(2769efd7b13347c4b8f686924823a27d) (TextureImporter) -> (artifact id: '13bfff9ddb194b4329aa7c38db0fe7ac') in 0.0049264 seconds
Refreshing native plugins compatible for Editor in 2.13 ms, found 4 plugins.
Preloading 0 native plugins for Editor in 0.00 ms.
Asset Pipeline Refresh (id=c3e113dd604d89044879fb47de7137f4): Total: 0.024 seconds - Initiated by StopAssetImportingV2(NoUpdateAssetOptions)
Start importing Assets/NoSafeCircle/DoorPrototype/Art/Wizard/Generated/Wizard_Feminine_Black_idle_north-west.anim using Guid(f361f02204528d1409ed0bb8ba3a11cf) (NativeFormatImporter) -> (artifact id: 'e0c0fe93ec292d37ff23e08ee10cd410') in 0.0025865 seconds
Refreshing native plugins compatible for Editor in 1.95 ms, found 4 plugins.
Preloading 0 native plugins for Editor in 0.00 ms.
Asset Pipeline Refresh (id=17630ba38805cf5469313083529e13cb): Total: 0.018 seconds - Initiated by StopAssetImportingV2(NoUpdateAssetOptions)
Start importing Assets/NoSafeCircle/DoorPrototype/Art/Wizard/Source/PixelLab/feminine-dark/selected/walk/north-west/frame_000.png using Guid(b2d5757cf9982f6438b0a0968e942f4e) (TextureImporter) -> (artifact id: '570b8613bbaf6d761663b5a3fab2abf2') in 0.003904 seconds
Refreshing native plugins compatible for Editor in 1.80 ms, found 4 plugins.
Preloading 0 native plugins for Editor in 0.00 ms.
Asset Pipeline Refresh (id=0b23e66df6459564b8a797c5f11d878d): Total: 0.019 seconds - Initiated by StopAssetImportingV2(NoUpdateAssetOptions)
Start importing Assets/NoSafeCircle/DoorPrototype/Art/Wizard/Source/PixelLab/feminine-dark/selected/walk/north-west/frame_000.png using Guid(b2d5757cf9982f6438b0a0968e942f4e) (TextureImporter) -> (artifact id: '570b8613bbaf6d761663b5a3fab2abf2') in 0.0050985 seconds
Refreshing native plugins compatible for Editor in 2.37 ms, found 4 plugins.
Preloading 0 native plugins for Editor in 0.00 ms.
Asset Pipeline Refresh (id=ecd2d38f4f9dd5043a1a275dfef6bd48): Total: 0.023 seconds - Initiated by StopAssetImportingV2(NoUpdateAssetOptions)
Start importing Assets/NoSafeCircle/DoorPrototype/Art/Wizard/Source/PixelLab/feminine-dark/selected/walk/north-west/frame_001.png using Guid(bacfb0912685f2c47be59332eecfb79f) (TextureImporter) -> (artifact id: '73504dcdd91efb77819539634f604906') in 0.004108 seconds
Refreshing native plugins compatible for Editor in 1.78 ms, found 4 plugins.
Preloading 0 native plugins for Editor in 0.00 ms.
Asset Pipeline Refresh (id=cfa64277fa58dee43a873ee926319f9a): Total: 0.018 seconds - Initiated by StopAssetImportingV2(NoUpdateAssetOptions)
Start importing Assets/NoSafeCircle/DoorPrototype/Art/Wizard/Source/PixelLab/feminine-dark/selected/walk/north-west/frame_001.png using Guid(bacfb0912685f2c47be59332eecfb79f) (TextureImporter) -> (artifact id: '73504dcdd91efb77819539634f604906') in 0.0035579 seconds
Refreshing native plugins compatible for Editor in 2.00 ms, found 4 plugins.
Preloading 0 native plugins for Editor in 0.00 ms.
Asset Pipeline Refresh (id=16b8f5e9079e7b545bed41038722448e): Total: 0.020 seconds - Initiated by StopAssetImportingV2(NoUpdateAssetOptions)
Start importing Assets/NoSafeCircle/DoorPrototype/Art/Wizard/Source/PixelLab/feminine-dark/selected/walk/north-west/frame_002.png using Guid(43641314ffd78644bbb8d79a9776b84c) (TextureImporter) -> (artifact id: '6b12d9beffe5c499e84ced32d564a466') in 0.0038923 seconds
Refreshing native plugins compatible for Editor in 1.99 ms, found 4 plugins.
Preloading 0 native plugins for Editor in 0.00 ms.
Asset Pipeline Refresh (id=386a3abe42b6b9b429a7574bf5037753): Total: 0.018 seconds - Initiated by StopAssetImportingV2(NoUpdateAssetOptions)
Start importing Assets/NoSafeCircle/DoorPrototype/Art/Wizard/Source/PixelLab/feminine-dark/selected/walk/north-west/frame_002.png using Guid(43641314ffd78644bbb8d79a9776b84c) (TextureImporter) -> (artifact id: '6b12d9beffe5c499e84ced32d564a466') in 0.0039282 seconds
Refreshing native plugins compatible for Editor in 1.84 ms, found 4 plugins.
Preloading 0 native plugins for Editor in 0.00 ms.
Asset Pipeline Refresh (id=757f2c3525165ec4cbb9f7875ace77b7): Total: 0.019 seconds - Initiated by StopAssetImportingV2(NoUpdateAssetOptions)
Start importing Assets/NoSafeCircle/DoorPrototype/Art/Wizard/Source/PixelLab/feminine-dark/selected/walk/north-west/frame_003.png using Guid(61e25e85aead3e74cb96a92501bf59ed) (TextureImporter) -> (artifact id: '36cb1416060f8d14e4b91fde83d805bb') in 0.0037692 seconds
Refreshing native plugins compatible for Editor in 1.88 ms, found 4 plugins.
Preloading 0 native plugins for Editor in 0.00 ms.
Asset Pipeline Refresh (id=d9a08745a6c34b54a86c315356c7e5eb): Total: 0.019 seconds - Initiated by StopAssetImportingV2(NoUpdateAssetOptions)
Start importing Assets/NoSafeCircle/DoorPrototype/Art/Wizard/Source/PixelLab/feminine-dark/selected/walk/north-west/frame_003.png using Guid(61e25e85aead3e74cb96a92501bf59ed) (TextureImporter) -> (artifact id: '36cb1416060f8d14e4b91fde83d805bb') in 0.0035162 seconds
Refreshing native plugins compatible for Editor in 2.05 ms, found 4 plugins.
Preloading 0 native plugins for Editor in 0.00 ms.
Asset Pipeline Refresh (id=eb95bd6a4a326d040b4ec9f82ff26da1): Total: 0.020 seconds - Initiated by StopAssetImportingV2(NoUpdateAssetOptions)
Start importing Assets/NoSafeCircle/DoorPrototype/Art/Wizard/Source/PixelLab/feminine-dark/selected/walk/north-west/frame_004.png using Guid(cba25ac15602f0e4e823186fb93689ee) (TextureImporter) -> (artifact id: '18c07f9a86ea4367206ce07e07f9c020') in 0.0045695 seconds
Refreshing native plugins compatible for Editor in 1.88 ms, found 4 plugins.
Preloading 0 native plugins for Editor in 0.00 ms.
Asset Pipeline Refresh (id=f1d3758a774af244ca79281a701f3bfd): Total: 0.019 seconds - Initiated by StopAssetImportingV2(NoUpdateAssetOptions)
Start importing Assets/NoSafeCircle/DoorPrototype/Art/Wizard/Source/PixelLab/feminine-dark/selected/walk/north-west/frame_004.png using Guid(cba25ac15602f0e4e823186fb93689ee) (TextureImporter) -> (artifact id: '18c07f9a86ea4367206ce07e07f9c020') in 0.0042294 seconds
Refreshing native plugins compatible for Editor in 1.83 ms, found 4 plugins.
Preloading 0 native plugins for Editor in 0.00 ms.
Asset Pipeline Refresh (id=9fd405a7afa3e3a4b92ad86d51187d53): Total: 0.019 seconds - Initiated by StopAssetImportingV2(NoUpdateAssetOptions)
Start importing Assets/NoSafeCircle/DoorPrototype/Art/Wizard/Source/PixelLab/feminine-dark/selected/walk/north-west/frame_005.png using Guid(ee707e37c718b5746a0aa049cf661457) (TextureImporter) -> (artifact id: '857fe1122242a01f5b96c5a7e2ac70a8') in 0.0040377 seconds
Refreshing native plugins compatible for Editor in 4.99 ms, found 4 plugins.
Preloading 0 native plugins for Editor in 0.00 ms.
Asset Pipeline Refresh (id=0d4850386f3885044a4480f6543358a7): Total: 0.027 seconds - Initiated by StopAssetImportingV2(NoUpdateAssetOptions)
Start importing Assets/NoSafeCircle/DoorPrototype/Art/Wizard/Source/PixelLab/feminine-dark/selected/walk/north-west/frame_005.png using Guid(ee707e37c718b5746a0aa049cf661457) (TextureImporter) -> (artifact id: '857fe1122242a01f5b96c5a7e2ac70a8') in 0.0038049 seconds
Refreshing native plugins compatible for Editor in 1.92 ms, found 4 plugins.
Preloading 0 native plugins for Editor in 0.00 ms.
Asset Pipeline Refresh (id=1ed6c2afa87f2d34eba31b2c06b3a9e3): Total: 0.020 seconds - Initiated by StopAssetImportingV2(NoUpdateAssetOptions)
Start importing Assets/NoSafeCircle/DoorPrototype/Art/Wizard/Generated/Wizard_Feminine_Black_walk_north-west.anim using Guid(72332a3000f552f4f91ad3412153d01c) (NativeFormatImporter) -> (artifact id: 'a4cee882528f8335d008583b95f0119d') in 0.0018824 seconds
Refreshing native plugins compatible for Editor in 2.24 ms, found 4 plugins.
Preloading 0 native plugins for Editor in 0.00 ms.
Asset Pipeline Refresh (id=be8087a3fb2bba748b06b9e78070f3fd): Total: 0.018 seconds - Initiated by StopAssetImportingV2(NoUpdateAssetOptions)
Start importing Assets/NoSafeCircle/DoorPrototype/Art/Wizard/Generated/WizardAnimator.controller using Guid(f3086ed4e66bdda44ae036148ba6f2e5) (NativeFormatImporter) -> (artifact id: '1df48ffbdfc14a6e9aa5fcea942f5f9c') in 0.0021716 seconds
Refreshing native plugins compatible for Editor in 1.90 ms, found 4 plugins.
Preloading 0 native plugins for Editor in 0.00 ms.
Asset Pipeline Refresh (id=6cc608cf0881907408b6507cc7824da6): Total: 0.019 seconds - Initiated by StopAssetImportingV2(NoUpdateAssetOptions)
Start importing Assets/NoSafeCircle/DoorPrototype/Art/Enemies/Generated using Guid(abdf185ec1648b54b9cf3bbc53969eb6) (DefaultImporter) -> (artifact id: '19da4d269c2c6b6dc4fd9d9e1eda6199') in 0.0019233 seconds
Refreshing native plugins compatible for Editor in 1.99 ms, found 4 plugins.
Preloading 0 native plugins for Editor in 0.00 ms.
Asset Pipeline Refresh (id=1138ba7ff4209b545a51cce9f7b76d1d): Total: 0.024 seconds - Initiated by StopAssetImportingV2(NoUpdateAssetOptions)
Start importing Assets/NoSafeCircle/DoorPrototype/Art/Enemies/Source/enemy_melee_n_idle_00.png using Guid(02ed6521632172d458526e95c370f4a0) (TextureImporter) -> (artifact id: '485ddd5e15e735402277393672ce4031') in 0.0028485 seconds
Refreshing native plugins compatible for Editor in 3.15 ms, found 4 plugins.
Preloading 0 native plugins for Editor in 0.00 ms.
Asset Pipeline Refresh (id=5a53334959aee674b8d1fa09313ce61e): Total: 0.025 seconds - Initiated by StopAssetImportingV2(NoUpdateAssetOptions)
Start importing Assets/NoSafeCircle/DoorPrototype/Art/Enemies/Source/enemy_melee_n_idle_00.png using Guid(02ed6521632172d458526e95c370f4a0) (TextureImporter) -> (artifact id: '6aeea9df36fa60aba9823d93c73f3edd') in 0.0037445 seconds
Refreshing native plugins compatible for Editor in 1.82 ms, found 4 plugins.
Preloading 0 native plugins for Editor in 0.00 ms.
Asset Pipeline Refresh (id=fba94aa7498159649bc9373766018c58): Total: 0.028 seconds - Initiated by StopAssetImportingV2(NoUpdateAssetOptions)
Start importing Assets/NoSafeCircle/DoorPrototype/Art/Enemies/Source/Walk/enemy_melee_n_walk_00.png using Guid(83c42a2839f6823419ffa91bfae75a10) (TextureImporter) -> (artifact id: 'c89f03a53ba6e369fe99d27071739c2a') in 0.0716902 seconds
Refreshing native plugins compatible for Editor in 1.94 ms, found 4 plugins.
Preloading 0 native plugins for Editor in 0.00 ms.
Asset Pipeline Refresh (id=c48bfa5d1fd80fa4a8f311da8d48e7e5): Total: 0.088 seconds - Initiated by StopAssetImportingV2(NoUpdateAssetOptions)
Start importing Assets/NoSafeCircle/DoorPrototype/Art/Enemies/Source/Walk/enemy_melee_n_walk_00.png using Guid(83c42a2839f6823419ffa91bfae75a10) (TextureImporter) -> (artifact id: '52b26cf7c8421b3fb6a5f2f07b634f44') in 0.0045217 seconds
Refreshing native plugins compatible for Editor in 1.80 ms, found 4 plugins.
Preloading 0 native plugins for Editor in 0.00 ms.
Asset Pipeline Refresh (id=a4d875b556655314db858bbf4bb5079d): Total: 0.027 seconds - Initiated by StopAssetImportingV2(NoUpdateAssetOptions)
Start importing Assets/NoSafeCircle/DoorPrototype/Art/Enemies/Source/Walk/enemy_melee_n_walk_01.png using Guid(dfe9e48df57f812479bb951374ae147d) (TextureImporter) -> (artifact id: 'fb5429249c8b830cde9bf6278dcb3cd0') in 0.0030266 seconds
Refreshing native plugins compatible for Editor in 1.88 ms, found 4 plugins.
Preloading 0 native plugins for Editor in 0.00 ms.
Asset Pipeline Refresh (id=6f88290c5dc23434388ccb47799f32c9): Total: 0.019 seconds - Initiated by StopAssetImportingV2(NoUpdateAssetOptions)
Start importing Assets/NoSafeCircle/DoorPrototype/Art/Enemies/Source/Walk/enemy_melee_n_walk_01.png using Guid(dfe9e48df57f812479bb951374ae147d) (TextureImporter) -> (artifact id: 'ddeff2620c3c9f4249bbb1b7cdb26acd') in 0.0044348 seconds
Refreshing native plugins compatible for Editor in 2.04 ms, found 4 plugins.
Preloading 0 native plugins for Editor in 0.00 ms.
Asset Pipeline Refresh (id=3ed4bc2218c8a044da18b24261b68697): Total: 0.027 seconds - Initiated by StopAssetImportingV2(NoUpdateAssetOptions)
Start importing Assets/NoSafeCircle/DoorPrototype/Art/Enemies/Source/Walk/enemy_melee_n_walk_02.png using Guid(543628641b4da1b4b89a17840c92dcee) (TextureImporter) -> (artifact id: '2a7eb1f538f536006210da69e53deb7e') in 0.0032175 seconds
Refreshing native plugins compatible for Editor in 1.85 ms, found 4 plugins.
Preloading 0 native plugins for Editor in 0.00 ms.
Asset Pipeline Refresh (id=38877671e7d8f6644abe87dede76a8c3): Total: 0.017 seconds - Initiated by StopAssetImportingV2(NoUpdateAssetOptions)
Start importing Assets/NoSafeCircle/DoorPrototype/Art/Enemies/Source/Walk/enemy_melee_n_walk_02.png using Guid(543628641b4da1b4b89a17840c92dcee) (TextureImporter) -> (artifact id: '94fc868d5dfa39aef2d2063ffc8f9fc4') in 0.0042199 seconds
Refreshing native plugins compatible for Editor in 1.95 ms, found 4 plugins.
Preloading 0 native plugins for Editor in 0.00 ms.
Asset Pipeline Refresh (id=167b695b60791d34a868177722724849): Total: 0.025 seconds - Initiated by StopAssetImportingV2(NoUpdateAssetOptions)
Start importing Assets/NoSafeCircle/DoorPrototype/Art/Enemies/Source/Walk/enemy_melee_n_walk_03.png using Guid(08ab81e5ee19c7b4893abd8b41ab98fb) (TextureImporter) -> (artifact id: '07ace3a9c8337c28006a1b1588ef105c') in 0.0033419 seconds
Refreshing native plugins compatible for Editor in 1.87 ms, found 4 plugins.
Preloading 0 native plugins for Editor in 0.00 ms.
Asset Pipeline Refresh (id=bc71e10362c4e004fafa776c2ad9b893): Total: 0.018 seconds - Initiated by StopAssetImportingV2(NoUpdateAssetOptions)
Start importing Assets/NoSafeCircle/DoorPrototype/Art/Enemies/Source/Walk/enemy_melee_n_walk_03.png using Guid(08ab81e5ee19c7b4893abd8b41ab98fb) (TextureImporter) -> (artifact id: 'b30ce1d34765569c3680c15c72d447fc') in 0.0042833 seconds
Refreshing native plugins compatible for Editor in 2.03 ms, found 4 plugins.
Preloading 0 native plugins for Editor in 0.00 ms.
Asset Pipeline Refresh (id=bee7ea9052546a044b7362d1ac5b48e5): Total: 0.026 seconds - Initiated by StopAssetImportingV2(NoUpdateAssetOptions)
Start importing Assets/NoSafeCircle/DoorPrototype/Art/Enemies/Source/Walk/enemy_melee_n_walk_04.png using Guid(7b3f78f44e5c5474b89caab4d3212909) (TextureImporter) -> (artifact id: 'fb689143af262ff14731052d9a3d7e15') in 0.0030702 seconds
Refreshing native plugins compatible for Editor in 1.81 ms, found 4 plugins.
Preloading 0 native plugins for Editor in 0.00 ms.
Asset Pipeline Refresh (id=b90511495d0f7194c92026b9e253a450): Total: 0.017 seconds - Initiated by StopAssetImportingV2(NoUpdateAssetOptions)
Start importing Assets/NoSafeCircle/DoorPrototype/Art/Enemies/Source/Walk/enemy_melee_n_walk_04.png using Guid(7b3f78f44e5c5474b89caab4d3212909) (TextureImporter) -> (artifact id: '08d69030aaa5faf8eb735c39b93a7d73') in 0.0044953 seconds
Refreshing native plugins compatible for Editor in 2.00 ms, found 4 plugins.
Preloading 0 native plugins for Editor in 0.00 ms.
Asset Pipeline Refresh (id=c72e97debfb2b814abc2089cdcde86f8): Total: 0.028 seconds - Initiated by StopAssetImportingV2(NoUpdateAssetOptions)
Start importing Assets/NoSafeCircle/DoorPrototype/Art/Enemies/Source/Walk/enemy_melee_n_walk_05.png using Guid(590361ebb4fdf3141a20b70ce88b795c) (TextureImporter) -> (artifact id: '2a2ad4bff557529f05d6bf4745a75e1e') in 0.0055316 seconds
Refreshing native plugins compatible for Editor in 1.81 ms, found 4 plugins.
Preloading 0 native plugins for Editor in 0.00 ms.
Asset Pipeline Refresh (id=17bcef6c7e8aea3428ce230c31a50a15): Total: 0.021 seconds - Initiated by StopAssetImportingV2(NoUpdateAssetOptions)
Start importing Assets/NoSafeCircle/DoorPrototype/Art/Enemies/Source/Walk/enemy_melee_n_walk_05.png using Guid(590361ebb4fdf3141a20b70ce88b795c) (TextureImporter) -> (artifact id: '257adb89dc677f1a41ecf3132f33b65a') in 0.0044792 seconds
Refreshing native plugins compatible for Editor in 1.93 ms, found 4 plugins.
Preloading 0 native plugins for Editor in 0.00 ms.
Asset Pipeline Refresh (id=c2b5aad76a65a5e43a8435162fb8b404): Total: 0.026 seconds - Initiated by StopAssetImportingV2(NoUpdateAssetOptions)
Start importing Assets/NoSafeCircle/DoorPrototype/Art/Enemies/Source/enemy_melee_ne_idle_00.png using Guid(9e05e08a75c2cc04cba7162d7e122cd5) (TextureImporter) -> (artifact id: '26b4991c1730eb5c443a0edf7c5427e9') in 0.0026238 seconds
Refreshing native plugins compatible for Editor in 1.89 ms, found 4 plugins.
Preloading 0 native plugins for Editor in 0.00 ms.
Asset Pipeline Refresh (id=69d4065b822c9274ababcd832daf29a1): Total: 0.017 seconds - Initiated by StopAssetImportingV2(NoUpdateAssetOptions)
Start importing Assets/NoSafeCircle/DoorPrototype/Art/Enemies/Source/enemy_melee_ne_idle_00.png using Guid(9e05e08a75c2cc04cba7162d7e122cd5) (TextureImporter) -> (artifact id: '82d8a6ceb53dc66ae3101d2b927e0be8') in 0.0046264 seconds
Refreshing native plugins compatible for Editor in 2.05 ms, found 4 plugins.
Preloading 0 native plugins for Editor in 0.00 ms.
Asset Pipeline Refresh (id=bb4aec38659d5394a9909c4026281d39): Total: 0.029 seconds - Initiated by StopAssetImportingV2(NoUpdateAssetOptions)
Start importing Assets/NoSafeCircle/DoorPrototype/Art/Enemies/Source/Walk/enemy_melee_ne_walk_00.png using Guid(d9197702d17f42f46940daa1e299150f) (TextureImporter) -> (artifact id: '16682347e2ad21b128df4a36a2ff40ea') in 0.0027462 seconds
Refreshing native plugins compatible for Editor in 1.88 ms, found 4 plugins.
Preloading 0 native plugins for Editor in 0.00 ms.
Asset Pipeline Refresh (id=87cae45140397ff47849fba7c25dc961): Total: 0.017 seconds - Initiated by StopAssetImportingV2(NoUpdateAssetOptions)
Start importing Assets/NoSafeCircle/DoorPrototype/Art/Enemies/Source/Walk/enemy_melee_ne_walk_00.png using Guid(d9197702d17f42f46940daa1e299150f) (TextureImporter) -> (artifact id: '148037a2d127d9b0789ed18e938f8d59') in 0.0054481 seconds
Refreshing native plugins compatible for Editor in 1.78 ms, found 4 plugins.
Preloading 0 native plugins for Editor in 0.00 ms.
Asset Pipeline Refresh (id=73f5903c2e1b7444394ec58db54fcb6c): Total: 0.026 seconds - Initiated by StopAssetImportingV2(NoUpdateAssetOptions)
Start importing Assets/NoSafeCircle/DoorPrototype/Art/Enemies/Source/Walk/enemy_melee_ne_walk_01.png using Guid(23d9c6ce6e08f6c45b85a0aadc8245f1) (TextureImporter) -> (artifact id: '5961e9d5a8e781a520fa2907408ab132') in 0.0031199 seconds
Refreshing native plugins compatible for Editor in 1.89 ms, found 4 plugins.
Preloading 0 native plugins for Editor in 0.00 ms.
Asset Pipeline Refresh (id=aebe38f8af2d16e47826c49176daed4b): Total: 0.019 seconds - Initiated by StopAssetImportingV2(NoUpdateAssetOptions)
Start importing Assets/NoSafeCircle/DoorPrototype/Art/Enemies/Source/Walk/enemy_melee_ne_walk_01.png using Guid(23d9c6ce6e08f6c45b85a0aadc8245f1) (TextureImporter) -> (artifact id: '7179e0c5878722639f4be0882d9c638b') in 0.0051879 seconds
Refreshing native plugins compatible for Editor in 1.98 ms, found 4 plugins.
Preloading 0 native plugins for Editor in 0.00 ms.
Asset Pipeline Refresh (id=038d7880cf0eb9e4c92fd3b556345d2d): Total: 0.027 seconds - Initiated by StopAssetImportingV2(NoUpdateAssetOptions)
Start importing Assets/NoSafeCircle/DoorPrototype/Art/Enemies/Source/Walk/enemy_melee_ne_walk_02.png using Guid(0e736d1fecf10c945a4868842878134e) (TextureImporter) -> (artifact id: '7b841bcb0e1218763973c397330cd745') in 0.0031899 seconds
Refreshing native plugins compatible for Editor in 2.18 ms, found 4 plugins.
Preloading 0 native plugins for Editor in 0.00 ms.
Asset Pipeline Refresh (id=5429297f5cb9b4d40bed38732ccebad0): Total: 0.020 seconds - Initiated by StopAssetImportingV2(NoUpdateAssetOptions)
Start importing Assets/NoSafeCircle/DoorPrototype/Art/Enemies/Source/Walk/enemy_melee_ne_walk_02.png using Guid(0e736d1fecf10c945a4868842878134e) (TextureImporter) -> (artifact id: 'd7698719031638798de4da433e60f0cb') in 0.0052875 seconds
Refreshing native plugins compatible for Editor in 4.94 ms, found 4 plugins.
Preloading 0 native plugins for Editor in 0.00 ms.
Asset Pipeline Refresh (id=e7b874d03a0d8aa4dacddcb910377bdd): Total: 0.036 seconds - Initiated by StopAssetImportingV2(NoUpdateAssetOptions)
Start importing Assets/NoSafeCircle/DoorPrototype/Art/Enemies/Source/Walk/enemy_melee_ne_walk_03.png using Guid(b770e8a95f1e9d14e9ff932783505b4e) (TextureImporter) -> (artifact id: 'baf4c73972bcb35abac62a8981e8b81c') in 0.0081671 seconds
Refreshing native plugins compatible for Editor in 3.86 ms, found 4 plugins.
Preloading 0 native plugins for Editor in 0.00 ms.
Asset Pipeline Refresh (id=4e64babae23752f4cbd02879b0695b58): Total: 0.048 seconds - Initiated by StopAssetImportingV2(NoUpdateAssetOptions)
Start importing Assets/NoSafeCircle/DoorPrototype/Art/Enemies/Source/Walk/enemy_melee_ne_walk_03.png using Guid(b770e8a95f1e9d14e9ff932783505b4e) (TextureImporter) -> (artifact id: '68698fc3d0451674d21aa89c61d311f3') in 0.0086074 seconds
Refreshing native plugins compatible for Editor in 3.68 ms, found 4 plugins.
Preloading 0 native plugins for Editor in 0.00 ms.
Asset Pipeline Refresh (id=8fa1b87560d835e4a826268f26db84fb): Total: 0.046 seconds - Initiated by StopAssetImportingV2(NoUpdateAssetOptions)
Start importing Assets/NoSafeCircle/DoorPrototype/Art/Enemies/Source/Walk/enemy_melee_ne_walk_04.png using Guid(f4b3b5a6ac3c8c04bbacd17e77f9e1a1) (TextureImporter) -> (artifact id: '0c5e1b4dfb8df8f7e64bbb768883a043') in 0.0048494 seconds
Refreshing native plugins compatible for Editor in 2.38 ms, found 4 plugins.
Preloading 0 native plugins for Editor in 0.00 ms.
Asset Pipeline Refresh (id=fa498c9c73509bf40bb2c8635bb95dbe): Total: 0.032 seconds - Initiated by StopAssetImportingV2(NoUpdateAssetOptions)
Start importing Assets/NoSafeCircle/DoorPrototype/Art/Enemies/Source/Walk/enemy_melee_ne_walk_04.png using Guid(f4b3b5a6ac3c8c04bbacd17e77f9e1a1) (TextureImporter) -> (artifact id: '0f323fc72d2fc24a5988f5e0a8fdd5bd') in 0.0056154 seconds
Refreshing native plugins compatible for Editor in 3.38 ms, found 4 plugins.
Preloading 0 native plugins for Editor in 0.00 ms.
Asset Pipeline Refresh (id=f73f2ea21acf8d54a89f3a75acac1a27): Total: 0.038 seconds - Initiated by StopAssetImportingV2(NoUpdateAssetOptions)
Start importing Assets/NoSafeCircle/DoorPrototype/Art/Enemies/Source/Walk/enemy_melee_ne_walk_05.png using Guid(abc24b5068748854bab8633f16b8979f) (TextureImporter) -> (artifact id: 'b3f68626910bcc9c3c21256e993b65ec') in 0.0048799 seconds
Refreshing native plugins compatible for Editor in 2.18 ms, found 4 plugins.
Preloading 0 native plugins for Editor in 0.00 ms.
Asset Pipeline Refresh (id=09fcdf8a6d1cfee44a9d974088acb20d): Total: 0.025 seconds - Initiated by StopAssetImportingV2(NoUpdateAssetOptions)
Start importing Assets/NoSafeCircle/DoorPrototype/Art/Enemies/Source/Walk/enemy_melee_ne_walk_05.png using Guid(abc24b5068748854bab8633f16b8979f) (TextureImporter) -> (artifact id: 'ca8b4d808376c86626eeacab81fc457f') in 0.0058688 seconds
Refreshing native plugins compatible for Editor in 1.94 ms, found 4 plugins.
Preloading 0 native plugins for Editor in 0.00 ms.
Asset Pipeline Refresh (id=014551d71abf1ff409fdf75f77834edd): Total: 0.033 seconds - Initiated by StopAssetImportingV2(NoUpdateAssetOptions)
Start importing Assets/NoSafeCircle/DoorPrototype/Art/Enemies/Source/enemy_melee_e_idle_00.png using Guid(ea5e7b274096c0644926cb40df94c345) (TextureImporter) -> (artifact id: '28d0f2117810c2875192952e7900e670') in 0.0030781 seconds
Refreshing native plugins compatible for Editor in 1.95 ms, found 4 plugins.
Preloading 0 native plugins for Editor in 0.00 ms.
Asset Pipeline Refresh (id=20b116519ef42d740b9060ef94f58a88): Total: 0.018 seconds - Initiated by StopAssetImportingV2(NoUpdateAssetOptions)
Start importing Assets/NoSafeCircle/DoorPrototype/Art/Enemies/Source/enemy_melee_e_idle_00.png using Guid(ea5e7b274096c0644926cb40df94c345) (TextureImporter) -> (artifact id: '9c73112a2efbacca9d8faacd507ad4f1') in 0.0058365 seconds
Refreshing native plugins compatible for Editor in 2.37 ms, found 4 plugins.
Preloading 0 native plugins for Editor in 0.00 ms.
Asset Pipeline Refresh (id=fdcc0284ab56e6e49a46cdb3826c6991): Total: 0.032 seconds - Initiated by StopAssetImportingV2(NoUpdateAssetOptions)
Start importing Assets/NoSafeCircle/DoorPrototype/Art/Enemies/Source/Walk/enemy_melee_e_walk_00.png using Guid(fb9bd9a74c07f1b43a9ff07b57a39fe5) (TextureImporter) -> (artifact id: '793d0919a2f912a016512ec7a191450a') in 0.0035359 seconds
Refreshing native plugins compatible for Editor in 2.01 ms, found 4 plugins.
Preloading 0 native plugins for Editor in 0.00 ms.
Asset Pipeline Refresh (id=77e82d754317c214cb7882ecdcd5787c): Total: 0.019 seconds - Initiated by StopAssetImportingV2(NoUpdateAssetOptions)
Start importing Assets/NoSafeCircle/DoorPrototype/Art/Enemies/Source/Walk/enemy_melee_e_walk_00.png using Guid(fb9bd9a74c07f1b43a9ff07b57a39fe5) (TextureImporter) -> (artifact id: '24653440b8166808d59d3a2f42060a05') in 0.0055667 seconds
Refreshing native plugins compatible for Editor in 2.07 ms, found 4 plugins.
Preloading 0 native plugins for Editor in 0.00 ms.
Asset Pipeline Refresh (id=76a09ed7635ecdb4aa7f324c7f7d1036): Total: 0.029 seconds - Initiated by StopAssetImportingV2(NoUpdateAssetOptions)
Start importing Assets/NoSafeCircle/DoorPrototype/Art/Enemies/Source/Walk/enemy_melee_e_walk_01.png using Guid(f80a3412123f921488f95687d4707416) (TextureImporter) -> (artifact id: '64a2381815f2bb25d1869c634e1073d9') in 0.0037473 seconds
Refreshing native plugins compatible for Editor in 2.08 ms, found 4 plugins.
Preloading 0 native plugins for Editor in 0.00 ms.
Asset Pipeline Refresh (id=e046a9c0919d7f34d915c03da33c2052): Total: 0.019 seconds - Initiated by StopAssetImportingV2(NoUpdateAssetOptions)
Start importing Assets/NoSafeCircle/DoorPrototype/Art/Enemies/Source/Walk/enemy_melee_e_walk_01.png using Guid(f80a3412123f921488f95687d4707416) (TextureImporter) -> (artifact id: '015c6a5132ced68eecc6e24cb78bd3df') in 0.0069084 seconds
Refreshing native plugins compatible for Editor in 2.78 ms, found 4 plugins.
Preloading 0 native plugins for Editor in 0.00 ms.
Asset Pipeline Refresh (id=ae1a771d34923a54aa2d43d09d0f2bc2): Total: 0.035 seconds - Initiated by StopAssetImportingV2(NoUpdateAssetOptions)
Start importing Assets/NoSafeCircle/DoorPrototype/Art/Enemies/Source/Walk/enemy_melee_e_walk_02.png using Guid(d20304b4112f8db4fb75af2b96899b33) (TextureImporter) -> (artifact id: '152866abe0c219dba5c095a3554b91aa') in 0.0038501 seconds
Refreshing native plugins compatible for Editor in 2.12 ms, found 4 plugins.
Preloading 0 native plugins for Editor in 0.00 ms.
Asset Pipeline Refresh (id=25bea15bb3abdff41968ddb8fe278e33): Total: 0.025 seconds - Initiated by StopAssetImportingV2(NoUpdateAssetOptions)
Start importing Assets/NoSafeCircle/DoorPrototype/Art/Enemies/Source/Walk/enemy_melee_e_walk_02.png using Guid(d20304b4112f8db4fb75af2b96899b33) (TextureImporter) -> (artifact id: 'd7ca9d7cae227b902cfcb6d59e17569e') in 0.0052323 seconds
Refreshing native plugins compatible for Editor in 1.88 ms, found 4 plugins.
Preloading 0 native plugins for Editor in 0.00 ms.
Asset Pipeline Refresh (id=a655053e254055d4b954a6fe6cc4afcd): Total: 0.027 seconds - Initiated by StopAssetImportingV2(NoUpdateAssetOptions)
Start importing Assets/NoSafeCircle/DoorPrototype/Art/Enemies/Source/Walk/enemy_melee_e_walk_03.png using Guid(bbe1faee4aae15846b2bec621089d937) (TextureImporter) -> (artifact id: '53eafb95ac1ede2c09c927378a1cc2d3') in 0.0030872 seconds
Refreshing native plugins compatible for Editor in 1.97 ms, found 4 plugins.
Preloading 0 native plugins for Editor in 0.00 ms.
Asset Pipeline Refresh (id=45944e276002e494db2759e21e9a33dc): Total: 0.018 seconds - Initiated by StopAssetImportingV2(NoUpdateAssetOptions)
Start importing Assets/NoSafeCircle/DoorPrototype/Art/Enemies/Source/Walk/enemy_melee_e_walk_03.png using Guid(bbe1faee4aae15846b2bec621089d937) (TextureImporter) -> (artifact id: '9e2604df03c4e9288801982cbe47cd45') in 0.0042837 seconds
Refreshing native plugins compatible for Editor in 2.01 ms, found 4 plugins.
Preloading 0 native plugins for Editor in 0.00 ms.
Asset Pipeline Refresh (id=f238b64733e2a2f468fa282c94056cca): Total: 0.026 seconds - Initiated by StopAssetImportingV2(NoUpdateAssetOptions)
Start importing Assets/NoSafeCircle/DoorPrototype/Art/Enemies/Source/Walk/enemy_melee_e_walk_04.png using Guid(4b87f17801193be43934f9506e316a01) (TextureImporter) -> (artifact id: '21cdeff778cb44e670e4ef596a31d0e1') in 0.0029545 seconds
Refreshing native plugins compatible for Editor in 1.87 ms, found 4 plugins.
Preloading 0 native plugins for Editor in 0.00 ms.
Asset Pipeline Refresh (id=f3f5fc02c1f29844aa31137994a3f745): Total: 0.019 seconds - Initiated by StopAssetImportingV2(NoUpdateAssetOptions)
Start importing Assets/NoSafeCircle/DoorPrototype/Art/Enemies/Source/Walk/enemy_melee_e_walk_04.png using Guid(4b87f17801193be43934f9506e316a01) (TextureImporter) -> (artifact id: '6a1b5814c0baac0bf6d2f4a31f0c1838') in 0.0051721 seconds
Refreshing native plugins compatible for Editor in 2.29 ms, found 4 plugins.
Preloading 0 native plugins for Editor in 0.00 ms.
Asset Pipeline Refresh (id=74b9ac89eec2c3c418ff8085304c5946): Total: 0.030 seconds - Initiated by StopAssetImportingV2(NoUpdateAssetOptions)
Start importing Assets/NoSafeCircle/DoorPrototype/Art/Enemies/Source/Walk/enemy_melee_e_walk_05.png using Guid(b39b96d40f02a974f81906d8d0f9bcf4) (TextureImporter) -> (artifact id: '84c3b56454579f8665a2b64b1ed9f489') in 0.0042136 seconds
Refreshing native plugins compatible for Editor in 2.04 ms, found 4 plugins.
Preloading 0 native plugins for Editor in 0.00 ms.
Asset Pipeline Refresh (id=a4854af0110f1954386af271f4caa427): Total: 0.019 seconds - Initiated by StopAssetImportingV2(NoUpdateAssetOptions)
Start importing Assets/NoSafeCircle/DoorPrototype/Art/Enemies/Source/Walk/enemy_melee_e_walk_05.png using Guid(b39b96d40f02a974f81906d8d0f9bcf4) (TextureImporter) -> (artifact id: '29f60a9d696fa9ef19176693d1864919') in 0.0047988 seconds
Refreshing native plugins compatible for Editor in 3.06 ms, found 4 plugins.
Preloading 0 native plugins for Editor in 0.00 ms.
Asset Pipeline Refresh (id=b6ef22fe3581edb4ab43923d6ccc416a): Total: 0.028 seconds - Initiated by StopAssetImportingV2(NoUpdateAssetOptions)
Start importing Assets/NoSafeCircle/DoorPrototype/Art/Enemies/Source/enemy_melee_se_idle_00.png using Guid(5a287b591b838974d8516e829e33959f) (TextureImporter) -> (artifact id: '9661d6b567a377a06720d1d6d06cd078') in 0.0025795 seconds
Refreshing native plugins compatible for Editor in 2.55 ms, found 4 plugins.
Preloading 0 native plugins for Editor in 0.00 ms.
Asset Pipeline Refresh (id=0c757c77eeeefdd4784fdd3509066ae9): Total: 0.018 seconds - Initiated by StopAssetImportingV2(NoUpdateAssetOptions)
Start importing Assets/NoSafeCircle/DoorPrototype/Art/Enemies/Source/enemy_melee_se_idle_00.png using Guid(5a287b591b838974d8516e829e33959f) (TextureImporter) -> (artifact id: 'ecce3d695f6dc13861e520487616d096') in 0.0039695 seconds
Refreshing native plugins compatible for Editor in 2.19 ms, found 4 plugins.
Preloading 0 native plugins for Editor in 0.00 ms.
Asset Pipeline Refresh (id=1d6efe6ad0f335741bde33e6a34585d2): Total: 0.027 seconds - Initiated by StopAssetImportingV2(NoUpdateAssetOptions)
Start importing Assets/NoSafeCircle/DoorPrototype/Art/Enemies/Source/Walk/enemy_melee_se_walk_00.png using Guid(c23d7a194d869cf4a90dae387f2475c8) (TextureImporter) -> (artifact id: 'b7f0dbea461a1c92a43cf52bd0aab8c5') in 0.0043561 seconds
Refreshing native plugins compatible for Editor in 1.95 ms, found 4 plugins.
Preloading 0 native plugins for Editor in 0.00 ms.
Asset Pipeline Refresh (id=2979ebb6683e14f4687844d6f810ee68): Total: 0.021 seconds - Initiated by StopAssetImportingV2(NoUpdateAssetOptions)
Start importing Assets/NoSafeCircle/DoorPrototype/Art/Enemies/Source/Walk/enemy_melee_se_walk_00.png using Guid(c23d7a194d869cf4a90dae387f2475c8) (TextureImporter) -> (artifact id: '974b6cdf98705ef502189887b7deb81b') in 0.0049203 seconds
Refreshing native plugins compatible for Editor in 1.86 ms, found 4 plugins.
Preloading 0 native plugins for Editor in 0.00 ms.
Asset Pipeline Refresh (id=b09bcdd18c2d10745b8e4d0595c10053): Total: 0.028 seconds - Initiated by StopAssetImportingV2(NoUpdateAssetOptions)
Start importing Assets/NoSafeCircle/DoorPrototype/Art/Enemies/Source/Walk/enemy_melee_se_walk_01.png using Guid(4124ff9f59371ed4aa800a9015bc716d) (TextureImporter) -> (artifact id: '030198082d440455865a6dbcec732b50') in 0.0030318 seconds
Refreshing native plugins compatible for Editor in 2.05 ms, found 4 plugins.
Preloading 0 native plugins for Editor in 0.00 ms.
Asset Pipeline Refresh (id=7a379185b6ae41f4a9d42532491f56f9): Total: 0.018 seconds - Initiated by StopAssetImportingV2(NoUpdateAssetOptions)
Start importing Assets/NoSafeCircle/DoorPrototype/Art/Enemies/Source/Walk/enemy_melee_se_walk_01.png using Guid(4124ff9f59371ed4aa800a9015bc716d) (TextureImporter) -> (artifact id: '93642778593b25a0dae1679dc0ffe336') in 0.0044732 seconds
Refreshing native plugins compatible for Editor in 1.98 ms, found 4 plugins.
Preloading 0 native plugins for Editor in 0.00 ms.
Asset Pipeline Refresh (id=126c5b210a8a91d4ab49ea515a6e5957): Total: 0.027 seconds - Initiated by StopAssetImportingV2(NoUpdateAssetOptions)
Start importing Assets/NoSafeCircle/DoorPrototype/Art/Enemies/Source/Walk/enemy_melee_se_walk_02.png using Guid(086cefad28c7a8e4c898265e490a1f9c) (TextureImporter) -> (artifact id: '691fd38ab756f691cb77b68a2bdb55f1') in 0.003691 seconds
Refreshing native plugins compatible for Editor in 2.23 ms, found 4 plugins.
Preloading 0 native plugins for Editor in 0.00 ms.
Asset Pipeline Refresh (id=a6a6d4554c905834abdd365a3ace9917): Total: 0.018 seconds - Initiated by StopAssetImportingV2(NoUpdateAssetOptions)
Start importing Assets/NoSafeCircle/DoorPrototype/Art/Enemies/Source/Walk/enemy_melee_se_walk_02.png using Guid(086cefad28c7a8e4c898265e490a1f9c) (TextureImporter) -> (artifact id: '387e35e7d1a47ca3b940ae3219a598bf') in 0.0043488 seconds
Refreshing native plugins compatible for Editor in 1.80 ms, found 4 plugins.
Preloading 0 native plugins for Editor in 0.00 ms.
Asset Pipeline Refresh (id=0a7c426d09bb6ce489416c551be050af): Total: 0.026 seconds - Initiated by StopAssetImportingV2(NoUpdateAssetOptions)
Start importing Assets/NoSafeCircle/DoorPrototype/Art/Enemies/Source/Walk/enemy_melee_se_walk_03.png using Guid(6b01819ad63744141ac59f7c4e0d4a57) (TextureImporter) -> (artifact id: '2aa8a70bdacfebb3221c69c99140d5fc') in 0.004067 seconds
Refreshing native plugins compatible for Editor in 2.11 ms, found 4 plugins.
Preloading 0 native plugins for Editor in 0.00 ms.
Asset Pipeline Refresh (id=adbdfdbb52ebde040ac3e968e34b06fb): Total: 0.019 seconds - Initiated by StopAssetImportingV2(NoUpdateAssetOptions)
Start importing Assets/NoSafeCircle/DoorPrototype/Art/Enemies/Source/Walk/enemy_melee_se_walk_03.png using Guid(6b01819ad63744141ac59f7c4e0d4a57) (TextureImporter) -> (artifact id: '30545df39a17775c4d7418c72af7b990') in 0.0048054 seconds
Refreshing native plugins compatible for Editor in 1.75 ms, found 4 plugins.
Preloading 0 native plugins for Editor in 0.00 ms.
Asset Pipeline Refresh (id=922c3aec8cd7ebc418ab72008e2a4df0): Total: 0.028 seconds - Initiated by StopAssetImportingV2(NoUpdateAssetOptions)
Start importing Assets/NoSafeCircle/DoorPrototype/Art/Enemies/Source/Walk/enemy_melee_se_walk_04.png using Guid(0db2d93c482a0b042a240b88efd128f8) (TextureImporter) -> (artifact id: '383873e398aae0cb37cdec2629468a61') in 0.00296 seconds
Refreshing native plugins compatible for Editor in 1.83 ms, found 4 plugins.
Preloading 0 native plugins for Editor in 0.00 ms.
Asset Pipeline Refresh (id=8d3afa0ebd4fb4a40a8c95b12ef958cb): Total: 0.018 seconds - Initiated by StopAssetImportingV2(NoUpdateAssetOptions)
Start importing Assets/NoSafeCircle/DoorPrototype/Art/Enemies/Source/Walk/enemy_melee_se_walk_04.png using Guid(0db2d93c482a0b042a240b88efd128f8) (TextureImporter) -> (artifact id: '40f31c302b92de8e94fd592692fdd791') in 0.004638 seconds
Refreshing native plugins compatible for Editor in 1.78 ms, found 4 plugins.
Preloading 0 native plugins for Editor in 0.00 ms.
Asset Pipeline Refresh (id=4c1b39269a9171843b22299ce8f0dcf1): Total: 0.025 seconds - Initiated by StopAssetImportingV2(NoUpdateAssetOptions)
Start importing Assets/NoSafeCircle/DoorPrototype/Art/Enemies/Source/Walk/enemy_melee_se_walk_05.png using Guid(81e0829f94e525548bef73ad7974241e) (TextureImporter) -> (artifact id: '1d3daa46c298febfd400cdee270b5f95') in 0.0050893 seconds
Refreshing native plugins compatible for Editor in 2.33 ms, found 4 plugins.
Preloading 0 native plugins for Editor in 0.00 ms.
Asset Pipeline Refresh (id=e38dcb5c4e8a05543a8d26615b9a5309): Total: 0.023 seconds - Initiated by StopAssetImportingV2(NoUpdateAssetOptions)
Start importing Assets/NoSafeCircle/DoorPrototype/Art/Enemies/Source/Walk/enemy_melee_se_walk_05.png using Guid(81e0829f94e525548bef73ad7974241e) (TextureImporter) -> (artifact id: 'f9ac8113c19896149e0f57517437ad9d') in 0.0045536 seconds
Refreshing native plugins compatible for Editor in 1.99 ms, found 4 plugins.
Preloading 0 native plugins for Editor in 0.00 ms.
Asset Pipeline Refresh (id=dc2d0716a8f6bfc47b49ec036c33f0d7): Total: 0.028 seconds - Initiated by StopAssetImportingV2(NoUpdateAssetOptions)
Start importing Assets/NoSafeCircle/DoorPrototype/Art/Enemies/Source/enemy_melee_s_idle_00.png using Guid(28ab611fd2b083c479ff4fbbea96ca7a) (TextureImporter) -> (artifact id: 'f212d52039294822fb7dbc73e0b763d6') in 0.0025127 seconds
Refreshing native plugins compatible for Editor in 2.11 ms, found 4 plugins.
Preloading 0 native plugins for Editor in 0.00 ms.
Asset Pipeline Refresh (id=d536c91dcc2d647499a0fcc2a7bfc730): Total: 0.018 seconds - Initiated by StopAssetImportingV2(NoUpdateAssetOptions)
Start importing Assets/NoSafeCircle/DoorPrototype/Art/Enemies/Source/enemy_melee_s_idle_00.png using Guid(28ab611fd2b083c479ff4fbbea96ca7a) (TextureImporter) -> (artifact id: '0357c39a0be6c725922297fd5156acac') in 0.0058438 seconds
Refreshing native plugins compatible for Editor in 2.05 ms, found 4 plugins.
Preloading 0 native plugins for Editor in 0.00 ms.
Asset Pipeline Refresh (id=17aec24d93ee19c4ebe7bc5e80d88c7e): Total: 0.029 seconds - Initiated by StopAssetImportingV2(NoUpdateAssetOptions)
Start importing Assets/NoSafeCircle/DoorPrototype/Art/Enemies/Source/Walk/enemy_melee_s_walk_00.png using Guid(cc409ce5e13654d428fe9390fc093058) (TextureImporter) -> (artifact id: '38479f5977acca27f6a5358090c4613e') in 0.0036958 seconds
Refreshing native plugins compatible for Editor in 2.01 ms, found 4 plugins.
Preloading 0 native plugins for Editor in 0.00 ms.
Asset Pipeline Refresh (id=bbd61a94b8f6a3d44baa8e1e9e48a710): Total: 0.020 seconds - Initiated by StopAssetImportingV2(NoUpdateAssetOptions)
Start importing Assets/NoSafeCircle/DoorPrototype/Art/Enemies/Source/Walk/enemy_melee_s_walk_00.png using Guid(cc409ce5e13654d428fe9390fc093058) (TextureImporter) -> (artifact id: '3a80c793ea26b57c44ab7acc34259979') in 0.0049565 seconds
Refreshing native plugins compatible for Editor in 1.99 ms, found 4 plugins.
Preloading 0 native plugins for Editor in 0.00 ms.
Asset Pipeline Refresh (id=74215777db97d38439514b9e091f70cf): Total: 0.028 seconds - Initiated by StopAssetImportingV2(NoUpdateAssetOptions)
Start importing Assets/NoSafeCircle/DoorPrototype/Art/Enemies/Source/Walk/enemy_melee_s_walk_01.png using Guid(12ada92f01ce5a548b5351598264ff5c) (TextureImporter) -> (artifact id: '68623971a852fad3a5efb23d4ca64d17') in 0.0035753 seconds
Refreshing native plugins compatible for Editor in 2.23 ms, found 4 plugins.
Preloading 0 native plugins for Editor in 0.00 ms.
Asset Pipeline Refresh (id=ca90ef9c7edca2e43bb52e0e9394623e): Total: 0.020 seconds - Initiated by StopAssetImportingV2(NoUpdateAssetOptions)
Start importing Assets/NoSafeCircle/DoorPrototype/Art/Enemies/Source/Walk/enemy_melee_s_walk_01.png using Guid(12ada92f01ce5a548b5351598264ff5c) (TextureImporter) -> (artifact id: '60214abdcd1622b5cda4f89b80c5288c') in 0.0060211 seconds
Refreshing native plugins compatible for Editor in 2.45 ms, found 4 plugins.
Preloading 0 native plugins for Editor in 0.00 ms.
Asset Pipeline Refresh (id=4e29b6ad0d14e564dbb90cb66977aaa7): Total: 0.034 seconds - Initiated by StopAssetImportingV2(NoUpdateAssetOptions)
Start importing Assets/NoSafeCircle/DoorPrototype/Art/Enemies/Source/Walk/enemy_melee_s_walk_02.png using Guid(da78ceb5f2c42cb439c729debee2a3ef) (TextureImporter) -> (artifact id: 'bc39cfb6f7177c5005ce5b1503bca4c5') in 0.0040705 seconds
Refreshing native plugins compatible for Editor in 2.03 ms, found 4 plugins.
Preloading 0 native plugins for Editor in 0.00 ms.
Asset Pipeline Refresh (id=22b66cb72de7f0d41b4eded8b6f365fc): Total: 0.022 seconds - Initiated by StopAssetImportingV2(NoUpdateAssetOptions)
Start importing Assets/NoSafeCircle/DoorPrototype/Art/Enemies/Source/Walk/enemy_melee_s_walk_02.png using Guid(da78ceb5f2c42cb439c729debee2a3ef) (TextureImporter) -> (artifact id: '0735acfc725ca82ff610c4ee63c3aa4b') in 0.0054336 seconds
Refreshing native plugins compatible for Editor in 1.95 ms, found 4 plugins.
Preloading 0 native plugins for Editor in 0.00 ms.
Asset Pipeline Refresh (id=212b6ca8275623d44bf6e750ab1b3958): Total: 0.029 seconds - Initiated by StopAssetImportingV2(NoUpdateAssetOptions)
Start importing Assets/NoSafeCircle/DoorPrototype/Art/Enemies/Source/Walk/enemy_melee_s_walk_03.png using Guid(0a9c0f88662f21a4daf803f9b7825efc) (TextureImporter) -> (artifact id: 'b76f4e03f7a23740345e6c7827f567f6') in 0.0030944 seconds
Refreshing native plugins compatible for Editor in 1.94 ms, found 4 plugins.
Preloading 0 native plugins for Editor in 0.00 ms.
Asset Pipeline Refresh (id=361fb22845a409c46ab5a1fd2978c746): Total: 0.021 seconds - Initiated by StopAssetImportingV2(NoUpdateAssetOptions)
Start importing Assets/NoSafeCircle/DoorPrototype/Art/Enemies/Source/Walk/enemy_melee_s_walk_03.png using Guid(0a9c0f88662f21a4daf803f9b7825efc) (TextureImporter) -> (artifact id: 'd5f2fb22869790b0f2b6a5ead1d0da5d') in 0.0053424 seconds
Refreshing native plugins compatible for Editor in 1.99 ms, found 4 plugins.
Preloading 0 native plugins for Editor in 0.00 ms.
Asset Pipeline Refresh (id=94880017ac3116249aa3af97e21134d9): Total: 0.028 seconds - Initiated by StopAssetImportingV2(NoUpdateAssetOptions)
Start importing Assets/NoSafeCircle/DoorPrototype/Art/Enemies/Source/Walk/enemy_melee_s_walk_04.png using Guid(5f5c8afeaffb59f499f7066fffcf2441) (TextureImporter) -> (artifact id: 'b3a28411ba53deee59460d0c505505ae') in 0.0031235 seconds
Refreshing native plugins compatible for Editor in 1.87 ms, found 4 plugins.
Preloading 0 native plugins for Editor in 0.00 ms.
Asset Pipeline Refresh (id=32e9347e15d11ae48a4e2c84445de446): Total: 0.016 seconds - Initiated by StopAssetImportingV2(NoUpdateAssetOptions)
Start importing Assets/NoSafeCircle/DoorPrototype/Art/Enemies/Source/Walk/enemy_melee_s_walk_04.png using Guid(5f5c8afeaffb59f499f7066fffcf2441) (TextureImporter) -> (artifact id: 'b8875c151b4b66486c99a5c4a8d9f2df') in 0.006207 seconds
Refreshing native plugins compatible for Editor in 5.92 ms, found 4 plugins.
Preloading 0 native plugins for Editor in 0.00 ms.
Asset Pipeline Refresh (id=ef7065cbbeccfaa4793584ae7f8f168c): Total: 0.039 seconds - Initiated by StopAssetImportingV2(NoUpdateAssetOptions)
Start importing Assets/NoSafeCircle/DoorPrototype/Art/Enemies/Source/Walk/enemy_melee_s_walk_05.png using Guid(809a02a648ddbf1499de18af29c43e08) (TextureImporter) -> (artifact id: '96b227d71fba1fd97739456099d8f452') in 0.0031371 seconds
Refreshing native plugins compatible for Editor in 4.41 ms, found 4 plugins.
Preloading 0 native plugins for Editor in 0.00 ms.
Asset Pipeline Refresh (id=41b14c4296fa1334c818a6907b50aa75): Total: 0.021 seconds - Initiated by StopAssetImportingV2(NoUpdateAssetOptions)
Start importing Assets/NoSafeCircle/DoorPrototype/Art/Enemies/Source/Walk/enemy_melee_s_walk_05.png using Guid(809a02a648ddbf1499de18af29c43e08) (TextureImporter) -> (artifact id: '61c11fa0eef77c0a1434540c1b6ce244') in 0.0048074 seconds
Refreshing native plugins compatible for Editor in 2.56 ms, found 4 plugins.
Preloading 0 native plugins for Editor in 0.00 ms.
Asset Pipeline Refresh (id=8e09636021551db42ad821e7ead3ec74): Total: 0.031 seconds - Initiated by StopAssetImportingV2(NoUpdateAssetOptions)
Start importing Assets/NoSafeCircle/DoorPrototype/Art/Enemies/Source/enemy_melee_sw_idle_00.png using Guid(cda27dd0fb2184d49b8a166a0458d4ff) (TextureImporter) -> (artifact id: '66836ebd11f7adadfbe6d478a431f5dd') in 0.0040671 seconds
Refreshing native plugins compatible for Editor in 1.88 ms, found 4 plugins.
Preloading 0 native plugins for Editor in 0.00 ms.
Asset Pipeline Refresh (id=67f37d10b9e9bdd4b87ae8162d9f7e58): Total: 0.021 seconds - Initiated by StopAssetImportingV2(NoUpdateAssetOptions)
Start importing Assets/NoSafeCircle/DoorPrototype/Art/Enemies/Source/enemy_melee_sw_idle_00.png using Guid(cda27dd0fb2184d49b8a166a0458d4ff) (TextureImporter) -> (artifact id: '86cf9831be9731c6e6bcf6d7b813ec1b') in 0.0045636 seconds
Refreshing native plugins compatible for Editor in 1.86 ms, found 4 plugins.
Preloading 0 native plugins for Editor in 0.00 ms.
Asset Pipeline Refresh (id=41388947db37bd241afe96dd2342b8d6): Total: 0.026 seconds - Initiated by StopAssetImportingV2(NoUpdateAssetOptions)
Start importing Assets/NoSafeCircle/DoorPrototype/Art/Enemies/Source/Walk/enemy_melee_sw_walk_00.png using Guid(9016307339bf8014399d16d2311658eb) (TextureImporter) -> (artifact id: 'c0aacb6469c2a023fa5d697a4a3ddb44') in 0.0031721 seconds
Refreshing native plugins compatible for Editor in 2.90 ms, found 4 plugins.
Preloading 0 native plugins for Editor in 0.00 ms.
Asset Pipeline Refresh (id=e134a2ddaffc2674f8e4671a06f9230d): Total: 0.020 seconds - Initiated by StopAssetImportingV2(NoUpdateAssetOptions)
Start importing Assets/NoSafeCircle/DoorPrototype/Art/Enemies/Source/Walk/enemy_melee_sw_walk_00.png using Guid(9016307339bf8014399d16d2311658eb) (TextureImporter) -> (artifact id: 'ab0985b95c573280e3a2f02137a1da65') in 0.0054507 seconds
Refreshing native plugins compatible for Editor in 2.02 ms, found 4 plugins.
Preloading 0 native plugins for Editor in 0.00 ms.
Asset Pipeline Refresh (id=112c4cea856538c4ba79b96b0a501135): Total: 0.028 seconds - Initiated by StopAssetImportingV2(NoUpdateAssetOptions)
Start importing Assets/NoSafeCircle/DoorPrototype/Art/Enemies/Source/Walk/enemy_melee_sw_walk_01.png using Guid(eb9776bc29a6fdc4fa6e5109e03f52bc) (TextureImporter) -> (artifact id: '9acb3664a3256a1abf073d6eeb77b5ff') in 0.0032825 seconds
Refreshing native plugins compatible for Editor in 2.18 ms, found 4 plugins.
Preloading 0 native plugins for Editor in 0.00 ms.
Asset Pipeline Refresh (id=1c94910f30f7edf4783f8840d650d902): Total: 0.019 seconds - Initiated by StopAssetImportingV2(NoUpdateAssetOptions)
Start importing Assets/NoSafeCircle/DoorPrototype/Art/Enemies/Source/Walk/enemy_melee_sw_walk_01.png using Guid(eb9776bc29a6fdc4fa6e5109e03f52bc) (TextureImporter) -> (artifact id: '3e88c9053032611f522e0126c78b9201') in 0.0047184 seconds
Refreshing native plugins compatible for Editor in 1.99 ms, found 4 plugins.
Preloading 0 native plugins for Editor in 0.00 ms.
Asset Pipeline Refresh (id=c6b5f46d6bfef6e4d855a84c0b16cf4a): Total: 0.028 seconds - Initiated by StopAssetImportingV2(NoUpdateAssetOptions)
Start importing Assets/NoSafeCircle/DoorPrototype/Art/Enemies/Source/Walk/enemy_melee_sw_walk_02.png using Guid(b67484b32f282714da17c8186cd9c25e) (TextureImporter) -> (artifact id: '8c04042637880c9f535d75d7f2c18d2d') in 0.0043303 seconds
Refreshing native plugins compatible for Editor in 2.16 ms, found 4 plugins.
Preloading 0 native plugins for Editor in 0.00 ms.
Asset Pipeline Refresh (id=70eb6852484511d4aa6f14352d642b88): Total: 0.024 seconds - Initiated by StopAssetImportingV2(NoUpdateAssetOptions)
Start importing Assets/NoSafeCircle/DoorPrototype/Art/Enemies/Source/Walk/enemy_melee_sw_walk_02.png using Guid(b67484b32f282714da17c8186cd9c25e) (TextureImporter) -> (artifact id: 'f3e4d1791c8140d04443dc2a1fcc2d59') in 0.0043145 seconds
Refreshing native plugins compatible for Editor in 1.95 ms, found 4 plugins.
Preloading 0 native plugins for Editor in 0.00 ms.
Asset Pipeline Refresh (id=046aeaf9a2935754f9f56441680ab55d): Total: 0.028 seconds - Initiated by StopAssetImportingV2(NoUpdateAssetOptions)
Start importing Assets/NoSafeCircle/DoorPrototype/Art/Enemies/Source/Walk/enemy_melee_sw_walk_03.png using Guid(ac154ec684875ef48af325da77c65e56) (TextureImporter) -> (artifact id: '305840c2eaf97c88261bc540e0134ace') in 0.0035266 seconds
Refreshing native plugins compatible for Editor in 2.02 ms, found 4 plugins.
Preloading 0 native plugins for Editor in 0.00 ms.
Asset Pipeline Refresh (id=b260cf61565257e48af00dd8a1ac5cf9): Total: 0.019 seconds - Initiated by StopAssetImportingV2(NoUpdateAssetOptions)
Start importing Assets/NoSafeCircle/DoorPrototype/Art/Enemies/Source/Walk/enemy_melee_sw_walk_03.png using Guid(ac154ec684875ef48af325da77c65e56) (TextureImporter) -> (artifact id: 'b44dc08bf3c4dc5afbbd1971399b3c26') in 0.0070515 seconds
Refreshing native plugins compatible for Editor in 2.33 ms, found 4 plugins.
Preloading 0 native plugins for Editor in 0.00 ms.
Asset Pipeline Refresh (id=521c10ce6c0a86f4489ef126fd132aef): Total: 0.032 seconds - Initiated by StopAssetImportingV2(NoUpdateAssetOptions)
Start importing Assets/NoSafeCircle/DoorPrototype/Art/Enemies/Source/Walk/enemy_melee_sw_walk_04.png using Guid(bc6c21c60d6e35a4780d8d047a11113d) (TextureImporter) -> (artifact id: '14c1e19278b6ab22c3cb040cddf5fe5b') in 0.0065296 seconds
Refreshing native plugins compatible for Editor in 2.26 ms, found 4 plugins.
Preloading 0 native plugins for Editor in 0.00 ms.
Asset Pipeline Refresh (id=b2de1a7c35d24ca40b866c93d0a60b8a): Total: 0.027 seconds - Initiated by StopAssetImportingV2(NoUpdateAssetOptions)
Start importing Assets/NoSafeCircle/DoorPrototype/Art/Enemies/Source/Walk/enemy_melee_sw_walk_04.png using Guid(bc6c21c60d6e35a4780d8d047a11113d) (TextureImporter) -> (artifact id: 'dcb70218ca928827e8f6d406ce6f0485') in 0.0057008 seconds
Refreshing native plugins compatible for Editor in 1.95 ms, found 4 plugins.
Preloading 0 native plugins for Editor in 0.00 ms.
Asset Pipeline Refresh (id=701af0d4737c8434ea61f9b8bedaf031): Total: 0.030 seconds - Initiated by StopAssetImportingV2(NoUpdateAssetOptions)
Start importing Assets/NoSafeCircle/DoorPrototype/Art/Enemies/Source/Walk/enemy_melee_sw_walk_05.png using Guid(28a8cc22f550cd44d8630b1454d2461f) (TextureImporter) -> (artifact id: '1837fbfbaddc18140263d0beee9849c3') in 0.0037339 seconds
Refreshing native plugins compatible for Editor in 2.27 ms, found 4 plugins.
Preloading 0 native plugins for Editor in 0.00 ms.
Asset Pipeline Refresh (id=ff3e58a6a3a646340a4c01e477615bc2): Total: 0.024 seconds - Initiated by StopAssetImportingV2(NoUpdateAssetOptions)
Start importing Assets/NoSafeCircle/DoorPrototype/Art/Enemies/Source/Walk/enemy_melee_sw_walk_05.png using Guid(28a8cc22f550cd44d8630b1454d2461f) (TextureImporter) -> (artifact id: 'e474f32b4fe7fb10edb05e734521da51') in 0.0057668 seconds
Refreshing native plugins compatible for Editor in 2.73 ms, found 4 plugins.
Preloading 0 native plugins for Editor in 0.00 ms.
Asset Pipeline Refresh (id=6ffff191dac9c1045a6f573218880a6f): Total: 0.036 seconds - Initiated by StopAssetImportingV2(NoUpdateAssetOptions)
Start importing Assets/NoSafeCircle/DoorPrototype/Art/Enemies/Source/enemy_melee_w_idle_00.png using Guid(84b3c910148830447a7531c2d053eed0) (TextureImporter) -> (artifact id: '4efe1c02abe6181c27a4f318521d24d0') in 0.003214 seconds
Refreshing native plugins compatible for Editor in 2.11 ms, found 4 plugins.
Preloading 0 native plugins for Editor in 0.00 ms.
Asset Pipeline Refresh (id=5cd4883c09c31b54a8695aaa643ffa1c): Total: 0.021 seconds - Initiated by StopAssetImportingV2(NoUpdateAssetOptions)
Start importing Assets/NoSafeCircle/DoorPrototype/Art/Enemies/Source/enemy_melee_w_idle_00.png using Guid(84b3c910148830447a7531c2d053eed0) (TextureImporter) -> (artifact id: '93e13edbce32cac9401919c893af2ac0') in 0.0059336 seconds
Refreshing native plugins compatible for Editor in 2.35 ms, found 4 plugins.
Preloading 0 native plugins for Editor in 0.00 ms.
Asset Pipeline Refresh (id=c277b4a6a731820469aa1e7cc9c0def4): Total: 0.032 seconds - Initiated by StopAssetImportingV2(NoUpdateAssetOptions)
Start importing Assets/NoSafeCircle/DoorPrototype/Art/Enemies/Source/Walk/enemy_melee_w_walk_00.png using Guid(04970fb9b0075404292bfcda609ac655) (TextureImporter) -> (artifact id: '087cba78960c3480000810c7432ad65f') in 0.0037483 seconds
Refreshing native plugins compatible for Editor in 2.00 ms, found 4 plugins.
Preloading 0 native plugins for Editor in 0.00 ms.
Asset Pipeline Refresh (id=242aac445626a4a4aa4f0e0996f0a530): Total: 0.020 seconds - Initiated by StopAssetImportingV2(NoUpdateAssetOptions)
Start importing Assets/NoSafeCircle/DoorPrototype/Art/Enemies/Source/Walk/enemy_melee_w_walk_00.png using Guid(04970fb9b0075404292bfcda609ac655) (TextureImporter) -> (artifact id: '5cec619b5ee1c1ae632836f81a0c3e4f') in 0.0050759 seconds
Refreshing native plugins compatible for Editor in 4.27 ms, found 4 plugins.
Preloading 0 native plugins for Editor in 0.00 ms.
Asset Pipeline Refresh (id=46b52ba33a4a63e4982240126106a81a): Total: 0.033 seconds - Initiated by StopAssetImportingV2(NoUpdateAssetOptions)
Start importing Assets/NoSafeCircle/DoorPrototype/Art/Enemies/Source/Walk/enemy_melee_w_walk_01.png using Guid(e640a83cd7a837745afae2bf7e02451b) (TextureImporter) -> (artifact id: 'db33ace1c8b9706827312693852ec318') in 0.0070219 seconds
Refreshing native plugins compatible for Editor in 4.30 ms, found 4 plugins.
Preloading 0 native plugins for Editor in 0.00 ms.
Asset Pipeline Refresh (id=03fd0bccd8c0ec44e9ca1d7d34a808fc): Total: 0.030 seconds - Initiated by StopAssetImportingV2(NoUpdateAssetOptions)
Start importing Assets/NoSafeCircle/DoorPrototype/Art/Enemies/Source/Walk/enemy_melee_w_walk_01.png using Guid(e640a83cd7a837745afae2bf7e02451b) (TextureImporter) -> (artifact id: '22bee20cf32424eabd60ceb6f735d952') in 0.006741 seconds
Refreshing native plugins compatible for Editor in 3.81 ms, found 4 plugins.
Preloading 0 native plugins for Editor in 0.00 ms.
Asset Pipeline Refresh (id=2ddef8723e0b02c4b8431815796133d5): Total: 0.043 seconds - Initiated by StopAssetImportingV2(NoUpdateAssetOptions)
Start importing Assets/NoSafeCircle/DoorPrototype/Art/Enemies/Source/Walk/enemy_melee_w_walk_02.png using Guid(a593b530d627a6e4ebcff249c0e35be9) (TextureImporter) -> (artifact id: 'e1e08bd989eab59bbfa8ad85399e46d4') in 0.0038269 seconds
Refreshing native plugins compatible for Editor in 2.37 ms, found 4 plugins.
Preloading 0 native plugins for Editor in 0.00 ms.
Asset Pipeline Refresh (id=68a1f6b94e0fb27428f7b7a8dac42c04): Total: 0.021 seconds - Initiated by StopAssetImportingV2(NoUpdateAssetOptions)
Start importing Assets/NoSafeCircle/DoorPrototype/Art/Enemies/Source/Walk/enemy_melee_w_walk_02.png using Guid(a593b530d627a6e4ebcff249c0e35be9) (TextureImporter) -> (artifact id: 'ea28ed87479ccdcacd43154bd481180f') in 0.0051498 seconds
Refreshing native plugins compatible for Editor in 2.16 ms, found 4 plugins.
Preloading 0 native plugins for Editor in 0.00 ms.
Asset Pipeline Refresh (id=42fa7fa5a0274904792b0d29168df84a): Total: 0.029 seconds - Initiated by StopAssetImportingV2(NoUpdateAssetOptions)
Start importing Assets/NoSafeCircle/DoorPrototype/Art/Enemies/Source/Walk/enemy_melee_w_walk_03.png using Guid(35cb3735d498e7040bd91d17789e722f) (TextureImporter) -> (artifact id: '8aa06b2e4aac546b05300f80d0c8d1fb') in 0.0033308 seconds
Refreshing native plugins compatible for Editor in 3.35 ms, found 4 plugins.
Preloading 0 native plugins for Editor in 0.00 ms.
Asset Pipeline Refresh (id=a6d1dc589f6c80741a9190e1027a978f): Total: 0.021 seconds - Initiated by StopAssetImportingV2(NoUpdateAssetOptions)
Start importing Assets/NoSafeCircle/DoorPrototype/Art/Enemies/Source/Walk/enemy_melee_w_walk_03.png using Guid(35cb3735d498e7040bd91d17789e722f) (TextureImporter) -> (artifact id: '0918b3306774c93726087197a2119ff3') in 0.0090538 seconds
Refreshing native plugins compatible for Editor in 3.69 ms, found 4 plugins.
Preloading 0 native plugins for Editor in 0.00 ms.
Asset Pipeline Refresh (id=cc63aa4c9ec764e4d945f1e99e201674): Total: 0.046 seconds - Initiated by StopAssetImportingV2(NoUpdateAssetOptions)
Start importing Assets/NoSafeCircle/DoorPrototype/Art/Enemies/Source/Walk/enemy_melee_w_walk_04.png using Guid(8f68cfc2d8dd0bd479592138c2c2d2e7) (TextureImporter) -> (artifact id: 'acd81f53f10efe93589468e2e8e662c9') in 0.003401 seconds
Refreshing native plugins compatible for Editor in 2.55 ms, found 4 plugins.
Preloading 0 native plugins for Editor in 0.00 ms.
Asset Pipeline Refresh (id=026554192db036d42984565b266fe765): Total: 0.021 seconds - Initiated by StopAssetImportingV2(NoUpdateAssetOptions)
Start importing Assets/NoSafeCircle/DoorPrototype/Art/Enemies/Source/Walk/enemy_melee_w_walk_04.png using Guid(8f68cfc2d8dd0bd479592138c2c2d2e7) (TextureImporter) -> (artifact id: 'cb296b29cef5a44b18ffcd95e7f96341') in 0.0051116 seconds
Refreshing native plugins compatible for Editor in 3.19 ms, found 4 plugins.
Preloading 0 native plugins for Editor in 0.00 ms.
Asset Pipeline Refresh (id=d1097fce24be3ea4ba6a0bb2ac50f4dc): Total: 0.032 seconds - Initiated by StopAssetImportingV2(NoUpdateAssetOptions)
Start importing Assets/NoSafeCircle/DoorPrototype/Art/Enemies/Source/Walk/enemy_melee_w_walk_05.png using Guid(6af394e74f91ddf4ca14d3ed82c2e412) (TextureImporter) -> (artifact id: '39a05722fc06230270a0a9eac7eab480') in 0.00353 seconds
Refreshing native plugins compatible for Editor in 2.27 ms, found 4 plugins.
Preloading 0 native plugins for Editor in 0.00 ms.
Asset Pipeline Refresh (id=ffaada3a011d6e44ca03a39f2c4c73f8): Total: 0.020 seconds - Initiated by StopAssetImportingV2(NoUpdateAssetOptions)
Start importing Assets/NoSafeCircle/DoorPrototype/Art/Enemies/Source/Walk/enemy_melee_w_walk_05.png using Guid(6af394e74f91ddf4ca14d3ed82c2e412) (TextureImporter) -> (artifact id: 'd1039d272664f9de33a554585ca5e792') in 0.0064321 seconds
Refreshing native plugins compatible for Editor in 3.39 ms, found 4 plugins.
Preloading 0 native plugins for Editor in 0.00 ms.
Asset Pipeline Refresh (id=07eed166f059d1e4bad2bb5a99cd5964): Total: 0.045 seconds - Initiated by StopAssetImportingV2(NoUpdateAssetOptions)
Start importing Assets/NoSafeCircle/DoorPrototype/Art/Enemies/Source/enemy_melee_nw_idle_00.png using Guid(7d41860e93767fb45a56edd6d49eba6f) (TextureImporter) -> (artifact id: 'd980655b32d4c2b771bbb9dea73d0f1c') in 0.0031394 seconds
Refreshing native plugins compatible for Editor in 3.87 ms, found 4 plugins.
Preloading 0 native plugins for Editor in 0.00 ms.
Asset Pipeline Refresh (id=c3f3b32bac24b884f9b6baa8fb643732): Total: 0.023 seconds - Initiated by StopAssetImportingV2(NoUpdateAssetOptions)
Start importing Assets/NoSafeCircle/DoorPrototype/Art/Enemies/Source/enemy_melee_nw_idle_00.png using Guid(7d41860e93767fb45a56edd6d49eba6f) (TextureImporter) -> (artifact id: 'e501d9b3fe4c2334469436aadb0b21a8') in 0.0072261 seconds
Refreshing native plugins compatible for Editor in 2.26 ms, found 4 plugins.
Preloading 0 native plugins for Editor in 0.00 ms.
Asset Pipeline Refresh (id=f2334c2fe4d088e468eff8e8ca2637a1): Total: 0.036 seconds - Initiated by StopAssetImportingV2(NoUpdateAssetOptions)
Start importing Assets/NoSafeCircle/DoorPrototype/Art/Enemies/Source/Walk/enemy_melee_nw_walk_00.png using Guid(21ff82006b8c05140b1296f38797143d) (TextureImporter) -> (artifact id: 'f93f37be4632a50a9900faa063f120a6') in 0.0035082 seconds
Refreshing native plugins compatible for Editor in 2.31 ms, found 4 plugins.
Preloading 0 native plugins for Editor in 0.00 ms.
Asset Pipeline Refresh (id=08ce19d8332600c42927845342a969fe): Total: 0.021 seconds - Initiated by StopAssetImportingV2(NoUpdateAssetOptions)
Start importing Assets/NoSafeCircle/DoorPrototype/Art/Enemies/Source/Walk/enemy_melee_nw_walk_00.png using Guid(21ff82006b8c05140b1296f38797143d) (TextureImporter) -> (artifact id: '0f2c33382fa042c94b6c8bec24c14398') in 0.0052051 seconds
Refreshing native plugins compatible for Editor in 2.31 ms, found 4 plugins.
Preloading 0 native plugins for Editor in 0.00 ms.
Asset Pipeline Refresh (id=936a0be62c020f843bee46a5239da8b0): Total: 0.038 seconds - Initiated by StopAssetImportingV2(NoUpdateAssetOptions)
Start importing Assets/NoSafeCircle/DoorPrototype/Art/Enemies/Source/Walk/enemy_melee_nw_walk_01.png using Guid(c74db865550fea04fbc352ae7f23380a) (TextureImporter) -> (artifact id: 'a1201cba4b65a254dd4895448ba85ee1') in 0.003914 seconds
Refreshing native plugins compatible for Editor in 2.90 ms, found 4 plugins.
Preloading 0 native plugins for Editor in 0.00 ms.
Asset Pipeline Refresh (id=40e84c1dca42aa043865f8294141a88c): Total: 0.026 seconds - Initiated by StopAssetImportingV2(NoUpdateAssetOptions)
Start importing Assets/NoSafeCircle/DoorPrototype/Art/Enemies/Source/Walk/enemy_melee_nw_walk_01.png using Guid(c74db865550fea04fbc352ae7f23380a) (TextureImporter) -> (artifact id: '9049e28199daf8aa5f9a600c723eebda') in 0.0062523 seconds
Refreshing native plugins compatible for Editor in 2.47 ms, found 4 plugins.
Preloading 0 native plugins for Editor in 0.00 ms.
Asset Pipeline Refresh (id=bf363acf13d174044a3b179ae43ec6f9): Total: 0.037 seconds - Initiated by StopAssetImportingV2(NoUpdateAssetOptions)
Start importing Assets/NoSafeCircle/DoorPrototype/Art/Enemies/Source/Walk/enemy_melee_nw_walk_02.png using Guid(59f03ff89ea16244783799bf5718c9a3) (TextureImporter) -> (artifact id: '7eb3357d51ef3a35228b213fd6d627cb') in 0.0046374 seconds
Refreshing native plugins compatible for Editor in 2.42 ms, found 4 plugins.
Preloading 0 native plugins for Editor in 0.00 ms.
Asset Pipeline Refresh (id=d76a816e02060234a92fc6bd215e5e85): Total: 0.030 seconds - Initiated by StopAssetImportingV2(NoUpdateAssetOptions)
Start importing Assets/NoSafeCircle/DoorPrototype/Art/Enemies/Source/Walk/enemy_melee_nw_walk_02.png using Guid(59f03ff89ea16244783799bf5718c9a3) (TextureImporter) -> (artifact id: '3ce1613bc5a62d24e2ec933b904e7b9c') in 0.0074542 seconds
Refreshing native plugins compatible for Editor in 2.79 ms, found 4 plugins.
Preloading 0 native plugins for Editor in 0.00 ms.
Asset Pipeline Refresh (id=78e60aadd18214c4c917e2d5a63a8121): Total: 0.041 seconds - Initiated by StopAssetImportingV2(NoUpdateAssetOptions)
Start importing Assets/NoSafeCircle/DoorPrototype/Art/Enemies/Source/Walk/enemy_melee_nw_walk_03.png using Guid(630f06737f1aedb4085e2ca956a04316) (TextureImporter) -> (artifact id: 'f3cbaa46470f289989222a212d7d96b2') in 0.0049323 seconds
Refreshing native plugins compatible for Editor in 2.30 ms, found 4 plugins.
Preloading 0 native plugins for Editor in 0.00 ms.
Asset Pipeline Refresh (id=71dee966d7ab83f45bf5fff0d3cfab25): Total: 0.029 seconds - Initiated by StopAssetImportingV2(NoUpdateAssetOptions)
Start importing Assets/NoSafeCircle/DoorPrototype/Art/Enemies/Source/Walk/enemy_melee_nw_walk_03.png using Guid(630f06737f1aedb4085e2ca956a04316) (TextureImporter) -> (artifact id: '9fc9e1b8abdd3d9681b3c2c6942f297e') in 0.0070258 seconds
Refreshing native plugins compatible for Editor in 4.13 ms, found 4 plugins.
Preloading 0 native plugins for Editor in 0.00 ms.
Asset Pipeline Refresh (id=83346c68f928a8a4e9f65917fb619811): Total: 0.041 seconds - Initiated by StopAssetImportingV2(NoUpdateAssetOptions)
Start importing Assets/NoSafeCircle/DoorPrototype/Art/Enemies/Source/Walk/enemy_melee_nw_walk_04.png using Guid(1ca8123d6a29f5e4485d8362113a8365) (TextureImporter) -> (artifact id: '933c8a8d07b8b68b5edc563585faa4ed') in 0.0038811 seconds
Refreshing native plugins compatible for Editor in 3.66 ms, found 4 plugins.
Preloading 0 native plugins for Editor in 0.00 ms.
Asset Pipeline Refresh (id=f20420e22096795469329d9b938a37b6): Total: 0.023 seconds - Initiated by StopAssetImportingV2(NoUpdateAssetOptions)
Start importing Assets/NoSafeCircle/DoorPrototype/Art/Enemies/Source/Walk/enemy_melee_nw_walk_04.png using Guid(1ca8123d6a29f5e4485d8362113a8365) (TextureImporter) -> (artifact id: '55f4c57036b94eabd8ad2436e1af5e44') in 0.0075799 seconds
Refreshing native plugins compatible for Editor in 2.57 ms, found 4 plugins.
Preloading 0 native plugins for Editor in 0.00 ms.
Asset Pipeline Refresh (id=1cc62a0ad0897ae4ab71000fec700f6c): Total: 0.041 seconds - Initiated by StopAssetImportingV2(NoUpdateAssetOptions)
Start importing Assets/NoSafeCircle/DoorPrototype/Art/Enemies/Source/Walk/enemy_melee_nw_walk_05.png using Guid(76eaf5d9169e4214cb6b4665dccf0a4c) (TextureImporter) -> (artifact id: '3bfdeb4ac013f261b20b251caf1e6ba2') in 0.0042828 seconds
Refreshing native plugins compatible for Editor in 3.50 ms, found 4 plugins.
Preloading 0 native plugins for Editor in 0.00 ms.
Asset Pipeline Refresh (id=4c37c48fc9d0a2f4a854c0d27a2a6bba): Total: 0.028 seconds - Initiated by StopAssetImportingV2(NoUpdateAssetOptions)
Start importing Assets/NoSafeCircle/DoorPrototype/Art/Enemies/Source/Walk/enemy_melee_nw_walk_05.png using Guid(76eaf5d9169e4214cb6b4665dccf0a4c) (TextureImporter) -> (artifact id: 'dd39b2386244c46be9d93cce281e8a1f') in 0.0078823 seconds
Refreshing native plugins compatible for Editor in 2.85 ms, found 4 plugins.
Preloading 0 native plugins for Editor in 0.00 ms.
Asset Pipeline Refresh (id=ba72d3182897269459009448c2e453e9): Total: 0.046 seconds - Initiated by StopAssetImportingV2(NoUpdateAssetOptions)
Start importing Assets/NoSafeCircle/DoorPrototype/Art/Enemies/Source/enemy_ranged_n_idle_00.png using Guid(33c70e326c5c8a74599ad6f0d4c26a44) (TextureImporter) -> (artifact id: 'b8696af28f5d914bbd7cb034524cb92b') in 0.0036365 seconds
Refreshing native plugins compatible for Editor in 2.38 ms, found 4 plugins.
Preloading 0 native plugins for Editor in 0.00 ms.
Asset Pipeline Refresh (id=080fb1281fe11aa49b2f0ebe7466a02e): Total: 0.023 seconds - Initiated by StopAssetImportingV2(NoUpdateAssetOptions)
Start importing Assets/NoSafeCircle/DoorPrototype/Art/Enemies/Source/enemy_ranged_n_idle_00.png using Guid(33c70e326c5c8a74599ad6f0d4c26a44) (TextureImporter) -> (artifact id: 'f81f29e8cac5c421bc5238a276f6514b') in 0.0066772 seconds
Refreshing native plugins compatible for Editor in 3.97 ms, found 4 plugins.
Preloading 0 native plugins for Editor in 0.00 ms.
Asset Pipeline Refresh (id=71f529058306a6443a06a55948c2460f): Total: 0.045 seconds - Initiated by StopAssetImportingV2(NoUpdateAssetOptions)
Start importing Assets/NoSafeCircle/DoorPrototype/Art/Enemies/Source/Walk/enemy_ranged_n_walk_00.png using Guid(ad616952ce92fca4ebc9c39ded6908ea) (TextureImporter) -> (artifact id: 'a97955135a04491e9b61983d633dea19') in 0.003611 seconds
Refreshing native plugins compatible for Editor in 2.32 ms, found 4 plugins.
Preloading 0 native plugins for Editor in 0.00 ms.
Asset Pipeline Refresh (id=666a57453f4a4b745a7d0f9dea4aede0): Total: 0.024 seconds - Initiated by StopAssetImportingV2(NoUpdateAssetOptions)
Start importing Assets/NoSafeCircle/DoorPrototype/Art/Enemies/Source/Walk/enemy_ranged_n_walk_00.png using Guid(ad616952ce92fca4ebc9c39ded6908ea) (TextureImporter) -> (artifact id: '108e4b8dae465d5a801cb6b0782f9123') in 0.0067972 seconds
Refreshing native plugins compatible for Editor in 3.40 ms, found 4 plugins.
Preloading 0 native plugins for Editor in 0.00 ms.
Asset Pipeline Refresh (id=9c6d649180003254b91a1b5f9443e2df): Total: 0.041 seconds - Initiated by StopAssetImportingV2(NoUpdateAssetOptions)
Start importing Assets/NoSafeCircle/DoorPrototype/Art/Enemies/Source/Walk/enemy_ranged_n_walk_01.png using Guid(4c0b102347e29234a86a1dab8c5a50b0) (TextureImporter) -> (artifact id: '359e87ed528039888e8fef2bade346dd') in 0.0031071 seconds
Refreshing native plugins compatible for Editor in 2.14 ms, found 4 plugins.
Preloading 0 native plugins for Editor in 0.00 ms.
Asset Pipeline Refresh (id=252c935f33ad3aa41ac453d12239fb2d): Total: 0.020 seconds - Initiated by StopAssetImportingV2(NoUpdateAssetOptions)
Start importing Assets/NoSafeCircle/DoorPrototype/Art/Enemies/Source/Walk/enemy_ranged_n_walk_01.png using Guid(4c0b102347e29234a86a1dab8c5a50b0) (TextureImporter) -> (artifact id: '5b9c0c0d4b6a4443df2513fe217b0fe9') in 0.0058331 seconds
Refreshing native plugins compatible for Editor in 3.67 ms, found 4 plugins.
Preloading 0 native plugins for Editor in 0.00 ms.
Asset Pipeline Refresh (id=46f02bbb557f4d94e99a89ff0645cac9): Total: 0.037 seconds - Initiated by StopAssetImportingV2(NoUpdateAssetOptions)
Start importing Assets/NoSafeCircle/DoorPrototype/Art/Enemies/Source/Walk/enemy_ranged_n_walk_02.png using Guid(7f6ec39d99f31984f90db36df13b2df5) (TextureImporter) -> (artifact id: '9e83588b6c683185a6b189a31f62ae5e') in 0.0044499 seconds
Refreshing native plugins compatible for Editor in 2.53 ms, found 4 plugins.
Preloading 0 native plugins for Editor in 0.00 ms.
Asset Pipeline Refresh (id=4526e52c4e702ff43a136ff449abaee6): Total: 0.027 seconds - Initiated by StopAssetImportingV2(NoUpdateAssetOptions)
Start importing Assets/NoSafeCircle/DoorPrototype/Art/Enemies/Source/Walk/enemy_ranged_n_walk_02.png using Guid(7f6ec39d99f31984f90db36df13b2df5) (TextureImporter) -> (artifact id: '070f212c8a3914dbf5f216d064087d6f') in 0.0082276 seconds
Refreshing native plugins compatible for Editor in 2.35 ms, found 4 plugins.
Preloading 0 native plugins for Editor in 0.00 ms.
Asset Pipeline Refresh (id=d0036cfaabed8114bb65c14507a6f0dc): Total: 0.036 seconds - Initiated by StopAssetImportingV2(NoUpdateAssetOptions)
Start importing Assets/NoSafeCircle/DoorPrototype/Art/Enemies/Source/Walk/enemy_ranged_n_walk_03.png using Guid(7e077273db9ae1d41ac7bdacafc5cd18) (TextureImporter) -> (artifact id: 'c02665d1b3ac826d3cc82af2b54c57c0') in 0.0058284 seconds
Refreshing native plugins compatible for Editor in 2.50 ms, found 4 plugins.
Preloading 0 native plugins for Editor in 0.00 ms.
Asset Pipeline Refresh (id=9dd2534c43ac87e4094c18a54f2cd08d): Total: 0.029 seconds - Initiated by StopAssetImportingV2(NoUpdateAssetOptions)
Start importing Assets/NoSafeCircle/DoorPrototype/Art/Enemies/Source/Walk/enemy_ranged_n_walk_03.png using Guid(7e077273db9ae1d41ac7bdacafc5cd18) (TextureImporter) -> (artifact id: '78140191c7419122802da5046478964b') in 0.0071378 seconds
Refreshing native plugins compatible for Editor in 3.64 ms, found 4 plugins.
Preloading 0 native plugins for Editor in 0.00 ms.
Asset Pipeline Refresh (id=205d11294221d174abcdcdb62b76b5a5): Total: 0.041 seconds - Initiated by StopAssetImportingV2(NoUpdateAssetOptions)
Start importing Assets/NoSafeCircle/DoorPrototype/Art/Enemies/Source/Walk/enemy_ranged_n_walk_04.png using Guid(b48fa2e56eb2d4843bf0df1dd254169d) (TextureImporter) -> (artifact id: '6ffcabb9d8607a278cd208555b66fa1f') in 0.0057412 seconds
Refreshing native plugins compatible for Editor in 2.19 ms, found 4 plugins.
Preloading 0 native plugins for Editor in 0.00 ms.
Asset Pipeline Refresh (id=20ec7922a366f05479f75682be91988d): Total: 0.028 seconds - Initiated by StopAssetImportingV2(NoUpdateAssetOptions)
Start importing Assets/NoSafeCircle/DoorPrototype/Art/Enemies/Source/Walk/enemy_ranged_n_walk_04.png using Guid(b48fa2e56eb2d4843bf0df1dd254169d) (TextureImporter) -> (artifact id: '2206e2291d6b1532eb1bad35ce7ee70e') in 0.008179 seconds
Refreshing native plugins compatible for Editor in 2.38 ms, found 4 plugins.
Preloading 0 native plugins for Editor in 0.00 ms.
Asset Pipeline Refresh (id=0e9ef029853577649b5e706c47f412bf): Total: 0.036 seconds - Initiated by StopAssetImportingV2(NoUpdateAssetOptions)
Start importing Assets/NoSafeCircle/DoorPrototype/Art/Enemies/Source/Walk/enemy_ranged_n_walk_05.png using Guid(c5dde6a5e5f90b0489cd408fa77bb73c) (TextureImporter) -> (artifact id: 'bc99d9c47fa10ded30649c063efa40ca') in 0.0040364 seconds
Refreshing native plugins compatible for Editor in 2.31 ms, found 4 plugins.
Preloading 0 native plugins for Editor in 0.00 ms.
Asset Pipeline Refresh (id=0c4c20ae9e6cc8444948a1bb3c12cd11): Total: 0.025 seconds - Initiated by StopAssetImportingV2(NoUpdateAssetOptions)
Start importing Assets/NoSafeCircle/DoorPrototype/Art/Enemies/Source/Walk/enemy_ranged_n_walk_05.png using Guid(c5dde6a5e5f90b0489cd408fa77bb73c) (TextureImporter) -> (artifact id: '3bdb1c29b241aee799ed0d4a72c93463') in 0.0057961 seconds
Refreshing native plugins compatible for Editor in 2.28 ms, found 4 plugins.
Preloading 0 native plugins for Editor in 0.00 ms.
Asset Pipeline Refresh (id=e2889db006cf976409e21491a49d6201): Total: 0.034 seconds - Initiated by StopAssetImportingV2(NoUpdateAssetOptions)
Start importing Assets/NoSafeCircle/DoorPrototype/Art/Enemies/Source/enemy_ranged_ne_idle_00.png using Guid(2111542209294994d9e7192824c75fa8) (TextureImporter) -> (artifact id: '0ad327f11b5c4ea3bcbfab011f8e3f72') in 0.0031792 seconds
Refreshing native plugins compatible for Editor in 2.25 ms, found 4 plugins.
Preloading 0 native plugins for Editor in 0.00 ms.
Asset Pipeline Refresh (id=16cf8d77b671b56429459e648410ee12): Total: 0.024 seconds - Initiated by StopAssetImportingV2(NoUpdateAssetOptions)
Start importing Assets/NoSafeCircle/DoorPrototype/Art/Enemies/Source/enemy_ranged_ne_idle_00.png using Guid(2111542209294994d9e7192824c75fa8) (TextureImporter) -> (artifact id: '1d31762116cc370b5c8f712d083f67a3') in 0.006206 seconds
Refreshing native plugins compatible for Editor in 3.51 ms, found 4 plugins.
Preloading 0 native plugins for Editor in 0.00 ms.
Asset Pipeline Refresh (id=9e7b990231b1e524c8d3eccaa99f3745): Total: 0.033 seconds - Initiated by StopAssetImportingV2(NoUpdateAssetOptions)
Start importing Assets/NoSafeCircle/DoorPrototype/Art/Enemies/Source/Walk/enemy_ranged_ne_walk_00.png using Guid(a06fa2155e42ba9488b82a03a5b8b70b) (TextureImporter) -> (artifact id: '0e5a751ec15f3bed2de572c699ac8809') in 0.0052705 seconds
Refreshing native plugins compatible for Editor in 2.57 ms, found 4 plugins.
Preloading 0 native plugins for Editor in 0.00 ms.
Asset Pipeline Refresh (id=a3810b944db70914b97448ae451f7ce4): Total: 0.026 seconds - Initiated by StopAssetImportingV2(NoUpdateAssetOptions)
Start importing Assets/NoSafeCircle/DoorPrototype/Art/Enemies/Source/Walk/enemy_ranged_ne_walk_00.png using Guid(a06fa2155e42ba9488b82a03a5b8b70b) (TextureImporter) -> (artifact id: '1cccdb9e4dc23b1acc2eadce58c6805f') in 0.0067599 seconds
Refreshing native plugins compatible for Editor in 4.38 ms, found 4 plugins.
Preloading 0 native plugins for Editor in 0.00 ms.
Asset Pipeline Refresh (id=9c3eba0e23d46bd41a9d7ce2e33a29c4): Total: 0.043 seconds - Initiated by StopAssetImportingV2(NoUpdateAssetOptions)
Start importing Assets/NoSafeCircle/DoorPrototype/Art/Enemies/Source/Walk/enemy_ranged_ne_walk_01.png using Guid(625243ddce3c30447b6be6e642ef5e64) (TextureImporter) -> (artifact id: '1259c422741d60a0eb898c9178fabe85') in 0.0042145 seconds
Refreshing native plugins compatible for Editor in 2.27 ms, found 4 plugins.
Preloading 0 native plugins for Editor in 0.00 ms.
Asset Pipeline Refresh (id=435370fffd22b3b4cbdabd063f93c567): Total: 0.027 seconds - Initiated by StopAssetImportingV2(NoUpdateAssetOptions)
Start importing Assets/NoSafeCircle/DoorPrototype/Art/Enemies/Source/Walk/enemy_ranged_ne_walk_01.png using Guid(625243ddce3c30447b6be6e642ef5e64) (TextureImporter) -> (artifact id: '51e6413489d3d8d53557c9d59748e18f') in 0.007603 seconds
Refreshing native plugins compatible for Editor in 3.15 ms, found 4 plugins.
Preloading 0 native plugins for Editor in 0.00 ms.
Asset Pipeline Refresh (id=d028f3d9a6c8d2b44b45cb6560d25a1f): Total: 0.039 seconds - Initiated by StopAssetImportingV2(NoUpdateAssetOptions)
Start importing Assets/NoSafeCircle/DoorPrototype/Art/Enemies/Source/Walk/enemy_ranged_ne_walk_02.png using Guid(506afcd6a7f71f8428919d27316338a6) (TextureImporter) -> (artifact id: '21e6c592376bea4c44fe2c0635b9cc93') in 0.0045183 seconds
Refreshing native plugins compatible for Editor in 2.43 ms, found 4 plugins.
Preloading 0 native plugins for Editor in 0.00 ms.
Asset Pipeline Refresh (id=9048bf6c3340b6244bbd333f2be91f23): Total: 0.030 seconds - Initiated by StopAssetImportingV2(NoUpdateAssetOptions)
Start importing Assets/NoSafeCircle/DoorPrototype/Art/Enemies/Source/Walk/enemy_ranged_ne_walk_02.png using Guid(506afcd6a7f71f8428919d27316338a6) (TextureImporter) -> (artifact id: '402cce8d38abbf1175e18570bfd93edb') in 0.0081517 seconds
Refreshing native plugins compatible for Editor in 2.26 ms, found 4 plugins.
Preloading 0 native plugins for Editor in 0.00 ms.
Asset Pipeline Refresh (id=4f27bbde0d6175b4c955ae2add99e7af): Total: 0.045 seconds - Initiated by StopAssetImportingV2(NoUpdateAssetOptions)
Start importing Assets/NoSafeCircle/DoorPrototype/Art/Enemies/Source/Walk/enemy_ranged_ne_walk_03.png using Guid(f12ff253cbb5d66458db95b1a79685f8) (TextureImporter) -> (artifact id: '9cdbb7cbeab85c464f774be852e65868') in 0.0061937 seconds
Refreshing native plugins compatible for Editor in 2.61 ms, found 4 plugins.
Preloading 0 native plugins for Editor in 0.00 ms.
Asset Pipeline Refresh (id=ead6b9325833e9f40b7431a713dc02b5): Total: 0.028 seconds - Initiated by StopAssetImportingV2(NoUpdateAssetOptions)
Start importing Assets/NoSafeCircle/DoorPrototype/Art/Enemies/Source/Walk/enemy_ranged_ne_walk_03.png using Guid(f12ff253cbb5d66458db95b1a79685f8) (TextureImporter) -> (artifact id: '62dda00dea4d5b1344bdf6794a6040f1') in 0.0070306 seconds
Refreshing native plugins compatible for Editor in 1.99 ms, found 4 plugins.
Preloading 0 native plugins for Editor in 0.00 ms.
Asset Pipeline Refresh (id=181bd4ab1db26484b8cacee8ec451133): Total: 0.040 seconds - Initiated by StopAssetImportingV2(NoUpdateAssetOptions)
Start importing Assets/NoSafeCircle/DoorPrototype/Art/Enemies/Source/Walk/enemy_ranged_ne_walk_04.png using Guid(8f0dd5db48abcec499de014c1d5105db) (TextureImporter) -> (artifact id: 'b6192b19aaf6a534fd787eda8b1dffe6') in 0.0050827 seconds
Refreshing native plugins compatible for Editor in 2.12 ms, found 4 plugins.
Preloading 0 native plugins for Editor in 0.00 ms.
Asset Pipeline Refresh (id=13942ef6e8c7c2b4598fa69e1763c934): Total: 0.025 seconds - Initiated by StopAssetImportingV2(NoUpdateAssetOptions)
Start importing Assets/NoSafeCircle/DoorPrototype/Art/Enemies/Source/Walk/enemy_ranged_ne_walk_04.png using Guid(8f0dd5db48abcec499de014c1d5105db) (TextureImporter) -> (artifact id: 'c00381ff57a5023433c76138cbade9e7') in 0.0072734 seconds
Refreshing native plugins compatible for Editor in 3.02 ms, found 4 plugins.
Preloading 0 native plugins for Editor in 0.00 ms.
Asset Pipeline Refresh (id=116113b2af6b03b429c2aab1cddd38e9): Total: 0.035 seconds - Initiated by StopAssetImportingV2(NoUpdateAssetOptions)
Start importing Assets/NoSafeCircle/DoorPrototype/Art/Enemies/Source/Walk/enemy_ranged_ne_walk_05.png using Guid(dc13016712cd0c748ba68b9a6b33a281) (TextureImporter) -> (artifact id: '052261d59004e06a2a7b33b770476a8f') in 0.0048968 seconds
Refreshing native plugins compatible for Editor in 2.20 ms, found 4 plugins.
Preloading 0 native plugins for Editor in 0.00 ms.
Asset Pipeline Refresh (id=4e5efd4d8f01a0e419be7f3491813e42): Total: 0.025 seconds - Initiated by StopAssetImportingV2(NoUpdateAssetOptions)
Start importing Assets/NoSafeCircle/DoorPrototype/Art/Enemies/Source/Walk/enemy_ranged_ne_walk_05.png using Guid(dc13016712cd0c748ba68b9a6b33a281) (TextureImporter) -> (artifact id: '2f5d05c128f34db3e7b9a49adc08d36b') in 0.0074537 seconds
Refreshing native plugins compatible for Editor in 3.51 ms, found 4 plugins.
Preloading 0 native plugins for Editor in 0.00 ms.
Asset Pipeline Refresh (id=073db462e6185444fafb4ce3959c16c5): Total: 0.035 seconds - Initiated by StopAssetImportingV2(NoUpdateAssetOptions)
Start importing Assets/NoSafeCircle/DoorPrototype/Art/Enemies/Source/enemy_ranged_e_idle_00.png using Guid(cbd89030b5fa6064eb0d32cc4a84adb7) (TextureImporter) -> (artifact id: 'a58882cc875191c80ae4b1dbf32b6448') in 0.0039029 seconds
Refreshing native plugins compatible for Editor in 3.00 ms, found 4 plugins.
Preloading 0 native plugins for Editor in 0.00 ms.
Asset Pipeline Refresh (id=0b77ac8823b34cb44bb9bc269614184e): Total: 0.027 seconds - Initiated by StopAssetImportingV2(NoUpdateAssetOptions)
Start importing Assets/NoSafeCircle/DoorPrototype/Art/Enemies/Source/enemy_ranged_e_idle_00.png using Guid(cbd89030b5fa6064eb0d32cc4a84adb7) (TextureImporter) -> (artifact id: '075ddb90debb79c752217b5facb6ea8a') in 0.0045291 seconds
Refreshing native plugins compatible for Editor in 3.02 ms, found 4 plugins.
Preloading 0 native plugins for Editor in 0.00 ms.
Asset Pipeline Refresh (id=6b9d242683dac1e4ca2f0b3a30e0de50): Total: 0.033 seconds - Initiated by StopAssetImportingV2(NoUpdateAssetOptions)
Start importing Assets/NoSafeCircle/DoorPrototype/Art/Enemies/Source/Walk/enemy_ranged_e_walk_00.png using Guid(07cae9912e13e1f4bb317105c5080479) (TextureImporter) -> (artifact id: '38e7d4c8f6a064df18494755c8570a3f') in 0.0034762 seconds
Refreshing native plugins compatible for Editor in 3.66 ms, found 4 plugins.
Preloading 0 native plugins for Editor in 0.00 ms.
Asset Pipeline Refresh (id=e694b40bafc13ac468264bef4794b121): Total: 0.024 seconds - Initiated by StopAssetImportingV2(NoUpdateAssetOptions)
Start importing Assets/NoSafeCircle/DoorPrototype/Art/Enemies/Source/Walk/enemy_ranged_e_walk_00.png using Guid(07cae9912e13e1f4bb317105c5080479) (TextureImporter) -> (artifact id: '6d2423dbcdeddc472f701f6896b1e14f') in 0.0055815 seconds
Refreshing native plugins compatible for Editor in 1.97 ms, found 4 plugins.
Preloading 0 native plugins for Editor in 0.00 ms.
Asset Pipeline Refresh (id=7acaf2ca7d165f94d869d87fb72d6d10): Total: 0.031 seconds - Initiated by StopAssetImportingV2(NoUpdateAssetOptions)
Start importing Assets/NoSafeCircle/DoorPrototype/Art/Enemies/Source/Walk/enemy_ranged_e_walk_01.png using Guid(6d95f379928cdf4458aa28c59094e22e) (TextureImporter) -> (artifact id: '01b54d3a60d848b5b158997afaebc3c3') in 0.0039154 seconds
Refreshing native plugins compatible for Editor in 3.58 ms, found 4 plugins.
Preloading 0 native plugins for Editor in 0.00 ms.
Asset Pipeline Refresh (id=bbdb4e9a705a0aa468a9a15c29fadf58): Total: 0.024 seconds - Initiated by StopAssetImportingV2(NoUpdateAssetOptions)
Start importing Assets/NoSafeCircle/DoorPrototype/Art/Enemies/Source/Walk/enemy_ranged_e_walk_01.png using Guid(6d95f379928cdf4458aa28c59094e22e) (TextureImporter) -> (artifact id: '5eb481e7003b1c8186b7662140509702') in 0.0070949 seconds
Refreshing native plugins compatible for Editor in 2.30 ms, found 4 plugins.
Preloading 0 native plugins for Editor in 0.00 ms.
Asset Pipeline Refresh (id=b4931d5e5a73d3148b71909e15ef60cd): Total: 0.037 seconds - Initiated by StopAssetImportingV2(NoUpdateAssetOptions)
Start importing Assets/NoSafeCircle/DoorPrototype/Art/Enemies/Source/Walk/enemy_ranged_e_walk_02.png using Guid(b6870002ea525fe4e8b0f57b06c59af7) (TextureImporter) -> (artifact id: '97e559ad04325c088b4c63094b8809df') in 0.0045337 seconds
Refreshing native plugins compatible for Editor in 3.92 ms, found 4 plugins.
Preloading 0 native plugins for Editor in 0.00 ms.
Asset Pipeline Refresh (id=5ba2806a86e736549925c302ce4d0852): Total: 0.025 seconds - Initiated by StopAssetImportingV2(NoUpdateAssetOptions)
Start importing Assets/NoSafeCircle/DoorPrototype/Art/Enemies/Source/Walk/enemy_ranged_e_walk_02.png using Guid(b6870002ea525fe4e8b0f57b06c59af7) (TextureImporter) -> (artifact id: '870fc4b3ced688495e94bdacb378e748') in 0.0059606 seconds
Refreshing native plugins compatible for Editor in 2.60 ms, found 4 plugins.
Preloading 0 native plugins for Editor in 0.00 ms.
Asset Pipeline Refresh (id=936ea06fb5206d54fad70e314b0af312): Total: 0.034 seconds - Initiated by StopAssetImportingV2(NoUpdateAssetOptions)
Start importing Assets/NoSafeCircle/DoorPrototype/Art/Enemies/Source/Walk/enemy_ranged_e_walk_03.png using Guid(006730da4ca7ca84da0efb0b1071b8e8) (TextureImporter) -> (artifact id: '624931e9763acd7be8d63344dadfdb9b') in 0.0044055 seconds
Refreshing native plugins compatible for Editor in 2.85 ms, found 4 plugins.
Preloading 0 native plugins for Editor in 0.00 ms.
Asset Pipeline Refresh (id=fd881b3d20ca94c48af8178dd987a7d2): Total: 0.022 seconds - Initiated by StopAssetImportingV2(NoUpdateAssetOptions)
Start importing Assets/NoSafeCircle/DoorPrototype/Art/Enemies/Source/Walk/enemy_ranged_e_walk_03.png using Guid(006730da4ca7ca84da0efb0b1071b8e8) (TextureImporter) -> (artifact id: '94a740bf63d1a2e09ffefea942c59934') in 0.0057507 seconds
Refreshing native plugins compatible for Editor in 2.59 ms, found 4 plugins.
Preloading 0 native plugins for Editor in 0.00 ms.
Asset Pipeline Refresh (id=e7708aa535aa7524e9a7a54295c79164): Total: 0.033 seconds - Initiated by StopAssetImportingV2(NoUpdateAssetOptions)
Start importing Assets/NoSafeCircle/DoorPrototype/Art/Enemies/Source/Walk/enemy_ranged_e_walk_04.png using Guid(ac17f28dae647c744aea4aacab9ebb42) (TextureImporter) -> (artifact id: '88bf34cd75091464fce76c8cee3f433b') in 0.0049768 seconds
Refreshing native plugins compatible for Editor in 2.29 ms, found 4 plugins.
Preloading 0 native plugins for Editor in 0.00 ms.
Asset Pipeline Refresh (id=efc45580a3b7f6044a9945583fb93cc2): Total: 0.025 seconds - Initiated by StopAssetImportingV2(NoUpdateAssetOptions)
Start importing Assets/NoSafeCircle/DoorPrototype/Art/Enemies/Source/Walk/enemy_ranged_e_walk_04.png using Guid(ac17f28dae647c744aea4aacab9ebb42) (TextureImporter) -> (artifact id: 'cbbfa051a4665f8ebf7243a3aa082e0e') in 0.0062301 seconds
Refreshing native plugins compatible for Editor in 2.08 ms, found 4 plugins.
Preloading 0 native plugins for Editor in 0.00 ms.
Asset Pipeline Refresh (id=9c045c1053962694dbc08555b1cc471b): Total: 0.034 seconds - Initiated by StopAssetImportingV2(NoUpdateAssetOptions)
Start importing Assets/NoSafeCircle/DoorPrototype/Art/Enemies/Source/Walk/enemy_ranged_e_walk_05.png using Guid(6dae8ec0cb97de344974ffc8239825c8) (TextureImporter) -> (artifact id: '69b0169a2b1ae707157c99d0c19da54c') in 0.0031724 seconds
Refreshing native plugins compatible for Editor in 2.91 ms, found 4 plugins.
Preloading 0 native plugins for Editor in 0.00 ms.
Asset Pipeline Refresh (id=deee96ce533a9e34da6d12b7766bad4a): Total: 0.020 seconds - Initiated by StopAssetImportingV2(NoUpdateAssetOptions)
Start importing Assets/NoSafeCircle/DoorPrototype/Art/Enemies/Source/Walk/enemy_ranged_e_walk_05.png using Guid(6dae8ec0cb97de344974ffc8239825c8) (TextureImporter) -> (artifact id: '7b4fc3b1f699d3fd0dd8ec16c2b0de65') in 0.004766 seconds
Refreshing native plugins compatible for Editor in 2.04 ms, found 4 plugins.
Preloading 0 native plugins for Editor in 0.00 ms.
Asset Pipeline Refresh (id=e4e7c1a0b65d37844b495f50ceca2bda): Total: 0.032 seconds - Initiated by StopAssetImportingV2(NoUpdateAssetOptions)
Start importing Assets/NoSafeCircle/DoorPrototype/Art/Enemies/Source/enemy_ranged_se_idle_00.png using Guid(a9feb66b7aa2c514aa2497645352dc5f) (TextureImporter) -> (artifact id: '9312f51a50ba7a57a932f978ab83fdd4') in 0.0031115 seconds
Refreshing native plugins compatible for Editor in 2.86 ms, found 4 plugins.
Preloading 0 native plugins for Editor in 0.00 ms.
Asset Pipeline Refresh (id=e94f35ccb630e9b44ad5e47a355ef828): Total: 0.025 seconds - Initiated by StopAssetImportingV2(NoUpdateAssetOptions)
Start importing Assets/NoSafeCircle/DoorPrototype/Art/Enemies/Source/enemy_ranged_se_idle_00.png using Guid(a9feb66b7aa2c514aa2497645352dc5f) (TextureImporter) -> (artifact id: 'a2cfde32e91d83b40d2e3403861cb136') in 0.0058954 seconds
Refreshing native plugins compatible for Editor in 2.39 ms, found 4 plugins.
Preloading 0 native plugins for Editor in 0.00 ms.
Asset Pipeline Refresh (id=bca9e52a0f94ebb4c99036fe7bf132af): Total: 0.034 seconds - Initiated by StopAssetImportingV2(NoUpdateAssetOptions)
Start importing Assets/NoSafeCircle/DoorPrototype/Art/Enemies/Source/Walk/enemy_ranged_se_walk_00.png using Guid(6db88d6803c957242a20d484087ac773) (TextureImporter) -> (artifact id: 'b1a5c6bcf50c5db14b947d3aa1883f33') in 0.00538 seconds
Refreshing native plugins compatible for Editor in 3.24 ms, found 4 plugins.
Preloading 0 native plugins for Editor in 0.00 ms.
Asset Pipeline Refresh (id=9a90d67902782474199fe7d45c201609): Total: 0.026 seconds - Initiated by StopAssetImportingV2(NoUpdateAssetOptions)
Start importing Assets/NoSafeCircle/DoorPrototype/Art/Enemies/Source/Walk/enemy_ranged_se_walk_00.png using Guid(6db88d6803c957242a20d484087ac773) (TextureImporter) -> (artifact id: '2844382d655b10afe80533564c199a48') in 0.0083464 seconds
Refreshing native plugins compatible for Editor in 3.52 ms, found 4 plugins.
Preloading 0 native plugins for Editor in 0.00 ms.
Asset Pipeline Refresh (id=e2641bce830509042a7a43b9baedd651): Total: 0.046 seconds - Initiated by StopAssetImportingV2(NoUpdateAssetOptions)
Start importing Assets/NoSafeCircle/DoorPrototype/Art/Enemies/Source/Walk/enemy_ranged_se_walk_01.png using Guid(95b8e9a63fd752c46af2e6074c908bee) (TextureImporter) -> (artifact id: 'ccfa31fc97daa2dfd6d72cf3e8e2f2c8') in 0.0051581 seconds
Refreshing native plugins compatible for Editor in 3.48 ms, found 4 plugins.
Preloading 0 native plugins for Editor in 0.00 ms.
Asset Pipeline Refresh (id=8432bc452cde9534687e29b51a146d3c): Total: 0.028 seconds - Initiated by StopAssetImportingV2(NoUpdateAssetOptions)
Start importing Assets/NoSafeCircle/DoorPrototype/Art/Enemies/Source/Walk/enemy_ranged_se_walk_01.png using Guid(95b8e9a63fd752c46af2e6074c908bee) (TextureImporter) -> (artifact id: '9c64fa93732a37304ca5ea8ab126ad34') in 0.007398 seconds
Refreshing native plugins compatible for Editor in 3.05 ms, found 4 plugins.
Preloading 0 native plugins for Editor in 0.00 ms.
Asset Pipeline Refresh (id=e8386842d48e054428c2a0efddf13180): Total: 0.035 seconds - Initiated by StopAssetImportingV2(NoUpdateAssetOptions)
Start importing Assets/NoSafeCircle/DoorPrototype/Art/Enemies/Source/Walk/enemy_ranged_se_walk_02.png using Guid(28060325fd92f48499a5ab0d43af8a02) (TextureImporter) -> (artifact id: 'cbd746ec15e4ce5ce4290072e5146cbc') in 0.0044759 seconds
Refreshing native plugins compatible for Editor in 2.97 ms, found 4 plugins.
Preloading 0 native plugins for Editor in 0.00 ms.
Asset Pipeline Refresh (id=0eca37bd929e46644a87ca128b80ae17): Total: 0.028 seconds - Initiated by StopAssetImportingV2(NoUpdateAssetOptions)
Start importing Assets/NoSafeCircle/DoorPrototype/Art/Enemies/Source/Walk/enemy_ranged_se_walk_02.png using Guid(28060325fd92f48499a5ab0d43af8a02) (TextureImporter) -> (artifact id: 'e0faa52afbe27657bb3cf417a58b7d65') in 0.0068392 seconds
Refreshing native plugins compatible for Editor in 2.57 ms, found 4 plugins.
Preloading 0 native plugins for Editor in 0.00 ms.
Asset Pipeline Refresh (id=d633767a5e78fdb428eabf4871aea5a3): Total: 0.036 seconds - Initiated by StopAssetImportingV2(NoUpdateAssetOptions)
Start importing Assets/NoSafeCircle/DoorPrototype/Art/Enemies/Source/Walk/enemy_ranged_se_walk_03.png using Guid(6999875f9a335dd48a74ba6f7590a5e5) (TextureImporter) -> (artifact id: 'ef783e470b0c98e1e085bab5d402a2aa') in 0.0036601 seconds
Refreshing native plugins compatible for Editor in 3.77 ms, found 4 plugins.
Preloading 0 native plugins for Editor in 0.00 ms.
Asset Pipeline Refresh (id=ed4d92a76bbcc6f44b3749d1649ccbc3): Total: 0.023 seconds - Initiated by StopAssetImportingV2(NoUpdateAssetOptions)
Start importing Assets/NoSafeCircle/DoorPrototype/Art/Enemies/Source/Walk/enemy_ranged_se_walk_03.png using Guid(6999875f9a335dd48a74ba6f7590a5e5) (TextureImporter) -> (artifact id: 'b0ea32d0d7d683b715f3167fe7f410b1') in 0.0069981 seconds
Refreshing native plugins compatible for Editor in 3.33 ms, found 4 plugins.
Preloading 0 native plugins for Editor in 0.00 ms.
Asset Pipeline Refresh (id=cd3b4cf9c89b201498cba6892ac0b3a3): Total: 0.037 seconds - Initiated by StopAssetImportingV2(NoUpdateAssetOptions)
Start importing Assets/NoSafeCircle/DoorPrototype/Art/Enemies/Source/Walk/enemy_ranged_se_walk_04.png using Guid(de0dc78182a366340a9ecea3d5318019) (TextureImporter) -> (artifact id: '40a5d3565a589552d80eca54a80e4151') in 0.0042012 seconds
Refreshing native plugins compatible for Editor in 2.33 ms, found 4 plugins.
Preloading 0 native plugins for Editor in 0.00 ms.
Asset Pipeline Refresh (id=675ede5ce6434e14e9ad86c9d7b632e9): Total: 0.024 seconds - Initiated by StopAssetImportingV2(NoUpdateAssetOptions)
Start importing Assets/NoSafeCircle/DoorPrototype/Art/Enemies/Source/Walk/enemy_ranged_se_walk_04.png using Guid(de0dc78182a366340a9ecea3d5318019) (TextureImporter) -> (artifact id: '7854e3c53d79e758837de45074401503') in 0.0074838 seconds
Refreshing native plugins compatible for Editor in 3.61 ms, found 4 plugins.
Preloading 0 native plugins for Editor in 0.00 ms.
Asset Pipeline Refresh (id=0c39d1e6fa53b4f498ae433fadbb5054): Total: 0.039 seconds - Initiated by StopAssetImportingV2(NoUpdateAssetOptions)
Start importing Assets/NoSafeCircle/DoorPrototype/Art/Enemies/Source/Walk/enemy_ranged_se_walk_05.png using Guid(9c9e8c98fb6adc448961649c8f75e60c) (TextureImporter) -> (artifact id: '93c11a0b76169b745df89e5478092fed') in 0.0050158 seconds
Refreshing native plugins compatible for Editor in 3.08 ms, found 4 plugins.
Preloading 0 native plugins for Editor in 0.00 ms.
Asset Pipeline Refresh (id=3f0e03ecdf6f70344bb9b86ae08facda): Total: 0.025 seconds - Initiated by StopAssetImportingV2(NoUpdateAssetOptions)
Start importing Assets/NoSafeCircle/DoorPrototype/Art/Enemies/Source/Walk/enemy_ranged_se_walk_05.png using Guid(9c9e8c98fb6adc448961649c8f75e60c) (TextureImporter) -> (artifact id: '680f5d9ea988b60b15e2760983557262') in 0.0066431 seconds
Refreshing native plugins compatible for Editor in 2.13 ms, found 4 plugins.
Preloading 0 native plugins for Editor in 0.00 ms.
Asset Pipeline Refresh (id=560d096b6fc753145951346aef3e3784): Total: 0.035 seconds - Initiated by StopAssetImportingV2(NoUpdateAssetOptions)
Start importing Assets/NoSafeCircle/DoorPrototype/Art/Enemies/Source/enemy_ranged_s_idle_00.png using Guid(0543a0d6b30a5834d9128348df3d8250) (TextureImporter) -> (artifact id: 'cd29a2d27494b8278083318a3ff8f9aa') in 0.0029587 seconds
Refreshing native plugins compatible for Editor in 3.06 ms, found 4 plugins.
Preloading 0 native plugins for Editor in 0.00 ms.
Asset Pipeline Refresh (id=121138c77df0d3d4b8aacd25c858fc8c): Total: 0.021 seconds - Initiated by StopAssetImportingV2(NoUpdateAssetOptions)
Start importing Assets/NoSafeCircle/DoorPrototype/Art/Enemies/Source/enemy_ranged_s_idle_00.png using Guid(0543a0d6b30a5834d9128348df3d8250) (TextureImporter) -> (artifact id: '8015c9b099c2d763fa72c973cc1486fd') in 0.0062216 seconds
Refreshing native plugins compatible for Editor in 2.22 ms, found 4 plugins.
Preloading 0 native plugins for Editor in 0.00 ms.
Asset Pipeline Refresh (id=0d6d1a3ba9ed47d419caf0d0a5901e41): Total: 0.033 seconds - Initiated by StopAssetImportingV2(NoUpdateAssetOptions)
Start importing Assets/NoSafeCircle/DoorPrototype/Art/Enemies/Source/Walk/enemy_ranged_s_walk_00.png using Guid(2f2fb9446dbc68a47a1d2000b0931e9d) (TextureImporter) -> (artifact id: '8d1c59e570add48e248a5c53f76eb716') in 0.0036581 seconds
Refreshing native plugins compatible for Editor in 3.32 ms, found 4 plugins.
Preloading 0 native plugins for Editor in 0.00 ms.
Asset Pipeline Refresh (id=230b9885ee5321f4488ea3ff515bb534): Total: 0.021 seconds - Initiated by StopAssetImportingV2(NoUpdateAssetOptions)
Start importing Assets/NoSafeCircle/DoorPrototype/Art/Enemies/Source/Walk/enemy_ranged_s_walk_00.png using Guid(2f2fb9446dbc68a47a1d2000b0931e9d) (TextureImporter) -> (artifact id: 'a9b3c9c033bc96569c981b5bb2fa596b') in 0.0055453 seconds
Refreshing native plugins compatible for Editor in 2.15 ms, found 4 plugins.
Preloading 0 native plugins for Editor in 0.00 ms.
Asset Pipeline Refresh (id=80935eff3701234488ddc86715840dda): Total: 0.034 seconds - Initiated by StopAssetImportingV2(NoUpdateAssetOptions)
Start importing Assets/NoSafeCircle/DoorPrototype/Art/Enemies/Source/Walk/enemy_ranged_s_walk_01.png using Guid(330635d3725850c43af439c0913929b8) (TextureImporter) -> (artifact id: '36bd3ebf54f1b85870137a6877506d6c') in 0.0048916 seconds
Refreshing native plugins compatible for Editor in 2.58 ms, found 4 plugins.
Preloading 0 native plugins for Editor in 0.00 ms.
Asset Pipeline Refresh (id=a1d83a457be15164a960364f2b09f577): Total: 0.023 seconds - Initiated by StopAssetImportingV2(NoUpdateAssetOptions)
Start importing Assets/NoSafeCircle/DoorPrototype/Art/Enemies/Source/Walk/enemy_ranged_s_walk_01.png using Guid(330635d3725850c43af439c0913929b8) (TextureImporter) -> (artifact id: '878a91c5c4d0d025001f35ec935df8df') in 0.0063124 seconds
Refreshing native plugins compatible for Editor in 2.94 ms, found 4 plugins.
Preloading 0 native plugins for Editor in 0.00 ms.
Asset Pipeline Refresh (id=96a1e6b90a2f1a1489042f2398955e5b): Total: 0.037 seconds - Initiated by StopAssetImportingV2(NoUpdateAssetOptions)
Start importing Assets/NoSafeCircle/DoorPrototype/Art/Enemies/Source/Walk/enemy_ranged_s_walk_02.png using Guid(73c14008bfc43594b847cfccec14b653) (TextureImporter) -> (artifact id: '726b4f8d427de7cf684d90443210e229') in 0.0049525 seconds
Refreshing native plugins compatible for Editor in 4.69 ms, found 4 plugins.
Preloading 0 native plugins for Editor in 0.00 ms.
Asset Pipeline Refresh (id=54a48ffc758b70c40a77e59c7042d9f4): Total: 0.029 seconds - Initiated by StopAssetImportingV2(NoUpdateAssetOptions)
Start importing Assets/NoSafeCircle/DoorPrototype/Art/Enemies/Source/Walk/enemy_ranged_s_walk_02.png using Guid(73c14008bfc43594b847cfccec14b653) (TextureImporter) -> (artifact id: 'f1c765938d9047e3ff542315e1023a90') in 0.0073464 seconds
Refreshing native plugins compatible for Editor in 2.77 ms, found 4 plugins.
Preloading 0 native plugins for Editor in 0.00 ms.
Asset Pipeline Refresh (id=7c49eac593c1f444fb01ce08d54c0f88): Total: 0.042 seconds - Initiated by StopAssetImportingV2(NoUpdateAssetOptions)
Start importing Assets/NoSafeCircle/DoorPrototype/Art/Enemies/Source/Walk/enemy_ranged_s_walk_03.png using Guid(5260af7e95ed65f43ba4865fee07c20b) (TextureImporter) -> (artifact id: '5e174e363dbb4c1d3a4c2783d90d5292') in 0.0033966 seconds
Refreshing native plugins compatible for Editor in 2.56 ms, found 4 plugins.
Preloading 0 native plugins for Editor in 0.00 ms.
Asset Pipeline Refresh (id=68cc54d4c3660654fb25ac9d8899fa9d): Total: 0.024 seconds - Initiated by StopAssetImportingV2(NoUpdateAssetOptions)
Start importing Assets/NoSafeCircle/DoorPrototype/Art/Enemies/Source/Walk/enemy_ranged_s_walk_03.png using Guid(5260af7e95ed65f43ba4865fee07c20b) (TextureImporter) -> (artifact id: '84c10f5380771e221887ea1d2305a6bf') in 0.0066814 seconds
Refreshing native plugins compatible for Editor in 3.26 ms, found 4 plugins.
Preloading 0 native plugins for Editor in 0.00 ms.
Asset Pipeline Refresh (id=3dda9bd76cec7c84795c5144829c0085): Total: 0.037 seconds - Initiated by StopAssetImportingV2(NoUpdateAssetOptions)
Start importing Assets/NoSafeCircle/DoorPrototype/Art/Enemies/Source/Walk/enemy_ranged_s_walk_04.png using Guid(08a63476bc85f9842ad5d4276efe6662) (TextureImporter) -> (artifact id: '2bcf044f19e13d06a72cfa0a78c4c165') in 0.0041373 seconds
Refreshing native plugins compatible for Editor in 2.56 ms, found 4 plugins.
Preloading 0 native plugins for Editor in 0.00 ms.
Asset Pipeline Refresh (id=b77ab3fba5c986c47bc8748220c37292): Total: 0.025 seconds - Initiated by StopAssetImportingV2(NoUpdateAssetOptions)
Start importing Assets/NoSafeCircle/DoorPrototype/Art/Enemies/Source/Walk/enemy_ranged_s_walk_04.png using Guid(08a63476bc85f9842ad5d4276efe6662) (TextureImporter) -> (artifact id: '9917b99cc9e340605036ae229554cc19') in 0.0055906 seconds
Refreshing native plugins compatible for Editor in 2.46 ms, found 4 plugins.
Preloading 0 native plugins for Editor in 0.00 ms.
Asset Pipeline Refresh (id=610fb58f6f9a4c94ab14a4fd04eadbf2): Total: 0.033 seconds - Initiated by StopAssetImportingV2(NoUpdateAssetOptions)
Start importing Assets/NoSafeCircle/DoorPrototype/Art/Enemies/Source/Walk/enemy_ranged_s_walk_05.png using Guid(38c8b6dac4780a34fbb1c86d38c01c9d) (TextureImporter) -> (artifact id: '85edaadaa5ae32d2d85cdd9545a32254') in 0.0050972 seconds
Refreshing native plugins compatible for Editor in 2.41 ms, found 4 plugins.
Preloading 0 native plugins for Editor in 0.00 ms.
Asset Pipeline Refresh (id=8b976cbc53fdb3846b9cdfec7da6916d): Total: 0.022 seconds - Initiated by StopAssetImportingV2(NoUpdateAssetOptions)
Start importing Assets/NoSafeCircle/DoorPrototype/Art/Enemies/Source/Walk/enemy_ranged_s_walk_05.png using Guid(38c8b6dac4780a34fbb1c86d38c01c9d) (TextureImporter) -> (artifact id: 'f084b4670e186b30b876a22f957eded9') in 0.0054589 seconds
Refreshing native plugins compatible for Editor in 4.45 ms, found 4 plugins.
Preloading 0 native plugins for Editor in 0.00 ms.
Asset Pipeline Refresh (id=5dd11eed771746a41a8f97406918ffe8): Total: 0.036 seconds - Initiated by StopAssetImportingV2(NoUpdateAssetOptions)
Start importing Assets/NoSafeCircle/DoorPrototype/Art/Enemies/Source/enemy_ranged_sw_idle_00.png using Guid(beab39f1029e29645b510ff3ebaa8071) (TextureImporter) -> (artifact id: 'ecbd8c67146a1b8d239d1590e519f584') in 0.0058321 seconds
Refreshing native plugins compatible for Editor in 2.21 ms, found 4 plugins.
Preloading 0 native plugins for Editor in 0.00 ms.
Asset Pipeline Refresh (id=90bfddb340d8178448ce9760148cb747): Total: 0.029 seconds - Initiated by StopAssetImportingV2(NoUpdateAssetOptions)
Start importing Assets/NoSafeCircle/DoorPrototype/Art/Enemies/Source/enemy_ranged_sw_idle_00.png using Guid(beab39f1029e29645b510ff3ebaa8071) (TextureImporter) -> (artifact id: 'e5b00f9fbcd43dbcfc4d5cccbb1a0465') in 0.0058215 seconds
Refreshing native plugins compatible for Editor in 3.51 ms, found 4 plugins.
Preloading 0 native plugins for Editor in 0.00 ms.
Asset Pipeline Refresh (id=09f326f6b364b874297ab40e6c2c34ba): Total: 0.036 seconds - Initiated by StopAssetImportingV2(NoUpdateAssetOptions)
Start importing Assets/NoSafeCircle/DoorPrototype/Art/Enemies/Source/Walk/enemy_ranged_sw_walk_00.png using Guid(dbf16f3630017d74abc68bd3385c10e0) (TextureImporter) -> (artifact id: '10a2bf4e476da6e804742045d31bdd10') in 0.0040361 seconds
Refreshing native plugins compatible for Editor in 3.24 ms, found 4 plugins.
Preloading 0 native plugins for Editor in 0.00 ms.
Asset Pipeline Refresh (id=8dc529131a786054982a90810e5414be): Total: 0.023 seconds - Initiated by StopAssetImportingV2(NoUpdateAssetOptions)
Start importing Assets/NoSafeCircle/DoorPrototype/Art/Enemies/Source/Walk/enemy_ranged_sw_walk_00.png using Guid(dbf16f3630017d74abc68bd3385c10e0) (TextureImporter) -> (artifact id: '8d6004985a0f0132e47d801759770c04') in 0.0061282 seconds
Refreshing native plugins compatible for Editor in 2.09 ms, found 4 plugins.
Preloading 0 native plugins for Editor in 0.00 ms.
Asset Pipeline Refresh (id=539860c68f58da144a99dd77b354879c): Total: 0.030 seconds - Initiated by StopAssetImportingV2(NoUpdateAssetOptions)
Start importing Assets/NoSafeCircle/DoorPrototype/Art/Enemies/Source/Walk/enemy_ranged_sw_walk_01.png using Guid(3997dcbe8de15fe48819cb20f5e6fd21) (TextureImporter) -> (artifact id: '6d0f09a2b311243170ba02a593d0ff93') in 0.0041167 seconds
Refreshing native plugins compatible for Editor in 2.15 ms, found 4 plugins.
Preloading 0 native plugins for Editor in 0.00 ms.
Asset Pipeline Refresh (id=374b5e97b67e442488501fa88f60957e): Total: 0.022 seconds - Initiated by StopAssetImportingV2(NoUpdateAssetOptions)
Start importing Assets/NoSafeCircle/DoorPrototype/Art/Enemies/Source/Walk/enemy_ranged_sw_walk_01.png using Guid(3997dcbe8de15fe48819cb20f5e6fd21) (TextureImporter) -> (artifact id: '09391036e6f22bb213ec7b0111cd3868') in 0.0063531 seconds
Refreshing native plugins compatible for Editor in 2.15 ms, found 4 plugins.
Preloading 0 native plugins for Editor in 0.00 ms.
Asset Pipeline Refresh (id=03aa489389dce454da5e70e3b9de5b7a): Total: 0.033 seconds - Initiated by StopAssetImportingV2(NoUpdateAssetOptions)
Start importing Assets/NoSafeCircle/DoorPrototype/Art/Enemies/Source/Walk/enemy_ranged_sw_walk_02.png using Guid(2f85974a8d7f7b942ba6c0f8e17e6563) (TextureImporter) -> (artifact id: 'dc91b68a0f64bd18828dee1818c0c16f') in 0.0033247 seconds
Refreshing native plugins compatible for Editor in 2.88 ms, found 4 plugins.
Preloading 0 native plugins for Editor in 0.00 ms.
Asset Pipeline Refresh (id=72c2ef95ce0157648a66018e6b73d210): Total: 0.021 seconds - Initiated by StopAssetImportingV2(NoUpdateAssetOptions)
Start importing Assets/NoSafeCircle/DoorPrototype/Art/Enemies/Source/Walk/enemy_ranged_sw_walk_02.png using Guid(2f85974a8d7f7b942ba6c0f8e17e6563) (TextureImporter) -> (artifact id: 'c5bd95ed6fa43ea4939d4c8e208d2790') in 0.0063105 seconds
Refreshing native plugins compatible for Editor in 3.11 ms, found 4 plugins.
Preloading 0 native plugins for Editor in 0.00 ms.
Asset Pipeline Refresh (id=4fff66be6d9c43849bebec59b9d6a7a4): Total: 0.032 seconds - Initiated by StopAssetImportingV2(NoUpdateAssetOptions)
Start importing Assets/NoSafeCircle/DoorPrototype/Art/Enemies/Source/Walk/enemy_ranged_sw_walk_03.png using Guid(5be17647aba0cb441a3b73146c8cac22) (TextureImporter) -> (artifact id: '4ec386601d8d67f66a47edf860a8aa1a') in 0.0043992 seconds
Refreshing native plugins compatible for Editor in 3.33 ms, found 4 plugins.
Preloading 0 native plugins for Editor in 0.00 ms.
Asset Pipeline Refresh (id=7670292d7bf404749896fb574a347054): Total: 0.022 seconds - Initiated by StopAssetImportingV2(NoUpdateAssetOptions)
Start importing Assets/NoSafeCircle/DoorPrototype/Art/Enemies/Source/Walk/enemy_ranged_sw_walk_03.png using Guid(5be17647aba0cb441a3b73146c8cac22) (TextureImporter) -> (artifact id: '38fb694b007099b1b0ac417d305f8305') in 0.0051913 seconds
Refreshing native plugins compatible for Editor in 2.92 ms, found 4 plugins.
Preloading 0 native plugins for Editor in 0.00 ms.
Asset Pipeline Refresh (id=f378e0e0ea0deb94f979af97acfc421a): Total: 0.031 seconds - Initiated by StopAssetImportingV2(NoUpdateAssetOptions)
Start importing Assets/NoSafeCircle/DoorPrototype/Art/Enemies/Source/Walk/enemy_ranged_sw_walk_04.png using Guid(038128a7c8777a0458d7450e177256ef) (TextureImporter) -> (artifact id: 'fff099c757d5b172b191a57fc8bf5931') in 0.0035132 seconds
Refreshing native plugins compatible for Editor in 2.09 ms, found 4 plugins.
Preloading 0 native plugins for Editor in 0.00 ms.
Asset Pipeline Refresh (id=9e6f7f67cf302e341b1ba61a6e93775b): Total: 0.022 seconds - Initiated by StopAssetImportingV2(NoUpdateAssetOptions)
Start importing Assets/NoSafeCircle/DoorPrototype/Art/Enemies/Source/Walk/enemy_ranged_sw_walk_04.png using Guid(038128a7c8777a0458d7450e177256ef) (TextureImporter) -> (artifact id: '4a6dfd306d3f75e34776f52dcd2f5f54') in 0.0055996 seconds
Refreshing native plugins compatible for Editor in 2.08 ms, found 4 plugins.
Preloading 0 native plugins for Editor in 0.00 ms.
Asset Pipeline Refresh (id=1ebabf1d4b6c2d94ca59f627e05629ad): Total: 0.032 seconds - Initiated by StopAssetImportingV2(NoUpdateAssetOptions)
Start importing Assets/NoSafeCircle/DoorPrototype/Art/Enemies/Source/Walk/enemy_ranged_sw_walk_05.png using Guid(4aae0287db4141741908245206d2f4b9) (TextureImporter) -> (artifact id: '7e67ebbcc016bd816a033905324f6d13') in 0.0037583 seconds
Refreshing native plugins compatible for Editor in 1.94 ms, found 4 plugins.
Preloading 0 native plugins for Editor in 0.00 ms.
Asset Pipeline Refresh (id=c17c486824b1a254998b9b5392331950): Total: 0.022 seconds - Initiated by StopAssetImportingV2(NoUpdateAssetOptions)
Start importing Assets/NoSafeCircle/DoorPrototype/Art/Enemies/Source/Walk/enemy_ranged_sw_walk_05.png using Guid(4aae0287db4141741908245206d2f4b9) (TextureImporter) -> (artifact id: 'b630d8b9a9fe43051ab990421fc66413') in 0.0054899 seconds
Refreshing native plugins compatible for Editor in 3.04 ms, found 4 plugins.
Preloading 0 native plugins for Editor in 0.00 ms.
Asset Pipeline Refresh (id=a45f72900bfe81b4ca16bb873cd8cb5b): Total: 0.034 seconds - Initiated by StopAssetImportingV2(NoUpdateAssetOptions)
Start importing Assets/NoSafeCircle/DoorPrototype/Art/Enemies/Source/enemy_ranged_w_idle_00.png using Guid(7cd289da7e4ed8e4d8e31aab3ca938e8) (TextureImporter) -> (artifact id: 'a69abe9ddcc5bc0fda19aaf020fa0254') in 0.003504 seconds
Refreshing native plugins compatible for Editor in 2.56 ms, found 4 plugins.
Preloading 0 native plugins for Editor in 0.00 ms.
Asset Pipeline Refresh (id=0ca81676a1f34614ab79d43b8bf04f6a): Total: 0.020 seconds - Initiated by StopAssetImportingV2(NoUpdateAssetOptions)
Start importing Assets/NoSafeCircle/DoorPrototype/Art/Enemies/Source/enemy_ranged_w_idle_00.png using Guid(7cd289da7e4ed8e4d8e31aab3ca938e8) (TextureImporter) -> (artifact id: '5dff14c23a4c483cecfc59f375203f7e') in 0.0050943 seconds
Refreshing native plugins compatible for Editor in 3.25 ms, found 4 plugins.
Preloading 0 native plugins for Editor in 0.00 ms.
Asset Pipeline Refresh (id=b621e4246028eb54b81d39a3f8d5ac4d): Total: 0.032 seconds - Initiated by StopAssetImportingV2(NoUpdateAssetOptions)
Start importing Assets/NoSafeCircle/DoorPrototype/Art/Enemies/Source/Walk/enemy_ranged_w_walk_00.png using Guid(33f0e811d069ee14898821c06de8640e) (TextureImporter) -> (artifact id: '7add1f8ccfb5ec07af4c2ab23fc2bfce') in 0.0039342 seconds
Refreshing native plugins compatible for Editor in 3.45 ms, found 4 plugins.
Preloading 0 native plugins for Editor in 0.00 ms.
Asset Pipeline Refresh (id=5726a7248214e3846b5b96e96e212f70): Total: 0.023 seconds - Initiated by StopAssetImportingV2(NoUpdateAssetOptions)
Start importing Assets/NoSafeCircle/DoorPrototype/Art/Enemies/Source/Walk/enemy_ranged_w_walk_00.png using Guid(33f0e811d069ee14898821c06de8640e) (TextureImporter) -> (artifact id: '99ef02395bdb72a64eb071a6a58e5b9c') in 0.0052907 seconds
Refreshing native plugins compatible for Editor in 2.17 ms, found 4 plugins.
Preloading 0 native plugins for Editor in 0.00 ms.
Asset Pipeline Refresh (id=8c9d97f5c327948429104c35bb254041): Total: 0.034 seconds - Initiated by StopAssetImportingV2(NoUpdateAssetOptions)
Start importing Assets/NoSafeCircle/DoorPrototype/Art/Enemies/Source/Walk/enemy_ranged_w_walk_01.png using Guid(9d826f18ed4043c448e95616e87b9683) (TextureImporter) -> (artifact id: 'db3ddbc34da3cc8760e103300b3c3987') in 0.0046184 seconds
Refreshing native plugins compatible for Editor in 2.13 ms, found 4 plugins.
Preloading 0 native plugins for Editor in 0.00 ms.
Asset Pipeline Refresh (id=076a94295fcbc1f4a85d257fc45ac34b): Total: 0.022 seconds - Initiated by StopAssetImportingV2(NoUpdateAssetOptions)
Start importing Assets/NoSafeCircle/DoorPrototype/Art/Enemies/Source/Walk/enemy_ranged_w_walk_01.png using Guid(9d826f18ed4043c448e95616e87b9683) (TextureImporter) -> (artifact id: '3d90db4ffdd3e5761572b2c9fdbd1104') in 0.0062629 seconds
Refreshing native plugins compatible for Editor in 2.48 ms, found 4 plugins.
Preloading 0 native plugins for Editor in 0.00 ms.
Asset Pipeline Refresh (id=cdd7ebf7c67b9114baa0ece1f4dbdfaa): Total: 0.034 seconds - Initiated by StopAssetImportingV2(NoUpdateAssetOptions)
Start importing Assets/NoSafeCircle/DoorPrototype/Art/Enemies/Source/Walk/enemy_ranged_w_walk_02.png using Guid(e3e2aa78e82c24940ad0b9e3ef947580) (TextureImporter) -> (artifact id: 'a50c34154269e242c011da2749141024') in 0.0031148 seconds
Refreshing native plugins compatible for Editor in 2.82 ms, found 4 plugins.
Preloading 0 native plugins for Editor in 0.00 ms.
Asset Pipeline Refresh (id=a628a41f47e4e3945933a9771322effa): Total: 0.021 seconds - Initiated by StopAssetImportingV2(NoUpdateAssetOptions)
Start importing Assets/NoSafeCircle/DoorPrototype/Art/Enemies/Source/Walk/enemy_ranged_w_walk_02.png using Guid(e3e2aa78e82c24940ad0b9e3ef947580) (TextureImporter) -> (artifact id: '5b857024569e19005421c65c76bab1f9') in 0.0051645 seconds
Refreshing native plugins compatible for Editor in 2.22 ms, found 4 plugins.
Preloading 0 native plugins for Editor in 0.00 ms.
Asset Pipeline Refresh (id=90df6c45cadd5864ca7db2c218e91682): Total: 0.030 seconds - Initiated by StopAssetImportingV2(NoUpdateAssetOptions)
Start importing Assets/NoSafeCircle/DoorPrototype/Art/Enemies/Source/Walk/enemy_ranged_w_walk_03.png using Guid(f7974d559950a2148957d30256a08f5d) (TextureImporter) -> (artifact id: 'fd48f8788268c6f2d42abc4d193eb9bf') in 0.0035087 seconds
Refreshing native plugins compatible for Editor in 3.09 ms, found 4 plugins.
Preloading 0 native plugins for Editor in 0.00 ms.
Asset Pipeline Refresh (id=bc6a86c8fc914004eb270bd05c363626): Total: 0.023 seconds - Initiated by StopAssetImportingV2(NoUpdateAssetOptions)
Start importing Assets/NoSafeCircle/DoorPrototype/Art/Enemies/Source/Walk/enemy_ranged_w_walk_03.png using Guid(f7974d559950a2148957d30256a08f5d) (TextureImporter) -> (artifact id: '1c89b7e1ed3b09f31fbe78322f5abcb1') in 0.0052678 seconds
Refreshing native plugins compatible for Editor in 2.06 ms, found 4 plugins.
Preloading 0 native plugins for Editor in 0.00 ms.
Asset Pipeline Refresh (id=42a44ca754bc24c4ba3a1ac0c51c48f6): Total: 0.030 seconds - Initiated by StopAssetImportingV2(NoUpdateAssetOptions)
Start importing Assets/NoSafeCircle/DoorPrototype/Art/Enemies/Source/Walk/enemy_ranged_w_walk_04.png using Guid(46b116939018878459c687db918d47d4) (TextureImporter) -> (artifact id: '4f8eee04be92d5ec6c989e103a7dbdcd') in 0.0048763 seconds
Refreshing native plugins compatible for Editor in 2.16 ms, found 4 plugins.
Preloading 0 native plugins for Editor in 0.00 ms.
Asset Pipeline Refresh (id=1f8cd0afda14d16458ee99c133dd34ef): Total: 0.023 seconds - Initiated by StopAssetImportingV2(NoUpdateAssetOptions)
Start importing Assets/NoSafeCircle/DoorPrototype/Art/Enemies/Source/Walk/enemy_ranged_w_walk_04.png using Guid(46b116939018878459c687db918d47d4) (TextureImporter) -> (artifact id: '27432d6e319fb8d63ea5d5e46393b481') in 0.0049695 seconds
Refreshing native plugins compatible for Editor in 2.87 ms, found 4 plugins.
Preloading 0 native plugins for Editor in 0.00 ms.
Asset Pipeline Refresh (id=18d48403788aef3408928c4f3b6ec2b7): Total: 0.031 seconds - Initiated by StopAssetImportingV2(NoUpdateAssetOptions)
Start importing Assets/NoSafeCircle/DoorPrototype/Art/Enemies/Source/Walk/enemy_ranged_w_walk_05.png using Guid(df8e55ee2ac3480438bcbab96bcc7c3a) (TextureImporter) -> (artifact id: '07852fe489f512b192bf6493e581d349') in 0.0040293 seconds
Refreshing native plugins compatible for Editor in 2.92 ms, found 4 plugins.
Preloading 0 native plugins for Editor in 0.00 ms.
Asset Pipeline Refresh (id=8915175e9b6efd1408dcf81542b26d42): Total: 0.023 seconds - Initiated by StopAssetImportingV2(NoUpdateAssetOptions)
Start importing Assets/NoSafeCircle/DoorPrototype/Art/Enemies/Source/Walk/enemy_ranged_w_walk_05.png using Guid(df8e55ee2ac3480438bcbab96bcc7c3a) (TextureImporter) -> (artifact id: '8fc5985c84ae6ddd7e1c150f878b1c5a') in 0.0054397 seconds
Refreshing native plugins compatible for Editor in 1.98 ms, found 4 plugins.
Preloading 0 native plugins for Editor in 0.00 ms.
Asset Pipeline Refresh (id=9f089a3bb33983240948fb8beb42d504): Total: 0.031 seconds - Initiated by StopAssetImportingV2(NoUpdateAssetOptions)
Start importing Assets/NoSafeCircle/DoorPrototype/Art/Enemies/Source/enemy_ranged_nw_idle_00.png using Guid(262de4331824c544f8a3729d6b0f0cbe) (TextureImporter) -> (artifact id: '907ebde8e992f092e18617451e1ce681') in 0.0028813 seconds
Refreshing native plugins compatible for Editor in 2.53 ms, found 4 plugins.
Preloading 0 native plugins for Editor in 0.00 ms.
Asset Pipeline Refresh (id=45c221ea8f5757e49b821b8d151e7829): Total: 0.019 seconds - Initiated by StopAssetImportingV2(NoUpdateAssetOptions)
Start importing Assets/NoSafeCircle/DoorPrototype/Art/Enemies/Source/enemy_ranged_nw_idle_00.png using Guid(262de4331824c544f8a3729d6b0f0cbe) (TextureImporter) -> (artifact id: '1fde54cfc489306534dc02c73a20b943') in 0.0047612 seconds
Refreshing native plugins compatible for Editor in 2.17 ms, found 4 plugins.
Preloading 0 native plugins for Editor in 0.00 ms.
Asset Pipeline Refresh (id=463329bdf8f3a6a4c9c978af8879a157): Total: 0.029 seconds - Initiated by StopAssetImportingV2(NoUpdateAssetOptions)
Start importing Assets/NoSafeCircle/DoorPrototype/Art/Enemies/Source/Walk/enemy_ranged_nw_walk_00.png using Guid(d1434f5317889a64f949dac3c7b9d0e0) (TextureImporter) -> (artifact id: '2d82f7d0c428f93d809160a07220eff4') in 0.0036749 seconds
Refreshing native plugins compatible for Editor in 3.78 ms, found 4 plugins.
Preloading 0 native plugins for Editor in 0.00 ms.
Asset Pipeline Refresh (id=0a80bc23de90c93478ff057df09528e3): Total: 0.021 seconds - Initiated by StopAssetImportingV2(NoUpdateAssetOptions)
Start importing Assets/NoSafeCircle/DoorPrototype/Art/Enemies/Source/Walk/enemy_ranged_nw_walk_00.png using Guid(d1434f5317889a64f949dac3c7b9d0e0) (TextureImporter) -> (artifact id: 'b17ccebdae9af53a44d189c64847f1f9') in 0.0072051 seconds
Refreshing native plugins compatible for Editor in 2.47 ms, found 4 plugins.
Preloading 0 native plugins for Editor in 0.00 ms.
Asset Pipeline Refresh (id=c6959bfe5eee35441b75ee709add5f7a): Total: 0.033 seconds - Initiated by StopAssetImportingV2(NoUpdateAssetOptions)
Start importing Assets/NoSafeCircle/DoorPrototype/Art/Enemies/Source/Walk/enemy_ranged_nw_walk_01.png using Guid(c53008d6d73cb5545bf1e6b8afdd0a38) (TextureImporter) -> (artifact id: '39d02a551574185cb36f54db922297e6') in 0.0033367 seconds
Refreshing native plugins compatible for Editor in 2.70 ms, found 4 plugins.
Preloading 0 native plugins for Editor in 0.00 ms.
Asset Pipeline Refresh (id=76ed67900620b48438ad3f02d7aaa874): Total: 0.021 seconds - Initiated by StopAssetImportingV2(NoUpdateAssetOptions)
Start importing Assets/NoSafeCircle/DoorPrototype/Art/Enemies/Source/Walk/enemy_ranged_nw_walk_01.png using Guid(c53008d6d73cb5545bf1e6b8afdd0a38) (TextureImporter) -> (artifact id: 'f05555cd87a2afdd8f337a2f8b358068') in 0.0059203 seconds
Refreshing native plugins compatible for Editor in 2.45 ms, found 4 plugins.
Preloading 0 native plugins for Editor in 0.00 ms.
Asset Pipeline Refresh (id=ae7217e98e4e101468e7e6250f067f6f): Total: 0.034 seconds - Initiated by StopAssetImportingV2(NoUpdateAssetOptions)
Start importing Assets/NoSafeCircle/DoorPrototype/Art/Enemies/Source/Walk/enemy_ranged_nw_walk_02.png using Guid(f083b6211f7a48942a050d0f40eebffe) (TextureImporter) -> (artifact id: '9db7cddf244b19446757f49bfaa333f3') in 0.0039899 seconds
Refreshing native plugins compatible for Editor in 2.21 ms, found 4 plugins.
Preloading 0 native plugins for Editor in 0.00 ms.
Asset Pipeline Refresh (id=413e24a67514dc74f9ae207f24d8a60a): Total: 0.023 seconds - Initiated by StopAssetImportingV2(NoUpdateAssetOptions)
Start importing Assets/NoSafeCircle/DoorPrototype/Art/Enemies/Source/Walk/enemy_ranged_nw_walk_02.png using Guid(f083b6211f7a48942a050d0f40eebffe) (TextureImporter) -> (artifact id: '27ca8a064fbcb0c60e3bb760fadf7814') in 0.0056033 seconds
Refreshing native plugins compatible for Editor in 3.06 ms, found 4 plugins.
Preloading 0 native plugins for Editor in 0.00 ms.
Asset Pipeline Refresh (id=485d4420da7cfcf42ab7e01e88f9e7eb): Total: 0.035 seconds - Initiated by StopAssetImportingV2(NoUpdateAssetOptions)
Start importing Assets/NoSafeCircle/DoorPrototype/Art/Enemies/Source/Walk/enemy_ranged_nw_walk_03.png using Guid(6c2fc517b72c6c74fa88335f33139d71) (TextureImporter) -> (artifact id: '6265d5465c439ec344f2c050a5f01a60') in 0.0054634 seconds
Refreshing native plugins compatible for Editor in 2.16 ms, found 4 plugins.
Preloading 0 native plugins for Editor in 0.00 ms.
Asset Pipeline Refresh (id=caff157fad982b14d9b7e2f60a2da513): Total: 0.023 seconds - Initiated by StopAssetImportingV2(NoUpdateAssetOptions)
Start importing Assets/NoSafeCircle/DoorPrototype/Art/Enemies/Source/Walk/enemy_ranged_nw_walk_03.png using Guid(6c2fc517b72c6c74fa88335f33139d71) (TextureImporter) -> (artifact id: '275698bc700b22be680bd565791d51cb') in 0.0051972 seconds
Refreshing native plugins compatible for Editor in 2.24 ms, found 4 plugins.
Preloading 0 native plugins for Editor in 0.00 ms.
Asset Pipeline Refresh (id=8862ab7670efd82428fd2a34721519d8): Total: 0.032 seconds - Initiated by StopAssetImportingV2(NoUpdateAssetOptions)
Start importing Assets/NoSafeCircle/DoorPrototype/Art/Enemies/Source/Walk/enemy_ranged_nw_walk_04.png using Guid(03041bfc9da5a6542978f9a56f72045e) (TextureImporter) -> (artifact id: '269fd18fb13a24a08f6d22b179170779') in 0.0033059 seconds
Refreshing native plugins compatible for Editor in 3.16 ms, found 4 plugins.
Preloading 0 native plugins for Editor in 0.00 ms.
Asset Pipeline Refresh (id=43d7f872ec0552f429efab449f805665): Total: 0.022 seconds - Initiated by StopAssetImportingV2(NoUpdateAssetOptions)
Start importing Assets/NoSafeCircle/DoorPrototype/Art/Enemies/Source/Walk/enemy_ranged_nw_walk_04.png using Guid(03041bfc9da5a6542978f9a56f72045e) (TextureImporter) -> (artifact id: 'f3282f767c6f0be9491eb53cd9eb693d') in 0.0067626 seconds
Refreshing native plugins compatible for Editor in 2.84 ms, found 4 plugins.
Preloading 0 native plugins for Editor in 0.00 ms.
Asset Pipeline Refresh (id=4c8aa04384ff1744588c86b10527a335): Total: 0.040 seconds - Initiated by StopAssetImportingV2(NoUpdateAssetOptions)
Start importing Assets/NoSafeCircle/DoorPrototype/Art/Enemies/Source/Walk/enemy_ranged_nw_walk_05.png using Guid(38dfbf60c27e4e242b729621564d99b2) (TextureImporter) -> (artifact id: '2c53ac596c17ae4e5772323593acb72e') in 0.0052667 seconds
Refreshing native plugins compatible for Editor in 4.24 ms, found 4 plugins.
Preloading 0 native plugins for Editor in 0.00 ms.
Asset Pipeline Refresh (id=c4bcb15fe3bf9cd4998437f07952a06c): Total: 0.030 seconds - Initiated by StopAssetImportingV2(NoUpdateAssetOptions)
Start importing Assets/NoSafeCircle/DoorPrototype/Art/Enemies/Source/Walk/enemy_ranged_nw_walk_05.png using Guid(38dfbf60c27e4e242b729621564d99b2) (TextureImporter) -> (artifact id: 'e4ddeee3f72dbf9e27c32b35d340d05c') in 0.0071646 seconds
Refreshing native plugins compatible for Editor in 3.84 ms, found 4 plugins.
Preloading 0 native plugins for Editor in 0.00 ms.
Asset Pipeline Refresh (id=1ffec48ec72a96948a8fbeab9b37e934): Total: 0.038 seconds - Initiated by StopAssetImportingV2(NoUpdateAssetOptions)
Start importing Assets/NoSafeCircle/DoorPrototype/Art/Enemies/Generated/MeleeEnemyAnimator.controller using Guid(c63b4880dbeec4d46b0a88ad77276fe0) (NativeFormatImporter) -> (artifact id: '28eb275a3f9da4cd76cdb98993476013') in 0.004129 seconds
Refreshing native plugins compatible for Editor in 2.26 ms, found 4 plugins.
Preloading 0 native plugins for Editor in 0.00 ms.
Asset Pipeline Refresh (id=2abcf3a0123c7d34b8a257ff6036fa27): Total: 0.027 seconds - Initiated by StopAssetImportingV2(NoUpdateAssetOptions)
Start importing Assets/NoSafeCircle/DoorPrototype/Art/Enemies/Generated/MeleeEnemy_idle_north.anim using Guid(6f3131a94ada68f468fce39fcf4a4a45) (NativeFormatImporter) -> (artifact id: '1b3d8536ba1982dc51ffec45fcccd841') in 0.0020328 seconds
Refreshing native plugins compatible for Editor in 5.53 ms, found 4 plugins.
Preloading 0 native plugins for Editor in 0.00 ms.
Asset Pipeline Refresh (id=d8762cbd5837d3549bb11a2918d2582a): Total: 0.025 seconds - Initiated by StopAssetImportingV2(NoUpdateAssetOptions)
Start importing Assets/NoSafeCircle/DoorPrototype/Art/Enemies/Generated/MeleeEnemy_idle_north.anim using Guid(6f3131a94ada68f468fce39fcf4a4a45) (NativeFormatImporter) -> (artifact id: 'ae90b67851d018ddd345c5f98e5d988b') in 0.0020556 seconds
Refreshing native plugins compatible for Editor in 2.14 ms, found 4 plugins.
Preloading 0 native plugins for Editor in 0.00 ms.
Asset Pipeline Refresh (id=84cb1f48bff847944b351731dd719990): Total: 0.023 seconds - Initiated by StopAssetImportingV2(NoUpdateAssetOptions)
Start importing Assets/NoSafeCircle/DoorPrototype/Art/Enemies/Generated/MeleeEnemy_walk_north.anim using Guid(c4a2b9a6869d50e459270e0909f84043) (NativeFormatImporter) -> (artifact id: 'c7896e9a6cd4aa9b504ac1f988f3facf') in 0.002162 seconds
Refreshing native plugins compatible for Editor in 3.74 ms, found 4 plugins.
Preloading 0 native plugins for Editor in 0.00 ms.
Asset Pipeline Refresh (id=ebcc7f4616bf777489cb3fcb442b0001): Total: 0.024 seconds - Initiated by StopAssetImportingV2(NoUpdateAssetOptions)
Start importing Assets/NoSafeCircle/DoorPrototype/Art/Enemies/Generated/MeleeEnemy_walk_north.anim using Guid(c4a2b9a6869d50e459270e0909f84043) (NativeFormatImporter) -> (artifact id: '4db6f6017e03899203482edc86c9c348') in 0.0020522 seconds
Refreshing native plugins compatible for Editor in 2.38 ms, found 4 plugins.
Preloading 0 native plugins for Editor in 0.00 ms.
Asset Pipeline Refresh (id=c97f0ffaf4fcdec4d92fdcfff980eb4b): Total: 0.022 seconds - Initiated by StopAssetImportingV2(NoUpdateAssetOptions)
Start importing Assets/NoSafeCircle/DoorPrototype/Art/Enemies/Generated/MeleeEnemy_idle_north-east.anim using Guid(0b73de9e5c6ec984a9b14208796555a1) (NativeFormatImporter) -> (artifact id: 'bd65762154a2830903156c8ed7fda49c') in 0.0024989 seconds
Refreshing native plugins compatible for Editor in 2.20 ms, found 4 plugins.
Preloading 0 native plugins for Editor in 0.00 ms.
Asset Pipeline Refresh (id=bcfb3445358f4f94ab30b93712fd12b6): Total: 0.024 seconds - Initiated by StopAssetImportingV2(NoUpdateAssetOptions)
Start importing Assets/NoSafeCircle/DoorPrototype/Art/Enemies/Generated/MeleeEnemy_idle_north-east.anim using Guid(0b73de9e5c6ec984a9b14208796555a1) (NativeFormatImporter) -> (artifact id: '20771ea961e46eb1d597c5ce276ab06d') in 0.0022943 seconds
Refreshing native plugins compatible for Editor in 2.15 ms, found 4 plugins.
Preloading 0 native plugins for Editor in 0.00 ms.
Asset Pipeline Refresh (id=1ad68d13b23fe9444bd3fc14a32fb376): Total: 0.022 seconds - Initiated by StopAssetImportingV2(NoUpdateAssetOptions)
Start importing Assets/NoSafeCircle/DoorPrototype/Art/Enemies/Generated/MeleeEnemy_walk_north-east.anim using Guid(a736572cbeac9f34b89ed2f9484df1ad) (NativeFormatImporter) -> (artifact id: '8329083e1637f2660e03fca0f9126d13') in 0.0023727 seconds
Refreshing native plugins compatible for Editor in 2.11 ms, found 4 plugins.
Preloading 0 native plugins for Editor in 0.00 ms.
Asset Pipeline Refresh (id=8e695e50641db7c4d9d90e6aa860e7d4): Total: 0.019 seconds - Initiated by StopAssetImportingV2(NoUpdateAssetOptions)
Start importing Assets/NoSafeCircle/DoorPrototype/Art/Enemies/Generated/MeleeEnemy_walk_north-east.anim using Guid(a736572cbeac9f34b89ed2f9484df1ad) (NativeFormatImporter) -> (artifact id: 'c2bbd5279e29acf43d444cb348cf8d9d') in 0.0017621 seconds
Refreshing native plugins compatible for Editor in 2.12 ms, found 4 plugins.
Preloading 0 native plugins for Editor in 0.00 ms.
Asset Pipeline Refresh (id=5e50d580c68a9e24290c323db7e97eeb): Total: 0.017 seconds - Initiated by StopAssetImportingV2(NoUpdateAssetOptions)
Start importing Assets/NoSafeCircle/DoorPrototype/Art/Enemies/Generated/MeleeEnemy_idle_east.anim using Guid(d49446a38b9d490438130b9cb55ff50b) (NativeFormatImporter) -> (artifact id: '6034c52484777a207030281feb0e901c') in 0.001781 seconds
Refreshing native plugins compatible for Editor in 2.11 ms, found 4 plugins.
Preloading 0 native plugins for Editor in 0.00 ms.
Asset Pipeline Refresh (id=79db593215014f449b46c9474377514e): Total: 0.019 seconds - Initiated by StopAssetImportingV2(NoUpdateAssetOptions)
Start importing Assets/NoSafeCircle/DoorPrototype/Art/Enemies/Generated/MeleeEnemy_idle_east.anim using Guid(d49446a38b9d490438130b9cb55ff50b) (NativeFormatImporter) -> (artifact id: '4d9ac7addbfd479effdd2638b4c60f91') in 0.0024954 seconds
Refreshing native plugins compatible for Editor in 2.13 ms, found 4 plugins.
Preloading 0 native plugins for Editor in 0.00 ms.
Asset Pipeline Refresh (id=69b7661e98b44e64aa8d73a6dda40425): Total: 0.020 seconds - Initiated by StopAssetImportingV2(NoUpdateAssetOptions)
Start importing Assets/NoSafeCircle/DoorPrototype/Art/Enemies/Generated/MeleeEnemy_walk_east.anim using Guid(0d0bb295acff87d4c9d9130cb3230d13) (NativeFormatImporter) -> (artifact id: '50e0349254f88e386bc5eec50c122a91') in 0.0020214 seconds
Refreshing native plugins compatible for Editor in 2.36 ms, found 4 plugins.
Preloading 0 native plugins for Editor in 0.00 ms.
Asset Pipeline Refresh (id=d8fbe5fd9bda6cb40993dcca7f2ae94a): Total: 0.022 seconds - Initiated by StopAssetImportingV2(NoUpdateAssetOptions)
Start importing Assets/NoSafeCircle/DoorPrototype/Art/Enemies/Generated/MeleeEnemy_walk_east.anim using Guid(0d0bb295acff87d4c9d9130cb3230d13) (NativeFormatImporter) -> (artifact id: '6fce7aa45612ac20c32b0f5f2dbd1764') in 0.0023796 seconds
Refreshing native plugins compatible for Editor in 2.21 ms, found 4 plugins.
Preloading 0 native plugins for Editor in 0.00 ms.
Asset Pipeline Refresh (id=48c3fef89056a094dad501cb757311c9): Total: 0.019 seconds - Initiated by StopAssetImportingV2(NoUpdateAssetOptions)
Start importing Assets/NoSafeCircle/DoorPrototype/Art/Enemies/Generated/MeleeEnemy_idle_south-east.anim using Guid(1f6368795d8e7a94e89c7feaad3652c5) (NativeFormatImporter) -> (artifact id: 'ce7eb51718645b3082ce12a236f04157') in 0.0017993 seconds
Refreshing native plugins compatible for Editor in 2.00 ms, found 4 plugins.
Preloading 0 native plugins for Editor in 0.00 ms.
Asset Pipeline Refresh (id=7171fc3194326b14f88aa0e75f2bfc5f): Total: 0.021 seconds - Initiated by StopAssetImportingV2(NoUpdateAssetOptions)
Start importing Assets/NoSafeCircle/DoorPrototype/Art/Enemies/Generated/MeleeEnemy_idle_south-east.anim using Guid(1f6368795d8e7a94e89c7feaad3652c5) (NativeFormatImporter) -> (artifact id: 'dce4a8543ca9d8a0e262964389e92959') in 0.0017703 seconds
Refreshing native plugins compatible for Editor in 1.94 ms, found 4 plugins.
Preloading 0 native plugins for Editor in 0.00 ms.
Asset Pipeline Refresh (id=e44f836385165b44b8cc07c34c2df6f6): Total: 0.019 seconds - Initiated by StopAssetImportingV2(NoUpdateAssetOptions)
Start importing Assets/NoSafeCircle/DoorPrototype/Art/Enemies/Generated/MeleeEnemy_walk_south-east.anim using Guid(3c8b8ca1cc0af724494c7d7ab49a8217) (NativeFormatImporter) -> (artifact id: '45fd224ec2fe24d028a8c2d07eacad3a') in 0.001855 seconds
Refreshing native plugins compatible for Editor in 2.06 ms, found 4 plugins.
Preloading 0 native plugins for Editor in 0.00 ms.
Asset Pipeline Refresh (id=7f18cde85cb3b6e4aaa5d5deb101fa62): Total: 0.018 seconds - Initiated by StopAssetImportingV2(NoUpdateAssetOptions)
Start importing Assets/NoSafeCircle/DoorPrototype/Art/Enemies/Generated/MeleeEnemy_walk_south-east.anim using Guid(3c8b8ca1cc0af724494c7d7ab49a8217) (NativeFormatImporter) -> (artifact id: '56f43f94cb2095f064212e847e243d25') in 0.0019693 seconds
Refreshing native plugins compatible for Editor in 2.07 ms, found 4 plugins.
Preloading 0 native plugins for Editor in 0.00 ms.
Asset Pipeline Refresh (id=aeb54d7c41ca572419af87cd67f750d5): Total: 0.020 seconds - Initiated by StopAssetImportingV2(NoUpdateAssetOptions)
Start importing Assets/NoSafeCircle/DoorPrototype/Art/Enemies/Generated/MeleeEnemy_idle_south.anim using Guid(362f17f4e032f2140918b3e61403f82e) (NativeFormatImporter) -> (artifact id: '5d0ea3c1e11e7d4f9e82780c995d775f') in 0.0017845 seconds
Refreshing native plugins compatible for Editor in 1.98 ms, found 4 plugins.
Preloading 0 native plugins for Editor in 0.00 ms.
Asset Pipeline Refresh (id=9266055bdf7c0cc4ba2d842f7aa93d6e): Total: 0.018 seconds - Initiated by StopAssetImportingV2(NoUpdateAssetOptions)
Start importing Assets/NoSafeCircle/DoorPrototype/Art/Enemies/Generated/MeleeEnemy_idle_south.anim using Guid(362f17f4e032f2140918b3e61403f82e) (NativeFormatImporter) -> (artifact id: 'a78397f4ee1de54e965c20efbe713fa3') in 0.0016448 seconds
Refreshing native plugins compatible for Editor in 2.24 ms, found 4 plugins.
Preloading 0 native plugins for Editor in 0.00 ms.
Asset Pipeline Refresh (id=201955d4a622b5e40a50693bc23727ec): Total: 0.017 seconds - Initiated by StopAssetImportingV2(NoUpdateAssetOptions)
Start importing Assets/NoSafeCircle/DoorPrototype/Art/Enemies/Generated/MeleeEnemy_walk_south.anim using Guid(7332b1018697aa74287f7f5d99b1ec72) (NativeFormatImporter) -> (artifact id: '167ab7c833bcecd1b62ae99ef4e26779') in 0.0019346 seconds
Refreshing native plugins compatible for Editor in 2.76 ms, found 4 plugins.
Preloading 0 native plugins for Editor in 0.00 ms.
Asset Pipeline Refresh (id=0580c6f749fe77d4bb1c3b4e4ce20143): Total: 0.018 seconds - Initiated by StopAssetImportingV2(NoUpdateAssetOptions)
Start importing Assets/NoSafeCircle/DoorPrototype/Art/Enemies/Generated/MeleeEnemy_walk_south.anim using Guid(7332b1018697aa74287f7f5d99b1ec72) (NativeFormatImporter) -> (artifact id: '105fe93f1eb112d1029b0349a77836d8') in 0.0020866 seconds
Refreshing native plugins compatible for Editor in 3.25 ms, found 4 plugins.
Preloading 0 native plugins for Editor in 0.00 ms.
Asset Pipeline Refresh (id=0dc3f97319cc8994fb9748f2b793a68c): Total: 0.022 seconds - Initiated by StopAssetImportingV2(NoUpdateAssetOptions)
Start importing Assets/NoSafeCircle/DoorPrototype/Art/Enemies/Generated/MeleeEnemy_idle_south-west.anim using Guid(2638b01ee92e4664a91f95d645a33b8d) (NativeFormatImporter) -> (artifact id: '455fc3e976478ea9b60b4206d192ef10') in 0.0021752 seconds
Refreshing native plugins compatible for Editor in 2.04 ms, found 4 plugins.
Preloading 0 native plugins for Editor in 0.00 ms.
Asset Pipeline Refresh (id=8da471bdbc921a9428eab78838ab144b): Total: 0.021 seconds - Initiated by StopAssetImportingV2(NoUpdateAssetOptions)
Start importing Assets/NoSafeCircle/DoorPrototype/Art/Enemies/Generated/MeleeEnemy_idle_south-west.anim using Guid(2638b01ee92e4664a91f95d645a33b8d) (NativeFormatImporter) -> (artifact id: 'e853945f833491b01b7de7f8dec4a37c') in 0.0019856 seconds
Refreshing native plugins compatible for Editor in 2.24 ms, found 4 plugins.
Preloading 0 native plugins for Editor in 0.00 ms.
Asset Pipeline Refresh (id=6a27fd7589705694b9067d92bd782e22): Total: 0.021 seconds - Initiated by StopAssetImportingV2(NoUpdateAssetOptions)
Start importing Assets/NoSafeCircle/DoorPrototype/Art/Enemies/Generated/MeleeEnemy_walk_south-west.anim using Guid(645856c61cfe67d40b6ab50d500d23f9) (NativeFormatImporter) -> (artifact id: '448efd2ccda7919ec048b4b1bc8da8f8') in 0.0018076 seconds
Refreshing native plugins compatible for Editor in 2.43 ms, found 4 plugins.
Preloading 0 native plugins for Editor in 0.00 ms.
Asset Pipeline Refresh (id=f01030cf6d219984782a71fdad37d7d3): Total: 0.020 seconds - Initiated by StopAssetImportingV2(NoUpdateAssetOptions)
Start importing Assets/NoSafeCircle/DoorPrototype/Art/Enemies/Generated/MeleeEnemy_walk_south-west.anim using Guid(645856c61cfe67d40b6ab50d500d23f9) (NativeFormatImporter) -> (artifact id: '65f278c8b909959e9019d372b26975fc') in 0.001686 seconds
Refreshing native plugins compatible for Editor in 2.18 ms, found 4 plugins.
Preloading 0 native plugins for Editor in 0.00 ms.
Asset Pipeline Refresh (id=5afc8c4fd26078845adaa5b0b9af5399): Total: 0.017 seconds - Initiated by StopAssetImportingV2(NoUpdateAssetOptions)
Start importing Assets/NoSafeCircle/DoorPrototype/Art/Enemies/Generated/MeleeEnemy_idle_west.anim using Guid(39938f6f3a7a4ea40a4a39d82164bfa3) (NativeFormatImporter) -> (artifact id: 'd98f6cb9727205d999b2a6f4ad5aefb2') in 0.0018193 seconds
Refreshing native plugins compatible for Editor in 2.08 ms, found 4 plugins.
Preloading 0 native plugins for Editor in 0.00 ms.
Asset Pipeline Refresh (id=00ce08b0367da8b46ba02b1f2e1c3955): Total: 0.019 seconds - Initiated by StopAssetImportingV2(NoUpdateAssetOptions)
Start importing Assets/NoSafeCircle/DoorPrototype/Art/Enemies/Generated/MeleeEnemy_idle_west.anim using Guid(39938f6f3a7a4ea40a4a39d82164bfa3) (NativeFormatImporter) -> (artifact id: '608a44396fcf5a003d379954fc22afe0') in 0.0018728 seconds
Refreshing native plugins compatible for Editor in 2.15 ms, found 4 plugins.
Preloading 0 native plugins for Editor in 0.00 ms.
Asset Pipeline Refresh (id=a33de84fb60b7f248b4d14dac86c64b6): Total: 0.019 seconds - Initiated by StopAssetImportingV2(NoUpdateAssetOptions)
Start importing Assets/NoSafeCircle/DoorPrototype/Art/Enemies/Generated/MeleeEnemy_walk_west.anim using Guid(eac6f1aa722d155429cf53ad1cd218d3) (NativeFormatImporter) -> (artifact id: '0e8fb6e527b57598787016c3dc1da4d9') in 0.0024116 seconds
Refreshing native plugins compatible for Editor in 2.06 ms, found 4 plugins.
Preloading 0 native plugins for Editor in 0.00 ms.
Asset Pipeline Refresh (id=a314aba64b386ab4e8cd23bbb8b7aa35): Total: 0.020 seconds - Initiated by StopAssetImportingV2(NoUpdateAssetOptions)
Start importing Assets/NoSafeCircle/DoorPrototype/Art/Enemies/Generated/MeleeEnemy_walk_west.anim using Guid(eac6f1aa722d155429cf53ad1cd218d3) (NativeFormatImporter) -> (artifact id: '9820c298fc4c011625c368a4d33b8f82') in 0.0020448 seconds
Refreshing native plugins compatible for Editor in 1.99 ms, found 4 plugins.
Preloading 0 native plugins for Editor in 0.00 ms.
Asset Pipeline Refresh (id=ccc3751554847bb45af26aa3adb0a02a): Total: 0.018 seconds - Initiated by StopAssetImportingV2(NoUpdateAssetOptions)
Start importing Assets/NoSafeCircle/DoorPrototype/Art/Enemies/Generated/MeleeEnemy_idle_north-west.anim using Guid(1d99b523b60ca8b45acf91df42dceba3) (NativeFormatImporter) -> (artifact id: 'a61234a28b720553abf37255c5c0e9a9') in 0.0018189 seconds
Refreshing native plugins compatible for Editor in 2.09 ms, found 4 plugins.
Preloading 0 native plugins for Editor in 0.00 ms.
Asset Pipeline Refresh (id=e21fc5a8e725a324da47e57a93f4406f): Total: 0.020 seconds - Initiated by StopAssetImportingV2(NoUpdateAssetOptions)
Start importing Assets/NoSafeCircle/DoorPrototype/Art/Enemies/Generated/MeleeEnemy_idle_north-west.anim using Guid(1d99b523b60ca8b45acf91df42dceba3) (NativeFormatImporter) -> (artifact id: 'abfc5d0a95beb4f60eee5f5f1bdabb50') in 0.0024127 seconds
Refreshing native plugins compatible for Editor in 2.05 ms, found 4 plugins.
Preloading 0 native plugins for Editor in 0.00 ms.
Asset Pipeline Refresh (id=a06a353b94a7e9d4bb2043e49725b1db): Total: 0.019 seconds - Initiated by StopAssetImportingV2(NoUpdateAssetOptions)
Start importing Assets/NoSafeCircle/DoorPrototype/Art/Enemies/Generated/MeleeEnemy_walk_north-west.anim using Guid(8b4469de01614934ea567fd996e787d8) (NativeFormatImporter) -> (artifact id: 'fb01d6597474e1f8f131ef8a911f74f2') in 0.001914 seconds
Refreshing native plugins compatible for Editor in 3.28 ms, found 4 plugins.
Preloading 0 native plugins for Editor in 0.00 ms.
Asset Pipeline Refresh (id=8f9cfadf6b3213242b4ec04529c21175): Total: 0.021 seconds - Initiated by StopAssetImportingV2(NoUpdateAssetOptions)
Start importing Assets/NoSafeCircle/DoorPrototype/Art/Enemies/Generated/MeleeEnemy_walk_north-west.anim using Guid(8b4469de01614934ea567fd996e787d8) (NativeFormatImporter) -> (artifact id: 'd45cb5a68fbf2a40b2436171bfccace5') in 0.0019678 seconds
Refreshing native plugins compatible for Editor in 2.07 ms, found 4 plugins.
Preloading 0 native plugins for Editor in 0.00 ms.
Asset Pipeline Refresh (id=436639e5159a75c489477e2e4aad0079): Total: 0.020 seconds - Initiated by StopAssetImportingV2(NoUpdateAssetOptions)
Start importing Assets/NoSafeCircle/DoorPrototype/Art/Enemies/Generated/MeleeEnemyAnimator.controller using Guid(c63b4880dbeec4d46b0a88ad77276fe0) (NativeFormatImporter) -> (artifact id: '8505f351ccfe22faff20188336464cf3') in 0.0020544 seconds
Refreshing native plugins compatible for Editor in 2.17 ms, found 4 plugins.
Preloading 0 native plugins for Editor in 0.00 ms.
Asset Pipeline Refresh (id=15dad2c721a68ed46b07f867d4f47521): Total: 0.018 seconds - Initiated by StopAssetImportingV2(NoUpdateAssetOptions)
Start importing Assets/NoSafeCircle/DoorPrototype/Art/Enemies/Generated/LanternWraithAnimator.controller using Guid(0180b5ae94034f64d8f4afb61bd8e6f2) (NativeFormatImporter) -> (artifact id: '72018a82de8a52d3ded2dceaea9dcd90') in 0.0021488 seconds
Refreshing native plugins compatible for Editor in 2.01 ms, found 4 plugins.
Preloading 0 native plugins for Editor in 0.00 ms.
Asset Pipeline Refresh (id=a9ad824f85b827c46b0a377539dc4a70): Total: 0.020 seconds - Initiated by StopAssetImportingV2(NoUpdateAssetOptions)
Start importing Assets/NoSafeCircle/DoorPrototype/Art/Enemies/Generated/LanternWraith_idle_north.anim using Guid(d87c72a12ecbe9348aff309321f4b9ee) (NativeFormatImporter) -> (artifact id: 'c1c75e35c428e97b0167252b727daa58') in 0.0022664 seconds
Refreshing native plugins compatible for Editor in 1.96 ms, found 4 plugins.
Preloading 0 native plugins for Editor in 0.00 ms.
Asset Pipeline Refresh (id=764d1893ab1690646ada0590d4789ac8): Total: 0.018 seconds - Initiated by StopAssetImportingV2(NoUpdateAssetOptions)
Start importing Assets/NoSafeCircle/DoorPrototype/Art/Enemies/Generated/LanternWraith_idle_north.anim using Guid(d87c72a12ecbe9348aff309321f4b9ee) (NativeFormatImporter) -> (artifact id: 'bc85219fc044a2f7e2bad4bc7c01733b') in 0.0021005 seconds
Refreshing native plugins compatible for Editor in 2.31 ms, found 4 plugins.
Preloading 0 native plugins for Editor in 0.00 ms.
Asset Pipeline Refresh (id=7194eeb55b00307429fe85b80ac08ddf): Total: 0.021 seconds - Initiated by StopAssetImportingV2(NoUpdateAssetOptions)
Start importing Assets/NoSafeCircle/DoorPrototype/Art/Enemies/Generated/LanternWraith_walk_north.anim using Guid(1a94ef37500ac4449853fb19086a606e) (NativeFormatImporter) -> (artifact id: '312e5e9caefe398b422f369f447481a1') in 0.0018631 seconds
Refreshing native plugins compatible for Editor in 2.35 ms, found 4 plugins.
Preloading 0 native plugins for Editor in 0.00 ms.
Asset Pipeline Refresh (id=dd418585528bdbf45bb70fdaa1a505ea): Total: 0.020 seconds - Initiated by StopAssetImportingV2(NoUpdateAssetOptions)
Start importing Assets/NoSafeCircle/DoorPrototype/Art/Enemies/Generated/LanternWraith_walk_north.anim using Guid(1a94ef37500ac4449853fb19086a606e) (NativeFormatImporter) -> (artifact id: 'cacfdb395bb77dcd180588ba8ba89716') in 0.0026142 seconds
Refreshing native plugins compatible for Editor in 1.90 ms, found 4 plugins.
Preloading 0 native plugins for Editor in 0.00 ms.
Asset Pipeline Refresh (id=a0d3d600b52cba64bbba9f3fe1b60bee): Total: 0.022 seconds - Initiated by StopAssetImportingV2(NoUpdateAssetOptions)
Start importing Assets/NoSafeCircle/DoorPrototype/Art/Enemies/Generated/LanternWraith_idle_north-east.anim using Guid(4c5c2e90821144d4891384190d8da234) (NativeFormatImporter) -> (artifact id: '8c37084054e6b903291b922f06708877') in 0.0017231 seconds
Refreshing native plugins compatible for Editor in 2.48 ms, found 4 plugins.
Preloading 0 native plugins for Editor in 0.00 ms.
Asset Pipeline Refresh (id=658549518703ef04786cfbae1c74ede1): Total: 0.018 seconds - Initiated by StopAssetImportingV2(NoUpdateAssetOptions)
Start importing Assets/NoSafeCircle/DoorPrototype/Art/Enemies/Generated/LanternWraith_idle_north-east.anim using Guid(4c5c2e90821144d4891384190d8da234) (NativeFormatImporter) -> (artifact id: '864b45740147fd9aa6ce76bd449be7e6') in 0.001746 seconds
Refreshing native plugins compatible for Editor in 1.96 ms, found 4 plugins.
Preloading 0 native plugins for Editor in 0.00 ms.
Asset Pipeline Refresh (id=0d74f8f8547f22f468ebd3b06ddd825c): Total: 0.017 seconds - Initiated by StopAssetImportingV2(NoUpdateAssetOptions)
Start importing Assets/NoSafeCircle/DoorPrototype/Art/Enemies/Generated/LanternWraith_walk_north-east.anim using Guid(d9a7785ba6ca6a7458acaa2bf57fe94e) (NativeFormatImporter) -> (artifact id: '4a863ecacfaa72f944ddfe4024ccaeb5') in 0.0018739 seconds
Refreshing native plugins compatible for Editor in 1.90 ms, found 4 plugins.
Preloading 0 native plugins for Editor in 0.00 ms.
Asset Pipeline Refresh (id=3118e723752b5f549acba074949d015c): Total: 0.018 seconds - Initiated by StopAssetImportingV2(NoUpdateAssetOptions)
Start importing Assets/NoSafeCircle/DoorPrototype/Art/Enemies/Generated/LanternWraith_walk_north-east.anim using Guid(d9a7785ba6ca6a7458acaa2bf57fe94e) (NativeFormatImporter) -> (artifact id: 'd18383013285c8a1ad5ce702e1faf01c') in 0.0018864 seconds
Refreshing native plugins compatible for Editor in 2.18 ms, found 4 plugins.
Preloading 0 native plugins for Editor in 0.00 ms.
Asset Pipeline Refresh (id=c0a3c4458b921b24f8cb8bb355d0f441): Total: 0.017 seconds - Initiated by StopAssetImportingV2(NoUpdateAssetOptions)
Start importing Assets/NoSafeCircle/DoorPrototype/Art/Enemies/Generated/LanternWraith_idle_east.anim using Guid(5dea4d670846a6c4a8581907314436e6) (NativeFormatImporter) -> (artifact id: 'e4446dcd18c281813653b42226437876') in 0.0025134 seconds
Refreshing native plugins compatible for Editor in 2.08 ms, found 4 plugins.
Preloading 0 native plugins for Editor in 0.00 ms.
Asset Pipeline Refresh (id=3d2c8c9a0d4f1324cb6e2fce074b928c): Total: 0.022 seconds - Initiated by StopAssetImportingV2(NoUpdateAssetOptions)
Start importing Assets/NoSafeCircle/DoorPrototype/Art/Enemies/Generated/LanternWraith_idle_east.anim using Guid(5dea4d670846a6c4a8581907314436e6) (NativeFormatImporter) -> (artifact id: 'ff64988c7736fb205530e2d879c175b1') in 0.0023189 seconds
Refreshing native plugins compatible for Editor in 2.36 ms, found 4 plugins.
Preloading 0 native plugins for Editor in 0.00 ms.
Asset Pipeline Refresh (id=a6cac4e6ea1196a4d894e390f268665f): Total: 0.018 seconds - Initiated by StopAssetImportingV2(NoUpdateAssetOptions)
Start importing Assets/NoSafeCircle/DoorPrototype/Art/Enemies/Generated/LanternWraith_walk_east.anim using Guid(61db5196130371e4781e5d1e72c88d25) (NativeFormatImporter) -> (artifact id: 'ebfbfc73269417f6db1fe81604786ecd') in 0.0017229 seconds
Refreshing native plugins compatible for Editor in 2.06 ms, found 4 plugins.
Preloading 0 native plugins for Editor in 0.00 ms.
Asset Pipeline Refresh (id=111e74b75589c364fb01f8b4786d32e1): Total: 0.019 seconds - Initiated by StopAssetImportingV2(NoUpdateAssetOptions)
Start importing Assets/NoSafeCircle/DoorPrototype/Art/Enemies/Generated/LanternWraith_walk_east.anim using Guid(61db5196130371e4781e5d1e72c88d25) (NativeFormatImporter) -> (artifact id: 'a56c6bbddf25bf9561449d07681c8e2b') in 0.0018562 seconds
Refreshing native plugins compatible for Editor in 2.14 ms, found 4 plugins.
Preloading 0 native plugins for Editor in 0.00 ms.
Asset Pipeline Refresh (id=c5a5ca3ebbaa6f04db68a84db317ff05): Total: 0.017 seconds - Initiated by StopAssetImportingV2(NoUpdateAssetOptions)
Start importing Assets/NoSafeCircle/DoorPrototype/Art/Enemies/Generated/LanternWraith_idle_south-east.anim using Guid(2cb3461c344838d419c9f807e6e5642d) (NativeFormatImporter) -> (artifact id: 'b87b79ffa1490f173ca0ed37bac4873d') in 0.0027905 seconds
Refreshing native plugins compatible for Editor in 2.23 ms, found 4 plugins.
Preloading 0 native plugins for Editor in 0.00 ms.
Asset Pipeline Refresh (id=b5adc455925841744992697762f68162): Total: 0.021 seconds - Initiated by StopAssetImportingV2(NoUpdateAssetOptions)
Start importing Assets/NoSafeCircle/DoorPrototype/Art/Enemies/Generated/LanternWraith_idle_south-east.anim using Guid(2cb3461c344838d419c9f807e6e5642d) (NativeFormatImporter) -> (artifact id: '522b573b9d6cfcabd2f175d71afccd9e') in 0.0018655 seconds
Refreshing native plugins compatible for Editor in 2.20 ms, found 4 plugins.
Preloading 0 native plugins for Editor in 0.00 ms.
Asset Pipeline Refresh (id=55c2f89047d372449a95f8a6f0348679): Total: 0.017 seconds - Initiated by StopAssetImportingV2(NoUpdateAssetOptions)
Start importing Assets/NoSafeCircle/DoorPrototype/Art/Enemies/Generated/LanternWraith_walk_south-east.anim using Guid(07d3783d9afbeac44a757e07dbcab145) (NativeFormatImporter) -> (artifact id: '68eeab32458c62810ebd299d8a803e50') in 0.0019699 seconds
Refreshing native plugins compatible for Editor in 2.25 ms, found 4 plugins.
Preloading 0 native plugins for Editor in 0.00 ms.
Asset Pipeline Refresh (id=38fb2d69f544be94b901c230451e430d): Total: 0.019 seconds - Initiated by StopAssetImportingV2(NoUpdateAssetOptions)
Start importing Assets/NoSafeCircle/DoorPrototype/Art/Enemies/Generated/LanternWraith_walk_south-east.anim using Guid(07d3783d9afbeac44a757e07dbcab145) (NativeFormatImporter) -> (artifact id: 'b8a6cc50b5a29dba9fcb5ca432ae103e') in 0.0018295 seconds
Refreshing native plugins compatible for Editor in 2.20 ms, found 4 plugins.
Preloading 0 native plugins for Editor in 0.00 ms.
Asset Pipeline Refresh (id=fdae3ebc5d9507848a3ea6003744ef82): Total: 0.017 seconds - Initiated by StopAssetImportingV2(NoUpdateAssetOptions)
Start importing Assets/NoSafeCircle/DoorPrototype/Art/Enemies/Generated/LanternWraith_idle_south.anim using Guid(3092ef60e861f9547880b6ecce7f2692) (NativeFormatImporter) -> (artifact id: 'f90be81dfd65689c91699c66635cfdbc') in 0.0016522 seconds
Refreshing native plugins compatible for Editor in 1.87 ms, found 4 plugins.
Preloading 0 native plugins for Editor in 0.00 ms.
Asset Pipeline Refresh (id=6c0c307710be9994ab5d9f9f4f9c040e): Total: 0.017 seconds - Initiated by StopAssetImportingV2(NoUpdateAssetOptions)
Start importing Assets/NoSafeCircle/DoorPrototype/Art/Enemies/Generated/LanternWraith_idle_south.anim using Guid(3092ef60e861f9547880b6ecce7f2692) (NativeFormatImporter) -> (artifact id: '0b16dafae2e88b0cef3735b79a81a90b') in 0.0018203 seconds
Refreshing native plugins compatible for Editor in 3.02 ms, found 4 plugins.
Preloading 0 native plugins for Editor in 0.00 ms.
Asset Pipeline Refresh (id=031952151e3dbc144afc503f2080a7e6): Total: 0.020 seconds - Initiated by StopAssetImportingV2(NoUpdateAssetOptions)
Start importing Assets/NoSafeCircle/DoorPrototype/Art/Enemies/Generated/LanternWraith_walk_south.anim using Guid(dfb0714d2c37d0e46b93c69d85c6c7cd) (NativeFormatImporter) -> (artifact id: 'd099494d2e5bac164ec5d31f45c78242') in 0.0019692 seconds
Refreshing native plugins compatible for Editor in 1.82 ms, found 4 plugins.
Preloading 0 native plugins for Editor in 0.00 ms.
Asset Pipeline Refresh (id=6f8c478d6014672499ca3c089014406d): Total: 0.018 seconds - Initiated by StopAssetImportingV2(NoUpdateAssetOptions)
Start importing Assets/NoSafeCircle/DoorPrototype/Art/Enemies/Generated/LanternWraith_walk_south.anim using Guid(dfb0714d2c37d0e46b93c69d85c6c7cd) (NativeFormatImporter) -> (artifact id: '254b4e3911799d074dd4966027367b5f') in 0.0017967 seconds
Refreshing native plugins compatible for Editor in 1.91 ms, found 4 plugins.
Preloading 0 native plugins for Editor in 0.00 ms.
Asset Pipeline Refresh (id=472c2d4afdf595241ace53572a95904c): Total: 0.016 seconds - Initiated by StopAssetImportingV2(NoUpdateAssetOptions)
Start importing Assets/NoSafeCircle/DoorPrototype/Art/Enemies/Generated/LanternWraith_idle_south-west.anim using Guid(d92c6f4502e1b8b4b9a1a8d3a2394bcf) (NativeFormatImporter) -> (artifact id: 'b2905e67f2b976df094bda9d4ce8449e') in 0.0019332 seconds
Refreshing native plugins compatible for Editor in 2.24 ms, found 4 plugins.
Preloading 0 native plugins for Editor in 0.00 ms.
Asset Pipeline Refresh (id=08c0ec44d261e9a4398847ddb545df21): Total: 0.019 seconds - Initiated by StopAssetImportingV2(NoUpdateAssetOptions)
Start importing Assets/NoSafeCircle/DoorPrototype/Art/Enemies/Generated/LanternWraith_idle_south-west.anim using Guid(d92c6f4502e1b8b4b9a1a8d3a2394bcf) (NativeFormatImporter) -> (artifact id: '9fa9aa42bb15c79a2aac56ac8770b4b6') in 0.0018745 seconds
Refreshing native plugins compatible for Editor in 2.10 ms, found 4 plugins.
Preloading 0 native plugins for Editor in 0.00 ms.
Asset Pipeline Refresh (id=10c21ba6f3d4e4c419d0d9bf8c594242): Total: 0.017 seconds - Initiated by StopAssetImportingV2(NoUpdateAssetOptions)
Start importing Assets/NoSafeCircle/DoorPrototype/Art/Enemies/Generated/LanternWraith_walk_south-west.anim using Guid(1d3945de3c7b8764abae1f202882c7f8) (NativeFormatImporter) -> (artifact id: '355fdf2eb8ae1ab862768e0ccb301bb6') in 0.0021104 seconds
Refreshing native plugins compatible for Editor in 2.00 ms, found 4 plugins.
Preloading 0 native plugins for Editor in 0.00 ms.
Asset Pipeline Refresh (id=335fe4e720c5f064cafe53825716a61c): Total: 0.018 seconds - Initiated by StopAssetImportingV2(NoUpdateAssetOptions)
Start importing Assets/NoSafeCircle/DoorPrototype/Art/Enemies/Generated/LanternWraith_walk_south-west.anim using Guid(1d3945de3c7b8764abae1f202882c7f8) (NativeFormatImporter) -> (artifact id: '6319efa193c2cebf7cd786f3bfd48b75') in 0.0021083 seconds
Refreshing native plugins compatible for Editor in 2.76 ms, found 4 plugins.
Preloading 0 native plugins for Editor in 0.00 ms.
Asset Pipeline Refresh (id=3c77d93e699fb9b4bbdb581bbfaa3e59): Total: 0.020 seconds - Initiated by StopAssetImportingV2(NoUpdateAssetOptions)
Start importing Assets/NoSafeCircle/DoorPrototype/Art/Enemies/Generated/LanternWraith_idle_west.anim using Guid(37a693f1465c6f54b8955bd46b50974a) (NativeFormatImporter) -> (artifact id: '123bb203606a153c18a766868951df38') in 0.0019502 seconds
Refreshing native plugins compatible for Editor in 2.02 ms, found 4 plugins.
Preloading 0 native plugins for Editor in 0.00 ms.
Asset Pipeline Refresh (id=4b454b13085b72641a669ff34d503ac7): Total: 0.023 seconds - Initiated by StopAssetImportingV2(NoUpdateAssetOptions)
Start importing Assets/NoSafeCircle/DoorPrototype/Art/Enemies/Generated/LanternWraith_idle_west.anim using Guid(37a693f1465c6f54b8955bd46b50974a) (NativeFormatImporter) -> (artifact id: 'a812c855235ba1c3bccb0654b5a001ef') in 0.002056 seconds
Refreshing native plugins compatible for Editor in 2.24 ms, found 4 plugins.
Preloading 0 native plugins for Editor in 0.00 ms.
Asset Pipeline Refresh (id=3b05e70cd9fb40649977fb8dcb3ee69f): Total: 0.020 seconds - Initiated by StopAssetImportingV2(NoUpdateAssetOptions)
Start importing Assets/NoSafeCircle/DoorPrototype/Art/Enemies/Generated/LanternWraith_walk_west.anim using Guid(2cf1af3c7ee823b49a1d39889919db87) (NativeFormatImporter) -> (artifact id: '4d7aa83cb748578d1d6175c2e643c4f7') in 0.0019336 seconds
Refreshing native plugins compatible for Editor in 2.06 ms, found 4 plugins.
Preloading 0 native plugins for Editor in 0.00 ms.
Asset Pipeline Refresh (id=4a451425c53ae8345ba9a8b405a440e3): Total: 0.020 seconds - Initiated by StopAssetImportingV2(NoUpdateAssetOptions)
Start importing Assets/NoSafeCircle/DoorPrototype/Art/Enemies/Generated/LanternWraith_walk_west.anim using Guid(2cf1af3c7ee823b49a1d39889919db87) (NativeFormatImporter) -> (artifact id: 'feb6db6526d0dc14e33da4c792797f5d') in 0.0025466 seconds
Refreshing native plugins compatible for Editor in 3.08 ms, found 4 plugins.
Preloading 0 native plugins for Editor in 0.00 ms.
Asset Pipeline Refresh (id=0fe88d168eee48743afe54e5d77a978a): Total: 0.021 seconds - Initiated by StopAssetImportingV2(NoUpdateAssetOptions)
Start importing Assets/NoSafeCircle/DoorPrototype/Art/Enemies/Generated/LanternWraith_idle_north-west.anim using Guid(c813f5355fe46c242905baef8ad25d27) (NativeFormatImporter) -> (artifact id: 'de7d84aea7601e1b88d278c8a942ca70') in 0.0018914 seconds
Refreshing native plugins compatible for Editor in 1.86 ms, found 4 plugins.
Preloading 0 native plugins for Editor in 0.00 ms.
Asset Pipeline Refresh (id=ee9d6122e1027a74c97aeb89aefc375e): Total: 0.018 seconds - Initiated by StopAssetImportingV2(NoUpdateAssetOptions)
Start importing Assets/NoSafeCircle/DoorPrototype/Art/Enemies/Generated/LanternWraith_idle_north-west.anim using Guid(c813f5355fe46c242905baef8ad25d27) (NativeFormatImporter) -> (artifact id: '09f478192d6992053c5a7376d73aca40') in 0.0019528 seconds
Refreshing native plugins compatible for Editor in 2.36 ms, found 4 plugins.
Preloading 0 native plugins for Editor in 0.00 ms.
Asset Pipeline Refresh (id=5295496e28dd52c40b0773f770f78742): Total: 0.020 seconds - Initiated by StopAssetImportingV2(NoUpdateAssetOptions)
Start importing Assets/NoSafeCircle/DoorPrototype/Art/Enemies/Generated/LanternWraith_walk_north-west.anim using Guid(77b1c2bb675820040a9fa66a27a6d8dc) (NativeFormatImporter) -> (artifact id: '0ee14ed7ce5d4a4b72b75f6a9c05a04d') in 0.0018581 seconds
Refreshing native plugins compatible for Editor in 1.96 ms, found 4 plugins.
Preloading 0 native plugins for Editor in 0.00 ms.
Asset Pipeline Refresh (id=88ee735899489d441a4b71ea7e7fdfe2): Total: 0.018 seconds - Initiated by StopAssetImportingV2(NoUpdateAssetOptions)
Start importing Assets/NoSafeCircle/DoorPrototype/Art/Enemies/Generated/LanternWraith_walk_north-west.anim using Guid(77b1c2bb675820040a9fa66a27a6d8dc) (NativeFormatImporter) -> (artifact id: 'd8f3ace60bc296c0bcb6915608a44b70') in 0.0019472 seconds
Refreshing native plugins compatible for Editor in 1.97 ms, found 4 plugins.
Preloading 0 native plugins for Editor in 0.00 ms.
Asset Pipeline Refresh (id=19f11a859b761f0489b61d7e2c655a57): Total: 0.018 seconds - Initiated by StopAssetImportingV2(NoUpdateAssetOptions)
Start importing Assets/NoSafeCircle/DoorPrototype/Art/Enemies/Generated/LanternWraithAnimator.controller using Guid(0180b5ae94034f64d8f4afb61bd8e6f2) (NativeFormatImporter) -> (artifact id: '3b057544325a8deba6ca3e5d9cdfa760') in 0.0020783 seconds
Refreshing native plugins compatible for Editor in 2.24 ms, found 4 plugins.
Preloading 0 native plugins for Editor in 0.00 ms.
Asset Pipeline Refresh (id=297ec58612795514caa80b0f5942b087): Total: 0.018 seconds - Initiated by StopAssetImportingV2(NoUpdateAssetOptions)
Refreshing native plugins compatible for Editor in 2.00 ms, found 4 plugins.
Preloading 0 native plugins for Editor in 0.00 ms.
Asset Pipeline Refresh (id=5339f543de79475409acd85bbeaeb997): Total: 0.015 seconds - Initiated by StopAssetImportingV2(NoUpdateAssetOptions)
Start importing Assets/NoSafeCircle/DoorPrototype/Generated/ArchitecturalTiles/LanternWraithSprite.asset using Guid(2e47edae469e0974ba8c5db0e2af5014) (NativeFormatImporter) -> (artifact id: 'd09606568442952f242cfc50cd5d5ea4') in 0.0027517 seconds
Refreshing native plugins compatible for Editor in 2.02 ms, found 4 plugins.
Preloading 0 native plugins for Editor in 0.00 ms.
Asset Pipeline Refresh (id=815f3ed5c40ea054bbcd023d678b5520): Total: 0.029 seconds - Initiated by StopAssetImportingV2(NoUpdateAssetOptions)
Start importing Assets/NoSafeCircle/DoorPrototype/Generated/ArchitecturalTiles/LanternWraithSprite.asset using Guid(2e47edae469e0974ba8c5db0e2af5014) (NativeFormatImporter) -> (artifact id: '5b39f05a1e057384310178ebf43c6b7e') in 0.0022365 seconds
Refreshing native plugins compatible for Editor in 2.01 ms, found 4 plugins.
Preloading 0 native plugins for Editor in 0.00 ms.
Asset Pipeline Refresh (id=e75992f048f51a14791e4193c7d30748): Total: 0.020 seconds - Initiated by StopAssetImportingV2(NoUpdateAssetOptions)
Start importing Assets/Scenes/DoorPrototype.unity using Guid(92dbd0a3e6c18e245896a66c5120379d) (DefaultImporter) -> (artifact id: 'fcd244629c3f4833f322a361df370640') in 0.0010122 seconds
Refreshing native plugins compatible for Editor in 2.04 ms, found 4 plugins.
Preloading 0 native plugins for Editor in 0.00 ms.
Asset Pipeline Refresh (id=ded2aabb6ede9e345bae1e99c57f77c6): Total: 0.018 seconds - Initiated by StopAssetImportingV2(NoUpdateAssetOptions)
Asset Pipeline Refresh (id=a1112a2b53d035f4193d64d1e37c5112): Total: 0.014 seconds - Initiated by RefreshV2(NoUpdateAssetOptions)
Door Prototype scene built at Assets/Scenes/DoorPrototype.unity
UnityEngine.Debug:ExtractStackTraceNoAlloc (byte*,int,string)
UnityEngine.StackTraceUtility:ExtractStackTrace ()
UnityEngine.DebugLogHandler:Internal_Log (UnityEngine.LogType,UnityEngine.LogOption,string,UnityEngine.Object)
UnityEngine.DebugLogHandler:LogFormat (UnityEngine.LogType,UnityEngine.Object,string,object[])
UnityEngine.Logger:Log (UnityEngine.LogType,object)
UnityEngine.Debug:Log (object)
NoSafeCircle.DoorPrototype.Editor.DoorPrototypeSceneBuilder:Build () (at Assets/NoSafeCircle/DoorPrototype/Editor/DoorPrototypeSceneBuilder.cs:128)

(Filename: Assets/NoSafeCircle/DoorPrototype/Editor/DoorPrototypeSceneBuilder.cs Line: 128)

Batchmode quit successfully invoked - shutting down!
[Physics::Module] Cleanup current backned.
[Physics::Module] Id: 0xf2b8ea05
Input System module state changed to: ShutdownInProgress.
Input System polling thread exited.
Input System module state changed to: Shutdown.
[Licensing::IpcConnector] LicenseClient-VincentLiguori-notifications channel disconnected successfully.
[Licensing::IpcConnector] LicenseClient-VincentLiguori channel disconnected successfully.
AcceleratorClientConnectionCallback - disconnected - :0
Cleanup mono
abort_threads: Failed aborting id: 00000000000041B8, mono_thread_manage will ignore it

abort_threads: Failed aborting id: 000000000000A880, mono_thread_manage will ignore it

abort_threads: Failed aborting id: 00000000000041B8, mono_thread_manage will ignore it

abort_threads: Failed aborting id: 000000000000A880, mono_thread_manage will ignore it

debugger-agent: Unable to listen on 4688
Exiting batchmode successfully now!
Exiting without the bug reporter. Application will terminate with return code 0