[Licensing::Module] Trying to connect to existing licensing client channel...
[Licensing::IpcConnector] Successfully connected to: "LicenseClient-VincentLiguori" at "2026-09-17T06:43:57.2332536Z"
[Licensing::Client] Code 10 while verifying Licensing Client signature (process Id: 28360, path: "C:/Program Files/Unity Hub/UnityLicensingClient_V1/Unity.Licensing.Client.exe")
[Licensing::Module] LicensingClient has failed validation; ignoring
[Licensing::Client] Handshaking with LicensingClient:
  Version:                 1.18.3+d7ffd15
  Session Id:              8f9266241b164255a152bdf07d550548
  Correlation Id:          c3a9b5f7dc93b1dab59b61320cead0dc
  External correlation Id: 5510313416475698438
  Machine Id:              HxO4LzPDSZi5N+Qj55f7MhdwfeY=
[Licensing::Module] Successfully connected to LicensingClient on channel: "LicenseClient-VincentLiguori" (connect: 0.00s, validation: 0.07s, handshake: 0.04s)
[Licensing::IpcConnector] Successfully connected to: "LicenseClient-VincentLiguori-notifications" at "2026-09-17T06:43:57.348271Z"
[Licensing::Module] Error: Access token is unavailable; failed to update
[Licensing::Client] Successfully resolved entitlement details
[Licensing::Module] Serial number assigned to: "37203-UnityPersXXXX"
[Licensing::Client] Successfully updated license, isAync: True, time: 0.01
Built from '6000.1/staging' branch; Version is '6000.1.8f1 (2a5b1522e5ab) revision 2775829'; Using compiler version '194234433'; Build Type 'Release'
OS: 'Windows 11  (10.0.26200) 64bit Professional' Language: 'en' Physical Memory: 64969 MB
[Licensing::Client] Successfully resolved entitlement details
BatchMode: 1, IsHumanControllingUs: 0, StartBugReporterOnCrash: 0, Is64bit: 1, IsPro: 0
Date: 2026-09-17T06:43:57Z

COMMAND LINE ARGUMENTS:
C:\Program Files\Unity\Hub\Editor\6000.1.8f1\Editor\Unity.exe
-batchmode
-quit
-projectPath
C:/nscrev/branch-verify
-executeMethod
NoSafeCircle.DoorPrototype.Editor.DoorPrototypeSceneBuilder.Build
-logFile
C:/nscrev/reports/nsc077/unity/final-build2.log
Successfully changed project path to: C:/nscrev/branch-verify
C:/nscrev/branch-verify
[UnityMemory] Configuration Parameters - Can be set up in boot.config
    "memorysetup-allocator-temp-initial-block-size-main=262144"
    "memorysetup-allocator-temp-initial-block-size-worker=262144"
    "memorysetup-bucket-allocator-granularity=16"
    "memorysetup-bucket-allocator-bucket-count=8"
    "memorysetup-bucket-allocator-block-size=33554432"
    "memorysetup-bucket-allocator-block-count=8"
    "memorysetup-main-allocator-block-size=16777216"
    "memorysetup-thread-allocator-block-size=16777216"
    "memorysetup-gfx-main-allocator-block-size=16777216"
    "memorysetup-gfx-thread-allocator-block-size=16777216"
    "memorysetup-cache-allocator-block-size=4194304"
    "memorysetup-typetree-allocator-block-size=2097152"
    "memorysetup-profiler-bucket-allocator-granularity=16"
    "memorysetup-profiler-bucket-allocator-bucket-count=8"
    "memorysetup-profiler-bucket-allocator-block-size=33554432"
    "memorysetup-profiler-bucket-allocator-block-count=8"
    "memorysetup-profiler-allocator-block-size=16777216"
    "memorysetup-profiler-editor-allocator-block-size=1048576"
    "memorysetup-temp-allocator-size-main=16777216"
    "memorysetup-job-temp-allocator-block-size=2097152"
    "memorysetup-job-temp-allocator-block-size-background=1048576"
    "memorysetup-job-temp-allocator-reduction-small-platforms=262144"
    "memorysetup-temp-allocator-size-background-worker=32768"
    "memorysetup-temp-allocator-size-job-worker=262144"
    "memorysetup-temp-allocator-size-preload-manager=33554432"
    "memorysetup-temp-allocator-size-nav-mesh-worker=65536"
    "memorysetup-temp-allocator-size-audio-worker=65536"
    "memorysetup-temp-allocator-size-cloud-worker=32768"
    "memorysetup-temp-allocator-size-gi-baking-worker=262144"
    "memorysetup-temp-allocator-size-gi-baking-worker=262144"
    "memorysetup-temp-allocator-size-gi-baking-worker=262144"
    "memorysetup-temp-allocator-size-gi-baking-worker=262144"
    "memorysetup-temp-allocator-size-gi-baking-worker=262144"
    "memorysetup-temp-allocator-size-gfx=262144"
Player connection [53728]  Target information:

Player connection [53728]  * "[IP] 172.28.64.1 [Port] 55504 [Flags] 2 [Guid] 2200033413 [EditorId] 2200033413 [Version] 1048832 [Id] WindowsEditor(7,DESKTOP-6LMNLCK) [Debug] 1 [PackageName] WindowsEditor [ProjectName] Editor" 

Player connection [53728]  * "[IP] 192.168.10.143 [Port] 55504 [Flags] 2 [Guid] 2200033413 [EditorId] 2200033413 [Version] 1048832 [Id] WindowsEditor(7,DESKTOP-6LMNLCK) [Debug] 1 [PackageName] WindowsEditor [ProjectName] Editor" 

Player connection [53728] Host joined multi-casting on [225.0.0.222:54997]...
Player connection [53728] Host joined alternative multi-casting on [225.0.0.222:34997]...
Input System module state changed to: Initialized.
[Physics::Module] Initialized fallback backend.
[Physics::Module] Id: 0xdecafbad
[Package Manager] Connected to IPC stream "Upm-11160" after 0.3 seconds.
Library Redirect Path: Library/
[Package Manager] Restoring resolved packages state from cache
[Licensing::Client] Successfully resolved entitlement details
[Package Manager] Registered 56 packages:
  Packages from [https://packages.unity.com]:
    com.unity.ai.navigation@2.0.14 (location: C:\nscrev\branch-verify\Library\PackageCache\com.unity.ai.navigation@134dd6a3b97b)
    com.unity.collab-proxy@2.13.5 (location: C:\nscrev\branch-verify\Library\PackageCache\com.unity.collab-proxy@120d77864ebc)
    com.unity.inputsystem@1.14.0 (location: C:\nscrev\branch-verify\Library\PackageCache\com.unity.inputsystem@7fe8299111a7)
    com.unity.timeline@1.8.7 (location: C:\nscrev\branch-verify\Library\PackageCache\com.unity.timeline@c58b4ee65782)
    com.unity.visualscripting@1.9.7 (location: C:\nscrev\branch-verify\Library\PackageCache\com.unity.visualscripting@6279e2b7c485)
    com.unity.ide.visualstudio@2.0.23 (location: C:\nscrev\branch-verify\Library\PackageCache\com.unity.ide.visualstudio@198cdf337d13)
    com.unity.ide.rider@3.0.36 (location: C:\nscrev\branch-verify\Library\PackageCache\com.unity.ide.rider@4d374c7eb6db)
    com.unity.editorcoroutines@1.0.0 (location: C:\nscrev\branch-verify\Library\PackageCache\com.unity.editorcoroutines@7d48783e7b8c)
    com.unity.performance.profile-analyzer@1.2.3 (location: C:\nscrev\branch-verify\Library\PackageCache\com.unity.performance.profile-analyzer@a68e7bc84997)
    com.unity.testtools.codecoverage@1.2.6 (location: C:\nscrev\branch-verify\Library\PackageCache\com.unity.testtools.codecoverage@205a02cbcb39)
    com.unity.collections@2.6.8 (location: C:\nscrev\branch-verify\Library\PackageCache\com.unity.collections@84e8eb3fc12e)
    com.unity.settings-manager@2.1.0 (location: C:\nscrev\branch-verify\Library\PackageCache\com.unity.settings-manager@41738c275190)
    com.unity.burst@1.8.29 (location: C:\nscrev\branch-verify\Library\PackageCache\com.unity.burst@6bb9aca3ef38)
    com.unity.mathematics@1.3.2 (location: C:\nscrev\branch-verify\Library\PackageCache\com.unity.mathematics@8017b507cc74)
    com.unity.nuget.mono-cecil@1.11.6 (location: C:\nscrev\branch-verify\Library\PackageCache\com.unity.nuget.mono-cecil@ecb9724e46ff)
    com.unity.test-framework.performance@3.1.0 (location: C:\nscrev\branch-verify\Library\PackageCache\com.unity.test-framework.performance@92d1d09a72ed)
  Built-in packages:
    com.unity.2d.tilemap@1.0.0 (location: C:\nscrev\branch-verify\Library\PackageCache\com.unity.2d.tilemap@855769f9baae)
    com.unity.feature.development@1.0.2 (location: C:\nscrev\branch-verify\Library\PackageCache\com.unity.feature.development@767aadbc6eb7)
    com.unity.multiplayer.center@1.0.0 (location: C:\nscrev\branch-verify\Library\PackageCache\com.unity.multiplayer.center@f3fb577b3546)
    com.unity.ugui@2.0.0 (location: C:\nscrev\branch-verify\Library\PackageCache\com.unity.ugui@57cef44123c7)
    com.unity.modules.accessibility@1.0.0 (location: C:\Program Files\Unity\Hub\Editor\6000.1.8f1\Editor\Data\Resources\PackageManager\BuiltInPackages\com.unity.modules.accessibility)
    com.unity.modules.ai@1.0.0 (location: C:\Program Files\Unity\Hub\Editor\6000.1.8f1\Editor\Data\Resources\PackageManager\BuiltInPackages\com.unity.modules.ai)
    com.unity.modules.androidjni@1.0.0 (location: C:\Program Files\Unity\Hub\Editor\6000.1.8f1\Editor\Data\Resources\PackageManager\BuiltInPackages\com.unity.modules.androidjni)
    com.unity.modules.animation@1.0.0 (location: C:\Program Files\Unity\Hub\Editor\6000.1.8f1\Editor\Data\Resources\PackageManager\BuiltInPackages\com.unity.modules.animation)
    com.unity.modules.assetbundle@1.0.0 (location: C:\Program Files\Unity\Hub\Editor\6000.1.8f1\Editor\Data\Resources\PackageManager\BuiltInPackages\com.unity.modules.assetbundle)
    com.unity.modules.audio@1.0.0 (location: C:\Program Files\Unity\Hub\Editor\6000.1.8f1\Editor\Data\Resources\PackageManager\BuiltInPackages\com.unity.modules.audio)
    com.unity.modules.cloth@1.0.0 (location: C:\Program Files\Unity\Hub\Editor\6000.1.8f1\Editor\Data\Resources\PackageManager\BuiltInPackages\com.unity.modules.cloth)
    com.unity.modules.director@1.0.0 (location: C:\Program Files\Unity\Hub\Editor\6000.1.8f1\Editor\Data\Resources\PackageManager\BuiltInPackages\com.unity.modules.director)
    com.unity.modules.imageconversion@1.0.0 (location: C:\Program Files\Unity\Hub\Editor\6000.1.8f1\Editor\Data\Resources\PackageManager\BuiltInPackages\com.unity.modules.imageconversion)
    com.unity.modules.imgui@1.0.0 (location: C:\Program Files\Unity\Hub\Editor\6000.1.8f1\Editor\Data\Resources\PackageManager\BuiltInPackages\com.unity.modules.imgui)
    com.unity.modules.jsonserialize@1.0.0 (location: C:\Program Files\Unity\Hub\Editor\6000.1.8f1\Editor\Data\Resources\PackageManager\BuiltInPackages\com.unity.modules.jsonserialize)
    com.unity.modules.particlesystem@1.0.0 (location: C:\Program Files\Unity\Hub\Editor\6000.1.8f1\Editor\Data\Resources\PackageManager\BuiltInPackages\com.unity.modules.particlesystem)
    com.unity.modules.physics@1.0.0 (location: C:\Program Files\Unity\Hub\Editor\6000.1.8f1\Editor\Data\Resources\PackageManager\BuiltInPackages\com.unity.modules.physics)
    com.unity.modules.physics2d@1.0.0 (location: C:\Program Files\Unity\Hub\Editor\6000.1.8f1\Editor\Data\Resources\PackageManager\BuiltInPackages\com.unity.modules.physics2d)
    com.unity.modules.screencapture@1.0.0 (location: C:\Program Files\Unity\Hub\Editor\6000.1.8f1\Editor\Data\Resources\PackageManager\BuiltInPackages\com.unity.modules.screencapture)
    com.unity.modules.terrain@1.0.0 (location: C:\Program Files\Unity\Hub\Editor\6000.1.8f1\Editor\Data\Resources\PackageManager\BuiltInPackages\com.unity.modules.terrain)
    com.unity.modules.terrainphysics@1.0.0 (location: C:\Program Files\Unity\Hub\Editor\6000.1.8f1\Editor\Data\Resources\PackageManager\BuiltInPackages\com.unity.modules.terrainphysics)
    com.unity.modules.tilemap@1.0.0 (location: C:\Program Files\Unity\Hub\Editor\6000.1.8f1\Editor\Data\Resources\PackageManager\BuiltInPackages\com.unity.modules.tilemap)
    com.unity.modules.ui@1.0.0 (location: C:\Program Files\Unity\Hub\Editor\6000.1.8f1\Editor\Data\Resources\PackageManager\BuiltInPackages\com.unity.modules.ui)
    com.unity.modules.uielements@1.0.0 (location: C:\Program Files\Unity\Hub\Editor\6000.1.8f1\Editor\Data\Resources\PackageManager\BuiltInPackages\com.unity.modules.uielements)
    com.unity.modules.umbra@1.0.0 (location: C:\Program Files\Unity\Hub\Editor\6000.1.8f1\Editor\Data\Resources\PackageManager\BuiltInPackages\com.unity.modules.umbra)
    com.unity.modules.unityanalytics@1.0.0 (location: C:\Program Files\Unity\Hub\Editor\6000.1.8f1\Editor\Data\Resources\PackageManager\BuiltInPackages\com.unity.modules.unityanalytics)
    com.unity.modules.unitywebrequest@1.0.0 (location: C:\Program Files\Unity\Hub\Editor\6000.1.8f1\Editor\Data\Resources\PackageManager\BuiltInPackages\com.unity.modules.unitywebrequest)
    com.unity.modules.unitywebrequestassetbundle@1.0.0 (location: C:\Program Files\Unity\Hub\Editor\6000.1.8f1\Editor\Data\Resources\PackageManager\BuiltInPackages\com.unity.modules.unitywebrequestassetbundle)
    com.unity.modules.unitywebrequestaudio@1.0.0 (location: C:\Program Files\Unity\Hub\Editor\6000.1.8f1\Editor\Data\Resources\PackageManager\BuiltInPackages\com.unity.modules.unitywebrequestaudio)
    com.unity.modules.unitywebrequesttexture@1.0.0 (location: C:\Program Files\Unity\Hub\Editor\6000.1.8f1\Editor\Data\Resources\PackageManager\BuiltInPackages\com.unity.modules.unitywebrequesttexture)
    com.unity.modules.unitywebrequestwww@1.0.0 (location: C:\Program Files\Unity\Hub\Editor\6000.1.8f1\Editor\Data\Resources\PackageManager\BuiltInPackages\com.unity.modules.unitywebrequestwww)
    com.unity.modules.vehicles@1.0.0 (location: C:\Program Files\Unity\Hub\Editor\6000.1.8f1\Editor\Data\Resources\PackageManager\BuiltInPackages\com.unity.modules.vehicles)
    com.unity.modules.video@1.0.0 (location: C:\Program Files\Unity\Hub\Editor\6000.1.8f1\Editor\Data\Resources\PackageManager\BuiltInPackages\com.unity.modules.video)
    com.unity.modules.vr@1.0.0 (location: C:\Program Files\Unity\Hub\Editor\6000.1.8f1\Editor\Data\Resources\PackageManager\BuiltInPackages\com.unity.modules.vr)
    com.unity.modules.wind@1.0.0 (location: C:\Program Files\Unity\Hub\Editor\6000.1.8f1\Editor\Data\Resources\PackageManager\BuiltInPackages\com.unity.modules.wind)
    com.unity.modules.xr@1.0.0 (location: C:\Program Files\Unity\Hub\Editor\6000.1.8f1\Editor\Data\Resources\PackageManager\BuiltInPackages\com.unity.modules.xr)
    com.unity.modules.subsystems@1.0.0 (location: C:\Program Files\Unity\Hub\Editor\6000.1.8f1\Editor\Data\Resources\PackageManager\BuiltInPackages\com.unity.modules.subsystems)
    com.unity.modules.hierarchycore@1.0.0 (location: C:\Program Files\Unity\Hub\Editor\6000.1.8f1\Editor\Data\Resources\PackageManager\BuiltInPackages\com.unity.modules.hierarchycore)
    com.unity.test-framework@1.5.1 (location: C:\nscrev\branch-verify\Library\PackageCache\com.unity.test-framework@7056e7f856e9)
    com.unity.ext.nunit@2.0.5 (location: C:\nscrev\branch-verify\Library\PackageCache\com.unity.ext.nunit@031a54704bff)
[Physics::Module] Selected backend.
[Physics::Module] Name: PhysX
[Physics::Module] Id: 0xf2b8ea05
[Physics::Module] SDK Version: 4.1.2
[Physics::Module] Integration Version: 1.0.0
[Physics::Module] Threading Mode: Multi-Threaded
[Subsystems] No new subsystems found in resolved package list.
Package Manager log level set to [2]
[Package Manager] Done registering packages in 0.45 seconds
Artifact Garbage Collection - Removed 112 unused hashed content files
Refreshing native plugins compatible for Editor in 4.34 ms, found 4 plugins.
Preloading 0 native plugins for Editor in 0.00 ms.
Initialize engine version: 6000.1.8f1 (2a5b1522e5ab)
[Subsystems] Discovering subsystems at path C:/Program Files/Unity/Hub/Editor/6000.1.8f1/Editor/Data/Resources/UnitySubsystems
[Subsystems] Discovering subsystems at path C:/nscrev/branch-verify/Assets
GfxDevice: creating device client; kGfxThreadingModeNonThreaded
Direct3D:
    Version:         Direct3D 12 [level 12.1]
    Renderer:        NVIDIA GeForce RTX 4070 Laptop GPU (ID=0x2820)
    Vendor:          NVIDIA
    VRAM:            7948 MB
    App VRAM Budget: 7180 MB
    Driver:          32.0.15.9658
[Licensing::Client] Successfully resolved entitlement details
Initialize mono
Mono path[0] = 'C:/Program Files/Unity/Hub/Editor/6000.1.8f1/Editor/Data/Managed'
Mono path[1] = 'C:/Program Files/Unity/Hub/Editor/6000.1.8f1/Editor/Data/MonoBleedingEdge/lib/mono/unityjit-win32'
Mono config path = 'C:/Program Files/Unity/Hub/Editor/6000.1.8f1/Editor/Data/MonoBleedingEdge/etc'
Using monoOptions --debugger-agent=transport=dt_socket,embedding=1,server=y,suspend=n,address=127.0.0.1:56160
Using cacheserver namespaces - metadata:defaultmetadata, artifacts:defaultartifacts
Using cacheserver namespaces - metadata:defaultmetadata, artifacts:defaultartifacts
ImportWorker Server TCP listen port: 0
AcceleratorClientConnectionCallback - disconnected - :0
Begin MonoManager ReloadAssembly
Registering precompiled unity dll's ...
Register platform support module: C:/Program Files/Unity/Hub/Editor/6000.1.8f1/Editor/Data/PlaybackEngines/WebGLSupport/UnityEditor.WebGL.Extensions.dll
Register platform support module: C:/Program Files/Unity/Hub/Editor/6000.1.8f1/Editor/Data/PlaybackEngines/WindowsStandaloneSupport/UnityEditor.WindowsStandalone.Extensions.dll
Registered in 0.002836 seconds.
- Loaded All Assemblies, in  0.450 seconds
Native extension for WindowsStandalone target not found
Native extension for WebGL target not found
Mono: successfully reloaded assembly
- Finished resetting the current domain, in  0.362 seconds
Domain Reload Profiling: 808ms
	BeginReloadAssembly (173ms)
		ExecutionOrderSort (0ms)
		DisableScriptedObjects (0ms)
		BackupInstance (0ms)
		ReleaseScriptingObjects (0ms)
		CreateAndSetChildDomain (2ms)
	RebuildCommonClasses (35ms)
	RebuildNativeTypeToScriptingClass (13ms)
	initialDomainReloadingComplete (59ms)
	LoadAllAssembliesAndSetupDomain (165ms)
		LoadAssemblies (165ms)
		RebuildTransferFunctionScriptingTraits (0ms)
		AnalyzeDomain (161ms)
			TypeCache.Refresh (160ms)
				TypeCache.ScanAssembly (147ms)
			BuildScriptInfoCaches (0ms)
			ResolveRequiredComponents (1ms)
	FinalizeReload (363ms)
		ReleaseScriptCaches (0ms)
		RebuildScriptCaches (0ms)
		SetupLoadedEditorAssemblies (324ms)
			LogAssemblyErrors (0ms)
			InitializePlatformSupportModulesInManaged (62ms)
			SetLoadedEditorAssemblies (5ms)
			BeforeProcessingInitializeOnLoad (62ms)
			ProcessInitializeOnLoadAttributes (131ms)
			ProcessInitializeOnLoadMethodAttributes (63ms)
			AfterProcessingInitializeOnLoad (0ms)
			EditorAssembliesLoaded (0ms)
		ExecutionOrderSort2 (0ms)
		AwakeInstancesAfterBackupRestoration (0ms)
[Licensing::Client] Successfully resolved entitlement details
Application.AssetDatabase Initial Refresh Start
info: Microsoft.Hosting.Lifetime[14]
      Now listening on: http://localhost:80
info: Microsoft.Hosting.Lifetime[0]
      Application started. Press Ctrl+C to shut down.
info: Microsoft.Hosting.Lifetime[0]
      Hosting environment: Production
info: Microsoft.Hosting.Lifetime[0]
      Content root path: C:\nscrev\branch-verify\
info: Microsoft.AspNetCore.Hosting.Diagnostics[1]
      Request starting HTTP/2 POST http://ilpp/UnityILPP.PostProcessing/Ping application/grpc -
info: Microsoft.AspNetCore.Routing.EndpointMiddleware[0]
      Executing endpoint 'gRPC - /UnityILPP.PostProcessing/Ping'
info: Microsoft.AspNetCore.Routing.EndpointMiddleware[1]
      Executed endpoint 'gRPC - /UnityILPP.PostProcessing/Ping'
info: Microsoft.AspNetCore.Hosting.Diagnostics[2]
      Request finished HTTP/2 POST http://ilpp/UnityILPP.PostProcessing/Ping application/grpc - - 200 - application/grpc 52.1634ms
Starting: C:\Program Files\Unity\Hub\Editor\6000.1.8f1\Editor\Data\bee_backend.exe --ipc --defer-dag-verification --dagfile="Library/Bee/1900b0aEDbg.dag" --continue-on-failure --profile="Library/Bee/backend1.traceevents" ScriptAssemblies
WorkingDir: C:/nscrev/branch-verify
info: Microsoft.AspNetCore.Hosting.Diagnostics[1]
      Request starting HTTP/2 POST http://ilpp/UnityILPP.PostProcessing/ConfigurePostProcessors application/grpc -
info: Microsoft.AspNetCore.Routing.EndpointMiddleware[0]
      Executing endpoint 'gRPC - /UnityILPP.PostProcessing/ConfigurePostProcessors'
warn: Unity.ILPP.Runner.PostProcessingAssemblyLoadContext[0]
      Assembly system.runtime.interopservices.windowsruntime has duplicate hint path. Ignoring "C:\Program Files\Unity\Hub\Editor\6000.1.8f1\Editor\Data\UnityReferenceAssemblies\unity-4.8-api\Facades\System.Runtime.InteropServices.WindowsRuntime.dll" in favor of "C:\Program Files\Unity\Hub\Editor\6000.1.8f1\Editor\Data\NetStandard\Extensions\2.0.0\System.Runtime.InteropServices.WindowsRuntime.dll"
warn: Unity.ILPP.Runner.PostProcessingAssemblyLoadContext[0]
      Assembly system.componentmodel.composition has duplicate hint path. Ignoring "C:\Program Files\Unity\Hub\Editor\6000.1.8f1\Editor\Data\UnityReferenceAssemblies\unity-4.8-api\System.ComponentModel.Composition.dll" in favor of "C:\Program Files\Unity\Hub\Editor\6000.1.8f1\Editor\Data\NetStandard\compat\2.1.0\shims\netfx\System.ComponentModel.Composition.dll"
DisplayProgressbar: Compiling Scripts
info: Unity.ILPP.Runner.PostProcessingAssemblyLoadContext[0]
      Resolved Unity.Burst.Cecil, Version=0.11.6.0, Culture=neutral, PublicKeyToken=50cebf1cceb9d05e with Library\PackageCache\com.unity.burst@6bb9aca3ef38\Unity.Burst.CodeGen\Unity.Burst.Cecil.dll
info: Unity.ILPP.Runner.PostProcessingAssemblyLoadContext[0]
      Resolved Mono.Cecil, Version=0.11.5.0, Culture=neutral, PublicKeyToken=50cebf1cceb9d05e with Library\PackageCache\com.unity.nuget.mono-cecil@ecb9724e46ff\Mono.Cecil.dll
info: Microsoft.AspNetCore.Routing.EndpointMiddleware[1]
      Executed endpoint 'gRPC - /UnityILPP.PostProcessing/ConfigurePostProcessors'
info: Microsoft.AspNetCore.Hosting.Diagnostics[2]
      Request finished HTTP/2 POST http://ilpp/UnityILPP.PostProcessing/ConfigurePostProcessors application/grpc - - 200 - application/grpc 56.9919ms
ExitCode: 0 Duration: 0s374ms
[577/728    0s] ILPP-Configuration Library/ilpp-configuration.nevergeneratedoutput
*** Tundra build success (0.33 seconds), 1 items updated, 728 evaluated
AssetDatabase: script compilation time: 0.984645s
Begin MonoManager ReloadAssembly
- Loaded All Assemblies, in  1.070 seconds
Refreshing native plugins compatible for Editor in 2.27 ms, found 4 plugins.
Native extension for WindowsStandalone target not found
Native extension for WebGL target not found
Refreshing native plugins compatible for Editor in 2.16 ms, found 4 plugins.
Mono: successfully reloaded assembly
- Finished resetting the current domain, in  4.987 seconds
Domain Reload Profiling: 6052ms
	BeginReloadAssembly (316ms)
		ExecutionOrderSort (0ms)
		DisableScriptedObjects (13ms)
		BackupInstance (0ms)
		ReleaseScriptingObjects (0ms)
		CreateAndSetChildDomain (139ms)
	RebuildCommonClasses (43ms)
	RebuildNativeTypeToScriptingClass (10ms)
	initialDomainReloadingComplete (34ms)
	LoadAllAssembliesAndSetupDomain (661ms)
		LoadAssemblies (542ms)
		RebuildTransferFunctionScriptingTraits (0ms)
		AnalyzeDomain (238ms)
			TypeCache.Refresh (192ms)
				TypeCache.ScanAssembly (181ms)
			BuildScriptInfoCaches (36ms)
			ResolveRequiredComponents (5ms)
	FinalizeReload (4988ms)
		ReleaseScriptCaches (0ms)
		RebuildScriptCaches (0ms)
		SetupLoadedEditorAssemblies (4775ms)
			LogAssemblyErrors (0ms)
			InitializePlatformSupportModulesInManaged (33ms)
			SetLoadedEditorAssemblies (5ms)
			BeforeProcessingInitializeOnLoad (247ms)
			ProcessInitializeOnLoadAttributes (4428ms)
			ProcessInitializeOnLoadMethodAttributes (52ms)
			AfterProcessingInitializeOnLoad (11ms)
			EditorAssembliesLoaded (0ms)
		ExecutionOrderSort2 (0ms)
		AwakeInstancesAfterBackupRestoration (14ms)
Start importing Assets/NoSafeCircle/DoorPrototype/Art/Wizard/Generated/Wizard_Masculine_White_walk_south-west.anim using Guid(30506471e884bf54fa863b663748012e) (NativeFormatImporter) -> (artifact id: '416893c1fa06a7113513fab00f5f0605') in 0.0205557 seconds
Start importing Assets/NoSafeCircle/DoorPrototype/Art/Wizard/Generated/Wizard_Feminine_White_walk_north-east.anim using Guid(8082b591b68e5ef4a89905d20d9d0c4c) (NativeFormatImporter) -> (artifact id: 'db9e15e65cfaef57e48d7f340cae395d') in 0.0022311 seconds
Start importing Assets/NoSafeCircle/DoorPrototype/Art/Wizard/Generated/Wizard_Feminine_Black_walk_north-west.anim using Guid(72332a3000f552f4f91ad3412153d01c) (NativeFormatImporter) -> (artifact id: '43b45ab0e2eefb2832131109fefa5ba2') in 0.0023222 seconds
Start importing Assets/NoSafeCircle/DoorPrototype/Art/Wizard/Generated/Wizard_Masculine_Black_walk_south-west.anim using Guid(72ae457a93eb234459c3362196a53f69) (NativeFormatImporter) -> (artifact id: 'e2b7624449087424a50998e096900d69') in 0.0029225 seconds
Start importing Assets/NoSafeCircle/DoorPrototype/Art/Wizard/Generated/Wizard_Masculine_Black_idle_south-west.anim using Guid(c25f1674d3647dc48af767d514f21035) (NativeFormatImporter) -> (artifact id: '8c31fffbeeb715a2379eb575fc551859') in 0.0021927 seconds
Start importing Assets/NoSafeCircle/DoorPrototype/Art/Wizard/Generated/Wizard_Feminine_Black_idle_north-west.anim using Guid(f361f02204528d1409ed0bb8ba3a11cf) (NativeFormatImporter) -> (artifact id: 'abb48686b9f877bfbb83f4eda8530846') in 0.0028907 seconds
Start importing Assets/NoSafeCircle/DoorPrototype/Art/Wizard/Generated/Wizard_Feminine_Black_walk_north-east.anim using Guid(1431d10fec45c5641a6381d12aa09fd5) (NativeFormatImporter) -> (artifact id: '3b6e72cbf7525107fe5d9b98640ca409') in 0.0026607 seconds
Start importing Assets/NoSafeCircle/DoorPrototype/Art/Wizard/Generated/Wizard_Feminine_Black_walk_south-west.anim using Guid(14b171285160a5e4f8a497ce88dac2e5) (NativeFormatImporter) -> (artifact id: '601bcc6a24053d7b04a8dd23d004a9f2') in 0.0022441 seconds
Start importing Assets/NoSafeCircle/DoorPrototype/Art/Wizard/Generated/Wizard_Feminine_White_idle_north-east.anim using Guid(e42d5fa15071bc84c9a2bc0955fc584b) (NativeFormatImporter) -> (artifact id: '260b9de38186044d25f0dc0c9dceb3d8') in 0.0018037 seconds
Start importing Assets/NoSafeCircle/DoorPrototype/Art/Wizard/Generated/Wizard_Feminine_White_walk_south-east.anim using Guid(f54a6762bb01e2b4694a7bdbb61dd759) (NativeFormatImporter) -> (artifact id: '903f11dd86bc821b78a0c5b99617a62e') in 0.0017167 seconds
Start importing Assets/NoSafeCircle/DoorPrototype/Art/Wizard/Generated/Wizard_Masculine_Black_walk_south-east.anim using Guid(468e8b10a6a848c4f9dfa20eb126eb05) (NativeFormatImporter) -> (artifact id: '28794b7035dc13f1a49c5afc91609044') in 0.0016438 seconds
Start importing Assets/NoSafeCircle/DoorPrototype/Art/Wizard/Generated/Wizard_Masculine_White_idle_north-west.anim using Guid(7652da59edab6324ea7b4b4a155a0f23) (NativeFormatImporter) -> (artifact id: 'e075ab36e0f071604e0e7c21fb613fdd') in 0.0019202 seconds
Start importing Assets/NoSafeCircle/DoorPrototype/Art/Wizard/Generated/Wizard_Masculine_White_idle_north-east.anim using Guid(b6d115ade9e83434da82a9731846674f) (NativeFormatImporter) -> (artifact id: '67f2aefddbac610a89591c03946a134e') in 0.0017841 seconds
Start importing Assets/NoSafeCircle/DoorPrototype/Art/Wizard/Generated/Wizard_Masculine_Black_idle_north-west.anim using Guid(d8d7214b5b33c7d45b473512f6a6b552) (NativeFormatImporter) -> (artifact id: '449ecb2195f8d69d263e38a062d578fb') in 0.00157 seconds
Start importing Assets/NoSafeCircle/DoorPrototype/Art/Wizard/Generated/Wizard_Masculine_White_idle_south-west.anim using Guid(b90d4c633bbf42942b6a77f242096ff0) (NativeFormatImporter) -> (artifact id: '5ff8966cc00a9aeeddc69984b9de0cd1') in 0.0017018 seconds
Start importing Assets/NoSafeCircle/DoorPrototype/Art/Wizard/Generated/Wizard_Feminine_White_walk_north-west.anim using Guid(1afdb32c71b21e843a556eec21a17728) (NativeFormatImporter) -> (artifact id: '2d6903c6f3c975f6c270cbba018e0ad2') in 0.001945 seconds
Start importing Assets/NoSafeCircle/DoorPrototype/Art/Wizard/Generated/Wizard_Masculine_Black_walk_north-east.anim using Guid(2a7e815becc7a98438a2be5a2def5b1f) (NativeFormatImporter) -> (artifact id: '0be081764047e74d813351406058b07a') in 0.0027679 seconds
Start importing Assets/NoSafeCircle/DoorPrototype/Art/Wizard/Generated/Wizard_Feminine_White_idle_south-west.anim using Guid(fa2edab4ad57a644397eccafb9507c05) (NativeFormatImporter) -> (artifact id: '3d61fed19063daa6938b8a1ca8c8c341') in 0.002204 seconds
Start importing Assets/NoSafeCircle/DoorPrototype/Art/Wizard/Generated/Wizard_Masculine_White_walk_south-east.anim using Guid(0b68bfc7a44c82e4b848f1456189e6aa) (NativeFormatImporter) -> (artifact id: 'f8e469078e49f010a433117801956da2') in 0.0022991 seconds
Start importing Assets/NoSafeCircle/DoorPrototype/Art/Wizard/Generated/Wizard_Feminine_White_idle_south-east.anim using Guid(bbda5a9de6368bb45a82e03ca9d6d1db) (NativeFormatImporter) -> (artifact id: '73370712b4cfda53df102c16131b1465') in 0.0024058 seconds
Start importing Assets/NoSafeCircle/DoorPrototype/Art/Wizard/Generated/Wizard_Feminine_White_idle_north-west.anim using Guid(6c175dc876e9f6c4ca6b4fbdc4e17bb4) (NativeFormatImporter) -> (artifact id: 'df1064b8e38022796b829c74f4261505') in 0.0025534 seconds
Start importing Assets/NoSafeCircle/DoorPrototype/Art/Wizard/Generated/Wizard_Feminine_Black_idle_south-east.anim using Guid(0dd27da7f0277cd4a8bd40abecd08b59) (NativeFormatImporter) -> (artifact id: 'aac8861a3adf965fdf3e3d23253aa6af') in 0.0025085 seconds
Start importing Assets/NoSafeCircle/DoorPrototype/Art/Wizard/Generated/Wizard_Masculine_Black_idle_south-east.anim using Guid(0d5325e7f66e52449aaf29755541897e) (NativeFormatImporter) -> (artifact id: '3dfe93c1a38f6d2429ed1fdf25f1cc77') in 0.002392 seconds
Start importing Assets/NoSafeCircle/DoorPrototype/Art/Wizard/Generated/Wizard_Feminine_Black_walk_south-east.anim using Guid(ed25b7f324d907c43bae3068122da65f) (NativeFormatImporter) -> (artifact id: 'f292f35364512579c4746dae13596512') in 0.0020562 seconds
Start importing Assets/NoSafeCircle/DoorPrototype/Art/Wizard/Generated/Wizard_Masculine_White_walk_north-east.anim using Guid(edec638159a30d14d89e481308982594) (NativeFormatImporter) -> (artifact id: 'd7e16c86bb3555c5a55c90aa2760e3b1') in 0.0022583 seconds
Start importing Assets/NoSafeCircle/DoorPrototype/Art/Wizard/Generated/Wizard_Feminine_Black_idle_north-east.anim using Guid(6e96856c748dc8749a34e5d581109c72) (NativeFormatImporter) -> (artifact id: '013a209a22e9835ec05f58dfc32d5415') in 0.002128 seconds
Start importing Assets/NoSafeCircle/DoorPrototype/Art/Wizard/Generated/Wizard_Masculine_White_walk_north-west.anim using Guid(9e420108d6d789c42829311a3496c981) (NativeFormatImporter) -> (artifact id: '30ec0a83067c3b68e61836bbb613432c') in 0.0081453 seconds
Start importing Assets/NoSafeCircle/DoorPrototype/Art/Wizard/Generated/Wizard_Feminine_White_walk_south-west.anim using Guid(ce4f2cf7f6f25e9418c755199a0badd5) (NativeFormatImporter) -> (artifact id: 'eaa8d369b3827567771c53fd000dbd81') in 0.0021094 seconds
Start importing Assets/NoSafeCircle/DoorPrototype/Art/Wizard/Generated/Wizard_Masculine_Black_idle_north-east.anim using Guid(ee4ee09f1862ff143b0c7acc9bc465fb) (NativeFormatImporter) -> (artifact id: 'a29de9204de742fa9b0e706225e5750a') in 0.0028262 seconds
Start importing Assets/NoSafeCircle/DoorPrototype/Art/Wizard/Generated/Wizard_Masculine_White_idle_south-east.anim using Guid(7f5e5cd45c65ffc4faa8d0f76ea96f2b) (NativeFormatImporter) -> (artifact id: '728369d3db9737e80498b7f1f93fb7a5') in 0.0023381 seconds
Start importing Assets/NoSafeCircle/DoorPrototype/Art/Wizard/Generated/Wizard_Feminine_Black_idle_south-west.anim using Guid(bf261637b1d7d8d4ab5e51947309c429) (NativeFormatImporter) -> (artifact id: 'c5a3acbbd6e027cb775102fa1fd90e1b') in 0.002298 seconds
Start importing Assets/NoSafeCircle/DoorPrototype/Art/Wizard/Generated/Wizard_Masculine_Black_walk_north-west.anim using Guid(ffa34882f71fcbf4b8faf50c3d8281e4) (NativeFormatImporter) -> (artifact id: 'fea57c4336216f0a423a38de4eb8a7df') in 0.0021291 seconds
Start importing Assets/NoSafeCircle/DoorPrototype/Generated/ArchitecturalTiles/ArchitecturalBorderTile.asset using Guid(b6f0160d5f52f704b860d04529cf5d13) (NativeFormatImporter) -> (artifact id: 'f905d21cc0a20c734c2859947b699e54') in 0.0057737 seconds
Start importing Assets/NoSafeCircle/DoorPrototype/Generated/ArchitecturalTiles/WallTile.asset using Guid(4a2a3879e8507b543b68d9eef20db2a9) (NativeFormatImporter) -> (artifact id: 'fe537ca5e3307c79c5c2495ea55600f6') in 0.0023235 seconds
Start importing Assets/NoSafeCircle/DoorPrototype/Generated/ArchitecturalTiles/FloorTile.asset using Guid(ef41a67a8bf6c9448b0f1e0732b60b4b) (NativeFormatImporter) -> (artifact id: '2f784d16dab29528e4b74975dd13410a') in 0.0051931 seconds
Refreshing native plugins compatible for Editor in 2.45 ms, found 4 plugins.
Preloading 0 native plugins for Editor in 0.00 ms.
Asset Pipeline Refresh (id=e89a3c3d09951274181e03394fca1c29): Total: 8.077 seconds - Initiated by InitialRefreshV2(ForceSynchronousImport)
	Summary:
		Imports: total=35 (actual=35, local cache=0, cache server=0)
		Asset DB Process Time: managed=12 ms, native=5679 ms
		Asset DB Callback time: managed=209 ms, native=7 ms
		Scripting: domain reloads=1, domain reload time=1070 ms, compile time=987 ms, other=110 ms
		Project Asset Count: scripts=1003, non-scripts=1661
		Asset File Changes: new=0, changed=35, moved=0, deleted=0
		Scan Filter Count: 0
	InvokeCustomDependenciesCallbacks: 0.001ms
	InvokePackagesCallback: 2.678ms
	ApplyChangesToAssetFolders: 0.538ms
	Scan: 255.616ms
	OnSourceAssetsModified: 0.962ms
	CategorizeAssetsWithTransientArtifact: 51.890ms
	ProcessAssetsWithTransientArtifactChanges: 49.337ms
	CategorizeAssets: 29.343ms
	ImportOutOfDateAssets: 5121.627ms (4010.039ms without children)
		ImportManagerImport: 123.152ms (3.329ms without children)
			ImportInProcess: 119.557ms
			UpdateCategorizedAssets: 0.266ms
		CompileScripts: 987.421ms
		ReloadNativeAssets: 0.001ms
		UnloadImportedAssets: 0.176ms
		ReloadImportedAssets: 0.004ms
		EnsureUptoDateAssetsAreRegisteredWithGuidPM: 0.410ms
		InitializingProgressBar: 0.009ms
		PostProcessAllAssetNotificationsAddChangedAssets: 0.000ms
		OnDemandSchedulerStart: 0.416ms
	PostProcessAllAssets: 210.869ms
	Hotreload: 3.983ms
	GatherAllCurrentPrimaryArtifactRevisions: 0.001ms
	UnloadStreamsBegin: 0.232ms
	PersistCurrentRevisions: 0.317ms
	UnloadStreamsEnd: 0.001ms
	GenerateScriptTypeHashes: 2.349ms
	Untracked: 2349.933ms

Application.AssetDatabase Initial Refresh End
Launched and connected shader compiler UnityShaderCompiler.exe after 0.01 seconds
Scanning for USB devices : 2.712ms
Initializing Unity extensions:
[Licensing::Client] Successfully resolved entitlement details
[MODES] ModeService[none].Initialize
[MODES] ModeService[none].LoadModes
[MODES] Loading mode Default (0) for mode-current-id-NoSafeCircle
Unloading 3 Unused Serialized files (Serialized files now loaded: 0)
Unloading 5040 unused Assets / (2.1 MB). Loaded Objects now: 5543.
Memory consumption went from 144.9 MB to 142.8 MB.
Total: 10.906600 ms (FindLiveObjects: 0.461900 ms CreateObjectMapping: 0.232600 ms MarkObjects: 7.659600 ms  DeleteObjects: 2.551200 ms)

Opening scene 'Assets/Scenes/DoorPrototype.unity'
Unloading 8 Unused Serialized files (Serialized files now loaded: 0)
Loaded scene 'Assets/Scenes/DoorPrototype.unity'
	Deserialize:            23.819 ms
	Integration:            287.436 ms
	Integration of assets:  1.160 ms
	Thread Wait Time:       0.290 ms
	Total Operation Time:   312.704 ms
Unloading 2 unused Assets / (1.0 KB). Loaded Objects now: 7063.
Memory consumption went from 140.5 MB to 140.5 MB.
Total: 6.532600 ms (FindLiveObjects: 0.398700 ms CreateObjectMapping: 0.122300 ms MarkObjects: 5.973000 ms  DeleteObjects: 0.037400 ms)

Start importing Assets/NoSafeCircle/DoorPrototype/Generated/ArchitecturalTiles/FloorTile.asset using Guid(ef41a67a8bf6c9448b0f1e0732b60b4b) (NativeFormatImporter) -> (artifact id: '8b334d15e1336fd9e322154e8a630edd') in 0.0031749 seconds
Refreshing native plugins compatible for Editor in 3.29 ms, found 4 plugins.
Preloading 0 native plugins for Editor in 0.00 ms.
Asset Pipeline Refresh (id=ace362f4feb867340ac3175f6d493705): Total: 0.042 seconds - Initiated by StopAssetImportingV2(NoUpdateAssetOptions)
Start importing Assets/NoSafeCircle/DoorPrototype/Generated/ArchitecturalTiles/WallTile.asset using Guid(4a2a3879e8507b543b68d9eef20db2a9) (NativeFormatImporter) -> (artifact id: '9889d248879caee1dcc9f51a81f4e5c8') in 0.0035082 seconds
Refreshing native plugins compatible for Editor in 2.22 ms, found 4 plugins.
Preloading 0 native plugins for Editor in 0.00 ms.
Asset Pipeline Refresh (id=2938b277416759a45803c716ed67e200): Total: 0.023 seconds - Initiated by StopAssetImportingV2(NoUpdateAssetOptions)
Start importing Assets/NoSafeCircle/DoorPrototype/Generated/ArchitecturalTiles/ArchitecturalBorderTile.asset using Guid(b6f0160d5f52f704b860d04529cf5d13) (NativeFormatImporter) -> (artifact id: '8f16ab88feb1039035acb4c2e6897446') in 0.0035841 seconds
Refreshing native plugins compatible for Editor in 2.89 ms, found 4 plugins.
Preloading 0 native plugins for Editor in 0.00 ms.
Asset Pipeline Refresh (id=1524fa8a1662a9a4bae7f102aa0d91b7): Total: 0.025 seconds - Initiated by StopAssetImportingV2(NoUpdateAssetOptions)
Opening scene 'Assets/Scenes/Rooms/RuinedEntry.unity additively'
Loaded scene 'Assets/Scenes/Rooms/RuinedEntry.unity'
	Deserialize:            10.508 ms
	Integration:            2.890 ms
	Integration of assets:  0.004 ms
	Thread Wait Time:       0.048 ms
	Total Operation Time:   13.450 ms
Opening scene 'Assets/Scenes/Rooms/BoneArchive.unity additively'
Loaded scene 'Assets/Scenes/Rooms/BoneArchive.unity'
	Deserialize:            2.531 ms
	Integration:            0.325 ms
	Integration of assets:  0.013 ms
	Thread Wait Time:       0.021 ms
	Total Operation Time:   2.889 ms
Opening scene 'Assets/Scenes/Rooms/ChapelOfAsh.unity additively'
Loaded scene 'Assets/Scenes/Rooms/ChapelOfAsh.unity'
	Deserialize:            2.786 ms
	Integration:            0.398 ms
	Integration of assets:  0.021 ms
	Thread Wait Time:       0.015 ms
	Total Operation Time:   3.221 ms
Opening scene 'Assets/Scenes/Rooms/LowerVault.unity additively'
Loaded scene 'Assets/Scenes/Rooms/LowerVault.unity'
	Deserialize:            2.852 ms
	Integration:            0.438 ms
	Integration of assets:  0.035 ms
	Thread Wait Time:       0.018 ms
	Total Operation Time:   3.342 ms
Opening scene 'Assets/Scenes/Rooms/FinalRoom.unity additively'
Loaded scene 'Assets/Scenes/Rooms/FinalRoom.unity'
	Deserialize:            2.682 ms
	Integration:            0.414 ms
	Integration of assets:  0.030 ms
	Thread Wait Time:       0.015 ms
	Total Operation Time:   3.141 ms
Start importing Assets/NoSafeCircle/DoorPrototype/Art/Wizard/Source/PixelLab/masculine-light/selected/standing/north.png using Guid(91c375ee4e2b5704283a23738abe263d) (TextureImporter) -> (artifact id: '96448a2c792be8924e457b98214b93b2') in 0.0083148 seconds
Refreshing native plugins compatible for Editor in 2.46 ms, found 4 plugins.
Preloading 0 native plugins for Editor in 0.00 ms.
Asset Pipeline Refresh (id=b869fe7085c7bb546864959904f135b0): Total: 0.041 seconds - Initiated by StopAssetImportingV2(NoUpdateAssetOptions)
Start importing Assets/NoSafeCircle/DoorPrototype/Art/Wizard/Source/PixelLab/masculine-light/selected/standing/north.png using Guid(91c375ee4e2b5704283a23738abe263d) (TextureImporter) -> (artifact id: '96448a2c792be8924e457b98214b93b2') in 0.004512 seconds
Refreshing native plugins compatible for Editor in 3.22 ms, found 4 plugins.
Preloading 0 native plugins for Editor in 0.00 ms.
Asset Pipeline Refresh (id=505ff7f7a3e132845a876e9454c19419): Total: 0.024 seconds - Initiated by StopAssetImportingV2(NoUpdateAssetOptions)
Start importing Assets/NoSafeCircle/DoorPrototype/Art/Wizard/Source/PixelLab/masculine-light/selected/standing/north-east.png using Guid(5e344f0605b848f42982320da2ee30b0) (TextureImporter) -> (artifact id: 'ec982e4bc7fed084f720d63c08bf00ff') in 0.005952 seconds
Refreshing native plugins compatible for Editor in 2.23 ms, found 4 plugins.
Preloading 0 native plugins for Editor in 0.00 ms.
Asset Pipeline Refresh (id=311a594f4dc5a2c43afad3cb0dc50660): Total: 0.024 seconds - Initiated by StopAssetImportingV2(NoUpdateAssetOptions)
Start importing Assets/NoSafeCircle/DoorPrototype/Art/Wizard/Source/PixelLab/masculine-light/selected/standing/north-east.png using Guid(5e344f0605b848f42982320da2ee30b0) (TextureImporter) -> (artifact id: 'ec982e4bc7fed084f720d63c08bf00ff') in 0.0043463 seconds
Refreshing native plugins compatible for Editor in 2.22 ms, found 4 plugins.
Preloading 0 native plugins for Editor in 0.00 ms.
Asset Pipeline Refresh (id=1b38d01bb50af0a4eada080138144a34): Total: 0.022 seconds - Initiated by StopAssetImportingV2(NoUpdateAssetOptions)
Start importing Assets/NoSafeCircle/DoorPrototype/Art/Wizard/Source/PixelLab/masculine-light/selected/standing/east.png using Guid(855cc5850577ad643b9c96440c146d49) (TextureImporter) -> (artifact id: '7f0e84f20008e25dc5b67bc5f3c416a1') in 0.0048558 seconds
Refreshing native plugins compatible for Editor in 2.23 ms, found 4 plugins.
Preloading 0 native plugins for Editor in 0.00 ms.
Asset Pipeline Refresh (id=94095cfb68518404aba0c2d409178bc5): Total: 0.023 seconds - Initiated by StopAssetImportingV2(NoUpdateAssetOptions)
Start importing Assets/NoSafeCircle/DoorPrototype/Art/Wizard/Source/PixelLab/masculine-light/selected/standing/east.png using Guid(855cc5850577ad643b9c96440c146d49) (TextureImporter) -> (artifact id: '7f0e84f20008e25dc5b67bc5f3c416a1') in 0.0056315 seconds
Refreshing native plugins compatible for Editor in 2.23 ms, found 4 plugins.
Preloading 0 native plugins for Editor in 0.00 ms.
Asset Pipeline Refresh (id=df6f7dc89e520e947be7bbb752da87d4): Total: 0.025 seconds - Initiated by StopAssetImportingV2(NoUpdateAssetOptions)
Start importing Assets/NoSafeCircle/DoorPrototype/Art/Wizard/Source/PixelLab/masculine-light/selected/standing/south-east.png using Guid(ba32e804c3c549e43aa53b4a61cad7be) (TextureImporter) -> (artifact id: 'ea93765076be854a0d811904ff9cb21e') in 0.0064167 seconds
Refreshing native plugins compatible for Editor in 2.17 ms, found 4 plugins.
Preloading 0 native plugins for Editor in 0.00 ms.
Asset Pipeline Refresh (id=ccbf685b0d60fe147bbca64b3aa67a1a): Total: 0.031 seconds - Initiated by StopAssetImportingV2(NoUpdateAssetOptions)
Start importing Assets/NoSafeCircle/DoorPrototype/Art/Wizard/Source/PixelLab/masculine-light/selected/standing/south-east.png using Guid(ba32e804c3c549e43aa53b4a61cad7be) (TextureImporter) -> (artifact id: 'ea93765076be854a0d811904ff9cb21e') in 0.0062593 seconds
Refreshing native plugins compatible for Editor in 2.13 ms, found 4 plugins.
Preloading 0 native plugins for Editor in 0.00 ms.
Asset Pipeline Refresh (id=5afaf19ef91e52244b280e2f353740b2): Total: 0.025 seconds - Initiated by StopAssetImportingV2(NoUpdateAssetOptions)
Start importing Assets/NoSafeCircle/DoorPrototype/Art/Wizard/Source/PixelLab/masculine-light/selected/standing/south.png using Guid(afd38f6e75ecac9469a8b9b3c8c5d9cf) (TextureImporter) -> (artifact id: 'f7eb6b563561967fe09ab157fb12abe3') in 0.005359 seconds
Refreshing native plugins compatible for Editor in 2.16 ms, found 4 plugins.
Preloading 0 native plugins for Editor in 0.00 ms.
Asset Pipeline Refresh (id=e952a3ad0f90d964592352faa59f4070): Total: 0.023 seconds - Initiated by StopAssetImportingV2(NoUpdateAssetOptions)
Start importing Assets/NoSafeCircle/DoorPrototype/Art/Wizard/Source/PixelLab/masculine-light/selected/standing/south.png using Guid(afd38f6e75ecac9469a8b9b3c8c5d9cf) (TextureImporter) -> (artifact id: 'f7eb6b563561967fe09ab157fb12abe3') in 0.0060822 seconds
Refreshing native plugins compatible for Editor in 4.34 ms, found 4 plugins.
Preloading 0 native plugins for Editor in 0.00 ms.
Asset Pipeline Refresh (id=9ae0d0c409aa53f4887c63e67ba3f46c): Total: 0.028 seconds - Initiated by StopAssetImportingV2(NoUpdateAssetOptions)
Start importing Assets/NoSafeCircle/DoorPrototype/Art/Wizard/Source/PixelLab/masculine-light/selected/standing/south-west.png using Guid(f1200e2de20b94f4e82a8b06bf3373e4) (TextureImporter) -> (artifact id: 'f06271d46522c0dc62f99fe3e8e175c7') in 0.0058013 seconds
Refreshing native plugins compatible for Editor in 2.48 ms, found 4 plugins.
Preloading 0 native plugins for Editor in 0.00 ms.
Asset Pipeline Refresh (id=c98058d855693ca4bb8aa000365b04b7): Total: 0.028 seconds - Initiated by StopAssetImportingV2(NoUpdateAssetOptions)
Start importing Assets/NoSafeCircle/DoorPrototype/Art/Wizard/Source/PixelLab/masculine-light/selected/standing/south-west.png using Guid(f1200e2de20b94f4e82a8b06bf3373e4) (TextureImporter) -> (artifact id: 'f06271d46522c0dc62f99fe3e8e175c7') in 0.0049416 seconds
Refreshing native plugins compatible for Editor in 2.59 ms, found 4 plugins.
Preloading 0 native plugins for Editor in 0.00 ms.
Asset Pipeline Refresh (id=8c7f268897d50da4b8aa6efa9a94b77d): Total: 0.026 seconds - Initiated by StopAssetImportingV2(NoUpdateAssetOptions)
Start importing Assets/NoSafeCircle/DoorPrototype/Art/Wizard/Source/PixelLab/masculine-light/selected/standing/west.png using Guid(fcab85bd8cb12954790ec61cad798011) (TextureImporter) -> (artifact id: '619a549616710f6f8c18f4ec9fe9cae1') in 0.0053702 seconds
Refreshing native plugins compatible for Editor in 3.30 ms, found 4 plugins.
Preloading 0 native plugins for Editor in 0.00 ms.
Asset Pipeline Refresh (id=ee39fc7236540304bbf7bc4834c62f36): Total: 0.029 seconds - Initiated by StopAssetImportingV2(NoUpdateAssetOptions)
Start importing Assets/NoSafeCircle/DoorPrototype/Art/Wizard/Source/PixelLab/masculine-light/selected/standing/west.png using Guid(fcab85bd8cb12954790ec61cad798011) (TextureImporter) -> (artifact id: '619a549616710f6f8c18f4ec9fe9cae1') in 0.0044751 seconds
Refreshing native plugins compatible for Editor in 2.28 ms, found 4 plugins.
Preloading 0 native plugins for Editor in 0.00 ms.
Asset Pipeline Refresh (id=341b1339f6b73f14191a1cc37c4c2df6): Total: 0.025 seconds - Initiated by StopAssetImportingV2(NoUpdateAssetOptions)
Start importing Assets/NoSafeCircle/DoorPrototype/Art/Wizard/Source/PixelLab/masculine-light/selected/standing/north-west.png using Guid(90987ee35d8dc3942b6c07b1e7be561d) (TextureImporter) -> (artifact id: '936478f301bed31f876bed28e8f38b64') in 0.008292 seconds
Refreshing native plugins compatible for Editor in 2.73 ms, found 4 plugins.
Preloading 0 native plugins for Editor in 0.00 ms.
Asset Pipeline Refresh (id=fb8e0eb81135b7c4188021727f3999e8): Total: 0.032 seconds - Initiated by StopAssetImportingV2(NoUpdateAssetOptions)
Start importing Assets/NoSafeCircle/DoorPrototype/Art/Wizard/Source/PixelLab/masculine-light/selected/standing/north-west.png using Guid(90987ee35d8dc3942b6c07b1e7be561d) (TextureImporter) -> (artifact id: '936478f301bed31f876bed28e8f38b64') in 0.0061933 seconds
Refreshing native plugins compatible for Editor in 2.68 ms, found 4 plugins.
Preloading 0 native plugins for Editor in 0.00 ms.
Asset Pipeline Refresh (id=24935ee3c047d464a9559bd486f44a86): Total: 0.031 seconds - Initiated by StopAssetImportingV2(NoUpdateAssetOptions)
Start importing Assets/NoSafeCircle/DoorPrototype/Art/Wizard/Source/PixelLab/masculine-light/selected/standing/north.png using Guid(91c375ee4e2b5704283a23738abe263d) (TextureImporter) -> (artifact id: '96448a2c792be8924e457b98214b93b2') in 0.0079027 seconds
Refreshing native plugins compatible for Editor in 3.02 ms, found 4 plugins.
Preloading 0 native plugins for Editor in 0.00 ms.
Asset Pipeline Refresh (id=455ed32f8f7f56d4dbe0275dda926e9d): Total: 0.035 seconds - Initiated by StopAssetImportingV2(NoUpdateAssetOptions)
Start importing Assets/NoSafeCircle/DoorPrototype/Art/Wizard/Source/PixelLab/masculine-light/selected/standing/north.png using Guid(91c375ee4e2b5704283a23738abe263d) (TextureImporter) -> (artifact id: '96448a2c792be8924e457b98214b93b2') in 0.0073907 seconds
Refreshing native plugins compatible for Editor in 2.21 ms, found 4 plugins.
Preloading 0 native plugins for Editor in 0.00 ms.
Asset Pipeline Refresh (id=191c48da02d28be418290c534fcc67f1): Total: 0.032 seconds - Initiated by StopAssetImportingV2(NoUpdateAssetOptions)
Start importing Assets/NoSafeCircle/DoorPrototype/Art/Wizard/Generated/Wizard_Masculine_White_idle_north.anim using Guid(216d2ed55c73b3d44be8c802857d0ad4) (NativeFormatImporter) -> (artifact id: '608ade622e788a860a6f28b0bfc3dd1f') in 0.0033145 seconds
Refreshing native plugins compatible for Editor in 2.25 ms, found 4 plugins.
Preloading 0 native plugins for Editor in 0.00 ms.
Asset Pipeline Refresh (id=8701bba034c1ffb4ba896e5b0140de56): Total: 0.030 seconds - Initiated by StopAssetImportingV2(NoUpdateAssetOptions)
Start importing Assets/NoSafeCircle/DoorPrototype/Art/Wizard/Source/PixelLab/masculine-light/selected/walk/north/frame_000.png using Guid(5c6239b09a01ecae426d1622ae9b4750) (TextureImporter) -> (artifact id: '7cb9bbe8d3aa084d9d580b44b1a94212') in 0.0043706 seconds
Refreshing native plugins compatible for Editor in 2.16 ms, found 4 plugins.
Preloading 0 native plugins for Editor in 0.00 ms.
Asset Pipeline Refresh (id=9f07416dd3721ab408b041c4fdc36e6a): Total: 0.023 seconds - Initiated by StopAssetImportingV2(NoUpdateAssetOptions)
Start importing Assets/NoSafeCircle/DoorPrototype/Art/Wizard/Source/PixelLab/masculine-light/selected/walk/north/frame_000.png using Guid(5c6239b09a01ecae426d1622ae9b4750) (TextureImporter) -> (artifact id: '7cb9bbe8d3aa084d9d580b44b1a94212') in 0.0054241 seconds
Refreshing native plugins compatible for Editor in 3.17 ms, found 4 plugins.
Preloading 0 native plugins for Editor in 0.00 ms.
Asset Pipeline Refresh (id=3acf6a1c25333fd4ca878f3095055754): Total: 0.028 seconds - Initiated by StopAssetImportingV2(NoUpdateAssetOptions)
Start importing Assets/NoSafeCircle/DoorPrototype/Art/Wizard/Source/PixelLab/masculine-light/selected/walk/north/frame_001.png using Guid(5c49559a87b50be50a7f345f4c08c036) (TextureImporter) -> (artifact id: 'e1442ef9a8e9be3eb84a5ae82ba10801') in 0.0050837 seconds
Refreshing native plugins compatible for Editor in 2.37 ms, found 4 plugins.
Preloading 0 native plugins for Editor in 0.00 ms.
Asset Pipeline Refresh (id=488498b42a7e29549a49f66b42c48706): Total: 0.023 seconds - Initiated by StopAssetImportingV2(NoUpdateAssetOptions)
Start importing Assets/NoSafeCircle/DoorPrototype/Art/Wizard/Source/PixelLab/masculine-light/selected/walk/north/frame_001.png using Guid(5c49559a87b50be50a7f345f4c08c036) (TextureImporter) -> (artifact id: 'e1442ef9a8e9be3eb84a5ae82ba10801') in 0.0064351 seconds
Refreshing native plugins compatible for Editor in 2.04 ms, found 4 plugins.
Preloading 0 native plugins for Editor in 0.00 ms.
Asset Pipeline Refresh (id=fad093223656c8e45aff1480bcfac2c3): Total: 0.025 seconds - Initiated by StopAssetImportingV2(NoUpdateAssetOptions)
Start importing Assets/NoSafeCircle/DoorPrototype/Art/Wizard/Source/PixelLab/masculine-light/selected/walk/north/frame_002.png using Guid(0831741a5a6c4af16e8da6fbbd132f03) (TextureImporter) -> (artifact id: 'b15f7344e2db31e0b38fffa37cec3c77') in 0.0043189 seconds
Refreshing native plugins compatible for Editor in 2.15 ms, found 4 plugins.
Preloading 0 native plugins for Editor in 0.00 ms.
Asset Pipeline Refresh (id=44475e79986b49f46b6aaaa20898a523): Total: 0.021 seconds - Initiated by StopAssetImportingV2(NoUpdateAssetOptions)
Start importing Assets/NoSafeCircle/DoorPrototype/Art/Wizard/Source/PixelLab/masculine-light/selected/walk/north/frame_002.png using Guid(0831741a5a6c4af16e8da6fbbd132f03) (TextureImporter) -> (artifact id: 'b15f7344e2db31e0b38fffa37cec3c77') in 0.004097 seconds
Refreshing native plugins compatible for Editor in 2.12 ms, found 4 plugins.
Preloading 0 native plugins for Editor in 0.00 ms.
Asset Pipeline Refresh (id=c3b489001f6455d46b334cb68d7a5303): Total: 0.021 seconds - Initiated by StopAssetImportingV2(NoUpdateAssetOptions)
Start importing Assets/NoSafeCircle/DoorPrototype/Art/Wizard/Source/PixelLab/masculine-light/selected/walk/north/frame_003.png using Guid(2602cb7b2885a6fd54c19c4f1fbe2519) (TextureImporter) -> (artifact id: 'ed2c1ce7db5662452c9b27ca9ee8f3ca') in 0.0057749 seconds
Refreshing native plugins compatible for Editor in 2.22 ms, found 4 plugins.
Preloading 0 native plugins for Editor in 0.00 ms.
Asset Pipeline Refresh (id=339a9e943ccfdb441849c5917afe0322): Total: 0.025 seconds - Initiated by StopAssetImportingV2(NoUpdateAssetOptions)
Start importing Assets/NoSafeCircle/DoorPrototype/Art/Wizard/Source/PixelLab/masculine-light/selected/walk/north/frame_003.png using Guid(2602cb7b2885a6fd54c19c4f1fbe2519) (TextureImporter) -> (artifact id: 'ed2c1ce7db5662452c9b27ca9ee8f3ca') in 0.0042388 seconds
Refreshing native plugins compatible for Editor in 2.37 ms, found 4 plugins.
Preloading 0 native plugins for Editor in 0.00 ms.
Asset Pipeline Refresh (id=cf899b81256e84643af34bad242299a6): Total: 0.024 seconds - Initiated by StopAssetImportingV2(NoUpdateAssetOptions)
Start importing Assets/NoSafeCircle/DoorPrototype/Art/Wizard/Source/PixelLab/masculine-light/selected/walk/north/frame_004.png using Guid(9373deb7810e826bb15177e7d51a8d2c) (TextureImporter) -> (artifact id: '7fc61f6c30d677229741b5d5ea793158') in 0.0055923 seconds
Refreshing native plugins compatible for Editor in 2.30 ms, found 4 plugins.
Preloading 0 native plugins for Editor in 0.00 ms.
Asset Pipeline Refresh (id=fe41a2c0385aa6044848700524e89f70): Total: 0.025 seconds - Initiated by StopAssetImportingV2(NoUpdateAssetOptions)
Start importing Assets/NoSafeCircle/DoorPrototype/Art/Wizard/Source/PixelLab/masculine-light/selected/walk/north/frame_004.png using Guid(9373deb7810e826bb15177e7d51a8d2c) (TextureImporter) -> (artifact id: '7fc61f6c30d677229741b5d5ea793158') in 0.0047635 seconds
Refreshing native plugins compatible for Editor in 4.37 ms, found 4 plugins.
Preloading 0 native plugins for Editor in 0.00 ms.
Asset Pipeline Refresh (id=78c087d06250ecb4faca27927f124a58): Total: 0.026 seconds - Initiated by StopAssetImportingV2(NoUpdateAssetOptions)
Start importing Assets/NoSafeCircle/DoorPrototype/Art/Wizard/Source/PixelLab/masculine-light/selected/walk/north/frame_005.png using Guid(d11f41b338ca90ee7952ba16dc3c003d) (TextureImporter) -> (artifact id: 'ee1dc21d87ca80dfab1dfce649c527a1') in 0.0059428 seconds
Refreshing native plugins compatible for Editor in 2.22 ms, found 4 plugins.
Preloading 0 native plugins for Editor in 0.00 ms.
Asset Pipeline Refresh (id=6d8558c8fdeda134abc8ffd283fb8518): Total: 0.025 seconds - Initiated by StopAssetImportingV2(NoUpdateAssetOptions)
Start importing Assets/NoSafeCircle/DoorPrototype/Art/Wizard/Source/PixelLab/masculine-light/selected/walk/north/frame_005.png using Guid(d11f41b338ca90ee7952ba16dc3c003d) (TextureImporter) -> (artifact id: 'ee1dc21d87ca80dfab1dfce649c527a1') in 0.0051548 seconds
Refreshing native plugins compatible for Editor in 2.30 ms, found 4 plugins.
Preloading 0 native plugins for Editor in 0.00 ms.
Asset Pipeline Refresh (id=d1f2de59194977b439c36cb4acd55c9a): Total: 0.027 seconds - Initiated by StopAssetImportingV2(NoUpdateAssetOptions)
Start importing Assets/NoSafeCircle/DoorPrototype/Art/Wizard/Generated/Wizard_Masculine_White_walk_north.anim using Guid(efae5caf1424ae34491d1750174eb78d) (NativeFormatImporter) -> (artifact id: '15a129f3cf7fb47e7d621978b12fe960') in 0.0031365 seconds
Refreshing native plugins compatible for Editor in 2.31 ms, found 4 plugins.
Preloading 0 native plugins for Editor in 0.00 ms.
Asset Pipeline Refresh (id=2877cdfa168de9d46b809e8e0cf619ee): Total: 0.026 seconds - Initiated by StopAssetImportingV2(NoUpdateAssetOptions)
Start importing Assets/NoSafeCircle/DoorPrototype/Art/Wizard/Source/PixelLab/masculine-light/selected/standing/north-east.png using Guid(5e344f0605b848f42982320da2ee30b0) (TextureImporter) -> (artifact id: 'ec982e4bc7fed084f720d63c08bf00ff') in 0.0073443 seconds
Refreshing native plugins compatible for Editor in 2.39 ms, found 4 plugins.
Preloading 0 native plugins for Editor in 0.00 ms.
Asset Pipeline Refresh (id=89a574ba15dfa1649a033b537326dbde): Total: 0.031 seconds - Initiated by StopAssetImportingV2(NoUpdateAssetOptions)
Start importing Assets/NoSafeCircle/DoorPrototype/Art/Wizard/Source/PixelLab/masculine-light/selected/standing/north-east.png using Guid(5e344f0605b848f42982320da2ee30b0) (TextureImporter) -> (artifact id: 'ec982e4bc7fed084f720d63c08bf00ff') in 0.006517 seconds
Refreshing native plugins compatible for Editor in 2.14 ms, found 4 plugins.
Preloading 0 native plugins for Editor in 0.00 ms.
Asset Pipeline Refresh (id=74f282531b0bed8429194db08a8e8f84): Total: 0.032 seconds - Initiated by StopAssetImportingV2(NoUpdateAssetOptions)
Start importing Assets/NoSafeCircle/DoorPrototype/Art/Wizard/Generated/Wizard_Masculine_White_idle_north-east.anim using Guid(b6d115ade9e83434da82a9731846674f) (NativeFormatImporter) -> (artifact id: '373a432c1b03ba084be089112e83d65d') in 0.0018117 seconds
Refreshing native plugins compatible for Editor in 2.30 ms, found 4 plugins.
Preloading 0 native plugins for Editor in 0.00 ms.
Asset Pipeline Refresh (id=ccceb55aadbd23140a048c9ad702fe8e): Total: 0.019 seconds - Initiated by StopAssetImportingV2(NoUpdateAssetOptions)
Start importing Assets/NoSafeCircle/DoorPrototype/Art/Wizard/Source/PixelLab/masculine-light/selected/walk/north-east/frame_000.png using Guid(91d5e512fe9f09e468cc7cf22a015977) (TextureImporter) -> (artifact id: '40cdb1afa5e1776a400fc7aca53845e5') in 0.0047719 seconds
Refreshing native plugins compatible for Editor in 3.78 ms, found 4 plugins.
Preloading 0 native plugins for Editor in 0.00 ms.
Asset Pipeline Refresh (id=c23b0f12d0c55fc41b4a53a09fb9f1fa): Total: 0.023 seconds - Initiated by StopAssetImportingV2(NoUpdateAssetOptions)
Start importing Assets/NoSafeCircle/DoorPrototype/Art/Wizard/Source/PixelLab/masculine-light/selected/walk/north-east/frame_000.png using Guid(91d5e512fe9f09e468cc7cf22a015977) (TextureImporter) -> (artifact id: '40cdb1afa5e1776a400fc7aca53845e5') in 0.0052757 seconds
Refreshing native plugins compatible for Editor in 2.14 ms, found 4 plugins.
Preloading 0 native plugins for Editor in 0.00 ms.
Asset Pipeline Refresh (id=95746b144e751844398432893308cbb8): Total: 0.025 seconds - Initiated by StopAssetImportingV2(NoUpdateAssetOptions)
Start importing Assets/NoSafeCircle/DoorPrototype/Art/Wizard/Source/PixelLab/masculine-light/selected/walk/north-east/frame_001.png using Guid(888094d9c0dcb964ead2060e7aa59107) (TextureImporter) -> (artifact id: '19b4d9bfbfc3a1d8232849879874326e') in 0.0049254 seconds
Refreshing native plugins compatible for Editor in 2.70 ms, found 4 plugins.
Preloading 0 native plugins for Editor in 0.00 ms.
Asset Pipeline Refresh (id=16dd1567812846342a7cbe72f26afb58): Total: 0.026 seconds - Initiated by StopAssetImportingV2(NoUpdateAssetOptions)
Start importing Assets/NoSafeCircle/DoorPrototype/Art/Wizard/Source/PixelLab/masculine-light/selected/walk/north-east/frame_001.png using Guid(888094d9c0dcb964ead2060e7aa59107) (TextureImporter) -> (artifact id: '19b4d9bfbfc3a1d8232849879874326e') in 0.0045759 seconds
Refreshing native plugins compatible for Editor in 2.02 ms, found 4 plugins.
Preloading 0 native plugins for Editor in 0.00 ms.
Asset Pipeline Refresh (id=46b74a3f2940d154d8dfd9fd11ec193f): Total: 0.027 seconds - Initiated by StopAssetImportingV2(NoUpdateAssetOptions)
Start importing Assets/NoSafeCircle/DoorPrototype/Art/Wizard/Source/PixelLab/masculine-light/selected/walk/north-east/frame_002.png using Guid(c67a1a0ffa7f2ce4b85b1c50f5eef908) (TextureImporter) -> (artifact id: '46183cf7e9e3e169c96ddd8c256255e8') in 0.005595 seconds
Refreshing native plugins compatible for Editor in 2.27 ms, found 4 plugins.
Preloading 0 native plugins for Editor in 0.00 ms.
Asset Pipeline Refresh (id=0278bcbffc5d62545bb430fa1449f34b): Total: 0.023 seconds - Initiated by StopAssetImportingV2(NoUpdateAssetOptions)
Start importing Assets/NoSafeCircle/DoorPrototype/Art/Wizard/Source/PixelLab/masculine-light/selected/walk/north-east/frame_002.png using Guid(c67a1a0ffa7f2ce4b85b1c50f5eef908) (TextureImporter) -> (artifact id: '46183cf7e9e3e169c96ddd8c256255e8') in 0.0052459 seconds
Refreshing native plugins compatible for Editor in 2.77 ms, found 4 plugins.
Preloading 0 native plugins for Editor in 0.00 ms.
Asset Pipeline Refresh (id=89c22a717c6aed34f9c9c875c493c505): Total: 0.023 seconds - Initiated by StopAssetImportingV2(NoUpdateAssetOptions)
Start importing Assets/NoSafeCircle/DoorPrototype/Art/Wizard/Source/PixelLab/masculine-light/selected/walk/north-east/frame_003.png using Guid(897b32c0fc082a34386df214b8f891b8) (TextureImporter) -> (artifact id: 'cd454be6138c68275ec6e3cc82ab666f') in 0.006381 seconds
Refreshing native plugins compatible for Editor in 4.07 ms, found 4 plugins.
Preloading 0 native plugins for Editor in 0.00 ms.
Asset Pipeline Refresh (id=d9741067af210c74c8e693f1e0de5fff): Total: 0.033 seconds - Initiated by StopAssetImportingV2(NoUpdateAssetOptions)
Start importing Assets/NoSafeCircle/DoorPrototype/Art/Wizard/Source/PixelLab/masculine-light/selected/walk/north-east/frame_003.png using Guid(897b32c0fc082a34386df214b8f891b8) (TextureImporter) -> (artifact id: 'cd454be6138c68275ec6e3cc82ab666f') in 0.0042952 seconds
Refreshing native plugins compatible for Editor in 3.85 ms, found 4 plugins.
Preloading 0 native plugins for Editor in 0.00 ms.
Asset Pipeline Refresh (id=6998cbd4b0410b44eae3e4bd3de5f397): Total: 0.027 seconds - Initiated by StopAssetImportingV2(NoUpdateAssetOptions)
Start importing Assets/NoSafeCircle/DoorPrototype/Art/Wizard/Source/PixelLab/masculine-light/selected/walk/north-east/frame_004.png using Guid(9909792c548ef4d44830f41f491c679d) (TextureImporter) -> (artifact id: 'a83e6c0c3dc0ddb03dfed1c1bda24f09') in 0.0044686 seconds
Refreshing native plugins compatible for Editor in 3.75 ms, found 4 plugins.
Preloading 0 native plugins for Editor in 0.00 ms.
Asset Pipeline Refresh (id=4adf5232d38574240bf32e8ca651707b): Total: 0.026 seconds - Initiated by StopAssetImportingV2(NoUpdateAssetOptions)
Start importing Assets/NoSafeCircle/DoorPrototype/Art/Wizard/Source/PixelLab/masculine-light/selected/walk/north-east/frame_004.png using Guid(9909792c548ef4d44830f41f491c679d) (TextureImporter) -> (artifact id: 'a83e6c0c3dc0ddb03dfed1c1bda24f09') in 0.0052587 seconds
Refreshing native plugins compatible for Editor in 3.72 ms, found 4 plugins.
Preloading 0 native plugins for Editor in 0.00 ms.
Asset Pipeline Refresh (id=a5b05b7734e8e93409e37dec48a7e860): Total: 0.031 seconds - Initiated by StopAssetImportingV2(NoUpdateAssetOptions)
Start importing Assets/NoSafeCircle/DoorPrototype/Art/Wizard/Source/PixelLab/masculine-light/selected/walk/north-east/frame_005.png using Guid(8937b18c2e140c844821069cc5bed355) (TextureImporter) -> (artifact id: 'cac96c4cdc42bd061ae0d1068dfea2e4') in 0.0044715 seconds
Refreshing native plugins compatible for Editor in 2.13 ms, found 4 plugins.
Preloading 0 native plugins for Editor in 0.00 ms.
Asset Pipeline Refresh (id=f0c5fa8c82266f14385fdda37843c599): Total: 0.023 seconds - Initiated by StopAssetImportingV2(NoUpdateAssetOptions)
Start importing Assets/NoSafeCircle/DoorPrototype/Art/Wizard/Source/PixelLab/masculine-light/selected/walk/north-east/frame_005.png using Guid(8937b18c2e140c844821069cc5bed355) (TextureImporter) -> (artifact id: 'cac96c4cdc42bd061ae0d1068dfea2e4') in 0.0040314 seconds
Refreshing native plugins compatible for Editor in 2.10 ms, found 4 plugins.
Preloading 0 native plugins for Editor in 0.00 ms.
Asset Pipeline Refresh (id=093ef619b20c2354cb9ef817125474c5): Total: 0.021 seconds - Initiated by StopAssetImportingV2(NoUpdateAssetOptions)
Start importing Assets/NoSafeCircle/DoorPrototype/Art/Wizard/Generated/Wizard_Masculine_White_walk_north-east.anim using Guid(edec638159a30d14d89e481308982594) (NativeFormatImporter) -> (artifact id: '7119a38167ae67ab7f69ea5332241d95') in 0.0022198 seconds
Refreshing native plugins compatible for Editor in 2.68 ms, found 4 plugins.
Preloading 0 native plugins for Editor in 0.00 ms.
Asset Pipeline Refresh (id=ccc92e785590e5449958f13fdb8570fa): Total: 0.019 seconds - Initiated by StopAssetImportingV2(NoUpdateAssetOptions)
Start importing Assets/NoSafeCircle/DoorPrototype/Art/Wizard/Source/PixelLab/masculine-light/selected/standing/east.png using Guid(855cc5850577ad643b9c96440c146d49) (TextureImporter) -> (artifact id: '7f0e84f20008e25dc5b67bc5f3c416a1') in 0.0059757 seconds
Refreshing native plugins compatible for Editor in 3.18 ms, found 4 plugins.
Preloading 0 native plugins for Editor in 0.00 ms.
Asset Pipeline Refresh (id=f5dfdb30f072e3b4185f56633601b55a): Total: 0.028 seconds - Initiated by StopAssetImportingV2(NoUpdateAssetOptions)
Start importing Assets/NoSafeCircle/DoorPrototype/Art/Wizard/Source/PixelLab/masculine-light/selected/standing/east.png using Guid(855cc5850577ad643b9c96440c146d49) (TextureImporter) -> (artifact id: '7f0e84f20008e25dc5b67bc5f3c416a1') in 0.0059329 seconds
Refreshing native plugins compatible for Editor in 2.76 ms, found 4 plugins.
Preloading 0 native plugins for Editor in 0.00 ms.
Asset Pipeline Refresh (id=5908235eaa736564daa5c24c2656b5f6): Total: 0.028 seconds - Initiated by StopAssetImportingV2(NoUpdateAssetOptions)
Start importing Assets/NoSafeCircle/DoorPrototype/Art/Wizard/Generated/Wizard_Masculine_White_idle_east.anim using Guid(9349e3fc966a2e14ab81806b744a95ec) (NativeFormatImporter) -> (artifact id: 'e4fc5828d6f868a36aee81ff483c41fa') in 0.0027876 seconds
Refreshing native plugins compatible for Editor in 2.14 ms, found 4 plugins.
Preloading 0 native plugins for Editor in 0.00 ms.
Asset Pipeline Refresh (id=ab78c3d170e560d4783c227ba3e13366): Total: 0.020 seconds - Initiated by StopAssetImportingV2(NoUpdateAssetOptions)
Start importing Assets/NoSafeCircle/DoorPrototype/Art/Wizard/Source/PixelLab/masculine-light/selected/walk/east/frame_000.png using Guid(0a6827740383f74169ae3252042981dc) (TextureImporter) -> (artifact id: '99bd7ff5bdc38b0c6b70fc2ca6b18a75') in 0.0044755 seconds
Refreshing native plugins compatible for Editor in 2.14 ms, found 4 plugins.
Preloading 0 native plugins for Editor in 0.00 ms.
Asset Pipeline Refresh (id=de4699c99e49e97459c1ad0cf457e9fb): Total: 0.021 seconds - Initiated by StopAssetImportingV2(NoUpdateAssetOptions)
Start importing Assets/NoSafeCircle/DoorPrototype/Art/Wizard/Source/PixelLab/masculine-light/selected/walk/east/frame_000.png using Guid(0a6827740383f74169ae3252042981dc) (TextureImporter) -> (artifact id: '99bd7ff5bdc38b0c6b70fc2ca6b18a75') in 0.0046059 seconds
Refreshing native plugins compatible for Editor in 2.98 ms, found 4 plugins.
Preloading 0 native plugins for Editor in 0.00 ms.
Asset Pipeline Refresh (id=a15baf38ff0aa014194a0a6a1a611b71): Total: 0.023 seconds - Initiated by StopAssetImportingV2(NoUpdateAssetOptions)
Start importing Assets/NoSafeCircle/DoorPrototype/Art/Wizard/Source/PixelLab/masculine-light/selected/walk/east/frame_001.png using Guid(632e0f62e13c18590b49441cc7938ae7) (TextureImporter) -> (artifact id: 'e968a5dd9f5919caadb677a95f739dbc') in 0.0051959 seconds
Refreshing native plugins compatible for Editor in 3.18 ms, found 4 plugins.
Preloading 0 native plugins for Editor in 0.00 ms.
Asset Pipeline Refresh (id=a2f19613821125241b992ab68b96e15e): Total: 0.033 seconds - Initiated by StopAssetImportingV2(NoUpdateAssetOptions)
Start importing Assets/NoSafeCircle/DoorPrototype/Art/Wizard/Source/PixelLab/masculine-light/selected/walk/east/frame_001.png using Guid(632e0f62e13c18590b49441cc7938ae7) (TextureImporter) -> (artifact id: 'e968a5dd9f5919caadb677a95f739dbc') in 0.0045304 seconds
Refreshing native plugins compatible for Editor in 2.60 ms, found 4 plugins.
Preloading 0 native plugins for Editor in 0.00 ms.
Asset Pipeline Refresh (id=babdd37ebf2410745a117c90c7e8cde8): Total: 0.023 seconds - Initiated by StopAssetImportingV2(NoUpdateAssetOptions)
Start importing Assets/NoSafeCircle/DoorPrototype/Art/Wizard/Source/PixelLab/masculine-light/selected/walk/east/frame_002.png using Guid(e90fe5bbf32dc2a3eeaa1fb0017055d9) (TextureImporter) -> (artifact id: '11c1cb04f52aa9e4a59acc2f336521ad') in 0.0067931 seconds
Refreshing native plugins compatible for Editor in 3.63 ms, found 4 plugins.
Preloading 0 native plugins for Editor in 0.00 ms.
Asset Pipeline Refresh (id=90fa987550f9b0c49bdc8d7a8f18dbc2): Total: 0.044 seconds - Initiated by StopAssetImportingV2(NoUpdateAssetOptions)
Start importing Assets/NoSafeCircle/DoorPrototype/Art/Wizard/Source/PixelLab/masculine-light/selected/walk/east/frame_002.png using Guid(e90fe5bbf32dc2a3eeaa1fb0017055d9) (TextureImporter) -> (artifact id: '11c1cb04f52aa9e4a59acc2f336521ad') in 0.0043686 seconds
Refreshing native plugins compatible for Editor in 2.28 ms, found 4 plugins.
Preloading 0 native plugins for Editor in 0.00 ms.
Asset Pipeline Refresh (id=c644b33d0202b8a429ab80fb283d9043): Total: 0.022 seconds - Initiated by StopAssetImportingV2(NoUpdateAssetOptions)
Start importing Assets/NoSafeCircle/DoorPrototype/Art/Wizard/Source/PixelLab/masculine-light/selected/walk/east/frame_003.png using Guid(109978b9253d08d0e8f75c8045608ba8) (TextureImporter) -> (artifact id: 'b97e1791c679d560c83cc57c474b986c') in 0.0054359 seconds
Refreshing native plugins compatible for Editor in 2.06 ms, found 4 plugins.
Preloading 0 native plugins for Editor in 0.00 ms.
Asset Pipeline Refresh (id=a36b3560a0fe17d47943868bd69186a9): Total: 0.029 seconds - Initiated by StopAssetImportingV2(NoUpdateAssetOptions)
Start importing Assets/NoSafeCircle/DoorPrototype/Art/Wizard/Source/PixelLab/masculine-light/selected/walk/east/frame_003.png using Guid(109978b9253d08d0e8f75c8045608ba8) (TextureImporter) -> (artifact id: 'b97e1791c679d560c83cc57c474b986c') in 0.0048589 seconds
Refreshing native plugins compatible for Editor in 2.26 ms, found 4 plugins.
Preloading 0 native plugins for Editor in 0.00 ms.
Asset Pipeline Refresh (id=98901ee5af8b9964c86afd61a3f17a2a): Total: 0.026 seconds - Initiated by StopAssetImportingV2(NoUpdateAssetOptions)
Start importing Assets/NoSafeCircle/DoorPrototype/Art/Wizard/Source/PixelLab/masculine-light/selected/walk/east/frame_004.png using Guid(b449f990b84026fef386128f140df1bc) (TextureImporter) -> (artifact id: 'b3cb7e17a1a3c181ec4527f174e030f6') in 0.0051719 seconds
Refreshing native plugins compatible for Editor in 2.11 ms, found 4 plugins.
Preloading 0 native plugins for Editor in 0.00 ms.
Asset Pipeline Refresh (id=bc61a72d77b7b554d93a209b1eb62429): Total: 0.023 seconds - Initiated by StopAssetImportingV2(NoUpdateAssetOptions)
Start importing Assets/NoSafeCircle/DoorPrototype/Art/Wizard/Source/PixelLab/masculine-light/selected/walk/east/frame_004.png using Guid(b449f990b84026fef386128f140df1bc) (TextureImporter) -> (artifact id: 'b3cb7e17a1a3c181ec4527f174e030f6') in 0.0043739 seconds
Refreshing native plugins compatible for Editor in 2.33 ms, found 4 plugins.
Preloading 0 native plugins for Editor in 0.00 ms.
Asset Pipeline Refresh (id=2776c43d91189664a9303b92b84eae34): Total: 0.024 seconds - Initiated by StopAssetImportingV2(NoUpdateAssetOptions)
Start importing Assets/NoSafeCircle/DoorPrototype/Art/Wizard/Source/PixelLab/masculine-light/selected/walk/east/frame_005.png using Guid(ea4aaa9d2ada0820cd94fe760195dbd7) (TextureImporter) -> (artifact id: 'bd76370cec5cf43cee12d260972b18a6') in 0.0045205 seconds
Refreshing native plugins compatible for Editor in 2.01 ms, found 4 plugins.
Preloading 0 native plugins for Editor in 0.00 ms.
Asset Pipeline Refresh (id=a8832df8c4f541348acc6a2a5aec8f5e): Total: 0.034 seconds - Initiated by StopAssetImportingV2(NoUpdateAssetOptions)
Start importing Assets/NoSafeCircle/DoorPrototype/Art/Wizard/Source/PixelLab/masculine-light/selected/walk/east/frame_005.png using Guid(ea4aaa9d2ada0820cd94fe760195dbd7) (TextureImporter) -> (artifact id: 'bd76370cec5cf43cee12d260972b18a6') in 0.0041225 seconds
Refreshing native plugins compatible for Editor in 2.41 ms, found 4 plugins.
Preloading 0 native plugins for Editor in 0.00 ms.
Asset Pipeline Refresh (id=8e37a4ae24c84d54a9ff1deaf1bcc63c): Total: 0.023 seconds - Initiated by StopAssetImportingV2(NoUpdateAssetOptions)
Start importing Assets/NoSafeCircle/DoorPrototype/Art/Wizard/Generated/Wizard_Masculine_White_walk_east.anim using Guid(1f3d82e87f8c22d4094052bb1a9997ca) (NativeFormatImporter) -> (artifact id: 'bbef3e684441f8f9beec98c9b8780b33') in 0.0020425 seconds
Refreshing native plugins compatible for Editor in 1.96 ms, found 4 plugins.
Preloading 0 native plugins for Editor in 0.00 ms.
Asset Pipeline Refresh (id=612cb3af43d881041a0c824993a52367): Total: 0.018 seconds - Initiated by StopAssetImportingV2(NoUpdateAssetOptions)
Start importing Assets/NoSafeCircle/DoorPrototype/Art/Wizard/Source/PixelLab/masculine-light/selected/standing/south-east.png using Guid(ba32e804c3c549e43aa53b4a61cad7be) (TextureImporter) -> (artifact id: 'ea93765076be854a0d811904ff9cb21e') in 0.0069079 seconds
Refreshing native plugins compatible for Editor in 2.58 ms, found 4 plugins.
Preloading 0 native plugins for Editor in 0.00 ms.
Asset Pipeline Refresh (id=37c04e48daee00a419ce90af70d19b1d): Total: 0.030 seconds - Initiated by StopAssetImportingV2(NoUpdateAssetOptions)
Start importing Assets/NoSafeCircle/DoorPrototype/Art/Wizard/Source/PixelLab/masculine-light/selected/standing/south-east.png using Guid(ba32e804c3c549e43aa53b4a61cad7be) (TextureImporter) -> (artifact id: 'ea93765076be854a0d811904ff9cb21e') in 0.0056484 seconds
Refreshing native plugins compatible for Editor in 3.73 ms, found 4 plugins.
Preloading 0 native plugins for Editor in 0.00 ms.
Asset Pipeline Refresh (id=f4228046e46a81943b1964ed8a3469cd): Total: 0.033 seconds - Initiated by StopAssetImportingV2(NoUpdateAssetOptions)
Start importing Assets/NoSafeCircle/DoorPrototype/Art/Wizard/Generated/Wizard_Masculine_White_idle_south-east.anim using Guid(7f5e5cd45c65ffc4faa8d0f76ea96f2b) (NativeFormatImporter) -> (artifact id: '59106973e8be89c405788fd3e3b2db8e') in 0.0023829 seconds
Refreshing native plugins compatible for Editor in 2.34 ms, found 4 plugins.
Preloading 0 native plugins for Editor in 0.00 ms.
Asset Pipeline Refresh (id=028943e27e29bd5489aaedef9b5a905b): Total: 0.021 seconds - Initiated by StopAssetImportingV2(NoUpdateAssetOptions)
Start importing Assets/NoSafeCircle/DoorPrototype/Art/Wizard/Source/PixelLab/masculine-light/selected/walk/south-east/frame_000.png using Guid(1e573675621ad8743903439c37931a93) (TextureImporter) -> (artifact id: '1c036f50ef3b427b43b96ae3268fae90') in 0.0042117 seconds
Refreshing native plugins compatible for Editor in 3.66 ms, found 4 plugins.
Preloading 0 native plugins for Editor in 0.00 ms.
Asset Pipeline Refresh (id=a317349e9638fbb44b94b3175f8d3852): Total: 0.022 seconds - Initiated by StopAssetImportingV2(NoUpdateAssetOptions)
Start importing Assets/NoSafeCircle/DoorPrototype/Art/Wizard/Source/PixelLab/masculine-light/selected/walk/south-east/frame_000.png using Guid(1e573675621ad8743903439c37931a93) (TextureImporter) -> (artifact id: '1c036f50ef3b427b43b96ae3268fae90') in 0.0066225 seconds
Refreshing native plugins compatible for Editor in 4.15 ms, found 4 plugins.
Preloading 0 native plugins for Editor in 0.00 ms.
Asset Pipeline Refresh (id=dd2975a14401b1645be2b5cd40649406): Total: 0.031 seconds - Initiated by StopAssetImportingV2(NoUpdateAssetOptions)
Start importing Assets/NoSafeCircle/DoorPrototype/Art/Wizard/Source/PixelLab/masculine-light/selected/walk/south-east/frame_001.png using Guid(0ec515a094b891441b0973e954904585) (TextureImporter) -> (artifact id: '2d9c8f6fc7fcba899f9c23a30f5923ad') in 0.0054124 seconds
Refreshing native plugins compatible for Editor in 3.53 ms, found 4 plugins.
Preloading 0 native plugins for Editor in 0.00 ms.
Asset Pipeline Refresh (id=159e856773125354f80aa5effea605f5): Total: 0.027 seconds - Initiated by StopAssetImportingV2(NoUpdateAssetOptions)
Start importing Assets/NoSafeCircle/DoorPrototype/Art/Wizard/Source/PixelLab/masculine-light/selected/walk/south-east/frame_001.png using Guid(0ec515a094b891441b0973e954904585) (TextureImporter) -> (artifact id: '2d9c8f6fc7fcba899f9c23a30f5923ad') in 0.005428 seconds
Refreshing native plugins compatible for Editor in 4.29 ms, found 4 plugins.
Preloading 0 native plugins for Editor in 0.00 ms.
Asset Pipeline Refresh (id=06a1e630cdc56d64daacf243547a8f2c): Total: 0.036 seconds - Initiated by StopAssetImportingV2(NoUpdateAssetOptions)
Start importing Assets/NoSafeCircle/DoorPrototype/Art/Wizard/Source/PixelLab/masculine-light/selected/walk/south-east/frame_002.png using Guid(24d9cf5c851b6ff40b80b312942c9ed4) (TextureImporter) -> (artifact id: 'a4570b662a74537cd75950102029ce85') in 0.0066893 seconds
Refreshing native plugins compatible for Editor in 2.32 ms, found 4 plugins.
Preloading 0 native plugins for Editor in 0.00 ms.
Asset Pipeline Refresh (id=6b0263b03da54024f9c5f9a2c768421b): Total: 0.027 seconds - Initiated by StopAssetImportingV2(NoUpdateAssetOptions)
Start importing Assets/NoSafeCircle/DoorPrototype/Art/Wizard/Source/PixelLab/masculine-light/selected/walk/south-east/frame_002.png using Guid(24d9cf5c851b6ff40b80b312942c9ed4) (TextureImporter) -> (artifact id: 'a4570b662a74537cd75950102029ce85') in 0.0042231 seconds
Refreshing native plugins compatible for Editor in 2.21 ms, found 4 plugins.
Preloading 0 native plugins for Editor in 0.00 ms.
Asset Pipeline Refresh (id=5e8e0a1497459fe40b4e36636b234773): Total: 0.023 seconds - Initiated by StopAssetImportingV2(NoUpdateAssetOptions)
Start importing Assets/NoSafeCircle/DoorPrototype/Art/Wizard/Source/PixelLab/masculine-light/selected/walk/south-east/frame_003.png using Guid(61b4925b9e5b5904bb9c5590d1765130) (TextureImporter) -> (artifact id: '81dbeef909d70edc2ec154ce4611e378') in 0.0062834 seconds
Refreshing native plugins compatible for Editor in 3.99 ms, found 4 plugins.
Preloading 0 native plugins for Editor in 0.00 ms.
Asset Pipeline Refresh (id=6c129b51a3536b74aa51b4269f0517d6): Total: 0.027 seconds - Initiated by StopAssetImportingV2(NoUpdateAssetOptions)
Start importing Assets/NoSafeCircle/DoorPrototype/Art/Wizard/Source/PixelLab/masculine-light/selected/walk/south-east/frame_003.png using Guid(61b4925b9e5b5904bb9c5590d1765130) (TextureImporter) -> (artifact id: '81dbeef909d70edc2ec154ce4611e378') in 0.007249 seconds
Refreshing native plugins compatible for Editor in 3.54 ms, found 4 plugins.
Preloading 0 native plugins for Editor in 0.00 ms.
Asset Pipeline Refresh (id=d9f2c55a956d4c94089174cb43a16864): Total: 0.031 seconds - Initiated by StopAssetImportingV2(NoUpdateAssetOptions)
Start importing Assets/NoSafeCircle/DoorPrototype/Art/Wizard/Source/PixelLab/masculine-light/selected/walk/south-east/frame_004.png using Guid(7df496d852adbe5499e42bfb29a57f7e) (TextureImporter) -> (artifact id: '9302cf07b1d46733fddb195c5f6fb3bf') in 0.0065508 seconds
Refreshing native plugins compatible for Editor in 2.71 ms, found 4 plugins.
Preloading 0 native plugins for Editor in 0.00 ms.
Asset Pipeline Refresh (id=17f3df5798335534aa3efdb13d970eda): Total: 0.027 seconds - Initiated by StopAssetImportingV2(NoUpdateAssetOptions)
Start importing Assets/NoSafeCircle/DoorPrototype/Art/Wizard/Source/PixelLab/masculine-light/selected/walk/south-east/frame_004.png using Guid(7df496d852adbe5499e42bfb29a57f7e) (TextureImporter) -> (artifact id: '9302cf07b1d46733fddb195c5f6fb3bf') in 0.0059862 seconds
Refreshing native plugins compatible for Editor in 3.63 ms, found 4 plugins.
Preloading 0 native plugins for Editor in 0.00 ms.
Asset Pipeline Refresh (id=8e9be792ebc00c443926f82d6878330d): Total: 0.031 seconds - Initiated by StopAssetImportingV2(NoUpdateAssetOptions)
Start importing Assets/NoSafeCircle/DoorPrototype/Art/Wizard/Source/PixelLab/masculine-light/selected/walk/south-east/frame_005.png using Guid(b9bef793cc514e44cac2d8b1591b9ab1) (TextureImporter) -> (artifact id: '12ac33b488b764ecd1cb133014cb3353') in 0.0050145 seconds
Refreshing native plugins compatible for Editor in 3.66 ms, found 4 plugins.
Preloading 0 native plugins for Editor in 0.00 ms.
Asset Pipeline Refresh (id=48851492a6491fb4cab87f9dd0022d45): Total: 0.027 seconds - Initiated by StopAssetImportingV2(NoUpdateAssetOptions)
Start importing Assets/NoSafeCircle/DoorPrototype/Art/Wizard/Source/PixelLab/masculine-light/selected/walk/south-east/frame_005.png using Guid(b9bef793cc514e44cac2d8b1591b9ab1) (TextureImporter) -> (artifact id: '12ac33b488b764ecd1cb133014cb3353') in 0.006781 seconds
Refreshing native plugins compatible for Editor in 3.08 ms, found 4 plugins.
Preloading 0 native plugins for Editor in 0.00 ms.
Asset Pipeline Refresh (id=b4c97ff02ca7e4b4387f3009d6dca9fc): Total: 0.030 seconds - Initiated by StopAssetImportingV2(NoUpdateAssetOptions)
Start importing Assets/NoSafeCircle/DoorPrototype/Art/Wizard/Generated/Wizard_Masculine_White_walk_south-east.anim using Guid(0b68bfc7a44c82e4b848f1456189e6aa) (NativeFormatImporter) -> (artifact id: '041faf5b642c04b998838c7232bfca03') in 0.002238 seconds
Refreshing native plugins compatible for Editor in 2.60 ms, found 4 plugins.
Preloading 0 native plugins for Editor in 0.00 ms.
Asset Pipeline Refresh (id=159c13198cc6fbe4abc28c4951beadad): Total: 0.021 seconds - Initiated by StopAssetImportingV2(NoUpdateAssetOptions)
Start importing Assets/NoSafeCircle/DoorPrototype/Art/Wizard/Source/PixelLab/masculine-light/selected/standing/south.png using Guid(afd38f6e75ecac9469a8b9b3c8c5d9cf) (TextureImporter) -> (artifact id: 'f7eb6b563561967fe09ab157fb12abe3') in 0.0058222 seconds
Refreshing native plugins compatible for Editor in 3.68 ms, found 4 plugins.
Preloading 0 native plugins for Editor in 0.00 ms.
Asset Pipeline Refresh (id=732e680cd96ce4543a6e6aae86f933a0): Total: 0.030 seconds - Initiated by StopAssetImportingV2(NoUpdateAssetOptions)
Start importing Assets/NoSafeCircle/DoorPrototype/Art/Wizard/Source/PixelLab/masculine-light/selected/standing/south.png using Guid(afd38f6e75ecac9469a8b9b3c8c5d9cf) (TextureImporter) -> (artifact id: 'f7eb6b563561967fe09ab157fb12abe3') in 0.0059614 seconds
Refreshing native plugins compatible for Editor in 2.43 ms, found 4 plugins.
Preloading 0 native plugins for Editor in 0.00 ms.
Asset Pipeline Refresh (id=bb493572ad0325e4698a006f48598eab): Total: 0.027 seconds - Initiated by StopAssetImportingV2(NoUpdateAssetOptions)
Start importing Assets/NoSafeCircle/DoorPrototype/Art/Wizard/Generated/Wizard_Masculine_White_idle_south.anim using Guid(e6940e8055c98c64588eead07458811b) (NativeFormatImporter) -> (artifact id: 'a5c73b16a5be91da4c70cc309418bdfc') in 0.0020326 seconds
Refreshing native plugins compatible for Editor in 2.21 ms, found 4 plugins.
Preloading 0 native plugins for Editor in 0.00 ms.
Asset Pipeline Refresh (id=29c216627d80798458918586d5cf197a): Total: 0.019 seconds - Initiated by StopAssetImportingV2(NoUpdateAssetOptions)
Start importing Assets/NoSafeCircle/DoorPrototype/Art/Wizard/Source/PixelLab/masculine-light/selected/walk/south/frame_000.png using Guid(e460031589239c24b88cbe765d425ba7) (TextureImporter) -> (artifact id: '42e1c90d4962704f696b130909a71d91') in 0.0049921 seconds
Refreshing native plugins compatible for Editor in 3.30 ms, found 4 plugins.
Preloading 0 native plugins for Editor in 0.00 ms.
Asset Pipeline Refresh (id=cff2871b627ae564f94487f64baf6511): Total: 0.025 seconds - Initiated by StopAssetImportingV2(NoUpdateAssetOptions)
Start importing Assets/NoSafeCircle/DoorPrototype/Art/Wizard/Source/PixelLab/masculine-light/selected/walk/south/frame_000.png using Guid(e460031589239c24b88cbe765d425ba7) (TextureImporter) -> (artifact id: '42e1c90d4962704f696b130909a71d91') in 0.0040884 seconds
Refreshing native plugins compatible for Editor in 2.21 ms, found 4 plugins.
Preloading 0 native plugins for Editor in 0.00 ms.
Asset Pipeline Refresh (id=45dc21f1e9027684d8531baacc5cb85b): Total: 0.024 seconds - Initiated by StopAssetImportingV2(NoUpdateAssetOptions)
Start importing Assets/NoSafeCircle/DoorPrototype/Art/Wizard/Source/PixelLab/masculine-light/selected/walk/south/frame_001.png using Guid(230f16d2029fb92f384fbbc1c3f21b9e) (TextureImporter) -> (artifact id: 'c3745360952e6f74dfd3a05337bd6bf6') in 0.0049072 seconds
Refreshing native plugins compatible for Editor in 3.18 ms, found 4 plugins.
Preloading 0 native plugins for Editor in 0.00 ms.
Asset Pipeline Refresh (id=15d5658ccbc022843b97170209b57662): Total: 0.028 seconds - Initiated by StopAssetImportingV2(NoUpdateAssetOptions)
Start importing Assets/NoSafeCircle/DoorPrototype/Art/Wizard/Source/PixelLab/masculine-light/selected/walk/south/frame_001.png using Guid(230f16d2029fb92f384fbbc1c3f21b9e) (TextureImporter) -> (artifact id: 'c3745360952e6f74dfd3a05337bd6bf6') in 0.0054905 seconds
Refreshing native plugins compatible for Editor in 2.34 ms, found 4 plugins.
Preloading 0 native plugins for Editor in 0.00 ms.
Asset Pipeline Refresh (id=bf7b9eee3d4ad2a449abf6ae0b0d3e85): Total: 0.030 seconds - Initiated by StopAssetImportingV2(NoUpdateAssetOptions)
Start importing Assets/NoSafeCircle/DoorPrototype/Art/Wizard/Source/PixelLab/masculine-light/selected/walk/south/frame_002.png using Guid(a1cb13cd419e4ba982b5d89a633fa9e1) (TextureImporter) -> (artifact id: '63ad28669b7ae0bed0b19242a35e80dc') in 0.0059627 seconds
Refreshing native plugins compatible for Editor in 2.14 ms, found 4 plugins.
Preloading 0 native plugins for Editor in 0.00 ms.
Asset Pipeline Refresh (id=3f191d5deb08a4645bef0f81fbe4e968): Total: 0.024 seconds - Initiated by StopAssetImportingV2(NoUpdateAssetOptions)
Start importing Assets/NoSafeCircle/DoorPrototype/Art/Wizard/Source/PixelLab/masculine-light/selected/walk/south/frame_002.png using Guid(a1cb13cd419e4ba982b5d89a633fa9e1) (TextureImporter) -> (artifact id: '63ad28669b7ae0bed0b19242a35e80dc') in 0.0047703 seconds
Refreshing native plugins compatible for Editor in 2.51 ms, found 4 plugins.
Preloading 0 native plugins for Editor in 0.00 ms.
Asset Pipeline Refresh (id=dfdc08e16beb191408cd4ee9df33bd23): Total: 0.021 seconds - Initiated by StopAssetImportingV2(NoUpdateAssetOptions)
Start importing Assets/NoSafeCircle/DoorPrototype/Art/Wizard/Source/PixelLab/masculine-light/selected/walk/south/frame_003.png using Guid(b8159ccaca67c0797b7e8a51ad4ec9d2) (TextureImporter) -> (artifact id: 'c683fe85571029669f41fe3b5249f27a') in 0.0049999 seconds
Refreshing native plugins compatible for Editor in 2.59 ms, found 4 plugins.
Preloading 0 native plugins for Editor in 0.00 ms.
Asset Pipeline Refresh (id=ed5f3ed87a8ea5d4c821e06e18c3af16): Total: 0.025 seconds - Initiated by StopAssetImportingV2(NoUpdateAssetOptions)
Start importing Assets/NoSafeCircle/DoorPrototype/Art/Wizard/Source/PixelLab/masculine-light/selected/walk/south/frame_003.png using Guid(b8159ccaca67c0797b7e8a51ad4ec9d2) (TextureImporter) -> (artifact id: 'c683fe85571029669f41fe3b5249f27a') in 0.0042325 seconds
Refreshing native plugins compatible for Editor in 2.17 ms, found 4 plugins.
Preloading 0 native plugins for Editor in 0.00 ms.
Asset Pipeline Refresh (id=957cb29ca240438479075ce148fb5eaa): Total: 0.021 seconds - Initiated by StopAssetImportingV2(NoUpdateAssetOptions)
Start importing Assets/NoSafeCircle/DoorPrototype/Art/Wizard/Source/PixelLab/masculine-light/selected/walk/south/frame_004.png using Guid(fe6dd92acc59c495c707e4cafdeb07b2) (TextureImporter) -> (artifact id: 'b8973c7401385cf90eac25035ef86776') in 0.0053563 seconds
Refreshing native plugins compatible for Editor in 2.40 ms, found 4 plugins.
Preloading 0 native plugins for Editor in 0.00 ms.
Asset Pipeline Refresh (id=0ae7a78d6965ae142b15fbe38d266e9f): Total: 0.026 seconds - Initiated by StopAssetImportingV2(NoUpdateAssetOptions)
Start importing Assets/NoSafeCircle/DoorPrototype/Art/Wizard/Source/PixelLab/masculine-light/selected/walk/south/frame_004.png using Guid(fe6dd92acc59c495c707e4cafdeb07b2) (TextureImporter) -> (artifact id: 'b8973c7401385cf90eac25035ef86776') in 0.0057729 seconds
Refreshing native plugins compatible for Editor in 3.29 ms, found 4 plugins.
Preloading 0 native plugins for Editor in 0.00 ms.
Asset Pipeline Refresh (id=8c1135d012ff1764b8cd631ead2a0810): Total: 0.027 seconds - Initiated by StopAssetImportingV2(NoUpdateAssetOptions)
Start importing Assets/NoSafeCircle/DoorPrototype/Art/Wizard/Source/PixelLab/masculine-light/selected/walk/south/frame_005.png using Guid(ca3d04fe73bf4d95f271161b9d6def20) (TextureImporter) -> (artifact id: 'ce2ed048bcbf582377bc63b020a01851') in 0.0053582 seconds
Refreshing native plugins compatible for Editor in 3.06 ms, found 4 plugins.
Preloading 0 native plugins for Editor in 0.00 ms.
Asset Pipeline Refresh (id=fdd3d2a5a782fc54fa2a18d5bdc7915b): Total: 0.027 seconds - Initiated by StopAssetImportingV2(NoUpdateAssetOptions)
Start importing Assets/NoSafeCircle/DoorPrototype/Art/Wizard/Source/PixelLab/masculine-light/selected/walk/south/frame_005.png using Guid(ca3d04fe73bf4d95f271161b9d6def20) (TextureImporter) -> (artifact id: 'ce2ed048bcbf582377bc63b020a01851') in 0.0047188 seconds
Refreshing native plugins compatible for Editor in 2.36 ms, found 4 plugins.
Preloading 0 native plugins for Editor in 0.00 ms.
Asset Pipeline Refresh (id=769939de3b86c064c88a65130da6caea): Total: 0.031 seconds - Initiated by StopAssetImportingV2(NoUpdateAssetOptions)
Start importing Assets/NoSafeCircle/DoorPrototype/Art/Wizard/Generated/Wizard_Masculine_White_walk_south.anim using Guid(f905ead907e56374db43be94602d741f) (NativeFormatImporter) -> (artifact id: '94a4d6137e98e3e5f935f50a9236a76a') in 0.0028051 seconds
Refreshing native plugins compatible for Editor in 2.32 ms, found 4 plugins.
Preloading 0 native plugins for Editor in 0.00 ms.
Asset Pipeline Refresh (id=6e7fa530af3ddd74580d129cd425b6f3): Total: 0.022 seconds - Initiated by StopAssetImportingV2(NoUpdateAssetOptions)
Start importing Assets/NoSafeCircle/DoorPrototype/Art/Wizard/Source/PixelLab/masculine-light/selected/standing/south-west.png using Guid(f1200e2de20b94f4e82a8b06bf3373e4) (TextureImporter) -> (artifact id: 'f06271d46522c0dc62f99fe3e8e175c7') in 0.0074487 seconds
Refreshing native plugins compatible for Editor in 2.42 ms, found 4 plugins.
Preloading 0 native plugins for Editor in 0.00 ms.
Asset Pipeline Refresh (id=b9a1c39da66aa7241be6fd1d083d2477): Total: 0.029 seconds - Initiated by StopAssetImportingV2(NoUpdateAssetOptions)
Start importing Assets/NoSafeCircle/DoorPrototype/Art/Wizard/Source/PixelLab/masculine-light/selected/standing/south-west.png using Guid(f1200e2de20b94f4e82a8b06bf3373e4) (TextureImporter) -> (artifact id: 'f06271d46522c0dc62f99fe3e8e175c7') in 0.0070233 seconds
Refreshing native plugins compatible for Editor in 3.44 ms, found 4 plugins.
Preloading 0 native plugins for Editor in 0.00 ms.
Asset Pipeline Refresh (id=4a02b0776b4b80c4693365cb51cf102b): Total: 0.029 seconds - Initiated by StopAssetImportingV2(NoUpdateAssetOptions)
Start importing Assets/NoSafeCircle/DoorPrototype/Art/Wizard/Generated/Wizard_Masculine_White_idle_south-west.anim using Guid(b90d4c633bbf42942b6a77f242096ff0) (NativeFormatImporter) -> (artifact id: 'e852358f1cc5ccdb8683f4a1a50fd0f3') in 0.0019573 seconds
Refreshing native plugins compatible for Editor in 3.05 ms, found 4 plugins.
Preloading 0 native plugins for Editor in 0.00 ms.
Asset Pipeline Refresh (id=6a3f93e511007d441aa26d6e24455c9f): Total: 0.019 seconds - Initiated by StopAssetImportingV2(NoUpdateAssetOptions)
Start importing Assets/NoSafeCircle/DoorPrototype/Art/Wizard/Source/PixelLab/masculine-light/selected/walk/south-west/frame_000.png using Guid(da3d4fdcfebd8584ea6768eae4fa7e40) (TextureImporter) -> (artifact id: '5a59c9eb93da21aada5636c6f167b215') in 0.0042465 seconds
Refreshing native plugins compatible for Editor in 3.83 ms, found 4 plugins.
Preloading 0 native plugins for Editor in 0.00 ms.
Asset Pipeline Refresh (id=65d90551cb77cf246a9249c590bb1ae2): Total: 0.024 seconds - Initiated by StopAssetImportingV2(NoUpdateAssetOptions)
Start importing Assets/NoSafeCircle/DoorPrototype/Art/Wizard/Source/PixelLab/masculine-light/selected/walk/south-west/frame_000.png using Guid(da3d4fdcfebd8584ea6768eae4fa7e40) (TextureImporter) -> (artifact id: '5a59c9eb93da21aada5636c6f167b215') in 0.005406 seconds
Refreshing native plugins compatible for Editor in 2.69 ms, found 4 plugins.
Preloading 0 native plugins for Editor in 0.00 ms.
Asset Pipeline Refresh (id=af723172837d16d46a0cdc5844fabcbf): Total: 0.028 seconds - Initiated by StopAssetImportingV2(NoUpdateAssetOptions)
Start importing Assets/NoSafeCircle/DoorPrototype/Art/Wizard/Source/PixelLab/masculine-light/selected/walk/south-west/frame_001.png using Guid(f99519450cc37d1488712b0da934c9b3) (TextureImporter) -> (artifact id: '4437c42bca06bb7dfc23d0fa5e354fcc') in 0.0043214 seconds
Refreshing native plugins compatible for Editor in 2.29 ms, found 4 plugins.
Preloading 0 native plugins for Editor in 0.00 ms.
Asset Pipeline Refresh (id=11db63740c689e047882abfd19096888): Total: 0.022 seconds - Initiated by StopAssetImportingV2(NoUpdateAssetOptions)
Start importing Assets/NoSafeCircle/DoorPrototype/Art/Wizard/Source/PixelLab/masculine-light/selected/walk/south-west/frame_001.png using Guid(f99519450cc37d1488712b0da934c9b3) (TextureImporter) -> (artifact id: '4437c42bca06bb7dfc23d0fa5e354fcc') in 0.0047587 seconds
Refreshing native plugins compatible for Editor in 2.63 ms, found 4 plugins.
Preloading 0 native plugins for Editor in 0.00 ms.
Asset Pipeline Refresh (id=680e0d39920885649a78c29af679397e): Total: 0.026 seconds - Initiated by StopAssetImportingV2(NoUpdateAssetOptions)
Start importing Assets/NoSafeCircle/DoorPrototype/Art/Wizard/Source/PixelLab/masculine-light/selected/walk/south-west/frame_002.png using Guid(6f02ea9a9b30ff04abb3c12ab5178eff) (TextureImporter) -> (artifact id: 'be7425f9d7d14665b4a723316a2e1c3a') in 0.0048945 seconds
Refreshing native plugins compatible for Editor in 2.32 ms, found 4 plugins.
Preloading 0 native plugins for Editor in 0.00 ms.
Asset Pipeline Refresh (id=badc9e7196711c643b471b34caaed66f): Total: 0.025 seconds - Initiated by StopAssetImportingV2(NoUpdateAssetOptions)
Start importing Assets/NoSafeCircle/DoorPrototype/Art/Wizard/Source/PixelLab/masculine-light/selected/walk/south-west/frame_002.png using Guid(6f02ea9a9b30ff04abb3c12ab5178eff) (TextureImporter) -> (artifact id: 'be7425f9d7d14665b4a723316a2e1c3a') in 0.0043307 seconds
Refreshing native plugins compatible for Editor in 2.59 ms, found 4 plugins.
Preloading 0 native plugins for Editor in 0.00 ms.
Asset Pipeline Refresh (id=8d425cc2732316c4bb42b53d8ce08e87): Total: 0.024 seconds - Initiated by StopAssetImportingV2(NoUpdateAssetOptions)
Start importing Assets/NoSafeCircle/DoorPrototype/Art/Wizard/Source/PixelLab/masculine-light/selected/walk/south-west/frame_003.png using Guid(43a7f5ed54226fe43b29a94dc9a90148) (TextureImporter) -> (artifact id: '23f80cc9ca80e6054b098320aa0534a9') in 0.0056822 seconds
Refreshing native plugins compatible for Editor in 2.27 ms, found 4 plugins.
Preloading 0 native plugins for Editor in 0.00 ms.
Asset Pipeline Refresh (id=54fb8b3b47e8af44a9d5c4a854588e87): Total: 0.024 seconds - Initiated by StopAssetImportingV2(NoUpdateAssetOptions)
Start importing Assets/NoSafeCircle/DoorPrototype/Art/Wizard/Source/PixelLab/masculine-light/selected/walk/south-west/frame_003.png using Guid(43a7f5ed54226fe43b29a94dc9a90148) (TextureImporter) -> (artifact id: '23f80cc9ca80e6054b098320aa0534a9') in 0.0054187 seconds
Refreshing native plugins compatible for Editor in 2.38 ms, found 4 plugins.
Preloading 0 native plugins for Editor in 0.00 ms.
Asset Pipeline Refresh (id=9a623297d12ad56458df263be2842ce1): Total: 0.027 seconds - Initiated by StopAssetImportingV2(NoUpdateAssetOptions)
Start importing Assets/NoSafeCircle/DoorPrototype/Art/Wizard/Source/PixelLab/masculine-light/selected/walk/south-west/frame_004.png using Guid(51532264872e0e84293f263e959c1e57) (TextureImporter) -> (artifact id: '1fd8da0564eb8dd06a80e1de1fb4c560') in 0.0057156 seconds
Refreshing native plugins compatible for Editor in 2.22 ms, found 4 plugins.
Preloading 0 native plugins for Editor in 0.00 ms.
Asset Pipeline Refresh (id=a21b5f08a028e9b4fb88c2d3c99f3b3e): Total: 0.026 seconds - Initiated by StopAssetImportingV2(NoUpdateAssetOptions)
Start importing Assets/NoSafeCircle/DoorPrototype/Art/Wizard/Source/PixelLab/masculine-light/selected/walk/south-west/frame_004.png using Guid(51532264872e0e84293f263e959c1e57) (TextureImporter) -> (artifact id: '1fd8da0564eb8dd06a80e1de1fb4c560') in 0.0046954 seconds
Refreshing native plugins compatible for Editor in 2.52 ms, found 4 plugins.
Preloading 0 native plugins for Editor in 0.00 ms.
Asset Pipeline Refresh (id=a976e183fd8b91a4ba8b526648b45f8a): Total: 0.026 seconds - Initiated by StopAssetImportingV2(NoUpdateAssetOptions)
Start importing Assets/NoSafeCircle/DoorPrototype/Art/Wizard/Source/PixelLab/masculine-light/selected/walk/south-west/frame_005.png using Guid(e442009237360244fb731295b9de2ce1) (TextureImporter) -> (artifact id: 'b4b85a90a8558c9f22d994a981b275da') in 0.0049474 seconds
Refreshing native plugins compatible for Editor in 2.37 ms, found 4 plugins.
Preloading 0 native plugins for Editor in 0.00 ms.
Asset Pipeline Refresh (id=7310690e1c5dfe1478f8c8467d05f41b): Total: 0.026 seconds - Initiated by StopAssetImportingV2(NoUpdateAssetOptions)
Start importing Assets/NoSafeCircle/DoorPrototype/Art/Wizard/Source/PixelLab/masculine-light/selected/walk/south-west/frame_005.png using Guid(e442009237360244fb731295b9de2ce1) (TextureImporter) -> (artifact id: 'b4b85a90a8558c9f22d994a981b275da') in 0.0052012 seconds
Refreshing native plugins compatible for Editor in 2.24 ms, found 4 plugins.
Preloading 0 native plugins for Editor in 0.00 ms.
Asset Pipeline Refresh (id=096fd6837ced2e04d8098242d4f7c89a): Total: 0.023 seconds - Initiated by StopAssetImportingV2(NoUpdateAssetOptions)
Start importing Assets/NoSafeCircle/DoorPrototype/Art/Wizard/Generated/Wizard_Masculine_White_walk_south-west.anim using Guid(30506471e884bf54fa863b663748012e) (NativeFormatImporter) -> (artifact id: '73f2f654271ffa2e7abdb200a7f3e118') in 0.0024072 seconds
Refreshing native plugins compatible for Editor in 2.11 ms, found 4 plugins.
Preloading 0 native plugins for Editor in 0.00 ms.
Asset Pipeline Refresh (id=e94035f4046df2e45abec8d8cc1537da): Total: 0.022 seconds - Initiated by StopAssetImportingV2(NoUpdateAssetOptions)
Start importing Assets/NoSafeCircle/DoorPrototype/Art/Wizard/Source/PixelLab/masculine-light/selected/standing/west.png using Guid(fcab85bd8cb12954790ec61cad798011) (TextureImporter) -> (artifact id: '619a549616710f6f8c18f4ec9fe9cae1') in 0.0060467 seconds
Refreshing native plugins compatible for Editor in 5.74 ms, found 4 plugins.
Preloading 0 native plugins for Editor in 0.00 ms.
Asset Pipeline Refresh (id=e61f689e911f9ad42a5762af0678b37c): Total: 0.033 seconds - Initiated by StopAssetImportingV2(NoUpdateAssetOptions)
Start importing Assets/NoSafeCircle/DoorPrototype/Art/Wizard/Source/PixelLab/masculine-light/selected/standing/west.png using Guid(fcab85bd8cb12954790ec61cad798011) (TextureImporter) -> (artifact id: '619a549616710f6f8c18f4ec9fe9cae1') in 0.0063946 seconds
Refreshing native plugins compatible for Editor in 2.10 ms, found 4 plugins.
Preloading 0 native plugins for Editor in 0.00 ms.
Asset Pipeline Refresh (id=fbd42bfff34fc2a428e8bdb39c6cbd24): Total: 0.032 seconds - Initiated by StopAssetImportingV2(NoUpdateAssetOptions)
Start importing Assets/NoSafeCircle/DoorPrototype/Art/Wizard/Generated/Wizard_Masculine_White_idle_west.anim using Guid(898376da8b2862d40abdf3312a9d0b7d) (NativeFormatImporter) -> (artifact id: '31e0391e70a5186bd5d967f11d11422d') in 0.0021259 seconds
Refreshing native plugins compatible for Editor in 2.05 ms, found 4 plugins.
Preloading 0 native plugins for Editor in 0.00 ms.
Asset Pipeline Refresh (id=883f782e74f79844fa82766c0d3c6a04): Total: 0.019 seconds - Initiated by StopAssetImportingV2(NoUpdateAssetOptions)
Start importing Assets/NoSafeCircle/DoorPrototype/Art/Wizard/Source/PixelLab/masculine-light/selected/walk/west/frame_000.png using Guid(68a9f5e18b89d98b132a7387ddb82b8f) (TextureImporter) -> (artifact id: '472598731803f07a0c3405fa14500fa5') in 0.0047715 seconds
Refreshing native plugins compatible for Editor in 2.23 ms, found 4 plugins.
Preloading 0 native plugins for Editor in 0.00 ms.
Asset Pipeline Refresh (id=1e60975c91591cc488f5f2018a20a1a2): Total: 0.022 seconds - Initiated by StopAssetImportingV2(NoUpdateAssetOptions)
Start importing Assets/NoSafeCircle/DoorPrototype/Art/Wizard/Source/PixelLab/masculine-light/selected/walk/west/frame_000.png using Guid(68a9f5e18b89d98b132a7387ddb82b8f) (TextureImporter) -> (artifact id: '472598731803f07a0c3405fa14500fa5') in 0.004631 seconds
Refreshing native plugins compatible for Editor in 2.41 ms, found 4 plugins.
Preloading 0 native plugins for Editor in 0.00 ms.
Asset Pipeline Refresh (id=0cf4c6f0952ec8649b21cbb86ebefa34): Total: 0.023 seconds - Initiated by StopAssetImportingV2(NoUpdateAssetOptions)
Start importing Assets/NoSafeCircle/DoorPrototype/Art/Wizard/Source/PixelLab/masculine-light/selected/walk/west/frame_001.png using Guid(c0c81357b05d21eb347e22a32cdffa20) (TextureImporter) -> (artifact id: '80133c436d6f649424696dfb917d2d4e') in 0.0051955 seconds
Refreshing native plugins compatible for Editor in 2.43 ms, found 4 plugins.
Preloading 0 native plugins for Editor in 0.00 ms.
Asset Pipeline Refresh (id=d5b303e2504928c4098e708093358616): Total: 0.025 seconds - Initiated by StopAssetImportingV2(NoUpdateAssetOptions)
Start importing Assets/NoSafeCircle/DoorPrototype/Art/Wizard/Source/PixelLab/masculine-light/selected/walk/west/frame_001.png using Guid(c0c81357b05d21eb347e22a32cdffa20) (TextureImporter) -> (artifact id: '80133c436d6f649424696dfb917d2d4e') in 0.006761 seconds
Refreshing native plugins compatible for Editor in 2.29 ms, found 4 plugins.
Preloading 0 native plugins for Editor in 0.00 ms.
Asset Pipeline Refresh (id=a441c3e7a98f78e49a3e4a91c87773f3): Total: 0.028 seconds - Initiated by StopAssetImportingV2(NoUpdateAssetOptions)
Start importing Assets/NoSafeCircle/DoorPrototype/Art/Wizard/Source/PixelLab/masculine-light/selected/walk/west/frame_002.png using Guid(3dbb7e5a45ee3dded30f73cc578f2738) (TextureImporter) -> (artifact id: '42ac701c2f06bb65fc06fd311a5e79f5') in 0.005057 seconds
Refreshing native plugins compatible for Editor in 2.39 ms, found 4 plugins.
Preloading 0 native plugins for Editor in 0.00 ms.
Asset Pipeline Refresh (id=6df9c0dc3be6a2d4885e2ba3bd42f77d): Total: 0.028 seconds - Initiated by StopAssetImportingV2(NoUpdateAssetOptions)
Start importing Assets/NoSafeCircle/DoorPrototype/Art/Wizard/Source/PixelLab/masculine-light/selected/walk/west/frame_002.png using Guid(3dbb7e5a45ee3dded30f73cc578f2738) (TextureImporter) -> (artifact id: '42ac701c2f06bb65fc06fd311a5e79f5') in 0.0061164 seconds
Refreshing native plugins compatible for Editor in 2.61 ms, found 4 plugins.
Preloading 0 native plugins for Editor in 0.00 ms.
Asset Pipeline Refresh (id=33a4bb7a8db0cbb429b3e162ea7f068b): Total: 0.031 seconds - Initiated by StopAssetImportingV2(NoUpdateAssetOptions)
Start importing Assets/NoSafeCircle/DoorPrototype/Art/Wizard/Source/PixelLab/masculine-light/selected/walk/west/frame_003.png using Guid(e41f248459d4ae59975cc78239f7b20c) (TextureImporter) -> (artifact id: 'b8e913298f9ae24d0cd3efadd781f1cc') in 0.0053438 seconds
Refreshing native plugins compatible for Editor in 2.33 ms, found 4 plugins.
Preloading 0 native plugins for Editor in 0.00 ms.
Asset Pipeline Refresh (id=87643e3f976dce043822984a3008ac63): Total: 0.027 seconds - Initiated by StopAssetImportingV2(NoUpdateAssetOptions)
Start importing Assets/NoSafeCircle/DoorPrototype/Art/Wizard/Source/PixelLab/masculine-light/selected/walk/west/frame_003.png using Guid(e41f248459d4ae59975cc78239f7b20c) (TextureImporter) -> (artifact id: 'b8e913298f9ae24d0cd3efadd781f1cc') in 0.0057468 seconds
Refreshing native plugins compatible for Editor in 2.29 ms, found 4 plugins.
Preloading 0 native plugins for Editor in 0.00 ms.
Asset Pipeline Refresh (id=b744ea571760cc54d938fda3ae03dd63): Total: 0.026 seconds - Initiated by StopAssetImportingV2(NoUpdateAssetOptions)
Start importing Assets/NoSafeCircle/DoorPrototype/Art/Wizard/Source/PixelLab/masculine-light/selected/walk/west/frame_004.png using Guid(3a69ff0a640213c3644a40ed60250934) (TextureImporter) -> (artifact id: 'ebd0a3559235a0b2f0fd2ed1f837201b') in 0.0046767 seconds
Refreshing native plugins compatible for Editor in 3.16 ms, found 4 plugins.
Preloading 0 native plugins for Editor in 0.00 ms.
Asset Pipeline Refresh (id=7d1775adaa51148429e8171495ac9d8a): Total: 0.028 seconds - Initiated by StopAssetImportingV2(NoUpdateAssetOptions)
Start importing Assets/NoSafeCircle/DoorPrototype/Art/Wizard/Source/PixelLab/masculine-light/selected/walk/west/frame_004.png using Guid(3a69ff0a640213c3644a40ed60250934) (TextureImporter) -> (artifact id: 'ebd0a3559235a0b2f0fd2ed1f837201b') in 0.0042733 seconds
Refreshing native plugins compatible for Editor in 2.29 ms, found 4 plugins.
Preloading 0 native plugins for Editor in 0.00 ms.
Asset Pipeline Refresh (id=c858396422b2b794c9eae4de5e83cb54): Total: 0.027 seconds - Initiated by StopAssetImportingV2(NoUpdateAssetOptions)
Start importing Assets/NoSafeCircle/DoorPrototype/Art/Wizard/Source/PixelLab/masculine-light/selected/walk/west/frame_005.png using Guid(9a5d1644e38fcfc51966cfba42c3797c) (TextureImporter) -> (artifact id: '4c5730d53990b809a25c82a5eefd774a') in 0.0046367 seconds
Refreshing native plugins compatible for Editor in 2.22 ms, found 4 plugins.
Preloading 0 native plugins for Editor in 0.00 ms.
Asset Pipeline Refresh (id=00f1d9b50a3fec44fba67cbf2ae7a11b): Total: 0.022 seconds - Initiated by StopAssetImportingV2(NoUpdateAssetOptions)
Start importing Assets/NoSafeCircle/DoorPrototype/Art/Wizard/Source/PixelLab/masculine-light/selected/walk/west/frame_005.png using Guid(9a5d1644e38fcfc51966cfba42c3797c) (TextureImporter) -> (artifact id: '4c5730d53990b809a25c82a5eefd774a') in 0.0044355 seconds
Refreshing native plugins compatible for Editor in 3.76 ms, found 4 plugins.
Preloading 0 native plugins for Editor in 0.00 ms.
Asset Pipeline Refresh (id=8ee74279e483efd40afb838ae1731136): Total: 0.024 seconds - Initiated by StopAssetImportingV2(NoUpdateAssetOptions)
Start importing Assets/NoSafeCircle/DoorPrototype/Art/Wizard/Generated/Wizard_Masculine_White_walk_west.anim using Guid(2c593440929c9da4690ea44feb838fa5) (NativeFormatImporter) -> (artifact id: 'b5fa78633655eb28c7b7fcad434f0815') in 0.0027856 seconds
Refreshing native plugins compatible for Editor in 2.36 ms, found 4 plugins.
Preloading 0 native plugins for Editor in 0.00 ms.
Asset Pipeline Refresh (id=c1c33ab83112944418e527b6f5b1546c): Total: 0.021 seconds - Initiated by StopAssetImportingV2(NoUpdateAssetOptions)
Start importing Assets/NoSafeCircle/DoorPrototype/Art/Wizard/Source/PixelLab/masculine-light/selected/standing/north-west.png using Guid(90987ee35d8dc3942b6c07b1e7be561d) (TextureImporter) -> (artifact id: '936478f301bed31f876bed28e8f38b64') in 0.0074126 seconds
Refreshing native plugins compatible for Editor in 2.07 ms, found 4 plugins.
Preloading 0 native plugins for Editor in 0.00 ms.
Asset Pipeline Refresh (id=6a0d596ad7bb0ab40b9742603ecaba6c): Total: 0.032 seconds - Initiated by StopAssetImportingV2(NoUpdateAssetOptions)
Start importing Assets/NoSafeCircle/DoorPrototype/Art/Wizard/Source/PixelLab/masculine-light/selected/standing/north-west.png using Guid(90987ee35d8dc3942b6c07b1e7be561d) (TextureImporter) -> (artifact id: '936478f301bed31f876bed28e8f38b64') in 0.0070104 seconds
Refreshing native plugins compatible for Editor in 2.19 ms, found 4 plugins.
Preloading 0 native plugins for Editor in 0.00 ms.
Asset Pipeline Refresh (id=d8f04b379b6ba4349821d5e0f2d95f67): Total: 0.027 seconds - Initiated by StopAssetImportingV2(NoUpdateAssetOptions)
Start importing Assets/NoSafeCircle/DoorPrototype/Art/Wizard/Generated/Wizard_Masculine_White_idle_north-west.anim using Guid(7652da59edab6324ea7b4b4a155a0f23) (NativeFormatImporter) -> (artifact id: 'ce27b6416f14268e491e9a4db222dbe0') in 0.0020415 seconds
Refreshing native plugins compatible for Editor in 2.40 ms, found 4 plugins.
Preloading 0 native plugins for Editor in 0.00 ms.
Asset Pipeline Refresh (id=86a0b92da4460d449bd3b2dda768b26c): Total: 0.022 seconds - Initiated by StopAssetImportingV2(NoUpdateAssetOptions)
Start importing Assets/NoSafeCircle/DoorPrototype/Art/Wizard/Source/PixelLab/masculine-light/selected/walk/north-west/frame_000.png using Guid(677b1a2b1ee5cdf478a4d802aaaeb8c9) (TextureImporter) -> (artifact id: 'cc16f980874a5033006e6bb3a4e2c672') in 0.0041585 seconds
Refreshing native plugins compatible for Editor in 3.82 ms, found 4 plugins.
Preloading 0 native plugins for Editor in 0.00 ms.
Asset Pipeline Refresh (id=e740c84014969944593ecd2322356d2f): Total: 0.027 seconds - Initiated by StopAssetImportingV2(NoUpdateAssetOptions)
Start importing Assets/NoSafeCircle/DoorPrototype/Art/Wizard/Source/PixelLab/masculine-light/selected/walk/north-west/frame_000.png using Guid(677b1a2b1ee5cdf478a4d802aaaeb8c9) (TextureImporter) -> (artifact id: 'cc16f980874a5033006e6bb3a4e2c672') in 0.0053156 seconds
Refreshing native plugins compatible for Editor in 2.26 ms, found 4 plugins.
Preloading 0 native plugins for Editor in 0.00 ms.
Asset Pipeline Refresh (id=d90cec9e6f501db4892c1803d902440b): Total: 0.028 seconds - Initiated by StopAssetImportingV2(NoUpdateAssetOptions)
Start importing Assets/NoSafeCircle/DoorPrototype/Art/Wizard/Source/PixelLab/masculine-light/selected/walk/north-west/frame_001.png using Guid(30043e147cb157e48b727d6a625138d1) (TextureImporter) -> (artifact id: '05e5be27b30cccf9c9bbcc20ff4187f6') in 0.0053139 seconds
Refreshing native plugins compatible for Editor in 2.22 ms, found 4 plugins.
Preloading 0 native plugins for Editor in 0.00 ms.
Asset Pipeline Refresh (id=65bd75b33d9a8934792ac5656014d0ed): Total: 0.023 seconds - Initiated by StopAssetImportingV2(NoUpdateAssetOptions)
Start importing Assets/NoSafeCircle/DoorPrototype/Art/Wizard/Source/PixelLab/masculine-light/selected/walk/north-west/frame_001.png using Guid(30043e147cb157e48b727d6a625138d1) (TextureImporter) -> (artifact id: '05e5be27b30cccf9c9bbcc20ff4187f6') in 0.0042424 seconds
Refreshing native plugins compatible for Editor in 2.24 ms, found 4 plugins.
Preloading 0 native plugins for Editor in 0.00 ms.
Asset Pipeline Refresh (id=24515cc0616b2e34fbdfebbc6625a986): Total: 0.026 seconds - Initiated by StopAssetImportingV2(NoUpdateAssetOptions)
Start importing Assets/NoSafeCircle/DoorPrototype/Art/Wizard/Source/PixelLab/masculine-light/selected/walk/north-west/frame_002.png using Guid(da876a2dd1ddfaf4784e8508e2b85b2d) (TextureImporter) -> (artifact id: '1eb79f1aa0eb8deb525a1eb379b001f4') in 0.0047221 seconds
Refreshing native plugins compatible for Editor in 2.90 ms, found 4 plugins.
Preloading 0 native plugins for Editor in 0.00 ms.
Asset Pipeline Refresh (id=e204130cd4c45bd42a8120c201d35c23): Total: 0.023 seconds - Initiated by StopAssetImportingV2(NoUpdateAssetOptions)
Start importing Assets/NoSafeCircle/DoorPrototype/Art/Wizard/Source/PixelLab/masculine-light/selected/walk/north-west/frame_002.png using Guid(da876a2dd1ddfaf4784e8508e2b85b2d) (TextureImporter) -> (artifact id: '1eb79f1aa0eb8deb525a1eb379b001f4') in 0.0040802 seconds
Refreshing native plugins compatible for Editor in 2.16 ms, found 4 plugins.
Preloading 0 native plugins for Editor in 0.00 ms.
Asset Pipeline Refresh (id=a34175572ef716f4981bebe3e49afe16): Total: 0.026 seconds - Initiated by StopAssetImportingV2(NoUpdateAssetOptions)
Start importing Assets/NoSafeCircle/DoorPrototype/Art/Wizard/Source/PixelLab/masculine-light/selected/walk/north-west/frame_003.png using Guid(cb165ba370e93d24faa19fb73c65d3a2) (TextureImporter) -> (artifact id: '2b0a4dd0b3604b5d6a87d4e4b16f2bd5') in 0.004461 seconds
Refreshing native plugins compatible for Editor in 2.04 ms, found 4 plugins.
Preloading 0 native plugins for Editor in 0.00 ms.
Asset Pipeline Refresh (id=53bb58aa4b8f51e48aed56c7cef68842): Total: 0.022 seconds - Initiated by StopAssetImportingV2(NoUpdateAssetOptions)
Start importing Assets/NoSafeCircle/DoorPrototype/Art/Wizard/Source/PixelLab/masculine-light/selected/walk/north-west/frame_003.png using Guid(cb165ba370e93d24faa19fb73c65d3a2) (TextureImporter) -> (artifact id: '2b0a4dd0b3604b5d6a87d4e4b16f2bd5') in 0.0053232 seconds
Refreshing native plugins compatible for Editor in 3.55 ms, found 4 plugins.
Preloading 0 native plugins for Editor in 0.00 ms.
Asset Pipeline Refresh (id=d52cf37cd7044b542b35d6a46fec8687): Total: 0.025 seconds - Initiated by StopAssetImportingV2(NoUpdateAssetOptions)
Start importing Assets/NoSafeCircle/DoorPrototype/Art/Wizard/Source/PixelLab/masculine-light/selected/walk/north-west/frame_004.png using Guid(955aecbdbcf09294f8ff3f95ba81899e) (TextureImporter) -> (artifact id: 'fc062a63e110c77d2f55121c77ca9711') in 0.0052534 seconds
Refreshing native plugins compatible for Editor in 3.16 ms, found 4 plugins.
Preloading 0 native plugins for Editor in 0.00 ms.
Asset Pipeline Refresh (id=ffc6886ddc784554ea5efc9997e2b7a1): Total: 0.025 seconds - Initiated by StopAssetImportingV2(NoUpdateAssetOptions)
Start importing Assets/NoSafeCircle/DoorPrototype/Art/Wizard/Source/PixelLab/masculine-light/selected/walk/north-west/frame_004.png using Guid(955aecbdbcf09294f8ff3f95ba81899e) (TextureImporter) -> (artifact id: 'fc062a63e110c77d2f55121c77ca9711') in 0.0049352 seconds
Refreshing native plugins compatible for Editor in 3.76 ms, found 4 plugins.
Preloading 0 native plugins for Editor in 0.00 ms.
Asset Pipeline Refresh (id=2a366c2106d7e024a8afa073beac328a): Total: 0.030 seconds - Initiated by StopAssetImportingV2(NoUpdateAssetOptions)
Start importing Assets/NoSafeCircle/DoorPrototype/Art/Wizard/Source/PixelLab/masculine-light/selected/walk/north-west/frame_005.png using Guid(8ebb18bbc00d6374f9dfab5a847428c8) (TextureImporter) -> (artifact id: '18f1118577269af583895f67a501391e') in 0.005341 seconds
Refreshing native plugins compatible for Editor in 3.33 ms, found 4 plugins.
Preloading 0 native plugins for Editor in 0.00 ms.
Asset Pipeline Refresh (id=ca11109565940bd489a5c2c42aad1364): Total: 0.028 seconds - Initiated by StopAssetImportingV2(NoUpdateAssetOptions)
Start importing Assets/NoSafeCircle/DoorPrototype/Art/Wizard/Source/PixelLab/masculine-light/selected/walk/north-west/frame_005.png using Guid(8ebb18bbc00d6374f9dfab5a847428c8) (TextureImporter) -> (artifact id: '18f1118577269af583895f67a501391e') in 0.0050675 seconds
Refreshing native plugins compatible for Editor in 2.42 ms, found 4 plugins.
Preloading 0 native plugins for Editor in 0.00 ms.
Asset Pipeline Refresh (id=d9f833061b9f62c4b80a783858a40580): Total: 0.025 seconds - Initiated by StopAssetImportingV2(NoUpdateAssetOptions)
Start importing Assets/NoSafeCircle/DoorPrototype/Art/Wizard/Generated/Wizard_Masculine_White_walk_north-west.anim using Guid(9e420108d6d789c42829311a3496c981) (NativeFormatImporter) -> (artifact id: 'f34e4fd597a1bff633b2946854850c78') in 0.0031169 seconds
Refreshing native plugins compatible for Editor in 2.67 ms, found 4 plugins.
Preloading 0 native plugins for Editor in 0.00 ms.
Asset Pipeline Refresh (id=66d00cb50c9a42c42a31d9b841bbf21f): Total: 0.023 seconds - Initiated by StopAssetImportingV2(NoUpdateAssetOptions)
Start importing Assets/NoSafeCircle/DoorPrototype/Art/Wizard/Source/PixelLab/masculine-dark/selected/standing/north.png using Guid(72f11a7679e395346ab124f06174e442) (TextureImporter) -> (artifact id: '70da063f657aff1db63217a637ab83ac') in 0.0057249 seconds
Refreshing native plugins compatible for Editor in 2.25 ms, found 4 plugins.
Preloading 0 native plugins for Editor in 0.00 ms.
Asset Pipeline Refresh (id=27108312014e3c3429e0c67dd04555ed): Total: 0.027 seconds - Initiated by StopAssetImportingV2(NoUpdateAssetOptions)
Start importing Assets/NoSafeCircle/DoorPrototype/Art/Wizard/Source/PixelLab/masculine-dark/selected/standing/north.png using Guid(72f11a7679e395346ab124f06174e442) (TextureImporter) -> (artifact id: '70da063f657aff1db63217a637ab83ac') in 0.0041428 seconds
Refreshing native plugins compatible for Editor in 2.22 ms, found 4 plugins.
Preloading 0 native plugins for Editor in 0.00 ms.
Asset Pipeline Refresh (id=0ee3ef16aab6bcc4099d178bf88adbf5): Total: 0.022 seconds - Initiated by StopAssetImportingV2(NoUpdateAssetOptions)
Start importing Assets/NoSafeCircle/DoorPrototype/Art/Wizard/Source/PixelLab/masculine-dark/selected/standing/north-east.png using Guid(6735524043016474aa7448c28d5f2ed0) (TextureImporter) -> (artifact id: 'f5c99ddaabf9faaf203cd15b18007110') in 0.0048881 seconds
Refreshing native plugins compatible for Editor in 2.40 ms, found 4 plugins.
Preloading 0 native plugins for Editor in 0.00 ms.
Asset Pipeline Refresh (id=8a0e0424f121c3c43b7f981bb41eb8f4): Total: 0.022 seconds - Initiated by StopAssetImportingV2(NoUpdateAssetOptions)
Start importing Assets/NoSafeCircle/DoorPrototype/Art/Wizard/Source/PixelLab/masculine-dark/selected/standing/north-east.png using Guid(6735524043016474aa7448c28d5f2ed0) (TextureImporter) -> (artifact id: 'f5c99ddaabf9faaf203cd15b18007110') in 0.0055 seconds
Refreshing native plugins compatible for Editor in 3.23 ms, found 4 plugins.
Preloading 0 native plugins for Editor in 0.00 ms.
Asset Pipeline Refresh (id=c827f6615ee86cf4ca805c2b81040d15): Total: 0.025 seconds - Initiated by StopAssetImportingV2(NoUpdateAssetOptions)
Start importing Assets/NoSafeCircle/DoorPrototype/Art/Wizard/Source/PixelLab/masculine-dark/selected/standing/east.png using Guid(23c96c0551a1d5d41aba5a67067caf55) (TextureImporter) -> (artifact id: '8be7e17aaf3c7d7a4ccc79bfb73e5a5a') in 0.0057686 seconds
Refreshing native plugins compatible for Editor in 2.20 ms, found 4 plugins.
Preloading 0 native plugins for Editor in 0.00 ms.
Asset Pipeline Refresh (id=f6f675471c67ca146b843e5301303fc5): Total: 0.024 seconds - Initiated by StopAssetImportingV2(NoUpdateAssetOptions)
Start importing Assets/NoSafeCircle/DoorPrototype/Art/Wizard/Source/PixelLab/masculine-dark/selected/standing/east.png using Guid(23c96c0551a1d5d41aba5a67067caf55) (TextureImporter) -> (artifact id: '8be7e17aaf3c7d7a4ccc79bfb73e5a5a') in 0.003903 seconds
Refreshing native plugins compatible for Editor in 2.20 ms, found 4 plugins.
Preloading 0 native plugins for Editor in 0.00 ms.
Asset Pipeline Refresh (id=e59c1ed9eb9f97d4396eab9d642c48fd): Total: 0.022 seconds - Initiated by StopAssetImportingV2(NoUpdateAssetOptions)
Start importing Assets/NoSafeCircle/DoorPrototype/Art/Wizard/Source/PixelLab/masculine-dark/selected/standing/south-east.png using Guid(64d787ff2e602f6429731e96dfa9db4d) (TextureImporter) -> (artifact id: 'c4f537e47a5d7dc109882aa8871726f7') in 0.005056 seconds
Refreshing native plugins compatible for Editor in 2.15 ms, found 4 plugins.
Preloading 0 native plugins for Editor in 0.00 ms.
Asset Pipeline Refresh (id=051c8f7265dae8e42a87f9864a1a2f4b): Total: 0.024 seconds - Initiated by StopAssetImportingV2(NoUpdateAssetOptions)
Start importing Assets/NoSafeCircle/DoorPrototype/Art/Wizard/Source/PixelLab/masculine-dark/selected/standing/south-east.png using Guid(64d787ff2e602f6429731e96dfa9db4d) (TextureImporter) -> (artifact id: 'c4f537e47a5d7dc109882aa8871726f7') in 0.0039483 seconds
Refreshing native plugins compatible for Editor in 3.39 ms, found 4 plugins.
Preloading 0 native plugins for Editor in 0.00 ms.
Asset Pipeline Refresh (id=f91b59774ac36804489c0114edbd39a2): Total: 0.022 seconds - Initiated by StopAssetImportingV2(NoUpdateAssetOptions)
Start importing Assets/NoSafeCircle/DoorPrototype/Art/Wizard/Source/PixelLab/masculine-dark/selected/standing/south.png using Guid(e4176867d0e8e284d9cc11f06e1338df) (TextureImporter) -> (artifact id: '304b0fcfe56d81fab628df5211f0f7e1') in 0.0072965 seconds
Refreshing native plugins compatible for Editor in 2.24 ms, found 4 plugins.
Preloading 0 native plugins for Editor in 0.00 ms.
Asset Pipeline Refresh (id=29c0da4a09e5649469c2b4a209f98d54): Total: 0.029 seconds - Initiated by StopAssetImportingV2(NoUpdateAssetOptions)
Start importing Assets/NoSafeCircle/DoorPrototype/Art/Wizard/Source/PixelLab/masculine-dark/selected/standing/south.png using Guid(e4176867d0e8e284d9cc11f06e1338df) (TextureImporter) -> (artifact id: '304b0fcfe56d81fab628df5211f0f7e1') in 0.0045324 seconds
Refreshing native plugins compatible for Editor in 3.04 ms, found 4 plugins.
Preloading 0 native plugins for Editor in 0.00 ms.
Asset Pipeline Refresh (id=c9f6a766b9df73247aba74418d68d763): Total: 0.026 seconds - Initiated by StopAssetImportingV2(NoUpdateAssetOptions)
Start importing Assets/NoSafeCircle/DoorPrototype/Art/Wizard/Source/PixelLab/masculine-dark/selected/standing/south-west.png using Guid(9beca6eb733e13b47adf2a5ef994fc16) (TextureImporter) -> (artifact id: 'f535571f993a89e9404f7172871e0f78') in 0.006041 seconds
Refreshing native plugins compatible for Editor in 2.46 ms, found 4 plugins.
Preloading 0 native plugins for Editor in 0.00 ms.
Asset Pipeline Refresh (id=272a44971f887a943804108ede2d01b4): Total: 0.025 seconds - Initiated by StopAssetImportingV2(NoUpdateAssetOptions)
Start importing Assets/NoSafeCircle/DoorPrototype/Art/Wizard/Source/PixelLab/masculine-dark/selected/standing/south-west.png using Guid(9beca6eb733e13b47adf2a5ef994fc16) (TextureImporter) -> (artifact id: 'f535571f993a89e9404f7172871e0f78') in 0.0041475 seconds
Refreshing native plugins compatible for Editor in 3.97 ms, found 4 plugins.
Preloading 0 native plugins for Editor in 0.00 ms.
Asset Pipeline Refresh (id=5a9fc7a035689fd49b20e4884e211cfa): Total: 0.029 seconds - Initiated by StopAssetImportingV2(NoUpdateAssetOptions)
Start importing Assets/NoSafeCircle/DoorPrototype/Art/Wizard/Source/PixelLab/masculine-dark/selected/standing/west.png using Guid(73a6621521f4b884db960ca03998e8fe) (TextureImporter) -> (artifact id: '7adf28fff782a222e54fa235543ff0b0') in 0.0076318 seconds
Refreshing native plugins compatible for Editor in 2.83 ms, found 4 plugins.
Preloading 0 native plugins for Editor in 0.00 ms.
Asset Pipeline Refresh (id=78dbfafd637216c40b25890f0b921642): Total: 0.027 seconds - Initiated by StopAssetImportingV2(NoUpdateAssetOptions)
Start importing Assets/NoSafeCircle/DoorPrototype/Art/Wizard/Source/PixelLab/masculine-dark/selected/standing/west.png using Guid(73a6621521f4b884db960ca03998e8fe) (TextureImporter) -> (artifact id: '7adf28fff782a222e54fa235543ff0b0') in 0.0049496 seconds
Refreshing native plugins compatible for Editor in 2.36 ms, found 4 plugins.
Preloading 0 native plugins for Editor in 0.00 ms.
Asset Pipeline Refresh (id=844029018a44df042b71006d34cf9887): Total: 0.024 seconds - Initiated by StopAssetImportingV2(NoUpdateAssetOptions)
Start importing Assets/NoSafeCircle/DoorPrototype/Art/Wizard/Source/PixelLab/masculine-dark/selected/standing/north-west.png using Guid(e75263b3690bab04b8176ae917d18d88) (TextureImporter) -> (artifact id: '0535b61d9380e4f2bc865a11da9ebc76') in 0.0049847 seconds
Refreshing native plugins compatible for Editor in 2.35 ms, found 4 plugins.
Preloading 0 native plugins for Editor in 0.00 ms.
Asset Pipeline Refresh (id=30f4efd7fe2fa7948bfa3c842e8e5ddb): Total: 0.024 seconds - Initiated by StopAssetImportingV2(NoUpdateAssetOptions)
Start importing Assets/NoSafeCircle/DoorPrototype/Art/Wizard/Source/PixelLab/masculine-dark/selected/standing/north-west.png using Guid(e75263b3690bab04b8176ae917d18d88) (TextureImporter) -> (artifact id: '0535b61d9380e4f2bc865a11da9ebc76') in 0.0058247 seconds
Refreshing native plugins compatible for Editor in 2.29 ms, found 4 plugins.
Preloading 0 native plugins for Editor in 0.00 ms.
Asset Pipeline Refresh (id=84268d5fccdf113478d97011845dc4b5): Total: 0.027 seconds - Initiated by StopAssetImportingV2(NoUpdateAssetOptions)
Start importing Assets/NoSafeCircle/DoorPrototype/Art/Wizard/Source/PixelLab/masculine-dark/selected/standing/north.png using Guid(72f11a7679e395346ab124f06174e442) (TextureImporter) -> (artifact id: '70da063f657aff1db63217a637ab83ac') in 0.0066224 seconds
Refreshing native plugins compatible for Editor in 2.23 ms, found 4 plugins.
Preloading 0 native plugins for Editor in 0.00 ms.
Asset Pipeline Refresh (id=95b4f841d5195dd4aa5a26227ab90aae): Total: 0.029 seconds - Initiated by StopAssetImportingV2(NoUpdateAssetOptions)
Start importing Assets/NoSafeCircle/DoorPrototype/Art/Wizard/Source/PixelLab/masculine-dark/selected/standing/north.png using Guid(72f11a7679e395346ab124f06174e442) (TextureImporter) -> (artifact id: '70da063f657aff1db63217a637ab83ac') in 0.0081212 seconds
Refreshing native plugins compatible for Editor in 2.97 ms, found 4 plugins.
Preloading 0 native plugins for Editor in 0.00 ms.
Asset Pipeline Refresh (id=64351029a30a0364e801dd8c6e37ec42): Total: 0.035 seconds - Initiated by StopAssetImportingV2(NoUpdateAssetOptions)
Start importing Assets/NoSafeCircle/DoorPrototype/Art/Wizard/Generated/Wizard_Masculine_Black_idle_north.anim using Guid(683bbd32ba5874a4f9b06b392297e801) (NativeFormatImporter) -> (artifact id: 'b05a6950f33e81cb9e3beaa5ff91cd24') in 0.0025359 seconds
Refreshing native plugins compatible for Editor in 2.19 ms, found 4 plugins.
Preloading 0 native plugins for Editor in 0.00 ms.
Asset Pipeline Refresh (id=003118ef18056a848a8a41bb776f00bd): Total: 0.023 seconds - Initiated by StopAssetImportingV2(NoUpdateAssetOptions)
Start importing Assets/NoSafeCircle/DoorPrototype/Art/Wizard/Source/PixelLab/masculine-dark/selected/walk/north/frame_000.png using Guid(6a3bbb844579377da96602a46b5588a7) (TextureImporter) -> (artifact id: 'c1bdc84c04188c64c7aecad0ef289dd0') in 0.0059348 seconds
Refreshing native plugins compatible for Editor in 3.04 ms, found 4 plugins.
Preloading 0 native plugins for Editor in 0.00 ms.
Asset Pipeline Refresh (id=3c1b08201d5b22b428d0d3086b7eedbc): Total: 0.028 seconds - Initiated by StopAssetImportingV2(NoUpdateAssetOptions)
Start importing Assets/NoSafeCircle/DoorPrototype/Art/Wizard/Source/PixelLab/masculine-dark/selected/walk/north/frame_000.png using Guid(6a3bbb844579377da96602a46b5588a7) (TextureImporter) -> (artifact id: 'c1bdc84c04188c64c7aecad0ef289dd0') in 0.0042244 seconds
Refreshing native plugins compatible for Editor in 3.27 ms, found 4 plugins.
Preloading 0 native plugins for Editor in 0.00 ms.
Asset Pipeline Refresh (id=c6b405c14b3b9604782706486d1e9b4f): Total: 0.024 seconds - Initiated by StopAssetImportingV2(NoUpdateAssetOptions)
Start importing Assets/NoSafeCircle/DoorPrototype/Art/Wizard/Source/PixelLab/masculine-dark/selected/walk/north/frame_001.png using Guid(95705046e869e5860fba582291172320) (TextureImporter) -> (artifact id: '8f589dd42129e00c7e8c7cca26c72e9a') in 0.0059349 seconds
Refreshing native plugins compatible for Editor in 2.16 ms, found 4 plugins.
Preloading 0 native plugins for Editor in 0.00 ms.
Asset Pipeline Refresh (id=28420fb0ce8ed324abd36947f24bb472): Total: 0.024 seconds - Initiated by StopAssetImportingV2(NoUpdateAssetOptions)
Start importing Assets/NoSafeCircle/DoorPrototype/Art/Wizard/Source/PixelLab/masculine-dark/selected/walk/north/frame_001.png using Guid(95705046e869e5860fba582291172320) (TextureImporter) -> (artifact id: '8f589dd42129e00c7e8c7cca26c72e9a') in 0.0039526 seconds
Refreshing native plugins compatible for Editor in 2.36 ms, found 4 plugins.
Preloading 0 native plugins for Editor in 0.00 ms.
Asset Pipeline Refresh (id=dfe375745b7537540b0462712d76190d): Total: 0.023 seconds - Initiated by StopAssetImportingV2(NoUpdateAssetOptions)
Start importing Assets/NoSafeCircle/DoorPrototype/Art/Wizard/Source/PixelLab/masculine-dark/selected/walk/north/frame_002.png using Guid(77871f0448f876e87b236c0896909c77) (TextureImporter) -> (artifact id: '7357071d20808be3f33b304529729b4b') in 0.0051287 seconds
Refreshing native plugins compatible for Editor in 2.66 ms, found 4 plugins.
Preloading 0 native plugins for Editor in 0.00 ms.
Asset Pipeline Refresh (id=9646b6abe9875e741b813f718dfee30b): Total: 0.024 seconds - Initiated by StopAssetImportingV2(NoUpdateAssetOptions)
Start importing Assets/NoSafeCircle/DoorPrototype/Art/Wizard/Source/PixelLab/masculine-dark/selected/walk/north/frame_002.png using Guid(77871f0448f876e87b236c0896909c77) (TextureImporter) -> (artifact id: '7357071d20808be3f33b304529729b4b') in 0.0044822 seconds
Refreshing native plugins compatible for Editor in 2.24 ms, found 4 plugins.
Preloading 0 native plugins for Editor in 0.00 ms.
Asset Pipeline Refresh (id=f0f04107561ec5049a55600778aaaa92): Total: 0.025 seconds - Initiated by StopAssetImportingV2(NoUpdateAssetOptions)
Start importing Assets/NoSafeCircle/DoorPrototype/Art/Wizard/Source/PixelLab/masculine-dark/selected/walk/north/frame_003.png using Guid(d8c2cf21cabc006295d8de2f667b51c9) (TextureImporter) -> (artifact id: 'c55def55d82437c6221c90e3c350ccff') in 0.0054974 seconds
Refreshing native plugins compatible for Editor in 2.26 ms, found 4 plugins.
Preloading 0 native plugins for Editor in 0.00 ms.
Asset Pipeline Refresh (id=e30c8ca782a9e914b8263831ae89b847): Total: 0.027 seconds - Initiated by StopAssetImportingV2(NoUpdateAssetOptions)
Start importing Assets/NoSafeCircle/DoorPrototype/Art/Wizard/Source/PixelLab/masculine-dark/selected/walk/north/frame_003.png using Guid(d8c2cf21cabc006295d8de2f667b51c9) (TextureImporter) -> (artifact id: 'c55def55d82437c6221c90e3c350ccff') in 0.0051892 seconds
Refreshing native plugins compatible for Editor in 3.79 ms, found 4 plugins.
Preloading 0 native plugins for Editor in 0.00 ms.
Asset Pipeline Refresh (id=e1f2a916fcb7fee44b9c4f3d16a41753): Total: 0.029 seconds - Initiated by StopAssetImportingV2(NoUpdateAssetOptions)
Start importing Assets/NoSafeCircle/DoorPrototype/Art/Wizard/Source/PixelLab/masculine-dark/selected/walk/north/frame_004.png using Guid(38172d193e0363be0faee65153a02786) (TextureImporter) -> (artifact id: 'bab9a8e865f93aca9072fbf81ac1f5a4') in 0.0053498 seconds
Refreshing native plugins compatible for Editor in 3.17 ms, found 4 plugins.
Preloading 0 native plugins for Editor in 0.00 ms.
Asset Pipeline Refresh (id=568c6909af52e204cb1685caf7dbfd18): Total: 0.025 seconds - Initiated by StopAssetImportingV2(NoUpdateAssetOptions)
Start importing Assets/NoSafeCircle/DoorPrototype/Art/Wizard/Source/PixelLab/masculine-dark/selected/walk/north/frame_004.png using Guid(38172d193e0363be0faee65153a02786) (TextureImporter) -> (artifact id: 'bab9a8e865f93aca9072fbf81ac1f5a4') in 0.0051509 seconds
Refreshing native plugins compatible for Editor in 2.13 ms, found 4 plugins.
Preloading 0 native plugins for Editor in 0.00 ms.
Asset Pipeline Refresh (id=cf1999ba4d89cf546ab2c05e35de4878): Total: 0.026 seconds - Initiated by StopAssetImportingV2(NoUpdateAssetOptions)
Start importing Assets/NoSafeCircle/DoorPrototype/Art/Wizard/Source/PixelLab/masculine-dark/selected/walk/north/frame_005.png using Guid(ff7984ab1e399b9c62eadb536de94164) (TextureImporter) -> (artifact id: 'd875ef199cbd70726cd39d45b1a42b17') in 0.0045804 seconds
Refreshing native plugins compatible for Editor in 3.44 ms, found 4 plugins.
Preloading 0 native plugins for Editor in 0.00 ms.
Asset Pipeline Refresh (id=f55421c4dbd4697478d458d691f95509): Total: 0.030 seconds - Initiated by StopAssetImportingV2(NoUpdateAssetOptions)
Start importing Assets/NoSafeCircle/DoorPrototype/Art/Wizard/Source/PixelLab/masculine-dark/selected/walk/north/frame_005.png using Guid(ff7984ab1e399b9c62eadb536de94164) (TextureImporter) -> (artifact id: 'd875ef199cbd70726cd39d45b1a42b17') in 0.0053839 seconds
Refreshing native plugins compatible for Editor in 2.34 ms, found 4 plugins.
Preloading 0 native plugins for Editor in 0.00 ms.
Asset Pipeline Refresh (id=9dd518253d33e994e827bf2379822fc1): Total: 0.026 seconds - Initiated by StopAssetImportingV2(NoUpdateAssetOptions)
Start importing Assets/NoSafeCircle/DoorPrototype/Art/Wizard/Generated/Wizard_Masculine_Black_walk_north.anim using Guid(631dafa328e2a9c4dbfc13279528c926) (NativeFormatImporter) -> (artifact id: 'd8f763a60850eea70801641c4dff5c29') in 0.0030044 seconds
Refreshing native plugins compatible for Editor in 2.11 ms, found 4 plugins.
Preloading 0 native plugins for Editor in 0.00 ms.
Asset Pipeline Refresh (id=228125cc939e0d04d9f0aa21abe6c23c): Total: 0.021 seconds - Initiated by StopAssetImportingV2(NoUpdateAssetOptions)
Start importing Assets/NoSafeCircle/DoorPrototype/Art/Wizard/Source/PixelLab/masculine-dark/selected/standing/north-east.png using Guid(6735524043016474aa7448c28d5f2ed0) (TextureImporter) -> (artifact id: 'f5c99ddaabf9faaf203cd15b18007110') in 0.0067806 seconds
Refreshing native plugins compatible for Editor in 2.34 ms, found 4 plugins.
Preloading 0 native plugins for Editor in 0.00 ms.
Asset Pipeline Refresh (id=b3eb0962b9d1833438565a6904458068): Total: 0.028 seconds - Initiated by StopAssetImportingV2(NoUpdateAssetOptions)
Start importing Assets/NoSafeCircle/DoorPrototype/Art/Wizard/Source/PixelLab/masculine-dark/selected/standing/north-east.png using Guid(6735524043016474aa7448c28d5f2ed0) (TextureImporter) -> (artifact id: 'f5c99ddaabf9faaf203cd15b18007110') in 0.0065481 seconds
Refreshing native plugins compatible for Editor in 2.17 ms, found 4 plugins.
Preloading 0 native plugins for Editor in 0.00 ms.
Asset Pipeline Refresh (id=5f737fcb65442f347ac2a81b7d7a5d39): Total: 0.027 seconds - Initiated by StopAssetImportingV2(NoUpdateAssetOptions)
Start importing Assets/NoSafeCircle/DoorPrototype/Art/Wizard/Generated/Wizard_Masculine_Black_idle_north-east.anim using Guid(ee4ee09f1862ff143b0c7acc9bc465fb) (NativeFormatImporter) -> (artifact id: 'c0cc517b4168dcf52ef4f7b1a8de6582') in 0.0020569 seconds
Refreshing native plugins compatible for Editor in 2.32 ms, found 4 plugins.
Preloading 0 native plugins for Editor in 0.00 ms.
Asset Pipeline Refresh (id=9b4d98c5624ca5d41af4f4f51f631bbf): Total: 0.019 seconds - Initiated by StopAssetImportingV2(NoUpdateAssetOptions)
Start importing Assets/NoSafeCircle/DoorPrototype/Art/Wizard/Source/PixelLab/masculine-dark/selected/walk/north-east/frame_000.png using Guid(d18508177a5df8945802a980a3a39443) (TextureImporter) -> (artifact id: '97e0fee8b69302ff38b043da0959ba60') in 0.004121 seconds
Refreshing native plugins compatible for Editor in 2.14 ms, found 4 plugins.
Preloading 0 native plugins for Editor in 0.00 ms.
Asset Pipeline Refresh (id=48a7f7c86060dbd478acdde4898ba382): Total: 0.022 seconds - Initiated by StopAssetImportingV2(NoUpdateAssetOptions)
Start importing Assets/NoSafeCircle/DoorPrototype/Art/Wizard/Source/PixelLab/masculine-dark/selected/walk/north-east/frame_000.png using Guid(d18508177a5df8945802a980a3a39443) (TextureImporter) -> (artifact id: '97e0fee8b69302ff38b043da0959ba60') in 0.004417 seconds
Refreshing native plugins compatible for Editor in 2.47 ms, found 4 plugins.
Preloading 0 native plugins for Editor in 0.00 ms.
Asset Pipeline Refresh (id=7c36f985b7456c84b838c44956f90bf3): Total: 0.023 seconds - Initiated by StopAssetImportingV2(NoUpdateAssetOptions)
Start importing Assets/NoSafeCircle/DoorPrototype/Art/Wizard/Source/PixelLab/masculine-dark/selected/walk/north-east/frame_001.png using Guid(0826798e86f0dda4b942b7af1afdf792) (TextureImporter) -> (artifact id: 'f3066f3a81ed923dfb30240230af63ed') in 0.0054519 seconds
Refreshing native plugins compatible for Editor in 2.19 ms, found 4 plugins.
Preloading 0 native plugins for Editor in 0.00 ms.
Asset Pipeline Refresh (id=6ffb2c246b6e5664790c89877521682f): Total: 0.025 seconds - Initiated by StopAssetImportingV2(NoUpdateAssetOptions)
Start importing Assets/NoSafeCircle/DoorPrototype/Art/Wizard/Source/PixelLab/masculine-dark/selected/walk/north-east/frame_001.png using Guid(0826798e86f0dda4b942b7af1afdf792) (TextureImporter) -> (artifact id: 'f3066f3a81ed923dfb30240230af63ed') in 0.0059498 seconds
Refreshing native plugins compatible for Editor in 2.32 ms, found 4 plugins.
Preloading 0 native plugins for Editor in 0.00 ms.
Asset Pipeline Refresh (id=2d0f6b3dfb12fb947873bcbe1b2e0498): Total: 0.026 seconds - Initiated by StopAssetImportingV2(NoUpdateAssetOptions)
Start importing Assets/NoSafeCircle/DoorPrototype/Art/Wizard/Source/PixelLab/masculine-dark/selected/walk/north-east/frame_002.png using Guid(c7b9af4f539ff884cb9b7506b2656bf3) (TextureImporter) -> (artifact id: '51b114470f6bcdd71d2e8a846b68d052') in 0.0042859 seconds
Refreshing native plugins compatible for Editor in 1.98 ms, found 4 plugins.
Preloading 0 native plugins for Editor in 0.00 ms.
Asset Pipeline Refresh (id=1a9ed2ecca88f5e47820a6076a5a84db): Total: 0.021 seconds - Initiated by StopAssetImportingV2(NoUpdateAssetOptions)
Start importing Assets/NoSafeCircle/DoorPrototype/Art/Wizard/Source/PixelLab/masculine-dark/selected/walk/north-east/frame_002.png using Guid(c7b9af4f539ff884cb9b7506b2656bf3) (TextureImporter) -> (artifact id: '51b114470f6bcdd71d2e8a846b68d052') in 0.0044607 seconds
Refreshing native plugins compatible for Editor in 2.33 ms, found 4 plugins.
Preloading 0 native plugins for Editor in 0.00 ms.
Asset Pipeline Refresh (id=3fe014cb5220ba7458d7417b560b0ffa): Total: 0.024 seconds - Initiated by StopAssetImportingV2(NoUpdateAssetOptions)
Start importing Assets/NoSafeCircle/DoorPrototype/Art/Wizard/Source/PixelLab/masculine-dark/selected/walk/north-east/frame_003.png using Guid(39854119ecb0c1041bb4e73b9d3a0b02) (TextureImporter) -> (artifact id: '580e5ae66b20fcd98f10eaee9e751405') in 0.004201 seconds
Refreshing native plugins compatible for Editor in 2.27 ms, found 4 plugins.
Preloading 0 native plugins for Editor in 0.00 ms.
Asset Pipeline Refresh (id=40aef77b1a4fde74482ca5cc76075650): Total: 0.023 seconds - Initiated by StopAssetImportingV2(NoUpdateAssetOptions)
Start importing Assets/NoSafeCircle/DoorPrototype/Art/Wizard/Source/PixelLab/masculine-dark/selected/walk/north-east/frame_003.png using Guid(39854119ecb0c1041bb4e73b9d3a0b02) (TextureImporter) -> (artifact id: '580e5ae66b20fcd98f10eaee9e751405') in 0.0049922 seconds
Refreshing native plugins compatible for Editor in 2.60 ms, found 4 plugins.
Preloading 0 native plugins for Editor in 0.00 ms.
Asset Pipeline Refresh (id=a53e3b1023ddfe844b6d2bafb98876f7): Total: 0.023 seconds - Initiated by StopAssetImportingV2(NoUpdateAssetOptions)
Start importing Assets/NoSafeCircle/DoorPrototype/Art/Wizard/Source/PixelLab/masculine-dark/selected/walk/north-east/frame_004.png using Guid(41b4dfae49e90d74fb4b4db60ffd8869) (TextureImporter) -> (artifact id: 'f2ecc5a75ed0fe7366cc4184abed2561') in 0.0055656 seconds
Refreshing native plugins compatible for Editor in 2.21 ms, found 4 plugins.
Preloading 0 native plugins for Editor in 0.00 ms.
Asset Pipeline Refresh (id=077ae33f4358e2647800da7c7f3ed805): Total: 0.024 seconds - Initiated by StopAssetImportingV2(NoUpdateAssetOptions)
Start importing Assets/NoSafeCircle/DoorPrototype/Art/Wizard/Source/PixelLab/masculine-dark/selected/walk/north-east/frame_004.png using Guid(41b4dfae49e90d74fb4b4db60ffd8869) (TextureImporter) -> (artifact id: 'f2ecc5a75ed0fe7366cc4184abed2561') in 0.0053511 seconds
Refreshing native plugins compatible for Editor in 2.00 ms, found 4 plugins.
Preloading 0 native plugins for Editor in 0.00 ms.
Asset Pipeline Refresh (id=778918f3a81a17d439d7d44dded3ec87): Total: 0.024 seconds - Initiated by StopAssetImportingV2(NoUpdateAssetOptions)
Start importing Assets/NoSafeCircle/DoorPrototype/Art/Wizard/Source/PixelLab/masculine-dark/selected/walk/north-east/frame_005.png using Guid(d6dfb9c438a72c0429ebba391e201ec5) (TextureImporter) -> (artifact id: '62e97aabe7d90a77e18e82a1cdd57aa6') in 0.0049561 seconds
Refreshing native plugins compatible for Editor in 2.39 ms, found 4 plugins.
Preloading 0 native plugins for Editor in 0.00 ms.
Asset Pipeline Refresh (id=5c0a3aa0e73dcdd479fa8a2e6c08564a): Total: 0.026 seconds - Initiated by StopAssetImportingV2(NoUpdateAssetOptions)
Start importing Assets/NoSafeCircle/DoorPrototype/Art/Wizard/Source/PixelLab/masculine-dark/selected/walk/north-east/frame_005.png using Guid(d6dfb9c438a72c0429ebba391e201ec5) (TextureImporter) -> (artifact id: '62e97aabe7d90a77e18e82a1cdd57aa6') in 0.0049129 seconds
Refreshing native plugins compatible for Editor in 2.28 ms, found 4 plugins.
Preloading 0 native plugins for Editor in 0.00 ms.
Asset Pipeline Refresh (id=c4b5bc88edd208c45a27753c55a284c2): Total: 0.027 seconds - Initiated by StopAssetImportingV2(NoUpdateAssetOptions)
Start importing Assets/NoSafeCircle/DoorPrototype/Art/Wizard/Generated/Wizard_Masculine_Black_walk_north-east.anim using Guid(2a7e815becc7a98438a2be5a2def5b1f) (NativeFormatImporter) -> (artifact id: 'cd6ea1d0f98508c0ed703852c6fe8ba9') in 0.0029363 seconds
Refreshing native plugins compatible for Editor in 3.94 ms, found 4 plugins.
Preloading 0 native plugins for Editor in 0.00 ms.
Asset Pipeline Refresh (id=a7f7370850f809040afd6d9fcf21db74): Total: 0.026 seconds - Initiated by StopAssetImportingV2(NoUpdateAssetOptions)
Start importing Assets/NoSafeCircle/DoorPrototype/Art/Wizard/Source/PixelLab/masculine-dark/selected/standing/east.png using Guid(23c96c0551a1d5d41aba5a67067caf55) (TextureImporter) -> (artifact id: '8be7e17aaf3c7d7a4ccc79bfb73e5a5a') in 0.0060278 seconds
Refreshing native plugins compatible for Editor in 2.44 ms, found 4 plugins.
Preloading 0 native plugins for Editor in 0.00 ms.
Asset Pipeline Refresh (id=b7a6f517656c9b7499464c800945894b): Total: 0.028 seconds - Initiated by StopAssetImportingV2(NoUpdateAssetOptions)
Start importing Assets/NoSafeCircle/DoorPrototype/Art/Wizard/Source/PixelLab/masculine-dark/selected/standing/east.png using Guid(23c96c0551a1d5d41aba5a67067caf55) (TextureImporter) -> (artifact id: '8be7e17aaf3c7d7a4ccc79bfb73e5a5a') in 0.005896 seconds
Refreshing native plugins compatible for Editor in 2.20 ms, found 4 plugins.
Preloading 0 native plugins for Editor in 0.00 ms.
Asset Pipeline Refresh (id=cd64262eaae046a409d505010e4b504f): Total: 0.028 seconds - Initiated by StopAssetImportingV2(NoUpdateAssetOptions)
Start importing Assets/NoSafeCircle/DoorPrototype/Art/Wizard/Generated/Wizard_Masculine_Black_idle_east.anim using Guid(c9c0dcf08d9389145948d37bd041600e) (NativeFormatImporter) -> (artifact id: '863a674e750bbc11d9fe398ff98faf6b') in 0.0025136 seconds
Refreshing native plugins compatible for Editor in 2.89 ms, found 4 plugins.
Preloading 0 native plugins for Editor in 0.00 ms.
Asset Pipeline Refresh (id=dd1d8b34e78e8ca478972e117bda8c9e): Total: 0.021 seconds - Initiated by StopAssetImportingV2(NoUpdateAssetOptions)
Start importing Assets/NoSafeCircle/DoorPrototype/Art/Wizard/Source/PixelLab/masculine-dark/selected/walk/east/frame_000.png using Guid(270880e4f023510773eb505c7776ba8a) (TextureImporter) -> (artifact id: '0c0a7d0ce1c199bd3248f9c26b60bb91') in 0.0054359 seconds
Refreshing native plugins compatible for Editor in 2.51 ms, found 4 plugins.
Preloading 0 native plugins for Editor in 0.00 ms.
Asset Pipeline Refresh (id=c8e97a1621ecf51409d5ba011461df05): Total: 0.025 seconds - Initiated by StopAssetImportingV2(NoUpdateAssetOptions)
Start importing Assets/NoSafeCircle/DoorPrototype/Art/Wizard/Source/PixelLab/masculine-dark/selected/walk/east/frame_000.png using Guid(270880e4f023510773eb505c7776ba8a) (TextureImporter) -> (artifact id: '0c0a7d0ce1c199bd3248f9c26b60bb91') in 0.0045397 seconds
Refreshing native plugins compatible for Editor in 2.18 ms, found 4 plugins.
Preloading 0 native plugins for Editor in 0.00 ms.
Asset Pipeline Refresh (id=d477d6e559bec614f97e8f3723835ae3): Total: 0.025 seconds - Initiated by StopAssetImportingV2(NoUpdateAssetOptions)
Start importing Assets/NoSafeCircle/DoorPrototype/Art/Wizard/Source/PixelLab/masculine-dark/selected/walk/east/frame_001.png using Guid(7f64c7a4d4737e80a1f30a7ff0b204c3) (TextureImporter) -> (artifact id: '82d81adb0f0cb40eff1e464c51805042') in 0.0071884 seconds
Refreshing native plugins compatible for Editor in 2.27 ms, found 4 plugins.
Preloading 0 native plugins for Editor in 0.00 ms.
Asset Pipeline Refresh (id=4cf168fdcfe9f254cae941531a6b4cb4): Total: 0.026 seconds - Initiated by StopAssetImportingV2(NoUpdateAssetOptions)
Start importing Assets/NoSafeCircle/DoorPrototype/Art/Wizard/Source/PixelLab/masculine-dark/selected/walk/east/frame_001.png using Guid(7f64c7a4d4737e80a1f30a7ff0b204c3) (TextureImporter) -> (artifact id: '82d81adb0f0cb40eff1e464c51805042') in 0.0045669 seconds
Refreshing native plugins compatible for Editor in 2.75 ms, found 4 plugins.
Preloading 0 native plugins for Editor in 0.00 ms.
Asset Pipeline Refresh (id=58cbba1c06a88804e85e2e0b058fc490): Total: 0.025 seconds - Initiated by StopAssetImportingV2(NoUpdateAssetOptions)
Start importing Assets/NoSafeCircle/DoorPrototype/Art/Wizard/Source/PixelLab/masculine-dark/selected/walk/east/frame_002.png using Guid(bfeb63adea4ec5ea230708fceebde858) (TextureImporter) -> (artifact id: 'df76784b2d4c73f665b1deb96ccf5e21') in 0.0047083 seconds
Refreshing native plugins compatible for Editor in 3.08 ms, found 4 plugins.
Preloading 0 native plugins for Editor in 0.00 ms.
Asset Pipeline Refresh (id=ada0c7fdb008afa43b24c6ea8677fd44): Total: 0.023 seconds - Initiated by StopAssetImportingV2(NoUpdateAssetOptions)
Start importing Assets/NoSafeCircle/DoorPrototype/Art/Wizard/Source/PixelLab/masculine-dark/selected/walk/east/frame_002.png using Guid(bfeb63adea4ec5ea230708fceebde858) (TextureImporter) -> (artifact id: 'df76784b2d4c73f665b1deb96ccf5e21') in 0.0052715 seconds
Refreshing native plugins compatible for Editor in 3.50 ms, found 4 plugins.
Preloading 0 native plugins for Editor in 0.00 ms.
Asset Pipeline Refresh (id=27fa74346e9e8bb47ad35cb845906221): Total: 0.027 seconds - Initiated by StopAssetImportingV2(NoUpdateAssetOptions)
Start importing Assets/NoSafeCircle/DoorPrototype/Art/Wizard/Source/PixelLab/masculine-dark/selected/walk/east/frame_003.png using Guid(cb02cfafb49fe3d83478ecb0521de5a0) (TextureImporter) -> (artifact id: 'ee118037600673ca8368c049336373f1') in 0.0043996 seconds
Refreshing native plugins compatible for Editor in 2.32 ms, found 4 plugins.
Preloading 0 native plugins for Editor in 0.00 ms.
Asset Pipeline Refresh (id=68e4da0f7e5bc6d4ab4cf59b57b83ae8): Total: 0.022 seconds - Initiated by StopAssetImportingV2(NoUpdateAssetOptions)
Start importing Assets/NoSafeCircle/DoorPrototype/Art/Wizard/Source/PixelLab/masculine-dark/selected/walk/east/frame_003.png using Guid(cb02cfafb49fe3d83478ecb0521de5a0) (TextureImporter) -> (artifact id: 'ee118037600673ca8368c049336373f1') in 0.0040178 seconds
Refreshing native plugins compatible for Editor in 2.06 ms, found 4 plugins.
Preloading 0 native plugins for Editor in 0.00 ms.
Asset Pipeline Refresh (id=9cc4a48e242164b46aa9414b7bca1135): Total: 0.025 seconds - Initiated by StopAssetImportingV2(NoUpdateAssetOptions)
Start importing Assets/NoSafeCircle/DoorPrototype/Art/Wizard/Source/PixelLab/masculine-dark/selected/walk/east/frame_004.png using Guid(e869c0daf33679eb136e820d0943b065) (TextureImporter) -> (artifact id: 'c90c28507788de80674132de92c5a56c') in 0.0047319 seconds
Refreshing native plugins compatible for Editor in 2.36 ms, found 4 plugins.
Preloading 0 native plugins for Editor in 0.00 ms.
Asset Pipeline Refresh (id=1fc3e3bfb966acb4e8c5e0741a723333): Total: 0.022 seconds - Initiated by StopAssetImportingV2(NoUpdateAssetOptions)
Start importing Assets/NoSafeCircle/DoorPrototype/Art/Wizard/Source/PixelLab/masculine-dark/selected/walk/east/frame_004.png using Guid(e869c0daf33679eb136e820d0943b065) (TextureImporter) -> (artifact id: 'c90c28507788de80674132de92c5a56c') in 0.0039528 seconds
Refreshing native plugins compatible for Editor in 2.43 ms, found 4 plugins.
Preloading 0 native plugins for Editor in 0.00 ms.
Asset Pipeline Refresh (id=f3f2d290ae082bd41a58b1c13370b874): Total: 0.023 seconds - Initiated by StopAssetImportingV2(NoUpdateAssetOptions)
Start importing Assets/NoSafeCircle/DoorPrototype/Art/Wizard/Source/PixelLab/masculine-dark/selected/walk/east/frame_005.png using Guid(3045dbbcc801dc63d16eb6a3833be6be) (TextureImporter) -> (artifact id: 'a4a69defc816748b9dfb02bff18289c7') in 0.0051787 seconds
Refreshing native plugins compatible for Editor in 2.56 ms, found 4 plugins.
Preloading 0 native plugins for Editor in 0.00 ms.
Asset Pipeline Refresh (id=431bb6382cec4e1428ac197a73bd26bc): Total: 0.024 seconds - Initiated by StopAssetImportingV2(NoUpdateAssetOptions)
Start importing Assets/NoSafeCircle/DoorPrototype/Art/Wizard/Source/PixelLab/masculine-dark/selected/walk/east/frame_005.png using Guid(3045dbbcc801dc63d16eb6a3833be6be) (TextureImporter) -> (artifact id: 'a4a69defc816748b9dfb02bff18289c7') in 0.0046653 seconds
Refreshing native plugins compatible for Editor in 3.20 ms, found 4 plugins.
Preloading 0 native plugins for Editor in 0.00 ms.
Asset Pipeline Refresh (id=93eea5da7f9b20f47b32f65d6909b62a): Total: 0.027 seconds - Initiated by StopAssetImportingV2(NoUpdateAssetOptions)
Start importing Assets/NoSafeCircle/DoorPrototype/Art/Wizard/Generated/Wizard_Masculine_Black_walk_east.anim using Guid(696c85db90968bf4da1bd53e32e01832) (NativeFormatImporter) -> (artifact id: 'ee4126acbaa9189b5ebc5cae620f9d71') in 0.0023818 seconds
Refreshing native plugins compatible for Editor in 3.34 ms, found 4 plugins.
Preloading 0 native plugins for Editor in 0.00 ms.
Asset Pipeline Refresh (id=e3f98d9c48389f5439dbe300b28b836f): Total: 0.023 seconds - Initiated by StopAssetImportingV2(NoUpdateAssetOptions)
Start importing Assets/NoSafeCircle/DoorPrototype/Art/Wizard/Source/PixelLab/masculine-dark/selected/standing/south-east.png using Guid(64d787ff2e602f6429731e96dfa9db4d) (TextureImporter) -> (artifact id: 'c4f537e47a5d7dc109882aa8871726f7') in 0.0071853 seconds
Refreshing native plugins compatible for Editor in 2.14 ms, found 4 plugins.
Preloading 0 native plugins for Editor in 0.00 ms.
Asset Pipeline Refresh (id=fe1c13d0afa1daa41ad667ce55142d63): Total: 0.033 seconds - Initiated by StopAssetImportingV2(NoUpdateAssetOptions)
Start importing Assets/NoSafeCircle/DoorPrototype/Art/Wizard/Source/PixelLab/masculine-dark/selected/standing/south-east.png using Guid(64d787ff2e602f6429731e96dfa9db4d) (TextureImporter) -> (artifact id: 'c4f537e47a5d7dc109882aa8871726f7') in 0.0059858 seconds
Refreshing native plugins compatible for Editor in 1.95 ms, found 4 plugins.
Preloading 0 native plugins for Editor in 0.00 ms.
Asset Pipeline Refresh (id=bacdddcccd653a74d95a65bb558fe175): Total: 0.027 seconds - Initiated by StopAssetImportingV2(NoUpdateAssetOptions)
Start importing Assets/NoSafeCircle/DoorPrototype/Art/Wizard/Generated/Wizard_Masculine_Black_idle_south-east.anim using Guid(0d5325e7f66e52449aaf29755541897e) (NativeFormatImporter) -> (artifact id: 'f8930b24d6c82f10967c34f6f97470cc') in 0.0019999 seconds
Refreshing native plugins compatible for Editor in 2.20 ms, found 4 plugins.
Preloading 0 native plugins for Editor in 0.00 ms.
Asset Pipeline Refresh (id=a871960a7941a3046ae57f7ec24b3849): Total: 0.022 seconds - Initiated by StopAssetImportingV2(NoUpdateAssetOptions)
Start importing Assets/NoSafeCircle/DoorPrototype/Art/Wizard/Source/PixelLab/masculine-dark/selected/walk/south-east/frame_000.png using Guid(adc4b8054a61e4e4893fc433ef941c71) (TextureImporter) -> (artifact id: 'a97b6bd64098823f8fa13cfa0e0635b2') in 0.0058972 seconds
Refreshing native plugins compatible for Editor in 3.00 ms, found 4 plugins.
Preloading 0 native plugins for Editor in 0.00 ms.
Asset Pipeline Refresh (id=8a1bfe55deb308c4c9fddcba07edb6a9): Total: 0.027 seconds - Initiated by StopAssetImportingV2(NoUpdateAssetOptions)
Start importing Assets/NoSafeCircle/DoorPrototype/Art/Wizard/Source/PixelLab/masculine-dark/selected/walk/south-east/frame_000.png using Guid(adc4b8054a61e4e4893fc433ef941c71) (TextureImporter) -> (artifact id: 'a97b6bd64098823f8fa13cfa0e0635b2') in 0.0052305 seconds
Refreshing native plugins compatible for Editor in 2.32 ms, found 4 plugins.
Preloading 0 native plugins for Editor in 0.00 ms.
Asset Pipeline Refresh (id=66050edef37f06f4aaadb06f3e05338f): Total: 0.023 seconds - Initiated by StopAssetImportingV2(NoUpdateAssetOptions)
Start importing Assets/NoSafeCircle/DoorPrototype/Art/Wizard/Source/PixelLab/masculine-dark/selected/walk/south-east/frame_001.png using Guid(4ecf7752526a894489c9c07a9dc2653c) (TextureImporter) -> (artifact id: '6c71c01d29c400d03de271afe0e7cbb0') in 0.004772 seconds
Refreshing native plugins compatible for Editor in 2.90 ms, found 4 plugins.
Preloading 0 native plugins for Editor in 0.00 ms.
Asset Pipeline Refresh (id=8522b650efaa8c54aac6e9d664c3d022): Total: 0.024 seconds - Initiated by StopAssetImportingV2(NoUpdateAssetOptions)
Start importing Assets/NoSafeCircle/DoorPrototype/Art/Wizard/Source/PixelLab/masculine-dark/selected/walk/south-east/frame_001.png using Guid(4ecf7752526a894489c9c07a9dc2653c) (TextureImporter) -> (artifact id: '6c71c01d29c400d03de271afe0e7cbb0') in 0.0055062 seconds
Refreshing native plugins compatible for Editor in 2.84 ms, found 4 plugins.
Preloading 0 native plugins for Editor in 0.00 ms.
Asset Pipeline Refresh (id=492ea4628d1546e429f81d66833bf9bd): Total: 0.027 seconds - Initiated by StopAssetImportingV2(NoUpdateAssetOptions)
Start importing Assets/NoSafeCircle/DoorPrototype/Art/Wizard/Source/PixelLab/masculine-dark/selected/walk/south-east/frame_002.png using Guid(68e154ea28a89aa49b8057aaaac53c80) (TextureImporter) -> (artifact id: '4d08e965f21a303935ae2238710a2dbc') in 0.0060617 seconds
Refreshing native plugins compatible for Editor in 2.35 ms, found 4 plugins.
Preloading 0 native plugins for Editor in 0.00 ms.
Asset Pipeline Refresh (id=aedce52aba904aa46abe55e81c68cf45): Total: 0.024 seconds - Initiated by StopAssetImportingV2(NoUpdateAssetOptions)
Start importing Assets/NoSafeCircle/DoorPrototype/Art/Wizard/Source/PixelLab/masculine-dark/selected/walk/south-east/frame_002.png using Guid(68e154ea28a89aa49b8057aaaac53c80) (TextureImporter) -> (artifact id: '4d08e965f21a303935ae2238710a2dbc') in 0.0052509 seconds
Refreshing native plugins compatible for Editor in 2.42 ms, found 4 plugins.
Preloading 0 native plugins for Editor in 0.00 ms.
Asset Pipeline Refresh (id=34331068af7833b4cb103029f4d6b868): Total: 0.024 seconds - Initiated by StopAssetImportingV2(NoUpdateAssetOptions)
Start importing Assets/NoSafeCircle/DoorPrototype/Art/Wizard/Source/PixelLab/masculine-dark/selected/walk/south-east/frame_003.png using Guid(87a4a0fa52cebf648a80fd84985db7e9) (TextureImporter) -> (artifact id: 'b6248b94d8ebe1daa0e3ab88887caed7') in 0.0069936 seconds
Refreshing native plugins compatible for Editor in 2.92 ms, found 4 plugins.
Preloading 0 native plugins for Editor in 0.00 ms.
Asset Pipeline Refresh (id=8e6b8808435a5234f93021be5ed3a3fc): Total: 0.027 seconds - Initiated by StopAssetImportingV2(NoUpdateAssetOptions)
Start importing Assets/NoSafeCircle/DoorPrototype/Art/Wizard/Source/PixelLab/masculine-dark/selected/walk/south-east/frame_003.png using Guid(87a4a0fa52cebf648a80fd84985db7e9) (TextureImporter) -> (artifact id: 'b6248b94d8ebe1daa0e3ab88887caed7') in 0.004506 seconds
Refreshing native plugins compatible for Editor in 3.61 ms, found 4 plugins.
Preloading 0 native plugins for Editor in 0.00 ms.
Asset Pipeline Refresh (id=d872d18aea6ff214f92f49f62436b11b): Total: 0.027 seconds - Initiated by StopAssetImportingV2(NoUpdateAssetOptions)
Start importing Assets/NoSafeCircle/DoorPrototype/Art/Wizard/Source/PixelLab/masculine-dark/selected/walk/south-east/frame_004.png using Guid(db930ddbd3fa09548baa788dc43bee27) (TextureImporter) -> (artifact id: 'b8306f84b9890d33c6d1c04fa3f4bf4c') in 0.0063814 seconds
Refreshing native plugins compatible for Editor in 2.30 ms, found 4 plugins.
Preloading 0 native plugins for Editor in 0.00 ms.
Asset Pipeline Refresh (id=78bbf3c2672e1d242a1dc48c3f936b45): Total: 0.030 seconds - Initiated by StopAssetImportingV2(NoUpdateAssetOptions)
Start importing Assets/NoSafeCircle/DoorPrototype/Art/Wizard/Source/PixelLab/masculine-dark/selected/walk/south-east/frame_004.png using Guid(db930ddbd3fa09548baa788dc43bee27) (TextureImporter) -> (artifact id: 'b8306f84b9890d33c6d1c04fa3f4bf4c') in 0.0057499 seconds
Refreshing native plugins compatible for Editor in 2.19 ms, found 4 plugins.
Preloading 0 native plugins for Editor in 0.00 ms.
Asset Pipeline Refresh (id=2ef47da4566d36e40b57d0510bbd3a18): Total: 0.029 seconds - Initiated by StopAssetImportingV2(NoUpdateAssetOptions)
Start importing Assets/NoSafeCircle/DoorPrototype/Art/Wizard/Source/PixelLab/masculine-dark/selected/walk/south-east/frame_005.png using Guid(c3ba11f3d98a06944af95355c90ab0dc) (TextureImporter) -> (artifact id: '56c06f31d87e7d7f968dda54ee749a16') in 0.0057335 seconds
Refreshing native plugins compatible for Editor in 3.62 ms, found 4 plugins.
Preloading 0 native plugins for Editor in 0.00 ms.
Asset Pipeline Refresh (id=0c0ddcb456f04ac4a9894f8a7b47ab24): Total: 0.026 seconds - Initiated by StopAssetImportingV2(NoUpdateAssetOptions)
Start importing Assets/NoSafeCircle/DoorPrototype/Art/Wizard/Source/PixelLab/masculine-dark/selected/walk/south-east/frame_005.png using Guid(c3ba11f3d98a06944af95355c90ab0dc) (TextureImporter) -> (artifact id: '56c06f31d87e7d7f968dda54ee749a16') in 0.0063707 seconds
Refreshing native plugins compatible for Editor in 2.65 ms, found 4 plugins.
Preloading 0 native plugins for Editor in 0.00 ms.
Asset Pipeline Refresh (id=29724f0a76e49034998acade590a9eac): Total: 0.028 seconds - Initiated by StopAssetImportingV2(NoUpdateAssetOptions)
Start importing Assets/NoSafeCircle/DoorPrototype/Art/Wizard/Generated/Wizard_Masculine_Black_walk_south-east.anim using Guid(468e8b10a6a848c4f9dfa20eb126eb05) (NativeFormatImporter) -> (artifact id: '930376f2bb818c0ac0ceec507ae994c4') in 0.003323 seconds
Refreshing native plugins compatible for Editor in 3.15 ms, found 4 plugins.
Preloading 0 native plugins for Editor in 0.00 ms.
Asset Pipeline Refresh (id=3c1f9739ee1bded46baf50718f5df625): Total: 0.029 seconds - Initiated by StopAssetImportingV2(NoUpdateAssetOptions)
Start importing Assets/NoSafeCircle/DoorPrototype/Art/Wizard/Source/PixelLab/masculine-dark/selected/standing/south.png using Guid(e4176867d0e8e284d9cc11f06e1338df) (TextureImporter) -> (artifact id: '304b0fcfe56d81fab628df5211f0f7e1') in 0.0071184 seconds
Refreshing native plugins compatible for Editor in 4.10 ms, found 4 plugins.
Preloading 0 native plugins for Editor in 0.00 ms.
Asset Pipeline Refresh (id=8164f87bc1df9b246ad013cea1be022f): Total: 0.030 seconds - Initiated by StopAssetImportingV2(NoUpdateAssetOptions)
Start importing Assets/NoSafeCircle/DoorPrototype/Art/Wizard/Source/PixelLab/masculine-dark/selected/standing/south.png using Guid(e4176867d0e8e284d9cc11f06e1338df) (TextureImporter) -> (artifact id: '304b0fcfe56d81fab628df5211f0f7e1') in 0.0066457 seconds
Refreshing native plugins compatible for Editor in 3.67 ms, found 4 plugins.
Preloading 0 native plugins for Editor in 0.00 ms.
Asset Pipeline Refresh (id=683321d94c321984793cc6959f3d1e48): Total: 0.032 seconds - Initiated by StopAssetImportingV2(NoUpdateAssetOptions)
Start importing Assets/NoSafeCircle/DoorPrototype/Art/Wizard/Generated/Wizard_Masculine_Black_idle_south.anim using Guid(8d71b76561a4c8344b95246b8bc3a810) (NativeFormatImporter) -> (artifact id: '8e8968b8b35bbf1d5808778f02ffd7dc') in 0.0030635 seconds
Refreshing native plugins compatible for Editor in 2.60 ms, found 4 plugins.
Preloading 0 native plugins for Editor in 0.00 ms.
Asset Pipeline Refresh (id=25600f56db600904490bd46a0eb57fe9): Total: 0.023 seconds - Initiated by StopAssetImportingV2(NoUpdateAssetOptions)
Start importing Assets/NoSafeCircle/DoorPrototype/Art/Wizard/Source/PixelLab/masculine-dark/selected/walk/south/frame_000.png using Guid(2e7e3884040ecbeb6353a78b14185e16) (TextureImporter) -> (artifact id: '3fbb0337b43c257e45fe8b79c266fda8') in 0.0052157 seconds
Refreshing native plugins compatible for Editor in 2.85 ms, found 4 plugins.
Preloading 0 native plugins for Editor in 0.00 ms.
Asset Pipeline Refresh (id=5d3e5ea424bc3154a965d3a4294a9987): Total: 0.027 seconds - Initiated by StopAssetImportingV2(NoUpdateAssetOptions)
Start importing Assets/NoSafeCircle/DoorPrototype/Art/Wizard/Source/PixelLab/masculine-dark/selected/walk/south/frame_000.png using Guid(2e7e3884040ecbeb6353a78b14185e16) (TextureImporter) -> (artifact id: '3fbb0337b43c257e45fe8b79c266fda8') in 0.0047241 seconds
Refreshing native plugins compatible for Editor in 2.89 ms, found 4 plugins.
Preloading 0 native plugins for Editor in 0.00 ms.
Asset Pipeline Refresh (id=02e2b53075f679a4197e24f8b74d36e8): Total: 0.024 seconds - Initiated by StopAssetImportingV2(NoUpdateAssetOptions)
Start importing Assets/NoSafeCircle/DoorPrototype/Art/Wizard/Source/PixelLab/masculine-dark/selected/walk/south/frame_001.png using Guid(8afc64595dd27c9bfbb60547e5274a6a) (TextureImporter) -> (artifact id: '585e20f365c869f5864da6bb00feed53') in 0.0050822 seconds
Refreshing native plugins compatible for Editor in 2.44 ms, found 4 plugins.
Preloading 0 native plugins for Editor in 0.00 ms.
Asset Pipeline Refresh (id=d9c38d796c299e84aac17b3d6d70e705): Total: 0.024 seconds - Initiated by StopAssetImportingV2(NoUpdateAssetOptions)
Start importing Assets/NoSafeCircle/DoorPrototype/Art/Wizard/Source/PixelLab/masculine-dark/selected/walk/south/frame_001.png using Guid(8afc64595dd27c9bfbb60547e5274a6a) (TextureImporter) -> (artifact id: '585e20f365c869f5864da6bb00feed53') in 0.0056648 seconds
Refreshing native plugins compatible for Editor in 2.16 ms, found 4 plugins.
Preloading 0 native plugins for Editor in 0.00 ms.
Asset Pipeline Refresh (id=c506ff3b1a94c1a4db2b1ece4cdb5971): Total: 0.028 seconds - Initiated by StopAssetImportingV2(NoUpdateAssetOptions)
Start importing Assets/NoSafeCircle/DoorPrototype/Art/Wizard/Source/PixelLab/masculine-dark/selected/walk/south/frame_002.png using Guid(d34c027d35a30a988f3e1d6e15c8c6e2) (TextureImporter) -> (artifact id: '3a8f6fd4db869660fb36a019662ee58c') in 0.0049185 seconds
Refreshing native plugins compatible for Editor in 2.87 ms, found 4 plugins.
Preloading 0 native plugins for Editor in 0.00 ms.
Asset Pipeline Refresh (id=3bfbf782c79a6cf49b08f66521f7fcab): Total: 0.025 seconds - Initiated by StopAssetImportingV2(NoUpdateAssetOptions)
Start importing Assets/NoSafeCircle/DoorPrototype/Art/Wizard/Source/PixelLab/masculine-dark/selected/walk/south/frame_002.png using Guid(d34c027d35a30a988f3e1d6e15c8c6e2) (TextureImporter) -> (artifact id: '3a8f6fd4db869660fb36a019662ee58c') in 0.0048103 seconds
Refreshing native plugins compatible for Editor in 3.56 ms, found 4 plugins.
Preloading 0 native plugins for Editor in 0.00 ms.
Asset Pipeline Refresh (id=854e02601296e6d42842b81eec6cf518): Total: 0.027 seconds - Initiated by StopAssetImportingV2(NoUpdateAssetOptions)
Start importing Assets/NoSafeCircle/DoorPrototype/Art/Wizard/Source/PixelLab/masculine-dark/selected/walk/south/frame_003.png using Guid(1b0ff1660e930c0b34ccdab93264aaf2) (TextureImporter) -> (artifact id: '8327ac2fcb94b8995faec65084f02ced') in 0.0061377 seconds
Refreshing native plugins compatible for Editor in 2.10 ms, found 4 plugins.
Preloading 0 native plugins for Editor in 0.00 ms.
Asset Pipeline Refresh (id=f922c4a2f4c93494e876f33bcda6639c): Total: 0.024 seconds - Initiated by StopAssetImportingV2(NoUpdateAssetOptions)
Start importing Assets/NoSafeCircle/DoorPrototype/Art/Wizard/Source/PixelLab/masculine-dark/selected/walk/south/frame_003.png using Guid(1b0ff1660e930c0b34ccdab93264aaf2) (TextureImporter) -> (artifact id: '8327ac2fcb94b8995faec65084f02ced') in 0.0046859 seconds
Refreshing native plugins compatible for Editor in 4.01 ms, found 4 plugins.
Preloading 0 native plugins for Editor in 0.00 ms.
Asset Pipeline Refresh (id=3ebcef9dd27304f459dfc91c48dc04db): Total: 0.024 seconds - Initiated by StopAssetImportingV2(NoUpdateAssetOptions)
Start importing Assets/NoSafeCircle/DoorPrototype/Art/Wizard/Source/PixelLab/masculine-dark/selected/walk/south/frame_004.png using Guid(0820813ff9b01f44ad21488c5c8529ab) (TextureImporter) -> (artifact id: '123cf84626b93332b774dc90dc3a5eb1') in 0.0049066 seconds
Refreshing native plugins compatible for Editor in 2.66 ms, found 4 plugins.
Preloading 0 native plugins for Editor in 0.00 ms.
Asset Pipeline Refresh (id=501d1adb2318b2d4386fa9bf35475427): Total: 0.028 seconds - Initiated by StopAssetImportingV2(NoUpdateAssetOptions)
Start importing Assets/NoSafeCircle/DoorPrototype/Art/Wizard/Source/PixelLab/masculine-dark/selected/walk/south/frame_004.png using Guid(0820813ff9b01f44ad21488c5c8529ab) (TextureImporter) -> (artifact id: '123cf84626b93332b774dc90dc3a5eb1') in 0.0050281 seconds
Refreshing native plugins compatible for Editor in 2.99 ms, found 4 plugins.
Preloading 0 native plugins for Editor in 0.00 ms.
Asset Pipeline Refresh (id=9172e4e70fa311e47b1fb20c7f8d013d): Total: 0.025 seconds - Initiated by StopAssetImportingV2(NoUpdateAssetOptions)
Start importing Assets/NoSafeCircle/DoorPrototype/Art/Wizard/Source/PixelLab/masculine-dark/selected/walk/south/frame_005.png using Guid(50cbf2857b24fe11f963b2b35be72f8c) (TextureImporter) -> (artifact id: 'c3f11070242a375b5545434e4beba0a7') in 0.0047252 seconds
Refreshing native plugins compatible for Editor in 2.31 ms, found 4 plugins.
Preloading 0 native plugins for Editor in 0.00 ms.
Asset Pipeline Refresh (id=8015865fe58b4894783bb2825f15076d): Total: 0.024 seconds - Initiated by StopAssetImportingV2(NoUpdateAssetOptions)
Start importing Assets/NoSafeCircle/DoorPrototype/Art/Wizard/Source/PixelLab/masculine-dark/selected/walk/south/frame_005.png using Guid(50cbf2857b24fe11f963b2b35be72f8c) (TextureImporter) -> (artifact id: 'c3f11070242a375b5545434e4beba0a7') in 0.0060058 seconds
Refreshing native plugins compatible for Editor in 3.60 ms, found 4 plugins.
Preloading 0 native plugins for Editor in 0.00 ms.
Asset Pipeline Refresh (id=e4c9505eeb396f24f989e6074dcb7f61): Total: 0.027 seconds - Initiated by StopAssetImportingV2(NoUpdateAssetOptions)
Start importing Assets/NoSafeCircle/DoorPrototype/Art/Wizard/Generated/Wizard_Masculine_Black_walk_south.anim using Guid(4a7ea61968d7a3f4e8b596ddf55152b0) (NativeFormatImporter) -> (artifact id: 'c1dbf8d4fb856c8b29db3e94808faaba') in 0.003453 seconds
Refreshing native plugins compatible for Editor in 3.00 ms, found 4 plugins.
Preloading 0 native plugins for Editor in 0.00 ms.
Asset Pipeline Refresh (id=69d240ada6453484e9f4f98e6df7420e): Total: 0.024 seconds - Initiated by StopAssetImportingV2(NoUpdateAssetOptions)
Start importing Assets/NoSafeCircle/DoorPrototype/Art/Wizard/Source/PixelLab/masculine-dark/selected/standing/south-west.png using Guid(9beca6eb733e13b47adf2a5ef994fc16) (TextureImporter) -> (artifact id: 'f535571f993a89e9404f7172871e0f78') in 0.0077694 seconds
Refreshing native plugins compatible for Editor in 2.47 ms, found 4 plugins.
Preloading 0 native plugins for Editor in 0.00 ms.
Asset Pipeline Refresh (id=7ed40e6314e55224e9759133fdd6880b): Total: 0.033 seconds - Initiated by StopAssetImportingV2(NoUpdateAssetOptions)
Start importing Assets/NoSafeCircle/DoorPrototype/Art/Wizard/Source/PixelLab/masculine-dark/selected/standing/south-west.png using Guid(9beca6eb733e13b47adf2a5ef994fc16) (TextureImporter) -> (artifact id: 'f535571f993a89e9404f7172871e0f78') in 0.006072 seconds
Refreshing native plugins compatible for Editor in 3.58 ms, found 4 plugins.
Preloading 0 native plugins for Editor in 0.00 ms.
Asset Pipeline Refresh (id=219b72ddbcecbf545a09f05be0d5ca9d): Total: 0.031 seconds - Initiated by StopAssetImportingV2(NoUpdateAssetOptions)
Start importing Assets/NoSafeCircle/DoorPrototype/Art/Wizard/Generated/Wizard_Masculine_Black_idle_south-west.anim using Guid(c25f1674d3647dc48af767d514f21035) (NativeFormatImporter) -> (artifact id: 'a9b4cc3a1c2a905d28dc80391fd6148f') in 0.0031619 seconds
Refreshing native plugins compatible for Editor in 2.21 ms, found 4 plugins.
Preloading 0 native plugins for Editor in 0.00 ms.
Asset Pipeline Refresh (id=7f4f9d8569319814c8976d4a41657eec): Total: 0.023 seconds - Initiated by StopAssetImportingV2(NoUpdateAssetOptions)
Start importing Assets/NoSafeCircle/DoorPrototype/Art/Wizard/Source/PixelLab/masculine-dark/selected/walk/south-west/frame_000.png using Guid(776f5c35d81166b44ab22e18dc0146a5) (TextureImporter) -> (artifact id: '66ed380b191e0083940989d17523b553') in 0.004732 seconds
Refreshing native plugins compatible for Editor in 4.24 ms, found 4 plugins.
Preloading 0 native plugins for Editor in 0.00 ms.
Asset Pipeline Refresh (id=632195f577588bf4c945e37bc485e132): Total: 0.028 seconds - Initiated by StopAssetImportingV2(NoUpdateAssetOptions)
Start importing Assets/NoSafeCircle/DoorPrototype/Art/Wizard/Source/PixelLab/masculine-dark/selected/walk/south-west/frame_000.png using Guid(776f5c35d81166b44ab22e18dc0146a5) (TextureImporter) -> (artifact id: '66ed380b191e0083940989d17523b553') in 0.0063603 seconds
Refreshing native plugins compatible for Editor in 2.54 ms, found 4 plugins.
Preloading 0 native plugins for Editor in 0.00 ms.
Asset Pipeline Refresh (id=e6942104479c36740967dd6c484514ae): Total: 0.029 seconds - Initiated by StopAssetImportingV2(NoUpdateAssetOptions)
Start importing Assets/NoSafeCircle/DoorPrototype/Art/Wizard/Source/PixelLab/masculine-dark/selected/walk/south-west/frame_001.png using Guid(2cd3b109b7aec9740aa8c8908862f1c9) (TextureImporter) -> (artifact id: '88e3613c0665f217ee32930e5e467f0e') in 0.0048923 seconds
Refreshing native plugins compatible for Editor in 3.91 ms, found 4 plugins.
Preloading 0 native plugins for Editor in 0.00 ms.
Asset Pipeline Refresh (id=43aa24ad98f094a45a2a5c51120169ac): Total: 0.024 seconds - Initiated by StopAssetImportingV2(NoUpdateAssetOptions)
Start importing Assets/NoSafeCircle/DoorPrototype/Art/Wizard/Source/PixelLab/masculine-dark/selected/walk/south-west/frame_001.png using Guid(2cd3b109b7aec9740aa8c8908862f1c9) (TextureImporter) -> (artifact id: '88e3613c0665f217ee32930e5e467f0e') in 0.0062549 seconds
Refreshing native plugins compatible for Editor in 3.09 ms, found 4 plugins.
Preloading 0 native plugins for Editor in 0.00 ms.
Asset Pipeline Refresh (id=41550be17ac9bc84ca98662a7cf32ab0): Total: 0.028 seconds - Initiated by StopAssetImportingV2(NoUpdateAssetOptions)
Start importing Assets/NoSafeCircle/DoorPrototype/Art/Wizard/Source/PixelLab/masculine-dark/selected/walk/south-west/frame_002.png using Guid(c40791ff841863a419cdc5ee365aa963) (TextureImporter) -> (artifact id: 'ab140908fb4c1e1ad4bd6e59dbbebdc6') in 0.0044314 seconds
Refreshing native plugins compatible for Editor in 2.09 ms, found 4 plugins.
Preloading 0 native plugins for Editor in 0.00 ms.
Asset Pipeline Refresh (id=3c4d9854b40f1254abff4be47a09578a): Total: 0.024 seconds - Initiated by StopAssetImportingV2(NoUpdateAssetOptions)
Start importing Assets/NoSafeCircle/DoorPrototype/Art/Wizard/Source/PixelLab/masculine-dark/selected/walk/south-west/frame_002.png using Guid(c40791ff841863a419cdc5ee365aa963) (TextureImporter) -> (artifact id: 'ab140908fb4c1e1ad4bd6e59dbbebdc6') in 0.0054489 seconds
Refreshing native plugins compatible for Editor in 2.53 ms, found 4 plugins.
Preloading 0 native plugins for Editor in 0.00 ms.
Asset Pipeline Refresh (id=1cf1fe0791b57d7458fe9486b78199af): Total: 0.025 seconds - Initiated by StopAssetImportingV2(NoUpdateAssetOptions)
Start importing Assets/NoSafeCircle/DoorPrototype/Art/Wizard/Source/PixelLab/masculine-dark/selected/walk/south-west/frame_003.png using Guid(d637417f30449724dafcf42e356b1f56) (TextureImporter) -> (artifact id: '1edaf77155634effcf6738d518e9b9e7') in 0.0047695 seconds
Refreshing native plugins compatible for Editor in 2.67 ms, found 4 plugins.
Preloading 0 native plugins for Editor in 0.00 ms.
Asset Pipeline Refresh (id=0712647d2e2bf094cad6c5cce6be0e6f): Total: 0.027 seconds - Initiated by StopAssetImportingV2(NoUpdateAssetOptions)
Start importing Assets/NoSafeCircle/DoorPrototype/Art/Wizard/Source/PixelLab/masculine-dark/selected/walk/south-west/frame_003.png using Guid(d637417f30449724dafcf42e356b1f56) (TextureImporter) -> (artifact id: '1edaf77155634effcf6738d518e9b9e7') in 0.0046431 seconds
Refreshing native plugins compatible for Editor in 3.26 ms, found 4 plugins.
Preloading 0 native plugins for Editor in 0.00 ms.
Asset Pipeline Refresh (id=d568ec4f24830cb42a8c25e2e39afe9d): Total: 0.026 seconds - Initiated by StopAssetImportingV2(NoUpdateAssetOptions)
Start importing Assets/NoSafeCircle/DoorPrototype/Art/Wizard/Source/PixelLab/masculine-dark/selected/walk/south-west/frame_004.png using Guid(5c5d970a282cced45a93a2cac9cee61f) (TextureImporter) -> (artifact id: '0ae2238ac0dd4f5c4e817dfac2d26586') in 0.0053226 seconds
Refreshing native plugins compatible for Editor in 2.30 ms, found 4 plugins.
Preloading 0 native plugins for Editor in 0.00 ms.
Asset Pipeline Refresh (id=91352ff013c3e754c9350a73f0239697): Total: 0.025 seconds - Initiated by StopAssetImportingV2(NoUpdateAssetOptions)
Start importing Assets/NoSafeCircle/DoorPrototype/Art/Wizard/Source/PixelLab/masculine-dark/selected/walk/south-west/frame_004.png using Guid(5c5d970a282cced45a93a2cac9cee61f) (TextureImporter) -> (artifact id: '0ae2238ac0dd4f5c4e817dfac2d26586') in 0.005684 seconds
Refreshing native plugins compatible for Editor in 2.38 ms, found 4 plugins.
Preloading 0 native plugins for Editor in 0.00 ms.
Asset Pipeline Refresh (id=a9a80662b3b9a1a49aa5af1ff469af88): Total: 0.025 seconds - Initiated by StopAssetImportingV2(NoUpdateAssetOptions)
Start importing Assets/NoSafeCircle/DoorPrototype/Art/Wizard/Source/PixelLab/masculine-dark/selected/walk/south-west/frame_005.png using Guid(1445c2a3f84863d4b807f983659fcfb0) (TextureImporter) -> (artifact id: '81fb035ef66af4ad84f36308b75b0fb2') in 0.0068419 seconds
Refreshing native plugins compatible for Editor in 2.97 ms, found 4 plugins.
Preloading 0 native plugins for Editor in 0.00 ms.
Asset Pipeline Refresh (id=6a31c52103955144484b7bda2a1f7367): Total: 0.028 seconds - Initiated by StopAssetImportingV2(NoUpdateAssetOptions)
Start importing Assets/NoSafeCircle/DoorPrototype/Art/Wizard/Source/PixelLab/masculine-dark/selected/walk/south-west/frame_005.png using Guid(1445c2a3f84863d4b807f983659fcfb0) (TextureImporter) -> (artifact id: '81fb035ef66af4ad84f36308b75b0fb2') in 0.0056761 seconds
Refreshing native plugins compatible for Editor in 2.64 ms, found 4 plugins.
Preloading 0 native plugins for Editor in 0.00 ms.
Asset Pipeline Refresh (id=7a3629dae5a68fa40ac6d6e9c5c6e3e9): Total: 0.025 seconds - Initiated by StopAssetImportingV2(NoUpdateAssetOptions)
Start importing Assets/NoSafeCircle/DoorPrototype/Art/Wizard/Generated/Wizard_Masculine_Black_walk_south-west.anim using Guid(72ae457a93eb234459c3362196a53f69) (NativeFormatImporter) -> (artifact id: 'a4dbe88908005c57969dbcf188d6a23f') in 0.0033332 seconds
Refreshing native plugins compatible for Editor in 2.48 ms, found 4 plugins.
Preloading 0 native plugins for Editor in 0.00 ms.
Asset Pipeline Refresh (id=2c46cb48a5e61354b836173f0c79d943): Total: 0.027 seconds - Initiated by StopAssetImportingV2(NoUpdateAssetOptions)
Start importing Assets/NoSafeCircle/DoorPrototype/Art/Wizard/Source/PixelLab/masculine-dark/selected/standing/west.png using Guid(73a6621521f4b884db960ca03998e8fe) (TextureImporter) -> (artifact id: '7adf28fff782a222e54fa235543ff0b0') in 0.0068417 seconds
Refreshing native plugins compatible for Editor in 2.56 ms, found 4 plugins.
Preloading 0 native plugins for Editor in 0.00 ms.
Asset Pipeline Refresh (id=47ffb2576fa2a7a4191cd251628027d3): Total: 0.030 seconds - Initiated by StopAssetImportingV2(NoUpdateAssetOptions)
Start importing Assets/NoSafeCircle/DoorPrototype/Art/Wizard/Source/PixelLab/masculine-dark/selected/standing/west.png using Guid(73a6621521f4b884db960ca03998e8fe) (TextureImporter) -> (artifact id: '7adf28fff782a222e54fa235543ff0b0') in 0.0058043 seconds
Refreshing native plugins compatible for Editor in 2.64 ms, found 4 plugins.
Preloading 0 native plugins for Editor in 0.00 ms.
Asset Pipeline Refresh (id=3d5126eecb94c094fa19d03183350673): Total: 0.026 seconds - Initiated by StopAssetImportingV2(NoUpdateAssetOptions)
Start importing Assets/NoSafeCircle/DoorPrototype/Art/Wizard/Generated/Wizard_Masculine_Black_idle_west.anim using Guid(c45b838879a92644c8ea0eca25129aaf) (NativeFormatImporter) -> (artifact id: 'bbbf537913a76b959da2ca0f76dc476d') in 0.0023596 seconds
Refreshing native plugins compatible for Editor in 2.52 ms, found 4 plugins.
Preloading 0 native plugins for Editor in 0.00 ms.
Asset Pipeline Refresh (id=b7407dc44eaf3384e87099ee28a240db): Total: 0.021 seconds - Initiated by StopAssetImportingV2(NoUpdateAssetOptions)
Start importing Assets/NoSafeCircle/DoorPrototype/Art/Wizard/Source/PixelLab/masculine-dark/selected/walk/west/frame_000.png using Guid(406a33f1039036d8f903542c3ff0931d) (TextureImporter) -> (artifact id: 'b0b860b7216b8d90ef9fc62f15c40ea9') in 0.004943 seconds
Refreshing native plugins compatible for Editor in 1.91 ms, found 4 plugins.
Preloading 0 native plugins for Editor in 0.00 ms.
Asset Pipeline Refresh (id=3ad628870efc52a44b0e4566d0a14eab): Total: 0.023 seconds - Initiated by StopAssetImportingV2(NoUpdateAssetOptions)
Start importing Assets/NoSafeCircle/DoorPrototype/Art/Wizard/Source/PixelLab/masculine-dark/selected/walk/west/frame_000.png using Guid(406a33f1039036d8f903542c3ff0931d) (TextureImporter) -> (artifact id: 'b0b860b7216b8d90ef9fc62f15c40ea9') in 0.0055077 seconds
Refreshing native plugins compatible for Editor in 2.10 ms, found 4 plugins.
Preloading 0 native plugins for Editor in 0.00 ms.
Asset Pipeline Refresh (id=eac3bc1dbed8cb64c9ab11b4c0977714): Total: 0.026 seconds - Initiated by StopAssetImportingV2(NoUpdateAssetOptions)
Start importing Assets/NoSafeCircle/DoorPrototype/Art/Wizard/Source/PixelLab/masculine-dark/selected/walk/west/frame_001.png using Guid(e19a72f5dc58d02c35a833eb49b127d2) (TextureImporter) -> (artifact id: 'ed715ec4621128fb7384187db4e8fd27') in 0.0056142 seconds
Refreshing native plugins compatible for Editor in 2.15 ms, found 4 plugins.
Preloading 0 native plugins for Editor in 0.00 ms.
Asset Pipeline Refresh (id=e8e357e1762a2334b9ceefbf08462257): Total: 0.027 seconds - Initiated by StopAssetImportingV2(NoUpdateAssetOptions)
Start importing Assets/NoSafeCircle/DoorPrototype/Art/Wizard/Source/PixelLab/masculine-dark/selected/walk/west/frame_001.png using Guid(e19a72f5dc58d02c35a833eb49b127d2) (TextureImporter) -> (artifact id: 'ed715ec4621128fb7384187db4e8fd27') in 0.005384 seconds
Refreshing native plugins compatible for Editor in 2.07 ms, found 4 plugins.
Preloading 0 native plugins for Editor in 0.00 ms.
Asset Pipeline Refresh (id=71ca09124e391f740b610f2930471700): Total: 0.024 seconds - Initiated by StopAssetImportingV2(NoUpdateAssetOptions)
Start importing Assets/NoSafeCircle/DoorPrototype/Art/Wizard/Source/PixelLab/masculine-dark/selected/walk/west/frame_002.png using Guid(610c0ce4bb33582a32ff09768acb0653) (TextureImporter) -> (artifact id: '67621e6fb1031a6b49bd43ba957299c3') in 0.0043905 seconds
Refreshing native plugins compatible for Editor in 2.24 ms, found 4 plugins.
Preloading 0 native plugins for Editor in 0.00 ms.
Asset Pipeline Refresh (id=40d6acb196ffcdc419b968a021bd153a): Total: 0.024 seconds - Initiated by StopAssetImportingV2(NoUpdateAssetOptions)
Start importing Assets/NoSafeCircle/DoorPrototype/Art/Wizard/Source/PixelLab/masculine-dark/selected/walk/west/frame_002.png using Guid(610c0ce4bb33582a32ff09768acb0653) (TextureImporter) -> (artifact id: '67621e6fb1031a6b49bd43ba957299c3') in 0.0040621 seconds
Refreshing native plugins compatible for Editor in 2.07 ms, found 4 plugins.
Preloading 0 native plugins for Editor in 0.00 ms.
Asset Pipeline Refresh (id=371cceb2a59ae454d9df11269ef04ac4): Total: 0.023 seconds - Initiated by StopAssetImportingV2(NoUpdateAssetOptions)
Start importing Assets/NoSafeCircle/DoorPrototype/Art/Wizard/Source/PixelLab/masculine-dark/selected/walk/west/frame_003.png using Guid(daa82697d89b247fb7fb9cdccb98ac1d) (TextureImporter) -> (artifact id: 'ef5c1c6ee19dd615381e4d9174640dce') in 0.0046265 seconds
Refreshing native plugins compatible for Editor in 2.34 ms, found 4 plugins.
Preloading 0 native plugins for Editor in 0.00 ms.
Asset Pipeline Refresh (id=ed666b0e64e6d3642a6c16f1f688b45e): Total: 0.023 seconds - Initiated by StopAssetImportingV2(NoUpdateAssetOptions)
Start importing Assets/NoSafeCircle/DoorPrototype/Art/Wizard/Source/PixelLab/masculine-dark/selected/walk/west/frame_003.png using Guid(daa82697d89b247fb7fb9cdccb98ac1d) (TextureImporter) -> (artifact id: 'ef5c1c6ee19dd615381e4d9174640dce') in 0.0048153 seconds
Refreshing native plugins compatible for Editor in 2.08 ms, found 4 plugins.
Preloading 0 native plugins for Editor in 0.00 ms.
Asset Pipeline Refresh (id=32b2d8fcd85478748802a6f008113d15): Total: 0.023 seconds - Initiated by StopAssetImportingV2(NoUpdateAssetOptions)
Start importing Assets/NoSafeCircle/DoorPrototype/Art/Wizard/Source/PixelLab/masculine-dark/selected/walk/west/frame_004.png using Guid(7a1a9d29eb53e33c17c9498195bad446) (TextureImporter) -> (artifact id: 'f2ccfec16bfc3d5ba46aef8d0c6563d0') in 0.0054702 seconds
Refreshing native plugins compatible for Editor in 2.06 ms, found 4 plugins.
Preloading 0 native plugins for Editor in 0.00 ms.
Asset Pipeline Refresh (id=943c64ac1c79c5348a19b854640fe073): Total: 0.023 seconds - Initiated by StopAssetImportingV2(NoUpdateAssetOptions)
Start importing Assets/NoSafeCircle/DoorPrototype/Art/Wizard/Source/PixelLab/masculine-dark/selected/walk/west/frame_004.png using Guid(7a1a9d29eb53e33c17c9498195bad446) (TextureImporter) -> (artifact id: 'f2ccfec16bfc3d5ba46aef8d0c6563d0') in 0.0049091 seconds
Refreshing native plugins compatible for Editor in 3.18 ms, found 4 plugins.
Preloading 0 native plugins for Editor in 0.00 ms.
Asset Pipeline Refresh (id=9d9e6cb90604b7b429e2f9a8d9626e0b): Total: 0.023 seconds - Initiated by StopAssetImportingV2(NoUpdateAssetOptions)
Start importing Assets/NoSafeCircle/DoorPrototype/Art/Wizard/Source/PixelLab/masculine-dark/selected/walk/west/frame_005.png using Guid(1f15844ac48192cc77a6759f789cf408) (TextureImporter) -> (artifact id: 'ecf84556795e658db6b064e86d8cfcc4') in 0.0048214 seconds
Refreshing native plugins compatible for Editor in 2.19 ms, found 4 plugins.
Preloading 0 native plugins for Editor in 0.00 ms.
Asset Pipeline Refresh (id=ee960abe32bcb554c98b7fe7051a234e): Total: 0.027 seconds - Initiated by StopAssetImportingV2(NoUpdateAssetOptions)
Start importing Assets/NoSafeCircle/DoorPrototype/Art/Wizard/Source/PixelLab/masculine-dark/selected/walk/west/frame_005.png using Guid(1f15844ac48192cc77a6759f789cf408) (TextureImporter) -> (artifact id: 'ecf84556795e658db6b064e86d8cfcc4') in 0.0061889 seconds
Refreshing native plugins compatible for Editor in 2.62 ms, found 4 plugins.
Preloading 0 native plugins for Editor in 0.00 ms.
Asset Pipeline Refresh (id=1a42c48942762844f9c359b6a4332d1f): Total: 0.029 seconds - Initiated by StopAssetImportingV2(NoUpdateAssetOptions)
Start importing Assets/NoSafeCircle/DoorPrototype/Art/Wizard/Generated/Wizard_Masculine_Black_walk_west.anim using Guid(48dfce476ebe0834c9251f773ef241fb) (NativeFormatImporter) -> (artifact id: 'e0c2d5bef8f3cc552a2de2e82e3ba8a5') in 0.0035994 seconds
Refreshing native plugins compatible for Editor in 2.51 ms, found 4 plugins.
Preloading 0 native plugins for Editor in 0.00 ms.
Asset Pipeline Refresh (id=0161ef20196bca74c8ce0c0f8e619aaf): Total: 0.027 seconds - Initiated by StopAssetImportingV2(NoUpdateAssetOptions)
Start importing Assets/NoSafeCircle/DoorPrototype/Art/Wizard/Source/PixelLab/masculine-dark/selected/standing/north-west.png using Guid(e75263b3690bab04b8176ae917d18d88) (TextureImporter) -> (artifact id: '0535b61d9380e4f2bc865a11da9ebc76') in 0.006586 seconds
Refreshing native plugins compatible for Editor in 4.33 ms, found 4 plugins.
Preloading 0 native plugins for Editor in 0.00 ms.
Asset Pipeline Refresh (id=4c68b697b59dea349859624d93473a91): Total: 0.031 seconds - Initiated by StopAssetImportingV2(NoUpdateAssetOptions)
Start importing Assets/NoSafeCircle/DoorPrototype/Art/Wizard/Source/PixelLab/masculine-dark/selected/standing/north-west.png using Guid(e75263b3690bab04b8176ae917d18d88) (TextureImporter) -> (artifact id: '0535b61d9380e4f2bc865a11da9ebc76') in 0.0078217 seconds
Refreshing native plugins compatible for Editor in 2.81 ms, found 4 plugins.
Preloading 0 native plugins for Editor in 0.00 ms.
Asset Pipeline Refresh (id=f758d3a7b9cd3b94fa7497eaedd6d7f3): Total: 0.032 seconds - Initiated by StopAssetImportingV2(NoUpdateAssetOptions)
Start importing Assets/NoSafeCircle/DoorPrototype/Art/Wizard/Generated/Wizard_Masculine_Black_idle_north-west.anim using Guid(d8d7214b5b33c7d45b473512f6a6b552) (NativeFormatImporter) -> (artifact id: 'c5174fedb345871cf9928c56649a7f4f') in 0.0037626 seconds
Refreshing native plugins compatible for Editor in 3.42 ms, found 4 plugins.
Preloading 0 native plugins for Editor in 0.00 ms.
Asset Pipeline Refresh (id=17c6217983a7b1241a3dde393d6e30fb): Total: 0.030 seconds - Initiated by StopAssetImportingV2(NoUpdateAssetOptions)
Start importing Assets/NoSafeCircle/DoorPrototype/Art/Wizard/Source/PixelLab/masculine-dark/selected/walk/north-west/frame_000.png using Guid(59be03f1f8ed05044b44945bfb672c37) (TextureImporter) -> (artifact id: '44704bbcafc84cd6aa59d280537cb82e') in 0.0044321 seconds
Refreshing native plugins compatible for Editor in 2.32 ms, found 4 plugins.
Preloading 0 native plugins for Editor in 0.00 ms.
Asset Pipeline Refresh (id=315d964a97d6c9f4996832642ef9f7bc): Total: 0.025 seconds - Initiated by StopAssetImportingV2(NoUpdateAssetOptions)
Start importing Assets/NoSafeCircle/DoorPrototype/Art/Wizard/Source/PixelLab/masculine-dark/selected/walk/north-west/frame_000.png using Guid(59be03f1f8ed05044b44945bfb672c37) (TextureImporter) -> (artifact id: '44704bbcafc84cd6aa59d280537cb82e') in 0.0048866 seconds
Refreshing native plugins compatible for Editor in 2.68 ms, found 4 plugins.
Preloading 0 native plugins for Editor in 0.00 ms.
Asset Pipeline Refresh (id=972450d68c696214f95c5c20dcb3b8bd): Total: 0.034 seconds - Initiated by StopAssetImportingV2(NoUpdateAssetOptions)
Start importing Assets/NoSafeCircle/DoorPrototype/Art/Wizard/Source/PixelLab/masculine-dark/selected/walk/north-west/frame_001.png using Guid(ac8d39179fc68a0498b9c8efc35d1ea6) (TextureImporter) -> (artifact id: '857174a8c0a1c0a5ba4bf61ba72f8459') in 0.0072429 seconds
Refreshing native plugins compatible for Editor in 2.11 ms, found 4 plugins.
Preloading 0 native plugins for Editor in 0.00 ms.
Asset Pipeline Refresh (id=4ab1661923ca0f64cacd4493d0fe3084): Total: 0.027 seconds - Initiated by StopAssetImportingV2(NoUpdateAssetOptions)
Start importing Assets/NoSafeCircle/DoorPrototype/Art/Wizard/Source/PixelLab/masculine-dark/selected/walk/north-west/frame_001.png using Guid(ac8d39179fc68a0498b9c8efc35d1ea6) (TextureImporter) -> (artifact id: '857174a8c0a1c0a5ba4bf61ba72f8459') in 0.0062997 seconds
Refreshing native plugins compatible for Editor in 2.08 ms, found 4 plugins.
Preloading 0 native plugins for Editor in 0.00 ms.
Asset Pipeline Refresh (id=2ab809b0045977f4cbb39e80da7c85e8): Total: 0.025 seconds - Initiated by StopAssetImportingV2(NoUpdateAssetOptions)
Start importing Assets/NoSafeCircle/DoorPrototype/Art/Wizard/Source/PixelLab/masculine-dark/selected/walk/north-west/frame_002.png using Guid(47ac16eb16a35744190743cc30f44756) (TextureImporter) -> (artifact id: '7e63b6b83adf1f9873f0ddd8fe15d7e4') in 0.0047799 seconds
Refreshing native plugins compatible for Editor in 3.57 ms, found 4 plugins.
Preloading 0 native plugins for Editor in 0.00 ms.
Asset Pipeline Refresh (id=a44f624ddec72df4f86281150cdfd1f6): Total: 0.025 seconds - Initiated by StopAssetImportingV2(NoUpdateAssetOptions)
Start importing Assets/NoSafeCircle/DoorPrototype/Art/Wizard/Source/PixelLab/masculine-dark/selected/walk/north-west/frame_002.png using Guid(47ac16eb16a35744190743cc30f44756) (TextureImporter) -> (artifact id: '7e63b6b83adf1f9873f0ddd8fe15d7e4') in 0.0039704 seconds
Refreshing native plugins compatible for Editor in 2.80 ms, found 4 plugins.
Preloading 0 native plugins for Editor in 0.00 ms.
Asset Pipeline Refresh (id=4e4bba8cf6f93b448854de721605c981): Total: 0.027 seconds - Initiated by StopAssetImportingV2(NoUpdateAssetOptions)
Start importing Assets/NoSafeCircle/DoorPrototype/Art/Wizard/Source/PixelLab/masculine-dark/selected/walk/north-west/frame_003.png using Guid(bd77fb88b248f494c9d5619b0b04fd2e) (TextureImporter) -> (artifact id: '433c65ccb349397a2f13b45686316954') in 0.0051103 seconds
Refreshing native plugins compatible for Editor in 2.03 ms, found 4 plugins.
Preloading 0 native plugins for Editor in 0.00 ms.
Asset Pipeline Refresh (id=e046fb6ad69983f45a4ac80238572c6b): Total: 0.023 seconds - Initiated by StopAssetImportingV2(NoUpdateAssetOptions)
Start importing Assets/NoSafeCircle/DoorPrototype/Art/Wizard/Source/PixelLab/masculine-dark/selected/walk/north-west/frame_003.png using Guid(bd77fb88b248f494c9d5619b0b04fd2e) (TextureImporter) -> (artifact id: '433c65ccb349397a2f13b45686316954') in 0.0049593 seconds
Refreshing native plugins compatible for Editor in 2.28 ms, found 4 plugins.
Preloading 0 native plugins for Editor in 0.00 ms.
Asset Pipeline Refresh (id=6857c63c55b0082429c0e72b55d64ea4): Total: 0.024 seconds - Initiated by StopAssetImportingV2(NoUpdateAssetOptions)
Start importing Assets/NoSafeCircle/DoorPrototype/Art/Wizard/Source/PixelLab/masculine-dark/selected/walk/north-west/frame_004.png using Guid(68823b30a08d2a84c80a7e2d2c377c51) (TextureImporter) -> (artifact id: '1f8adf1fa82cb527aeed37c09002c511') in 0.0070185 seconds
Refreshing native plugins compatible for Editor in 2.35 ms, found 4 plugins.
Preloading 0 native plugins for Editor in 0.00 ms.
Asset Pipeline Refresh (id=6479d0ad499a2444bb84fbcca3c12637): Total: 0.026 seconds - Initiated by StopAssetImportingV2(NoUpdateAssetOptions)
Start importing Assets/NoSafeCircle/DoorPrototype/Art/Wizard/Source/PixelLab/masculine-dark/selected/walk/north-west/frame_004.png using Guid(68823b30a08d2a84c80a7e2d2c377c51) (TextureImporter) -> (artifact id: '1f8adf1fa82cb527aeed37c09002c511') in 0.0052854 seconds
Refreshing native plugins compatible for Editor in 2.21 ms, found 4 plugins.
Preloading 0 native plugins for Editor in 0.00 ms.
Asset Pipeline Refresh (id=522237eac14d4e34c96cb81f7bfc5f5e): Total: 0.025 seconds - Initiated by StopAssetImportingV2(NoUpdateAssetOptions)
Start importing Assets/NoSafeCircle/DoorPrototype/Art/Wizard/Source/PixelLab/masculine-dark/selected/walk/north-west/frame_005.png using Guid(cbfaa1dec76a34840905881d83fcf717) (TextureImporter) -> (artifact id: '1d9b88969f326e7e83a00a6421d439ae') in 0.0046957 seconds
Refreshing native plugins compatible for Editor in 2.22 ms, found 4 plugins.
Preloading 0 native plugins for Editor in 0.00 ms.
Asset Pipeline Refresh (id=415f5a1c4f6eb9b4dac0280200627695): Total: 0.026 seconds - Initiated by StopAssetImportingV2(NoUpdateAssetOptions)
Start importing Assets/NoSafeCircle/DoorPrototype/Art/Wizard/Source/PixelLab/masculine-dark/selected/walk/north-west/frame_005.png using Guid(cbfaa1dec76a34840905881d83fcf717) (TextureImporter) -> (artifact id: '1d9b88969f326e7e83a00a6421d439ae') in 0.0042357 seconds
Refreshing native plugins compatible for Editor in 2.15 ms, found 4 plugins.
Preloading 0 native plugins for Editor in 0.00 ms.
Asset Pipeline Refresh (id=867adb5b3ac918a488affeed9dd254a7): Total: 0.023 seconds - Initiated by StopAssetImportingV2(NoUpdateAssetOptions)
Start importing Assets/NoSafeCircle/DoorPrototype/Art/Wizard/Generated/Wizard_Masculine_Black_walk_north-west.anim using Guid(ffa34882f71fcbf4b8faf50c3d8281e4) (NativeFormatImporter) -> (artifact id: 'b5e48767b478eb5011ac9f89ddb4579b') in 0.0025261 seconds
Refreshing native plugins compatible for Editor in 3.47 ms, found 4 plugins.
Preloading 0 native plugins for Editor in 0.00 ms.
Asset Pipeline Refresh (id=3140e156b5bb7c14db35416356f2436a): Total: 0.022 seconds - Initiated by StopAssetImportingV2(NoUpdateAssetOptions)
Start importing Assets/NoSafeCircle/DoorPrototype/Art/Wizard/Source/PixelLab/feminine-light/selected/standing/north.png using Guid(ac9b52e1340fb394787642749536edb3) (TextureImporter) -> (artifact id: '805d1a789f89d8b3ad352598bc5abcc0') in 0.0050783 seconds
Refreshing native plugins compatible for Editor in 2.21 ms, found 4 plugins.
Preloading 0 native plugins for Editor in 0.00 ms.
Asset Pipeline Refresh (id=613eed89724db444c90eaac4e2fe3611): Total: 0.024 seconds - Initiated by StopAssetImportingV2(NoUpdateAssetOptions)
Start importing Assets/NoSafeCircle/DoorPrototype/Art/Wizard/Source/PixelLab/feminine-light/selected/standing/north.png using Guid(ac9b52e1340fb394787642749536edb3) (TextureImporter) -> (artifact id: '805d1a789f89d8b3ad352598bc5abcc0') in 0.0044937 seconds
Refreshing native plugins compatible for Editor in 2.17 ms, found 4 plugins.
Preloading 0 native plugins for Editor in 0.00 ms.
Asset Pipeline Refresh (id=2dff363b76c63424fbfe86594142d8ea): Total: 0.022 seconds - Initiated by StopAssetImportingV2(NoUpdateAssetOptions)
Start importing Assets/NoSafeCircle/DoorPrototype/Art/Wizard/Source/PixelLab/feminine-light/selected/standing/north-east.png using Guid(3a29d5ea152c58241a5bc6cb67a3a543) (TextureImporter) -> (artifact id: 'b77f64c4cb088159b43826e211c4bbd9') in 0.0057162 seconds
Refreshing native plugins compatible for Editor in 2.26 ms, found 4 plugins.
Preloading 0 native plugins for Editor in 0.00 ms.
Asset Pipeline Refresh (id=7fab73730ad959d4699d6f58b59ab7a3): Total: 0.025 seconds - Initiated by StopAssetImportingV2(NoUpdateAssetOptions)
Start importing Assets/NoSafeCircle/DoorPrototype/Art/Wizard/Source/PixelLab/feminine-light/selected/standing/north-east.png using Guid(3a29d5ea152c58241a5bc6cb67a3a543) (TextureImporter) -> (artifact id: 'b77f64c4cb088159b43826e211c4bbd9') in 0.0049271 seconds
Refreshing native plugins compatible for Editor in 2.33 ms, found 4 plugins.
Preloading 0 native plugins for Editor in 0.00 ms.
Asset Pipeline Refresh (id=b93b06883ceb9914285b153953800365): Total: 0.023 seconds - Initiated by StopAssetImportingV2(NoUpdateAssetOptions)
Start importing Assets/NoSafeCircle/DoorPrototype/Art/Wizard/Source/PixelLab/feminine-light/selected/standing/east.png using Guid(bc7e4d4b177892d468986d5ff6f53ba4) (TextureImporter) -> (artifact id: 'b6216376bd6583f03583b438ec5d7c3e') in 0.0052018 seconds
Refreshing native plugins compatible for Editor in 2.65 ms, found 4 plugins.
Preloading 0 native plugins for Editor in 0.00 ms.
Asset Pipeline Refresh (id=25bbac43bba75574b9c65b40f4976ee5): Total: 0.025 seconds - Initiated by StopAssetImportingV2(NoUpdateAssetOptions)
Start importing Assets/NoSafeCircle/DoorPrototype/Art/Wizard/Source/PixelLab/feminine-light/selected/standing/east.png using Guid(bc7e4d4b177892d468986d5ff6f53ba4) (TextureImporter) -> (artifact id: 'b6216376bd6583f03583b438ec5d7c3e') in 0.0045592 seconds
Refreshing native plugins compatible for Editor in 2.17 ms, found 4 plugins.
Preloading 0 native plugins for Editor in 0.00 ms.
Asset Pipeline Refresh (id=bbb082794dde9b64280b34303bf23d23): Total: 0.023 seconds - Initiated by StopAssetImportingV2(NoUpdateAssetOptions)
Start importing Assets/NoSafeCircle/DoorPrototype/Art/Wizard/Source/PixelLab/feminine-light/selected/standing/south-east.png using Guid(1fb2dac316457be4bada3f5a5606f7df) (TextureImporter) -> (artifact id: '80e18e1cbc3415aefe5362a168679a27') in 0.0045672 seconds
Refreshing native plugins compatible for Editor in 2.36 ms, found 4 plugins.
Preloading 0 native plugins for Editor in 0.00 ms.
Asset Pipeline Refresh (id=94864d9649a6eb14ca571500abd6010a): Total: 0.027 seconds - Initiated by StopAssetImportingV2(NoUpdateAssetOptions)
Start importing Assets/NoSafeCircle/DoorPrototype/Art/Wizard/Source/PixelLab/feminine-light/selected/standing/south-east.png using Guid(1fb2dac316457be4bada3f5a5606f7df) (TextureImporter) -> (artifact id: '80e18e1cbc3415aefe5362a168679a27') in 0.0050759 seconds
Refreshing native plugins compatible for Editor in 2.36 ms, found 4 plugins.
Preloading 0 native plugins for Editor in 0.00 ms.
Asset Pipeline Refresh (id=856a1df994db21542ae5121e2f50d320): Total: 0.024 seconds - Initiated by StopAssetImportingV2(NoUpdateAssetOptions)
Start importing Assets/NoSafeCircle/DoorPrototype/Art/Wizard/Source/PixelLab/feminine-light/selected/standing/south.png using Guid(910f6f5068b180b4d8ff24012fa1b10e) (TextureImporter) -> (artifact id: '7baebb4b1f364d7c80b0f04c338f02ed') in 0.0056203 seconds
Refreshing native plugins compatible for Editor in 2.25 ms, found 4 plugins.
Preloading 0 native plugins for Editor in 0.00 ms.
Asset Pipeline Refresh (id=d219e9741ccd71145b8301ac467fd8e5): Total: 0.026 seconds - Initiated by StopAssetImportingV2(NoUpdateAssetOptions)
Start importing Assets/NoSafeCircle/DoorPrototype/Art/Wizard/Source/PixelLab/feminine-light/selected/standing/south.png using Guid(910f6f5068b180b4d8ff24012fa1b10e) (TextureImporter) -> (artifact id: '7baebb4b1f364d7c80b0f04c338f02ed') in 0.0053268 seconds
Refreshing native plugins compatible for Editor in 2.43 ms, found 4 plugins.
Preloading 0 native plugins for Editor in 0.00 ms.
Asset Pipeline Refresh (id=0e0a015a851a6de45abae89ae41bf8ee): Total: 0.026 seconds - Initiated by StopAssetImportingV2(NoUpdateAssetOptions)
Start importing Assets/NoSafeCircle/DoorPrototype/Art/Wizard/Source/PixelLab/feminine-light/selected/standing/south-west.png using Guid(69675d2f21dcbf0408dc56b39566ad44) (TextureImporter) -> (artifact id: 'f5a27cd1e8f0e484b4b02d22cff5531b') in 0.0050869 seconds
Refreshing native plugins compatible for Editor in 2.28 ms, found 4 plugins.
Preloading 0 native plugins for Editor in 0.00 ms.
Asset Pipeline Refresh (id=0907c8a6cf6e8d546a65b2ce3a0408dd): Total: 0.025 seconds - Initiated by StopAssetImportingV2(NoUpdateAssetOptions)
Start importing Assets/NoSafeCircle/DoorPrototype/Art/Wizard/Source/PixelLab/feminine-light/selected/standing/south-west.png using Guid(69675d2f21dcbf0408dc56b39566ad44) (TextureImporter) -> (artifact id: 'f5a27cd1e8f0e484b4b02d22cff5531b') in 0.004341 seconds
Refreshing native plugins compatible for Editor in 2.26 ms, found 4 plugins.
Preloading 0 native plugins for Editor in 0.00 ms.
Asset Pipeline Refresh (id=0a010cbdac7917e41b3837f0b41227bd): Total: 0.024 seconds - Initiated by StopAssetImportingV2(NoUpdateAssetOptions)
Start importing Assets/NoSafeCircle/DoorPrototype/Art/Wizard/Source/PixelLab/feminine-light/selected/standing/west.png using Guid(d3e076e1e7bf71646827412177215b56) (TextureImporter) -> (artifact id: 'ae6fb8b685348deb580dda82a386ea5a') in 0.005011 seconds
Refreshing native plugins compatible for Editor in 2.33 ms, found 4 plugins.
Preloading 0 native plugins for Editor in 0.00 ms.
Asset Pipeline Refresh (id=74c0df2889ac41b49b3751255997c6e1): Total: 0.022 seconds - Initiated by StopAssetImportingV2(NoUpdateAssetOptions)
Start importing Assets/NoSafeCircle/DoorPrototype/Art/Wizard/Source/PixelLab/feminine-light/selected/standing/west.png using Guid(d3e076e1e7bf71646827412177215b56) (TextureImporter) -> (artifact id: 'ae6fb8b685348deb580dda82a386ea5a') in 0.0045927 seconds
Refreshing native plugins compatible for Editor in 2.24 ms, found 4 plugins.
Preloading 0 native plugins for Editor in 0.00 ms.
Asset Pipeline Refresh (id=5f67891a3476b2946b734706117e694c): Total: 0.027 seconds - Initiated by StopAssetImportingV2(NoUpdateAssetOptions)
Start importing Assets/NoSafeCircle/DoorPrototype/Art/Wizard/Source/PixelLab/feminine-light/selected/standing/north-west.png using Guid(d70b4b3e3697fc74a8819908aa834e8e) (TextureImporter) -> (artifact id: 'c6b5da2033b1fbe53d368542f9be588e') in 0.0047147 seconds
Refreshing native plugins compatible for Editor in 2.11 ms, found 4 plugins.
Preloading 0 native plugins for Editor in 0.00 ms.
Asset Pipeline Refresh (id=bc3d0061d1d07744c87c0049177d2358): Total: 0.022 seconds - Initiated by StopAssetImportingV2(NoUpdateAssetOptions)
Start importing Assets/NoSafeCircle/DoorPrototype/Art/Wizard/Source/PixelLab/feminine-light/selected/standing/north-west.png using Guid(d70b4b3e3697fc74a8819908aa834e8e) (TextureImporter) -> (artifact id: 'c6b5da2033b1fbe53d368542f9be588e') in 0.0067022 seconds
Refreshing native plugins compatible for Editor in 2.17 ms, found 4 plugins.
Preloading 0 native plugins for Editor in 0.00 ms.
Asset Pipeline Refresh (id=617cedfe396850644af10d8ef087c15d): Total: 0.028 seconds - Initiated by StopAssetImportingV2(NoUpdateAssetOptions)
Start importing Assets/NoSafeCircle/DoorPrototype/Art/Wizard/Source/PixelLab/feminine-light/selected/standing/north.png using Guid(ac9b52e1340fb394787642749536edb3) (TextureImporter) -> (artifact id: '805d1a789f89d8b3ad352598bc5abcc0') in 0.0067914 seconds
Refreshing native plugins compatible for Editor in 2.13 ms, found 4 plugins.
Preloading 0 native plugins for Editor in 0.00 ms.
Asset Pipeline Refresh (id=59b4013cd606c39419d416ced9a99c71): Total: 0.028 seconds - Initiated by StopAssetImportingV2(NoUpdateAssetOptions)
Start importing Assets/NoSafeCircle/DoorPrototype/Art/Wizard/Source/PixelLab/feminine-light/selected/standing/north.png using Guid(ac9b52e1340fb394787642749536edb3) (TextureImporter) -> (artifact id: '805d1a789f89d8b3ad352598bc5abcc0') in 0.005877 seconds
Refreshing native plugins compatible for Editor in 2.49 ms, found 4 plugins.
Preloading 0 native plugins for Editor in 0.00 ms.
Asset Pipeline Refresh (id=5b5523d8545bfd64787eeee6405e82b6): Total: 0.028 seconds - Initiated by StopAssetImportingV2(NoUpdateAssetOptions)
Start importing Assets/NoSafeCircle/DoorPrototype/Art/Wizard/Generated/Wizard_Feminine_White_idle_north.anim using Guid(8f679078579149b48a2128104bb7663f) (NativeFormatImporter) -> (artifact id: 'e2b5d2b45f2fbf82ffc027fdd985e227') in 0.0026058 seconds
Refreshing native plugins compatible for Editor in 2.27 ms, found 4 plugins.
Preloading 0 native plugins for Editor in 0.00 ms.
Asset Pipeline Refresh (id=31dbe717257fe284babc6c96463202ca): Total: 0.023 seconds - Initiated by StopAssetImportingV2(NoUpdateAssetOptions)
Start importing Assets/NoSafeCircle/DoorPrototype/Art/Wizard/Source/PixelLab/feminine-light/selected/walk/north/frame_000.png using Guid(8f56513754d165c53a842e08cafb77e6) (TextureImporter) -> (artifact id: '780b8147b479f14512c966666c23a719') in 0.0044109 seconds
Refreshing native plugins compatible for Editor in 3.11 ms, found 4 plugins.
Preloading 0 native plugins for Editor in 0.00 ms.
Asset Pipeline Refresh (id=8e1bf13fa4304eb43b4eda5bf475f147): Total: 0.024 seconds - Initiated by StopAssetImportingV2(NoUpdateAssetOptions)
Start importing Assets/NoSafeCircle/DoorPrototype/Art/Wizard/Source/PixelLab/feminine-light/selected/walk/north/frame_000.png using Guid(8f56513754d165c53a842e08cafb77e6) (TextureImporter) -> (artifact id: '780b8147b479f14512c966666c23a719') in 0.0047044 seconds
Refreshing native plugins compatible for Editor in 2.68 ms, found 4 plugins.
Preloading 0 native plugins for Editor in 0.00 ms.
Asset Pipeline Refresh (id=7dfb7189dbcde3a49ae49b5e8c4a353f): Total: 0.026 seconds - Initiated by StopAssetImportingV2(NoUpdateAssetOptions)
Start importing Assets/NoSafeCircle/DoorPrototype/Art/Wizard/Source/PixelLab/feminine-light/selected/walk/north/frame_001.png using Guid(7ccbdc5a0bb5aee56c09d9c5724bbb76) (TextureImporter) -> (artifact id: '51af6deb58659b1988960136ff65dadb') in 0.0044926 seconds
Refreshing native plugins compatible for Editor in 2.32 ms, found 4 plugins.
Preloading 0 native plugins for Editor in 0.00 ms.
Asset Pipeline Refresh (id=93bd1e099c5fe99418a28f68d57a79c9): Total: 0.024 seconds - Initiated by StopAssetImportingV2(NoUpdateAssetOptions)
Start importing Assets/NoSafeCircle/DoorPrototype/Art/Wizard/Source/PixelLab/feminine-light/selected/walk/north/frame_001.png using Guid(7ccbdc5a0bb5aee56c09d9c5724bbb76) (TextureImporter) -> (artifact id: '51af6deb58659b1988960136ff65dadb') in 0.0047456 seconds
Refreshing native plugins compatible for Editor in 2.17 ms, found 4 plugins.
Preloading 0 native plugins for Editor in 0.00 ms.
Asset Pipeline Refresh (id=ef1e8ea8b119c564d800f2484a162c86): Total: 0.026 seconds - Initiated by StopAssetImportingV2(NoUpdateAssetOptions)
Start importing Assets/NoSafeCircle/DoorPrototype/Art/Wizard/Source/PixelLab/feminine-light/selected/walk/north/frame_002.png using Guid(4be1834258c82b62a4598171a4744683) (TextureImporter) -> (artifact id: 'bf79cdae96a4e24d48c94962c87e85c5') in 0.0045743 seconds
Refreshing native plugins compatible for Editor in 2.14 ms, found 4 plugins.
Preloading 0 native plugins for Editor in 0.00 ms.
Asset Pipeline Refresh (id=442c30dd327bc0c47a96b9aca5afe43e): Total: 0.021 seconds - Initiated by StopAssetImportingV2(NoUpdateAssetOptions)
Start importing Assets/NoSafeCircle/DoorPrototype/Art/Wizard/Source/PixelLab/feminine-light/selected/walk/north/frame_002.png using Guid(4be1834258c82b62a4598171a4744683) (TextureImporter) -> (artifact id: 'bf79cdae96a4e24d48c94962c87e85c5') in 0.0050897 seconds
Refreshing native plugins compatible for Editor in 2.87 ms, found 4 plugins.
Preloading 0 native plugins for Editor in 0.00 ms.
Asset Pipeline Refresh (id=d07259c3c2ad38846b9c04ef50af6824): Total: 0.026 seconds - Initiated by StopAssetImportingV2(NoUpdateAssetOptions)
Start importing Assets/NoSafeCircle/DoorPrototype/Art/Wizard/Source/PixelLab/feminine-light/selected/walk/north/frame_003.png using Guid(1309b5a52bc3aeafb472d5ee8aa189e3) (TextureImporter) -> (artifact id: '77158b1135033ff41a21fce58ad86094') in 0.0056143 seconds
Refreshing native plugins compatible for Editor in 3.05 ms, found 4 plugins.
Preloading 0 native plugins for Editor in 0.00 ms.
Asset Pipeline Refresh (id=a4c3170b0a75bd24994ca50ac4dfff3b): Total: 0.024 seconds - Initiated by StopAssetImportingV2(NoUpdateAssetOptions)
Start importing Assets/NoSafeCircle/DoorPrototype/Art/Wizard/Source/PixelLab/feminine-light/selected/walk/north/frame_003.png using Guid(1309b5a52bc3aeafb472d5ee8aa189e3) (TextureImporter) -> (artifact id: '77158b1135033ff41a21fce58ad86094') in 0.007308 seconds
Refreshing native plugins compatible for Editor in 2.31 ms, found 4 plugins.
Preloading 0 native plugins for Editor in 0.00 ms.
Asset Pipeline Refresh (id=d74f522d11f621349b646c3b54b381c9): Total: 0.026 seconds - Initiated by StopAssetImportingV2(NoUpdateAssetOptions)
Start importing Assets/NoSafeCircle/DoorPrototype/Art/Wizard/Source/PixelLab/feminine-light/selected/walk/north/frame_004.png using Guid(37d06f8586efe085d7fe78e1f646065b) (TextureImporter) -> (artifact id: '2fca366bf5162af4690bb763ad3cd178') in 0.0049941 seconds
Refreshing native plugins compatible for Editor in 3.27 ms, found 4 plugins.
Preloading 0 native plugins for Editor in 0.00 ms.
Asset Pipeline Refresh (id=f55a13c881fc77d44adf4de8d990ad7e): Total: 0.024 seconds - Initiated by StopAssetImportingV2(NoUpdateAssetOptions)
Start importing Assets/NoSafeCircle/DoorPrototype/Art/Wizard/Source/PixelLab/feminine-light/selected/walk/north/frame_004.png using Guid(37d06f8586efe085d7fe78e1f646065b) (TextureImporter) -> (artifact id: '2fca366bf5162af4690bb763ad3cd178') in 0.0053583 seconds
Refreshing native plugins compatible for Editor in 2.52 ms, found 4 plugins.
Preloading 0 native plugins for Editor in 0.00 ms.
Asset Pipeline Refresh (id=14642b9009a4f0d42a1fee0b02ee171b): Total: 0.026 seconds - Initiated by StopAssetImportingV2(NoUpdateAssetOptions)
Start importing Assets/NoSafeCircle/DoorPrototype/Art/Wizard/Source/PixelLab/feminine-light/selected/walk/north/frame_005.png using Guid(fdb46698409cb4e0bd71f5deb4f20ab7) (TextureImporter) -> (artifact id: 'ef6b3bb2810240990d9f375766d912ce') in 0.0051325 seconds
Refreshing native plugins compatible for Editor in 3.55 ms, found 4 plugins.
Preloading 0 native plugins for Editor in 0.00 ms.
Asset Pipeline Refresh (id=d54664c57e5d2414b85dfd50d25c8d65): Total: 0.026 seconds - Initiated by StopAssetImportingV2(NoUpdateAssetOptions)
Start importing Assets/NoSafeCircle/DoorPrototype/Art/Wizard/Source/PixelLab/feminine-light/selected/walk/north/frame_005.png using Guid(fdb46698409cb4e0bd71f5deb4f20ab7) (TextureImporter) -> (artifact id: 'ef6b3bb2810240990d9f375766d912ce') in 0.0047721 seconds
Refreshing native plugins compatible for Editor in 3.44 ms, found 4 plugins.
Preloading 0 native plugins for Editor in 0.00 ms.
Asset Pipeline Refresh (id=994175e6495751149a7396bfdfee0ce7): Total: 0.026 seconds - Initiated by StopAssetImportingV2(NoUpdateAssetOptions)
Start importing Assets/NoSafeCircle/DoorPrototype/Art/Wizard/Generated/Wizard_Feminine_White_walk_north.anim using Guid(0885cfca7928f8c48b184792d5156e07) (NativeFormatImporter) -> (artifact id: '67b2b62b047d6bbade5551ec371242bf') in 0.0023246 seconds
Refreshing native plugins compatible for Editor in 4.09 ms, found 4 plugins.
Preloading 0 native plugins for Editor in 0.00 ms.
Asset Pipeline Refresh (id=c878f2ba5bbe8694a9db75b7db71a6f7): Total: 0.021 seconds - Initiated by StopAssetImportingV2(NoUpdateAssetOptions)
Start importing Assets/NoSafeCircle/DoorPrototype/Art/Wizard/Source/PixelLab/feminine-light/selected/standing/north-east.png using Guid(3a29d5ea152c58241a5bc6cb67a3a543) (TextureImporter) -> (artifact id: 'b77f64c4cb088159b43826e211c4bbd9') in 0.0061308 seconds
Refreshing native plugins compatible for Editor in 3.79 ms, found 4 plugins.
Preloading 0 native plugins for Editor in 0.00 ms.
Asset Pipeline Refresh (id=074bf3d36d44b1148a5a7155cc892c29): Total: 0.031 seconds - Initiated by StopAssetImportingV2(NoUpdateAssetOptions)
Start importing Assets/NoSafeCircle/DoorPrototype/Art/Wizard/Source/PixelLab/feminine-light/selected/standing/north-east.png using Guid(3a29d5ea152c58241a5bc6cb67a3a543) (TextureImporter) -> (artifact id: 'b77f64c4cb088159b43826e211c4bbd9') in 0.008175 seconds
Refreshing native plugins compatible for Editor in 3.89 ms, found 4 plugins.
Preloading 0 native plugins for Editor in 0.00 ms.
Asset Pipeline Refresh (id=2843ff90aa0e04d4aad6aa5a9216dccc): Total: 0.032 seconds - Initiated by StopAssetImportingV2(NoUpdateAssetOptions)
Start importing Assets/NoSafeCircle/DoorPrototype/Art/Wizard/Generated/Wizard_Feminine_White_idle_north-east.anim using Guid(e42d5fa15071bc84c9a2bc0955fc584b) (NativeFormatImporter) -> (artifact id: '5f0ec9375b368b165ad93878248f0c52') in 0.0026938 seconds
Refreshing native plugins compatible for Editor in 3.80 ms, found 4 plugins.
Preloading 0 native plugins for Editor in 0.00 ms.
Asset Pipeline Refresh (id=a6b41fbf2d374ea43aa1a7d05a2f5e45): Total: 0.027 seconds - Initiated by StopAssetImportingV2(NoUpdateAssetOptions)
Start importing Assets/NoSafeCircle/DoorPrototype/Art/Wizard/Source/PixelLab/feminine-light/selected/walk/north-east/frame_000.png using Guid(05b72720e1db8df41b83f320b6c2ce8f) (TextureImporter) -> (artifact id: '208ed1611fbef3bead5c62e1e714640b') in 0.0061249 seconds
Refreshing native plugins compatible for Editor in 3.59 ms, found 4 plugins.
Preloading 0 native plugins for Editor in 0.00 ms.
Asset Pipeline Refresh (id=c9e67a241c4fc3848a8515f6699a3c0f): Total: 0.033 seconds - Initiated by StopAssetImportingV2(NoUpdateAssetOptions)
Start importing Assets/NoSafeCircle/DoorPrototype/Art/Wizard/Source/PixelLab/feminine-light/selected/walk/north-east/frame_000.png using Guid(05b72720e1db8df41b83f320b6c2ce8f) (TextureImporter) -> (artifact id: '208ed1611fbef3bead5c62e1e714640b') in 0.0083264 seconds
Refreshing native plugins compatible for Editor in 2.87 ms, found 4 plugins.
Preloading 0 native plugins for Editor in 0.00 ms.
Asset Pipeline Refresh (id=5125faf2120c988449a35820ccb48e9f): Total: 0.036 seconds - Initiated by StopAssetImportingV2(NoUpdateAssetOptions)
Start importing Assets/NoSafeCircle/DoorPrototype/Art/Wizard/Source/PixelLab/feminine-light/selected/walk/north-east/frame_001.png using Guid(0b38e0a077dc3b1408029a0f19061d3d) (TextureImporter) -> (artifact id: '639264ced225248c3ae1874a0a19d09a') in 0.0061222 seconds
Refreshing native plugins compatible for Editor in 4.17 ms, found 4 plugins.
Preloading 0 native plugins for Editor in 0.00 ms.
Asset Pipeline Refresh (id=8c65619bdaa3a2d49b1d2739a4d25f74): Total: 0.028 seconds - Initiated by StopAssetImportingV2(NoUpdateAssetOptions)
Start importing Assets/NoSafeCircle/DoorPrototype/Art/Wizard/Source/PixelLab/feminine-light/selected/walk/north-east/frame_001.png using Guid(0b38e0a077dc3b1408029a0f19061d3d) (TextureImporter) -> (artifact id: '639264ced225248c3ae1874a0a19d09a') in 0.0068807 seconds
Refreshing native plugins compatible for Editor in 4.07 ms, found 4 plugins.
Preloading 0 native plugins for Editor in 0.00 ms.
Asset Pipeline Refresh (id=8c17481aaef33e941afa001c01d52bd4): Total: 0.037 seconds - Initiated by StopAssetImportingV2(NoUpdateAssetOptions)
Start importing Assets/NoSafeCircle/DoorPrototype/Art/Wizard/Source/PixelLab/feminine-light/selected/walk/north-east/frame_002.png using Guid(55a241624c68fcd45a57295365306560) (TextureImporter) -> (artifact id: '0d2a77a015fe29daf1be9e68b5ae375b') in 0.0069736 seconds
Refreshing native plugins compatible for Editor in 2.68 ms, found 4 plugins.
Preloading 0 native plugins for Editor in 0.00 ms.
Asset Pipeline Refresh (id=24881e4aa6fa186479c3bed1fb40e149): Total: 0.033 seconds - Initiated by StopAssetImportingV2(NoUpdateAssetOptions)
Start importing Assets/NoSafeCircle/DoorPrototype/Art/Wizard/Source/PixelLab/feminine-light/selected/walk/north-east/frame_002.png using Guid(55a241624c68fcd45a57295365306560) (TextureImporter) -> (artifact id: '0d2a77a015fe29daf1be9e68b5ae375b') in 0.0072913 seconds
Refreshing native plugins compatible for Editor in 4.70 ms, found 4 plugins.
Preloading 0 native plugins for Editor in 0.00 ms.
Asset Pipeline Refresh (id=3353077a63027f54a9e60a19d912c5e0): Total: 0.034 seconds - Initiated by StopAssetImportingV2(NoUpdateAssetOptions)
Start importing Assets/NoSafeCircle/DoorPrototype/Art/Wizard/Source/PixelLab/feminine-light/selected/walk/north-east/frame_003.png using Guid(1bf1f3a6449a11a4aacaef706b06cae9) (TextureImporter) -> (artifact id: '5ffa5d227f9b81d826ce534e5f436be4') in 0.0061258 seconds
Refreshing native plugins compatible for Editor in 3.47 ms, found 4 plugins.
Preloading 0 native plugins for Editor in 0.00 ms.
Asset Pipeline Refresh (id=bda38d2a277e0554785062395d558091): Total: 0.032 seconds - Initiated by StopAssetImportingV2(NoUpdateAssetOptions)
Start importing Assets/NoSafeCircle/DoorPrototype/Art/Wizard/Source/PixelLab/feminine-light/selected/walk/north-east/frame_003.png using Guid(1bf1f3a6449a11a4aacaef706b06cae9) (TextureImporter) -> (artifact id: '5ffa5d227f9b81d826ce534e5f436be4') in 0.0068605 seconds
Refreshing native plugins compatible for Editor in 3.16 ms, found 4 plugins.
Preloading 0 native plugins for Editor in 0.00 ms.
Asset Pipeline Refresh (id=e886c435962ec0f459abc5e90d5b1c69): Total: 0.033 seconds - Initiated by StopAssetImportingV2(NoUpdateAssetOptions)
Start importing Assets/NoSafeCircle/DoorPrototype/Art/Wizard/Source/PixelLab/feminine-light/selected/walk/north-east/frame_004.png using Guid(03aa8d83ae4e8ea40881b62cef75f623) (TextureImporter) -> (artifact id: 'b4ee58f8d7918e29dca1bedaf2ed8c38') in 0.0108377 seconds
Refreshing native plugins compatible for Editor in 2.26 ms, found 4 plugins.
Preloading 0 native plugins for Editor in 0.00 ms.
Asset Pipeline Refresh (id=4a3567fbd4bc189488302f5e95d27efc): Total: 0.033 seconds - Initiated by StopAssetImportingV2(NoUpdateAssetOptions)
Start importing Assets/NoSafeCircle/DoorPrototype/Art/Wizard/Source/PixelLab/feminine-light/selected/walk/north-east/frame_004.png using Guid(03aa8d83ae4e8ea40881b62cef75f623) (TextureImporter) -> (artifact id: 'b4ee58f8d7918e29dca1bedaf2ed8c38') in 0.0066807 seconds
Refreshing native plugins compatible for Editor in 2.08 ms, found 4 plugins.
Preloading 0 native plugins for Editor in 0.00 ms.
Asset Pipeline Refresh (id=f6034cc19c6c21e4890f8f83f0e78f82): Total: 0.025 seconds - Initiated by StopAssetImportingV2(NoUpdateAssetOptions)
Start importing Assets/NoSafeCircle/DoorPrototype/Art/Wizard/Source/PixelLab/feminine-light/selected/walk/north-east/frame_005.png using Guid(1e60c61dcabe1a243a7d6d7b823bdee0) (TextureImporter) -> (artifact id: '089f6eb04871c6b6ddbd6615afa53524') in 0.0054328 seconds
Refreshing native plugins compatible for Editor in 2.22 ms, found 4 plugins.
Preloading 0 native plugins for Editor in 0.00 ms.
Asset Pipeline Refresh (id=ea834d656b0117b41b5b38aec19bfbf1): Total: 0.023 seconds - Initiated by StopAssetImportingV2(NoUpdateAssetOptions)
Start importing Assets/NoSafeCircle/DoorPrototype/Art/Wizard/Source/PixelLab/feminine-light/selected/walk/north-east/frame_005.png using Guid(1e60c61dcabe1a243a7d6d7b823bdee0) (TextureImporter) -> (artifact id: '089f6eb04871c6b6ddbd6615afa53524') in 0.0042118 seconds
Refreshing native plugins compatible for Editor in 2.04 ms, found 4 plugins.
Preloading 0 native plugins for Editor in 0.00 ms.
Asset Pipeline Refresh (id=65722129e930ed6408b22d6aab82faf8): Total: 0.023 seconds - Initiated by StopAssetImportingV2(NoUpdateAssetOptions)
Start importing Assets/NoSafeCircle/DoorPrototype/Art/Wizard/Generated/Wizard_Feminine_White_walk_north-east.anim using Guid(8082b591b68e5ef4a89905d20d9d0c4c) (NativeFormatImporter) -> (artifact id: '2a2ef3a424614781db0d0c7796065477') in 0.0022696 seconds
Refreshing native plugins compatible for Editor in 2.24 ms, found 4 plugins.
Preloading 0 native plugins for Editor in 0.00 ms.
Asset Pipeline Refresh (id=27694faa0452f2745a66c19b3454c93c): Total: 0.019 seconds - Initiated by StopAssetImportingV2(NoUpdateAssetOptions)
Start importing Assets/NoSafeCircle/DoorPrototype/Art/Wizard/Source/PixelLab/feminine-light/selected/standing/east.png using Guid(bc7e4d4b177892d468986d5ff6f53ba4) (TextureImporter) -> (artifact id: 'b6216376bd6583f03583b438ec5d7c3e') in 0.0067267 seconds
Refreshing native plugins compatible for Editor in 2.15 ms, found 4 plugins.
Preloading 0 native plugins for Editor in 0.00 ms.
Asset Pipeline Refresh (id=df7ccb3ff0dbb914891f366b9de79bce): Total: 0.026 seconds - Initiated by StopAssetImportingV2(NoUpdateAssetOptions)
Start importing Assets/NoSafeCircle/DoorPrototype/Art/Wizard/Source/PixelLab/feminine-light/selected/standing/east.png using Guid(bc7e4d4b177892d468986d5ff6f53ba4) (TextureImporter) -> (artifact id: 'b6216376bd6583f03583b438ec5d7c3e') in 0.0075561 seconds
Refreshing native plugins compatible for Editor in 2.15 ms, found 4 plugins.
Preloading 0 native plugins for Editor in 0.00 ms.
Asset Pipeline Refresh (id=37a88290e89b6d548aa0b92c88b79d06): Total: 0.027 seconds - Initiated by StopAssetImportingV2(NoUpdateAssetOptions)
Start importing Assets/NoSafeCircle/DoorPrototype/Art/Wizard/Generated/Wizard_Feminine_White_idle_east.anim using Guid(fb77f2f728e731e4eaa594b8adc9e1a5) (NativeFormatImporter) -> (artifact id: 'f48a12b47dfd580cafba5fbc8cfe0e2c') in 0.0029952 seconds
Refreshing native plugins compatible for Editor in 2.07 ms, found 4 plugins.
Preloading 0 native plugins for Editor in 0.00 ms.
Asset Pipeline Refresh (id=15279a2166b8241449d0732738e0b516): Total: 0.026 seconds - Initiated by StopAssetImportingV2(NoUpdateAssetOptions)
Start importing Assets/NoSafeCircle/DoorPrototype/Art/Wizard/Source/PixelLab/feminine-light/selected/walk/east/frame_000.png using Guid(3463b566e314abdb58429e9a227a8cbc) (TextureImporter) -> (artifact id: '8c6b7a27278fe0009ee848f8ab9317cd') in 0.0043206 seconds
Refreshing native plugins compatible for Editor in 2.44 ms, found 4 plugins.
Preloading 0 native plugins for Editor in 0.00 ms.
Asset Pipeline Refresh (id=5ff4ac1809472494190f7808b45b6851): Total: 0.024 seconds - Initiated by StopAssetImportingV2(NoUpdateAssetOptions)
Start importing Assets/NoSafeCircle/DoorPrototype/Art/Wizard/Source/PixelLab/feminine-light/selected/walk/east/frame_000.png using Guid(3463b566e314abdb58429e9a227a8cbc) (TextureImporter) -> (artifact id: '8c6b7a27278fe0009ee848f8ab9317cd') in 0.0053487 seconds
Refreshing native plugins compatible for Editor in 2.10 ms, found 4 plugins.
Preloading 0 native plugins for Editor in 0.00 ms.
Asset Pipeline Refresh (id=901fec06eaf06ee4691757f19cf3a537): Total: 0.023 seconds - Initiated by StopAssetImportingV2(NoUpdateAssetOptions)
Start importing Assets/NoSafeCircle/DoorPrototype/Art/Wizard/Source/PixelLab/feminine-light/selected/walk/east/frame_001.png using Guid(eecb1542390e0e97a12677a8902b3318) (TextureImporter) -> (artifact id: 'c62fcb63e886e0924497f900193a1be9') in 0.0045611 seconds
Refreshing native plugins compatible for Editor in 2.23 ms, found 4 plugins.
Preloading 0 native plugins for Editor in 0.00 ms.
Asset Pipeline Refresh (id=b5a22e03b40585c4f8f76d05dc7609a6): Total: 0.021 seconds - Initiated by StopAssetImportingV2(NoUpdateAssetOptions)
Start importing Assets/NoSafeCircle/DoorPrototype/Art/Wizard/Source/PixelLab/feminine-light/selected/walk/east/frame_001.png using Guid(eecb1542390e0e97a12677a8902b3318) (TextureImporter) -> (artifact id: 'c62fcb63e886e0924497f900193a1be9') in 0.0046069 seconds
Refreshing native plugins compatible for Editor in 2.95 ms, found 4 plugins.
Preloading 0 native plugins for Editor in 0.00 ms.
Asset Pipeline Refresh (id=4e4c46d2683073549a7920b8dd05c575): Total: 0.025 seconds - Initiated by StopAssetImportingV2(NoUpdateAssetOptions)
Start importing Assets/NoSafeCircle/DoorPrototype/Art/Wizard/Source/PixelLab/feminine-light/selected/walk/east/frame_002.png using Guid(6b35729f5df238e5b12c1bea369c29cc) (TextureImporter) -> (artifact id: 'fde348b4309bdbb4ba5bedf24946f0d1') in 0.0054388 seconds
Refreshing native plugins compatible for Editor in 2.50 ms, found 4 plugins.
Preloading 0 native plugins for Editor in 0.00 ms.
Asset Pipeline Refresh (id=9fa2e36f9a080ec4da1b06545faa7200): Total: 0.029 seconds - Initiated by StopAssetImportingV2(NoUpdateAssetOptions)
Start importing Assets/NoSafeCircle/DoorPrototype/Art/Wizard/Source/PixelLab/feminine-light/selected/walk/east/frame_002.png using Guid(6b35729f5df238e5b12c1bea369c29cc) (TextureImporter) -> (artifact id: 'fde348b4309bdbb4ba5bedf24946f0d1') in 0.0043221 seconds
Refreshing native plugins compatible for Editor in 3.26 ms, found 4 plugins.
Preloading 0 native plugins for Editor in 0.00 ms.
Asset Pipeline Refresh (id=a2ccb36240d09754fb7bbfedb63e80b2): Total: 0.025 seconds - Initiated by StopAssetImportingV2(NoUpdateAssetOptions)
Start importing Assets/NoSafeCircle/DoorPrototype/Art/Wizard/Source/PixelLab/feminine-light/selected/walk/east/frame_003.png using Guid(754639718611e7a62c979efb305c5a11) (TextureImporter) -> (artifact id: 'b39df205499d2efd77d655dc22fa132b') in 0.0049634 seconds
Refreshing native plugins compatible for Editor in 3.49 ms, found 4 plugins.
Preloading 0 native plugins for Editor in 0.00 ms.
Asset Pipeline Refresh (id=a784c52c572096e40a4883ac946f19c1): Total: 0.023 seconds - Initiated by StopAssetImportingV2(NoUpdateAssetOptions)
Start importing Assets/NoSafeCircle/DoorPrototype/Art/Wizard/Source/PixelLab/feminine-light/selected/walk/east/frame_003.png using Guid(754639718611e7a62c979efb305c5a11) (TextureImporter) -> (artifact id: 'b39df205499d2efd77d655dc22fa132b') in 0.0047624 seconds
Refreshing native plugins compatible for Editor in 3.06 ms, found 4 plugins.
Preloading 0 native plugins for Editor in 0.00 ms.
Asset Pipeline Refresh (id=4b8df63ba5e4c214bb61ac59f1f27161): Total: 0.029 seconds - Initiated by StopAssetImportingV2(NoUpdateAssetOptions)
Start importing Assets/NoSafeCircle/DoorPrototype/Art/Wizard/Source/PixelLab/feminine-light/selected/walk/east/frame_004.png using Guid(13dc2d8e253e9fae0d02c0e50596d4c3) (TextureImporter) -> (artifact id: 'bda40a4e5f6e76e8bfdd4b55fdc6627e') in 0.0052378 seconds
Refreshing native plugins compatible for Editor in 2.40 ms, found 4 plugins.
Preloading 0 native plugins for Editor in 0.00 ms.
Asset Pipeline Refresh (id=8737fe8056842f04c958b8b6937da317): Total: 0.027 seconds - Initiated by StopAssetImportingV2(NoUpdateAssetOptions)
Start importing Assets/NoSafeCircle/DoorPrototype/Art/Wizard/Source/PixelLab/feminine-light/selected/walk/east/frame_004.png using Guid(13dc2d8e253e9fae0d02c0e50596d4c3) (TextureImporter) -> (artifact id: 'bda40a4e5f6e76e8bfdd4b55fdc6627e') in 0.0046172 seconds
Refreshing native plugins compatible for Editor in 2.18 ms, found 4 plugins.
Preloading 0 native plugins for Editor in 0.00 ms.
Asset Pipeline Refresh (id=161d8d9aec134844bb8d0c908a8c3915): Total: 0.024 seconds - Initiated by StopAssetImportingV2(NoUpdateAssetOptions)
Start importing Assets/NoSafeCircle/DoorPrototype/Art/Wizard/Source/PixelLab/feminine-light/selected/walk/east/frame_005.png using Guid(5ffc0e6d610a53c770f68c70a07ef9b2) (TextureImporter) -> (artifact id: '1d126802f91fb792c33c24f13d1a4a9a') in 0.0063124 seconds
Refreshing native plugins compatible for Editor in 3.37 ms, found 4 plugins.
Preloading 0 native plugins for Editor in 0.00 ms.
Asset Pipeline Refresh (id=0b02472db26810743a7925d55d3d0c76): Total: 0.028 seconds - Initiated by StopAssetImportingV2(NoUpdateAssetOptions)
Start importing Assets/NoSafeCircle/DoorPrototype/Art/Wizard/Source/PixelLab/feminine-light/selected/walk/east/frame_005.png using Guid(5ffc0e6d610a53c770f68c70a07ef9b2) (TextureImporter) -> (artifact id: '1d126802f91fb792c33c24f13d1a4a9a') in 0.0044782 seconds
Refreshing native plugins compatible for Editor in 2.04 ms, found 4 plugins.
Preloading 0 native plugins for Editor in 0.00 ms.
Asset Pipeline Refresh (id=d70bde71c97931040ae8bf8661dafab6): Total: 0.021 seconds - Initiated by StopAssetImportingV2(NoUpdateAssetOptions)
Start importing Assets/NoSafeCircle/DoorPrototype/Art/Wizard/Generated/Wizard_Feminine_White_walk_east.anim using Guid(5256882748978af49933c0816bea7bbf) (NativeFormatImporter) -> (artifact id: 'c1058f72e3d1af775c34c4abce49d256') in 0.0026387 seconds
Refreshing native plugins compatible for Editor in 3.63 ms, found 4 plugins.
Preloading 0 native plugins for Editor in 0.00 ms.
Asset Pipeline Refresh (id=d7af1e106fb316241b5fac98f2da3c8a): Total: 0.024 seconds - Initiated by StopAssetImportingV2(NoUpdateAssetOptions)
Start importing Assets/NoSafeCircle/DoorPrototype/Art/Wizard/Source/PixelLab/feminine-light/selected/standing/south-east.png using Guid(1fb2dac316457be4bada3f5a5606f7df) (TextureImporter) -> (artifact id: '80e18e1cbc3415aefe5362a168679a27') in 0.0074008 seconds
Refreshing native plugins compatible for Editor in 2.22 ms, found 4 plugins.
Preloading 0 native plugins for Editor in 0.00 ms.
Asset Pipeline Refresh (id=36d3a68cf4058b640b95ad00edfc0e94): Total: 0.030 seconds - Initiated by StopAssetImportingV2(NoUpdateAssetOptions)
Start importing Assets/NoSafeCircle/DoorPrototype/Art/Wizard/Source/PixelLab/feminine-light/selected/standing/south-east.png using Guid(1fb2dac316457be4bada3f5a5606f7df) (TextureImporter) -> (artifact id: '80e18e1cbc3415aefe5362a168679a27') in 0.0056328 seconds
Refreshing native plugins compatible for Editor in 2.49 ms, found 4 plugins.
Preloading 0 native plugins for Editor in 0.00 ms.
Asset Pipeline Refresh (id=aadb399c1f2b8c4419a3924d75b1d8bd): Total: 0.028 seconds - Initiated by StopAssetImportingV2(NoUpdateAssetOptions)
Start importing Assets/NoSafeCircle/DoorPrototype/Art/Wizard/Generated/Wizard_Feminine_White_idle_south-east.anim using Guid(bbda5a9de6368bb45a82e03ca9d6d1db) (NativeFormatImporter) -> (artifact id: 'c573a7bc336f5f1c25fc0192f6db25a9') in 0.0031427 seconds
Refreshing native plugins compatible for Editor in 2.06 ms, found 4 plugins.
Preloading 0 native plugins for Editor in 0.00 ms.
Asset Pipeline Refresh (id=c0612fa708909f44189edcd5dc99cbfe): Total: 0.020 seconds - Initiated by StopAssetImportingV2(NoUpdateAssetOptions)
Start importing Assets/NoSafeCircle/DoorPrototype/Art/Wizard/Source/PixelLab/feminine-light/selected/walk/south-east/frame_000.png using Guid(976a04156ad0de54d8d7002c8f52312b) (TextureImporter) -> (artifact id: '5d693dfef4c81979ad85a24d42f5ec3b') in 0.0044568 seconds
Refreshing native plugins compatible for Editor in 2.27 ms, found 4 plugins.
Preloading 0 native plugins for Editor in 0.00 ms.
Asset Pipeline Refresh (id=78c2b7d89c3490f4b96dda15295be541): Total: 0.026 seconds - Initiated by StopAssetImportingV2(NoUpdateAssetOptions)
Start importing Assets/NoSafeCircle/DoorPrototype/Art/Wizard/Source/PixelLab/feminine-light/selected/walk/south-east/frame_000.png using Guid(976a04156ad0de54d8d7002c8f52312b) (TextureImporter) -> (artifact id: '5d693dfef4c81979ad85a24d42f5ec3b') in 0.005236 seconds
Refreshing native plugins compatible for Editor in 3.80 ms, found 4 plugins.
Preloading 0 native plugins for Editor in 0.00 ms.
Asset Pipeline Refresh (id=e530ae524b9c1184591f12d002530d7f): Total: 0.028 seconds - Initiated by StopAssetImportingV2(NoUpdateAssetOptions)
Start importing Assets/NoSafeCircle/DoorPrototype/Art/Wizard/Source/PixelLab/feminine-light/selected/walk/south-east/frame_001.png using Guid(36a12f4dfea3eda4ea0aa0ccfc4aecdd) (TextureImporter) -> (artifact id: '1e578f946117151b735e93725a1a61b5') in 0.0045049 seconds
Refreshing native plugins compatible for Editor in 3.71 ms, found 4 plugins.
Preloading 0 native plugins for Editor in 0.00 ms.
Asset Pipeline Refresh (id=b91509f82655f604ba30da3c4309723b): Total: 0.025 seconds - Initiated by StopAssetImportingV2(NoUpdateAssetOptions)
Start importing Assets/NoSafeCircle/DoorPrototype/Art/Wizard/Source/PixelLab/feminine-light/selected/walk/south-east/frame_001.png using Guid(36a12f4dfea3eda4ea0aa0ccfc4aecdd) (TextureImporter) -> (artifact id: '1e578f946117151b735e93725a1a61b5') in 0.0070083 seconds
Refreshing native plugins compatible for Editor in 3.72 ms, found 4 plugins.
Preloading 0 native plugins for Editor in 0.00 ms.
Asset Pipeline Refresh (id=527d6464d1d467f42ac19b2ff5db7286): Total: 0.028 seconds - Initiated by StopAssetImportingV2(NoUpdateAssetOptions)
Start importing Assets/NoSafeCircle/DoorPrototype/Art/Wizard/Source/PixelLab/feminine-light/selected/walk/south-east/frame_002.png using Guid(d5c9bb0fcd2881643ad42d6490cdbb2f) (TextureImporter) -> (artifact id: 'b0779ed1c55f58cbe2bd52efd2a0aafa') in 0.0053224 seconds
Refreshing native plugins compatible for Editor in 2.89 ms, found 4 plugins.
Preloading 0 native plugins for Editor in 0.00 ms.
Asset Pipeline Refresh (id=a68a4edc06a00f0479b1dc5a1dbb2526): Total: 0.029 seconds - Initiated by StopAssetImportingV2(NoUpdateAssetOptions)
Start importing Assets/NoSafeCircle/DoorPrototype/Art/Wizard/Source/PixelLab/feminine-light/selected/walk/south-east/frame_002.png using Guid(d5c9bb0fcd2881643ad42d6490cdbb2f) (TextureImporter) -> (artifact id: 'b0779ed1c55f58cbe2bd52efd2a0aafa') in 0.0052832 seconds
Refreshing native plugins compatible for Editor in 2.34 ms, found 4 plugins.
Preloading 0 native plugins for Editor in 0.00 ms.
Asset Pipeline Refresh (id=c5af6f7df54fc1e49a98f7e23b5c5111): Total: 0.024 seconds - Initiated by StopAssetImportingV2(NoUpdateAssetOptions)
Start importing Assets/NoSafeCircle/DoorPrototype/Art/Wizard/Source/PixelLab/feminine-light/selected/walk/south-east/frame_003.png using Guid(7735190ab7b7ad24f9f00fdcda06ce21) (TextureImporter) -> (artifact id: 'fa30300d397ef25557d7b0b67ec468a6') in 0.005213 seconds
Refreshing native plugins compatible for Editor in 3.81 ms, found 4 plugins.
Preloading 0 native plugins for Editor in 0.00 ms.
Asset Pipeline Refresh (id=c683d9e6af3350a40aefa81998a95b93): Total: 0.026 seconds - Initiated by StopAssetImportingV2(NoUpdateAssetOptions)
Start importing Assets/NoSafeCircle/DoorPrototype/Art/Wizard/Source/PixelLab/feminine-light/selected/walk/south-east/frame_003.png using Guid(7735190ab7b7ad24f9f00fdcda06ce21) (TextureImporter) -> (artifact id: 'fa30300d397ef25557d7b0b67ec468a6') in 0.0062326 seconds
Refreshing native plugins compatible for Editor in 2.71 ms, found 4 plugins.
Preloading 0 native plugins for Editor in 0.00 ms.
Asset Pipeline Refresh (id=d49678255395f7e438cacfd1f0f58463): Total: 0.025 seconds - Initiated by StopAssetImportingV2(NoUpdateAssetOptions)
Start importing Assets/NoSafeCircle/DoorPrototype/Art/Wizard/Source/PixelLab/feminine-light/selected/walk/south-east/frame_004.png using Guid(0ebf9a95e19be54498ed3f815cf1bce4) (TextureImporter) -> (artifact id: 'bf9f62394ea26582689b0783cacb19e1') in 0.0066633 seconds
Refreshing native plugins compatible for Editor in 2.50 ms, found 4 plugins.
Preloading 0 native plugins for Editor in 0.00 ms.
Asset Pipeline Refresh (id=1ec4a37058c43d94a95ccca62c255d0d): Total: 0.027 seconds - Initiated by StopAssetImportingV2(NoUpdateAssetOptions)
Start importing Assets/NoSafeCircle/DoorPrototype/Art/Wizard/Source/PixelLab/feminine-light/selected/walk/south-east/frame_004.png using Guid(0ebf9a95e19be54498ed3f815cf1bce4) (TextureImporter) -> (artifact id: 'bf9f62394ea26582689b0783cacb19e1') in 0.0044359 seconds
Refreshing native plugins compatible for Editor in 2.47 ms, found 4 plugins.
Preloading 0 native plugins for Editor in 0.00 ms.
Asset Pipeline Refresh (id=f59861f1e74a89b4387eba5df0d369cd): Total: 0.028 seconds - Initiated by StopAssetImportingV2(NoUpdateAssetOptions)
Start importing Assets/NoSafeCircle/DoorPrototype/Art/Wizard/Source/PixelLab/feminine-light/selected/walk/south-east/frame_005.png using Guid(28e4eaa2bf37ba54aafb34db68d6e60a) (TextureImporter) -> (artifact id: '068fc989317579e077e68a26fa7737e5') in 0.0052538 seconds
Refreshing native plugins compatible for Editor in 2.23 ms, found 4 plugins.
Preloading 0 native plugins for Editor in 0.00 ms.
Asset Pipeline Refresh (id=62d1a580f22eeb5428723ab887903f39): Total: 0.025 seconds - Initiated by StopAssetImportingV2(NoUpdateAssetOptions)
Start importing Assets/NoSafeCircle/DoorPrototype/Art/Wizard/Source/PixelLab/feminine-light/selected/walk/south-east/frame_005.png using Guid(28e4eaa2bf37ba54aafb34db68d6e60a) (TextureImporter) -> (artifact id: '068fc989317579e077e68a26fa7737e5') in 0.0041219 seconds
Refreshing native plugins compatible for Editor in 3.44 ms, found 4 plugins.
Preloading 0 native plugins for Editor in 0.00 ms.
Asset Pipeline Refresh (id=1cdf943444a9d5443b5485bdaede9592): Total: 0.025 seconds - Initiated by StopAssetImportingV2(NoUpdateAssetOptions)
Start importing Assets/NoSafeCircle/DoorPrototype/Art/Wizard/Generated/Wizard_Feminine_White_walk_south-east.anim using Guid(f54a6762bb01e2b4694a7bdbb61dd759) (NativeFormatImporter) -> (artifact id: '7c0df26bf41748d78714baf66d4d90a6') in 0.0021966 seconds
Refreshing native plugins compatible for Editor in 2.14 ms, found 4 plugins.
Preloading 0 native plugins for Editor in 0.00 ms.
Asset Pipeline Refresh (id=78965fc3333d2064d9ee4762544dbaef): Total: 0.021 seconds - Initiated by StopAssetImportingV2(NoUpdateAssetOptions)
Start importing Assets/NoSafeCircle/DoorPrototype/Art/Wizard/Source/PixelLab/feminine-light/selected/standing/south.png using Guid(910f6f5068b180b4d8ff24012fa1b10e) (TextureImporter) -> (artifact id: '7baebb4b1f364d7c80b0f04c338f02ed') in 0.0062309 seconds
Refreshing native plugins compatible for Editor in 3.87 ms, found 4 plugins.
Preloading 0 native plugins for Editor in 0.00 ms.
Asset Pipeline Refresh (id=ead8df43b2623134eb0e5921a46ef6a8): Total: 0.031 seconds - Initiated by StopAssetImportingV2(NoUpdateAssetOptions)
Start importing Assets/NoSafeCircle/DoorPrototype/Art/Wizard/Source/PixelLab/feminine-light/selected/standing/south.png using Guid(910f6f5068b180b4d8ff24012fa1b10e) (TextureImporter) -> (artifact id: '7baebb4b1f364d7c80b0f04c338f02ed') in 0.0058642 seconds
Refreshing native plugins compatible for Editor in 4.20 ms, found 4 plugins.
Preloading 0 native plugins for Editor in 0.00 ms.
Asset Pipeline Refresh (id=34e41e08fbcc1314ab3f7eea76ef8421): Total: 0.028 seconds - Initiated by StopAssetImportingV2(NoUpdateAssetOptions)
Start importing Assets/NoSafeCircle/DoorPrototype/Art/Wizard/Generated/Wizard_Feminine_White_idle_south.anim using Guid(0ac68c20cc00783419e1458e5ce7f6fc) (NativeFormatImporter) -> (artifact id: 'db8606ffbe9d8a41a3fbc5b517ae5ac1') in 0.0027518 seconds
Refreshing native plugins compatible for Editor in 3.58 ms, found 4 plugins.
Preloading 0 native plugins for Editor in 0.00 ms.
Asset Pipeline Refresh (id=21de4143bdfce4543878a19544d5d9ff): Total: 0.029 seconds - Initiated by StopAssetImportingV2(NoUpdateAssetOptions)
Start importing Assets/NoSafeCircle/DoorPrototype/Art/Wizard/Source/PixelLab/feminine-light/selected/walk/south/frame_000.png using Guid(098223b733d01b7ec5d1b41bd1e74578) (TextureImporter) -> (artifact id: 'f351ef636b08fd2cc9d2a2925e78802e') in 0.0054228 seconds
Refreshing native plugins compatible for Editor in 2.41 ms, found 4 plugins.
Preloading 0 native plugins for Editor in 0.00 ms.
Asset Pipeline Refresh (id=71479c6f7e2cf19459b6a56fec446d9c): Total: 0.026 seconds - Initiated by StopAssetImportingV2(NoUpdateAssetOptions)
Start importing Assets/NoSafeCircle/DoorPrototype/Art/Wizard/Source/PixelLab/feminine-light/selected/walk/south/frame_000.png using Guid(098223b733d01b7ec5d1b41bd1e74578) (TextureImporter) -> (artifact id: 'f351ef636b08fd2cc9d2a2925e78802e') in 0.0042106 seconds
Refreshing native plugins compatible for Editor in 2.57 ms, found 4 plugins.
Preloading 0 native plugins for Editor in 0.00 ms.
Asset Pipeline Refresh (id=e528973ac5c98e14abeb864c864a5b08): Total: 0.024 seconds - Initiated by StopAssetImportingV2(NoUpdateAssetOptions)
Start importing Assets/NoSafeCircle/DoorPrototype/Art/Wizard/Source/PixelLab/feminine-light/selected/walk/south/frame_001.png using Guid(ff3ed084d9da877b58b01ba834ae97ce) (TextureImporter) -> (artifact id: 'feea113b1b23d65cad0c8ee55da3a966') in 0.0048757 seconds
Refreshing native plugins compatible for Editor in 3.68 ms, found 4 plugins.
Preloading 0 native plugins for Editor in 0.00 ms.
Asset Pipeline Refresh (id=bd8554186898b0c459426badb4dcabf4): Total: 0.026 seconds - Initiated by StopAssetImportingV2(NoUpdateAssetOptions)
Start importing Assets/NoSafeCircle/DoorPrototype/Art/Wizard/Source/PixelLab/feminine-light/selected/walk/south/frame_001.png using Guid(ff3ed084d9da877b58b01ba834ae97ce) (TextureImporter) -> (artifact id: 'feea113b1b23d65cad0c8ee55da3a966') in 0.0045609 seconds
Refreshing native plugins compatible for Editor in 3.76 ms, found 4 plugins.
Preloading 0 native plugins for Editor in 0.00 ms.
Asset Pipeline Refresh (id=af7e558694305f84eada6ae32503da52): Total: 0.026 seconds - Initiated by StopAssetImportingV2(NoUpdateAssetOptions)
Start importing Assets/NoSafeCircle/DoorPrototype/Art/Wizard/Source/PixelLab/feminine-light/selected/walk/south/frame_002.png using Guid(ce65773fea7b972fb2b2d7cec9bfc64a) (TextureImporter) -> (artifact id: '2ee277e21a2815fc861c13327f043188') in 0.0062717 seconds
Refreshing native plugins compatible for Editor in 2.47 ms, found 4 plugins.
Preloading 0 native plugins for Editor in 0.00 ms.
Asset Pipeline Refresh (id=52fc47a414ddf4d4184e1c064bbea640): Total: 0.026 seconds - Initiated by StopAssetImportingV2(NoUpdateAssetOptions)
Start importing Assets/NoSafeCircle/DoorPrototype/Art/Wizard/Source/PixelLab/feminine-light/selected/walk/south/frame_002.png using Guid(ce65773fea7b972fb2b2d7cec9bfc64a) (TextureImporter) -> (artifact id: '2ee277e21a2815fc861c13327f043188') in 0.0060395 seconds
Refreshing native plugins compatible for Editor in 2.25 ms, found 4 plugins.
Preloading 0 native plugins for Editor in 0.00 ms.
Asset Pipeline Refresh (id=321c08886ea07914a88427519e9823d7): Total: 0.026 seconds - Initiated by StopAssetImportingV2(NoUpdateAssetOptions)
Start importing Assets/NoSafeCircle/DoorPrototype/Art/Wizard/Source/PixelLab/feminine-light/selected/walk/south/frame_003.png using Guid(40028884d90fcca5f8c7e3c3da0a2eb1) (TextureImporter) -> (artifact id: '983d5a202b000bd775711f1909672868') in 0.0050823 seconds
Refreshing native plugins compatible for Editor in 2.73 ms, found 4 plugins.
Preloading 0 native plugins for Editor in 0.00 ms.
Asset Pipeline Refresh (id=545623b9cda50b844a542dd2a94791b5): Total: 0.023 seconds - Initiated by StopAssetImportingV2(NoUpdateAssetOptions)
Start importing Assets/NoSafeCircle/DoorPrototype/Art/Wizard/Source/PixelLab/feminine-light/selected/walk/south/frame_003.png using Guid(40028884d90fcca5f8c7e3c3da0a2eb1) (TextureImporter) -> (artifact id: '983d5a202b000bd775711f1909672868') in 0.004075 seconds
Refreshing native plugins compatible for Editor in 3.58 ms, found 4 plugins.
Preloading 0 native plugins for Editor in 0.00 ms.
Asset Pipeline Refresh (id=892628af67ddf5449a6a374d5f8fecc6): Total: 0.022 seconds - Initiated by StopAssetImportingV2(NoUpdateAssetOptions)
Start importing Assets/NoSafeCircle/DoorPrototype/Art/Wizard/Source/PixelLab/feminine-light/selected/walk/south/frame_004.png using Guid(fb5d15fc5481b6d083f8c0a022de423e) (TextureImporter) -> (artifact id: 'f4e026776c396a6a9d80f3d5d2af9c6b') in 0.006136 seconds
Refreshing native plugins compatible for Editor in 3.32 ms, found 4 plugins.
Preloading 0 native plugins for Editor in 0.00 ms.
Asset Pipeline Refresh (id=473e33831ff90384abea16e6834035c2): Total: 0.026 seconds - Initiated by StopAssetImportingV2(NoUpdateAssetOptions)
Start importing Assets/NoSafeCircle/DoorPrototype/Art/Wizard/Source/PixelLab/feminine-light/selected/walk/south/frame_004.png using Guid(fb5d15fc5481b6d083f8c0a022de423e) (TextureImporter) -> (artifact id: 'f4e026776c396a6a9d80f3d5d2af9c6b') in 0.0044113 seconds
Refreshing native plugins compatible for Editor in 2.42 ms, found 4 plugins.
Preloading 0 native plugins for Editor in 0.00 ms.
Asset Pipeline Refresh (id=ca5e05a683b326d40b576256e63467f0): Total: 0.025 seconds - Initiated by StopAssetImportingV2(NoUpdateAssetOptions)
Start importing Assets/NoSafeCircle/DoorPrototype/Art/Wizard/Source/PixelLab/feminine-light/selected/walk/south/frame_005.png using Guid(35bb6ad1765b89ea385d354345652a0b) (TextureImporter) -> (artifact id: '3410004b711c8d93775183b8de1a453f') in 0.0045503 seconds
Refreshing native plugins compatible for Editor in 2.15 ms, found 4 plugins.
Preloading 0 native plugins for Editor in 0.00 ms.
Asset Pipeline Refresh (id=7a9d0df205a02344fa6a644c80cd7991): Total: 0.024 seconds - Initiated by StopAssetImportingV2(NoUpdateAssetOptions)
Start importing Assets/NoSafeCircle/DoorPrototype/Art/Wizard/Source/PixelLab/feminine-light/selected/walk/south/frame_005.png using Guid(35bb6ad1765b89ea385d354345652a0b) (TextureImporter) -> (artifact id: '3410004b711c8d93775183b8de1a453f') in 0.0041774 seconds
Refreshing native plugins compatible for Editor in 2.15 ms, found 4 plugins.
Preloading 0 native plugins for Editor in 0.00 ms.
Asset Pipeline Refresh (id=ca05d0b1f92f424408a42e7b11c03ce8): Total: 0.021 seconds - Initiated by StopAssetImportingV2(NoUpdateAssetOptions)
Start importing Assets/NoSafeCircle/DoorPrototype/Art/Wizard/Generated/Wizard_Feminine_White_walk_south.anim using Guid(fc7c6813f2493914695d19e37ce4b9f8) (NativeFormatImporter) -> (artifact id: 'b2ea601abba70169c85bd135dc3409c3') in 0.0021985 seconds
Refreshing native plugins compatible for Editor in 3.11 ms, found 4 plugins.
Preloading 0 native plugins for Editor in 0.00 ms.
Asset Pipeline Refresh (id=32b28f1dcfdf7dd449a0848462bc22a9): Total: 0.022 seconds - Initiated by StopAssetImportingV2(NoUpdateAssetOptions)
Start importing Assets/NoSafeCircle/DoorPrototype/Art/Wizard/Source/PixelLab/feminine-light/selected/standing/south-west.png using Guid(69675d2f21dcbf0408dc56b39566ad44) (TextureImporter) -> (artifact id: 'f5a27cd1e8f0e484b4b02d22cff5531b') in 0.0076788 seconds
Refreshing native plugins compatible for Editor in 3.24 ms, found 4 plugins.
Preloading 0 native plugins for Editor in 0.00 ms.
Asset Pipeline Refresh (id=f2e64f808b019be418fddbc9b4cc256b): Total: 0.035 seconds - Initiated by StopAssetImportingV2(NoUpdateAssetOptions)
Start importing Assets/NoSafeCircle/DoorPrototype/Art/Wizard/Source/PixelLab/feminine-light/selected/standing/south-west.png using Guid(69675d2f21dcbf0408dc56b39566ad44) (TextureImporter) -> (artifact id: 'f5a27cd1e8f0e484b4b02d22cff5531b') in 0.006301 seconds
Refreshing native plugins compatible for Editor in 3.45 ms, found 4 plugins.
Preloading 0 native plugins for Editor in 0.00 ms.
Asset Pipeline Refresh (id=665a05d00adf85145a1d59b9b9200a69): Total: 0.031 seconds - Initiated by StopAssetImportingV2(NoUpdateAssetOptions)
Start importing Assets/NoSafeCircle/DoorPrototype/Art/Wizard/Generated/Wizard_Feminine_White_idle_south-west.anim using Guid(fa2edab4ad57a644397eccafb9507c05) (NativeFormatImporter) -> (artifact id: '54c2a60dca40b2e8462530143cd8351d') in 0.0018624 seconds
Refreshing native plugins compatible for Editor in 3.24 ms, found 4 plugins.
Preloading 0 native plugins for Editor in 0.00 ms.
Asset Pipeline Refresh (id=d6830ff7aa3b7d6499d12156a2157eaa): Total: 0.019 seconds - Initiated by StopAssetImportingV2(NoUpdateAssetOptions)
Start importing Assets/NoSafeCircle/DoorPrototype/Art/Wizard/Source/PixelLab/feminine-light/selected/walk/south-west/frame_000.png using Guid(7051eb9ef52226946989500d6c536ec0) (TextureImporter) -> (artifact id: 'c642b226bc190e0373041942b3e375e5') in 0.0051359 seconds
Refreshing native plugins compatible for Editor in 2.63 ms, found 4 plugins.
Preloading 0 native plugins for Editor in 0.00 ms.
Asset Pipeline Refresh (id=e5d6833703a567640b062de3a1408d61): Total: 0.024 seconds - Initiated by StopAssetImportingV2(NoUpdateAssetOptions)
Start importing Assets/NoSafeCircle/DoorPrototype/Art/Wizard/Source/PixelLab/feminine-light/selected/walk/south-west/frame_000.png using Guid(7051eb9ef52226946989500d6c536ec0) (TextureImporter) -> (artifact id: 'c642b226bc190e0373041942b3e375e5') in 0.0038044 seconds
Refreshing native plugins compatible for Editor in 2.09 ms, found 4 plugins.
Preloading 0 native plugins for Editor in 0.00 ms.
Asset Pipeline Refresh (id=69b5ffad7e7cffc41bba89d49e46806e): Total: 0.021 seconds - Initiated by StopAssetImportingV2(NoUpdateAssetOptions)
Start importing Assets/NoSafeCircle/DoorPrototype/Art/Wizard/Source/PixelLab/feminine-light/selected/walk/south-west/frame_001.png using Guid(829350b9940d51b4280d34867812cbcf) (TextureImporter) -> (artifact id: '263b0a961fe0a7e5428d7fbbd059c931') in 0.0051759 seconds
Refreshing native plugins compatible for Editor in 3.34 ms, found 4 plugins.
Preloading 0 native plugins for Editor in 0.00 ms.
Asset Pipeline Refresh (id=9598c07b9c0ff4b429a322f22421ea20): Total: 0.026 seconds - Initiated by StopAssetImportingV2(NoUpdateAssetOptions)
Start importing Assets/NoSafeCircle/DoorPrototype/Art/Wizard/Source/PixelLab/feminine-light/selected/walk/south-west/frame_001.png using Guid(829350b9940d51b4280d34867812cbcf) (TextureImporter) -> (artifact id: '263b0a961fe0a7e5428d7fbbd059c931') in 0.0055395 seconds
Refreshing native plugins compatible for Editor in 2.15 ms, found 4 plugins.
Preloading 0 native plugins for Editor in 0.00 ms.
Asset Pipeline Refresh (id=8b0a9e464f1977d41a84db4dccf2bc88): Total: 0.024 seconds - Initiated by StopAssetImportingV2(NoUpdateAssetOptions)
Start importing Assets/NoSafeCircle/DoorPrototype/Art/Wizard/Source/PixelLab/feminine-light/selected/walk/south-west/frame_002.png using Guid(5fd7ed3bb4dd132498ee0c1e910f20d4) (TextureImporter) -> (artifact id: 'adf51a5ddee22e509ec0ac12ef7bc45b') in 0.0057907 seconds
Refreshing native plugins compatible for Editor in 2.46 ms, found 4 plugins.
Preloading 0 native plugins for Editor in 0.00 ms.
Asset Pipeline Refresh (id=9612f7b7d3192104b84bfbcab1bb52c2): Total: 0.026 seconds - Initiated by StopAssetImportingV2(NoUpdateAssetOptions)
Start importing Assets/NoSafeCircle/DoorPrototype/Art/Wizard/Source/PixelLab/feminine-light/selected/walk/south-west/frame_002.png using Guid(5fd7ed3bb4dd132498ee0c1e910f20d4) (TextureImporter) -> (artifact id: 'adf51a5ddee22e509ec0ac12ef7bc45b') in 0.0041191 seconds
Refreshing native plugins compatible for Editor in 3.10 ms, found 4 plugins.
Preloading 0 native plugins for Editor in 0.00 ms.
Asset Pipeline Refresh (id=f07b6d7a019dbd94baa3803d7a6fea18): Total: 0.022 seconds - Initiated by StopAssetImportingV2(NoUpdateAssetOptions)
Start importing Assets/NoSafeCircle/DoorPrototype/Art/Wizard/Source/PixelLab/feminine-light/selected/walk/south-west/frame_003.png using Guid(9b58399de27eb7e4ca2835b6ee0ab351) (TextureImporter) -> (artifact id: '140266b4970062238b7fb2540eccf883') in 0.0053337 seconds
Refreshing native plugins compatible for Editor in 2.39 ms, found 4 plugins.
Preloading 0 native plugins for Editor in 0.00 ms.
Asset Pipeline Refresh (id=875dc6b5abac1cb47af22536a8f9bc50): Total: 0.025 seconds - Initiated by StopAssetImportingV2(NoUpdateAssetOptions)
Start importing Assets/NoSafeCircle/DoorPrototype/Art/Wizard/Source/PixelLab/feminine-light/selected/walk/south-west/frame_003.png using Guid(9b58399de27eb7e4ca2835b6ee0ab351) (TextureImporter) -> (artifact id: '140266b4970062238b7fb2540eccf883') in 0.0041776 seconds
Refreshing native plugins compatible for Editor in 2.33 ms, found 4 plugins.
Preloading 0 native plugins for Editor in 0.00 ms.
Asset Pipeline Refresh (id=60af741842bc3a9409b07ec039f30512): Total: 0.022 seconds - Initiated by StopAssetImportingV2(NoUpdateAssetOptions)
Start importing Assets/NoSafeCircle/DoorPrototype/Art/Wizard/Source/PixelLab/feminine-light/selected/walk/south-west/frame_004.png using Guid(ed5cea1de1090394aaf67a645de66f29) (TextureImporter) -> (artifact id: 'f1d0879e8ab9c0a76e4c8bc45f132ea0') in 0.0046984 seconds
Refreshing native plugins compatible for Editor in 3.72 ms, found 4 plugins.
Preloading 0 native plugins for Editor in 0.00 ms.
Asset Pipeline Refresh (id=249ba6706235bea4d8d340162b86bcf8): Total: 0.025 seconds - Initiated by StopAssetImportingV2(NoUpdateAssetOptions)
Start importing Assets/NoSafeCircle/DoorPrototype/Art/Wizard/Source/PixelLab/feminine-light/selected/walk/south-west/frame_004.png using Guid(ed5cea1de1090394aaf67a645de66f29) (TextureImporter) -> (artifact id: 'f1d0879e8ab9c0a76e4c8bc45f132ea0') in 0.0046207 seconds
Refreshing native plugins compatible for Editor in 2.17 ms, found 4 plugins.
Preloading 0 native plugins for Editor in 0.00 ms.
Asset Pipeline Refresh (id=2137c2d8c45c46e4bac69b61785ec799): Total: 0.028 seconds - Initiated by StopAssetImportingV2(NoUpdateAssetOptions)
Start importing Assets/NoSafeCircle/DoorPrototype/Art/Wizard/Source/PixelLab/feminine-light/selected/walk/south-west/frame_005.png using Guid(512b6e4e52dd7ff458348443ea8ea2ad) (TextureImporter) -> (artifact id: 'a9ed636b8159606b9ef991cc0fc1a4fc') in 0.005091 seconds
Refreshing native plugins compatible for Editor in 2.17 ms, found 4 plugins.
Preloading 0 native plugins for Editor in 0.00 ms.
Asset Pipeline Refresh (id=f530e910f6f6a3848b3cb0081518ed42): Total: 0.022 seconds - Initiated by StopAssetImportingV2(NoUpdateAssetOptions)
Start importing Assets/NoSafeCircle/DoorPrototype/Art/Wizard/Source/PixelLab/feminine-light/selected/walk/south-west/frame_005.png using Guid(512b6e4e52dd7ff458348443ea8ea2ad) (TextureImporter) -> (artifact id: 'a9ed636b8159606b9ef991cc0fc1a4fc') in 0.0040901 seconds
Refreshing native plugins compatible for Editor in 2.01 ms, found 4 plugins.
Preloading 0 native plugins for Editor in 0.00 ms.
Asset Pipeline Refresh (id=6dfe5833b9fea364f9840692a3457c4c): Total: 0.021 seconds - Initiated by StopAssetImportingV2(NoUpdateAssetOptions)
Start importing Assets/NoSafeCircle/DoorPrototype/Art/Wizard/Generated/Wizard_Feminine_White_walk_south-west.anim using Guid(ce4f2cf7f6f25e9418c755199a0badd5) (NativeFormatImporter) -> (artifact id: '1a2d36f9ae9d278bd3531c3699f82b44') in 0.0028469 seconds
Refreshing native plugins compatible for Editor in 3.48 ms, found 4 plugins.
Preloading 0 native plugins for Editor in 0.00 ms.
Asset Pipeline Refresh (id=b2df60224428da845903b09e56ec66e1): Total: 0.024 seconds - Initiated by StopAssetImportingV2(NoUpdateAssetOptions)
Start importing Assets/NoSafeCircle/DoorPrototype/Art/Wizard/Source/PixelLab/feminine-light/selected/standing/west.png using Guid(d3e076e1e7bf71646827412177215b56) (TextureImporter) -> (artifact id: 'ae6fb8b685348deb580dda82a386ea5a') in 0.005184 seconds
Refreshing native plugins compatible for Editor in 3.45 ms, found 4 plugins.
Preloading 0 native plugins for Editor in 0.00 ms.
Asset Pipeline Refresh (id=87247b05387696e4b8f1ca6b888298ee): Total: 0.029 seconds - Initiated by StopAssetImportingV2(NoUpdateAssetOptions)
Start importing Assets/NoSafeCircle/DoorPrototype/Art/Wizard/Source/PixelLab/feminine-light/selected/standing/west.png using Guid(d3e076e1e7bf71646827412177215b56) (TextureImporter) -> (artifact id: 'ae6fb8b685348deb580dda82a386ea5a') in 0.007652 seconds
Refreshing native plugins compatible for Editor in 2.09 ms, found 4 plugins.
Preloading 0 native plugins for Editor in 0.00 ms.
Asset Pipeline Refresh (id=5e3e0aeb1762e4f42b1a0a9a9cffd9e2): Total: 0.029 seconds - Initiated by StopAssetImportingV2(NoUpdateAssetOptions)
Start importing Assets/NoSafeCircle/DoorPrototype/Art/Wizard/Generated/Wizard_Feminine_White_idle_west.anim using Guid(8e6f13d0786b5f348a17c782398048f1) (NativeFormatImporter) -> (artifact id: 'f5407805b14ae50d3cf3a1f36869360f') in 0.0020575 seconds
Refreshing native plugins compatible for Editor in 2.37 ms, found 4 plugins.
Preloading 0 native plugins for Editor in 0.00 ms.
Asset Pipeline Refresh (id=e2ba9012bb03de942ac91f6bcd96abb8): Total: 0.020 seconds - Initiated by StopAssetImportingV2(NoUpdateAssetOptions)
Start importing Assets/NoSafeCircle/DoorPrototype/Art/Wizard/Source/PixelLab/feminine-light/selected/walk/west/frame_000.png using Guid(7571d66acdceaee0b80636ce62822bdd) (TextureImporter) -> (artifact id: '4d3c5087cc1c85fe9007007cfd17c520') in 0.0048342 seconds
Refreshing native plugins compatible for Editor in 1.90 ms, found 4 plugins.
Preloading 0 native plugins for Editor in 0.00 ms.
Asset Pipeline Refresh (id=187edf73b244e3b4598351e15aba723b): Total: 0.022 seconds - Initiated by StopAssetImportingV2(NoUpdateAssetOptions)
Start importing Assets/NoSafeCircle/DoorPrototype/Art/Wizard/Source/PixelLab/feminine-light/selected/walk/west/frame_000.png using Guid(7571d66acdceaee0b80636ce62822bdd) (TextureImporter) -> (artifact id: '4d3c5087cc1c85fe9007007cfd17c520') in 0.0040381 seconds
Refreshing native plugins compatible for Editor in 2.35 ms, found 4 plugins.
Preloading 0 native plugins for Editor in 0.00 ms.
Asset Pipeline Refresh (id=fc89574e96ca0504e8167e7d131e951c): Total: 0.024 seconds - Initiated by StopAssetImportingV2(NoUpdateAssetOptions)
Start importing Assets/NoSafeCircle/DoorPrototype/Art/Wizard/Source/PixelLab/feminine-light/selected/walk/west/frame_001.png using Guid(a88c0d3537007ca6094475cade0c7b6b) (TextureImporter) -> (artifact id: '54081266a63c03c004f213eccdc4ddb8') in 0.0045672 seconds
Refreshing native plugins compatible for Editor in 3.29 ms, found 4 plugins.
Preloading 0 native plugins for Editor in 0.00 ms.
Asset Pipeline Refresh (id=3dc97612fe12ad94eadbae75b15b8861): Total: 0.024 seconds - Initiated by StopAssetImportingV2(NoUpdateAssetOptions)
Start importing Assets/NoSafeCircle/DoorPrototype/Art/Wizard/Source/PixelLab/feminine-light/selected/walk/west/frame_001.png using Guid(a88c0d3537007ca6094475cade0c7b6b) (TextureImporter) -> (artifact id: '54081266a63c03c004f213eccdc4ddb8') in 0.0042557 seconds
Refreshing native plugins compatible for Editor in 1.96 ms, found 4 plugins.
Preloading 0 native plugins for Editor in 0.00 ms.
Asset Pipeline Refresh (id=b8a471d9e009ce74fbb2e7b986b00bcc): Total: 0.021 seconds - Initiated by StopAssetImportingV2(NoUpdateAssetOptions)
Start importing Assets/NoSafeCircle/DoorPrototype/Art/Wizard/Source/PixelLab/feminine-light/selected/walk/west/frame_002.png using Guid(645d422b88d88415f16c75822081ef2d) (TextureImporter) -> (artifact id: 'e2a5afc4717026f40a90b6bf15ce0b93') in 0.0045286 seconds
Refreshing native plugins compatible for Editor in 2.15 ms, found 4 plugins.
Preloading 0 native plugins for Editor in 0.00 ms.
Asset Pipeline Refresh (id=78030c0a4c0b91646a19077605a25257): Total: 0.021 seconds - Initiated by StopAssetImportingV2(NoUpdateAssetOptions)
Start importing Assets/NoSafeCircle/DoorPrototype/Art/Wizard/Source/PixelLab/feminine-light/selected/walk/west/frame_002.png using Guid(645d422b88d88415f16c75822081ef2d) (TextureImporter) -> (artifact id: 'e2a5afc4717026f40a90b6bf15ce0b93') in 0.0043468 seconds
Refreshing native plugins compatible for Editor in 2.47 ms, found 4 plugins.
Preloading 0 native plugins for Editor in 0.00 ms.
Asset Pipeline Refresh (id=3026338bab2c6d74fac05d8e184aadcd): Total: 0.023 seconds - Initiated by StopAssetImportingV2(NoUpdateAssetOptions)
Start importing Assets/NoSafeCircle/DoorPrototype/Art/Wizard/Source/PixelLab/feminine-light/selected/walk/west/frame_003.png using Guid(150fa2eef9161aad547e1996eb6d5d35) (TextureImporter) -> (artifact id: 'c230aaab8a54e1361cd4e4052a89cae1') in 0.0047559 seconds
Refreshing native plugins compatible for Editor in 2.16 ms, found 4 plugins.
Preloading 0 native plugins for Editor in 0.00 ms.
Asset Pipeline Refresh (id=966391af0291a7d4e98ef0984c70e9e7): Total: 0.025 seconds - Initiated by StopAssetImportingV2(NoUpdateAssetOptions)
Start importing Assets/NoSafeCircle/DoorPrototype/Art/Wizard/Source/PixelLab/feminine-light/selected/walk/west/frame_003.png using Guid(150fa2eef9161aad547e1996eb6d5d35) (TextureImporter) -> (artifact id: 'c230aaab8a54e1361cd4e4052a89cae1') in 0.0049624 seconds
Refreshing native plugins compatible for Editor in 2.25 ms, found 4 plugins.
Preloading 0 native plugins for Editor in 0.00 ms.
Asset Pipeline Refresh (id=1649a7ec752578d49ba465d6bae05b7f): Total: 0.022 seconds - Initiated by StopAssetImportingV2(NoUpdateAssetOptions)
Start importing Assets/NoSafeCircle/DoorPrototype/Art/Wizard/Source/PixelLab/feminine-light/selected/walk/west/frame_004.png using Guid(d7ac587fea5c81057a262992887c3961) (TextureImporter) -> (artifact id: '9965a21ba34fc6dd745bc1bf8e1bdb4a') in 0.004587 seconds
Refreshing native plugins compatible for Editor in 2.21 ms, found 4 plugins.
Preloading 0 native plugins for Editor in 0.00 ms.
Asset Pipeline Refresh (id=ea624dcb649e69946a5104d4fd144e34): Total: 0.023 seconds - Initiated by StopAssetImportingV2(NoUpdateAssetOptions)
Start importing Assets/NoSafeCircle/DoorPrototype/Art/Wizard/Source/PixelLab/feminine-light/selected/walk/west/frame_004.png using Guid(d7ac587fea5c81057a262992887c3961) (TextureImporter) -> (artifact id: '9965a21ba34fc6dd745bc1bf8e1bdb4a') in 0.004096 seconds
Refreshing native plugins compatible for Editor in 3.78 ms, found 4 plugins.
Preloading 0 native plugins for Editor in 0.00 ms.
Asset Pipeline Refresh (id=752f6c68643911c4f9891d79fa358cf0): Total: 0.027 seconds - Initiated by StopAssetImportingV2(NoUpdateAssetOptions)
Start importing Assets/NoSafeCircle/DoorPrototype/Art/Wizard/Source/PixelLab/feminine-light/selected/walk/west/frame_005.png using Guid(1e715a12d09c89ca196de094f426b0c5) (TextureImporter) -> (artifact id: 'f200f291205c40b543e82cba89b78b24') in 0.0051599 seconds
Refreshing native plugins compatible for Editor in 2.29 ms, found 4 plugins.
Preloading 0 native plugins for Editor in 0.00 ms.
Asset Pipeline Refresh (id=5ae3be29fcf7da5468d71ed64e1ec03f): Total: 0.022 seconds - Initiated by StopAssetImportingV2(NoUpdateAssetOptions)
Start importing Assets/NoSafeCircle/DoorPrototype/Art/Wizard/Source/PixelLab/feminine-light/selected/walk/west/frame_005.png using Guid(1e715a12d09c89ca196de094f426b0c5) (TextureImporter) -> (artifact id: 'f200f291205c40b543e82cba89b78b24') in 0.0043 seconds
Refreshing native plugins compatible for Editor in 2.27 ms, found 4 plugins.
Preloading 0 native plugins for Editor in 0.00 ms.
Asset Pipeline Refresh (id=6a911dd5cb339e54aabf31524ff2266c): Total: 0.022 seconds - Initiated by StopAssetImportingV2(NoUpdateAssetOptions)
Start importing Assets/NoSafeCircle/DoorPrototype/Art/Wizard/Generated/Wizard_Feminine_White_walk_west.anim using Guid(f619379b3c32ae44bb2ec1b657a31f99) (NativeFormatImporter) -> (artifact id: 'ffbf888c0ddc06df9bfae99eefdaa6ab') in 0.0025231 seconds
Refreshing native plugins compatible for Editor in 3.24 ms, found 4 plugins.
Preloading 0 native plugins for Editor in 0.00 ms.
Asset Pipeline Refresh (id=f103e8156e989fd43b92e4d8c2f2727d): Total: 0.021 seconds - Initiated by StopAssetImportingV2(NoUpdateAssetOptions)
Start importing Assets/NoSafeCircle/DoorPrototype/Art/Wizard/Source/PixelLab/feminine-light/selected/standing/north-west.png using Guid(d70b4b3e3697fc74a8819908aa834e8e) (TextureImporter) -> (artifact id: 'c6b5da2033b1fbe53d368542f9be588e') in 0.0056894 seconds
Refreshing native plugins compatible for Editor in 2.53 ms, found 4 plugins.
Preloading 0 native plugins for Editor in 0.00 ms.
Asset Pipeline Refresh (id=f3ce77bd190755a40988ef00cb43a600): Total: 0.025 seconds - Initiated by StopAssetImportingV2(NoUpdateAssetOptions)
Start importing Assets/NoSafeCircle/DoorPrototype/Art/Wizard/Source/PixelLab/feminine-light/selected/standing/north-west.png using Guid(d70b4b3e3697fc74a8819908aa834e8e) (TextureImporter) -> (artifact id: 'c6b5da2033b1fbe53d368542f9be588e') in 0.0061689 seconds
Refreshing native plugins compatible for Editor in 2.79 ms, found 4 plugins.
Preloading 0 native plugins for Editor in 0.00 ms.
Asset Pipeline Refresh (id=23e6c72637c00ce45bd16e7bea2d4f25): Total: 0.027 seconds - Initiated by StopAssetImportingV2(NoUpdateAssetOptions)
Start importing Assets/NoSafeCircle/DoorPrototype/Art/Wizard/Generated/Wizard_Feminine_White_idle_north-west.anim using Guid(6c175dc876e9f6c4ca6b4fbdc4e17bb4) (NativeFormatImporter) -> (artifact id: 'b8ca1fedd014ee886cec722a8b1f4aeb') in 0.0022666 seconds
Refreshing native plugins compatible for Editor in 2.29 ms, found 4 plugins.
Preloading 0 native plugins for Editor in 0.00 ms.
Asset Pipeline Refresh (id=589493f57e1d01545b4722fd87e616b7): Total: 0.020 seconds - Initiated by StopAssetImportingV2(NoUpdateAssetOptions)
Start importing Assets/NoSafeCircle/DoorPrototype/Art/Wizard/Source/PixelLab/feminine-light/selected/walk/north-west/frame_000.png using Guid(f10c702eda6b0bc498b63aff8c1462d0) (TextureImporter) -> (artifact id: '048294d447c384c7872ce22d39c02e84') in 0.0042225 seconds
Refreshing native plugins compatible for Editor in 2.34 ms, found 4 plugins.
Preloading 0 native plugins for Editor in 0.00 ms.
Asset Pipeline Refresh (id=1e8216cfb20128040bd7ba2a219582da): Total: 0.021 seconds - Initiated by StopAssetImportingV2(NoUpdateAssetOptions)
Start importing Assets/NoSafeCircle/DoorPrototype/Art/Wizard/Source/PixelLab/feminine-light/selected/walk/north-west/frame_000.png using Guid(f10c702eda6b0bc498b63aff8c1462d0) (TextureImporter) -> (artifact id: '048294d447c384c7872ce22d39c02e84') in 0.0047317 seconds
Refreshing native plugins compatible for Editor in 2.23 ms, found 4 plugins.
Preloading 0 native plugins for Editor in 0.00 ms.
Asset Pipeline Refresh (id=d9da5b274f32ec34c95c58e49d0b97d1): Total: 0.023 seconds - Initiated by StopAssetImportingV2(NoUpdateAssetOptions)
Start importing Assets/NoSafeCircle/DoorPrototype/Art/Wizard/Source/PixelLab/feminine-light/selected/walk/north-west/frame_001.png using Guid(4aa6ec8679abc8b489de0df01a392c37) (TextureImporter) -> (artifact id: '9fc3e124686b8a7cc7fdc45d1f120b96') in 0.0086744 seconds
Refreshing native plugins compatible for Editor in 2.37 ms, found 4 plugins.
Preloading 0 native plugins for Editor in 0.00 ms.
Asset Pipeline Refresh (id=041bf68cd83019e40bf53d1d1e11d658): Total: 0.026 seconds - Initiated by StopAssetImportingV2(NoUpdateAssetOptions)
Start importing Assets/NoSafeCircle/DoorPrototype/Art/Wizard/Source/PixelLab/feminine-light/selected/walk/north-west/frame_001.png using Guid(4aa6ec8679abc8b489de0df01a392c37) (TextureImporter) -> (artifact id: '9fc3e124686b8a7cc7fdc45d1f120b96') in 0.0047768 seconds
Refreshing native plugins compatible for Editor in 2.27 ms, found 4 plugins.
Preloading 0 native plugins for Editor in 0.00 ms.
Asset Pipeline Refresh (id=3de84c757e7b1fa4b9ddcafbd2c9a3a8): Total: 0.023 seconds - Initiated by StopAssetImportingV2(NoUpdateAssetOptions)
Start importing Assets/NoSafeCircle/DoorPrototype/Art/Wizard/Source/PixelLab/feminine-light/selected/walk/north-west/frame_002.png using Guid(080d7d6cd5d36994989d903675132bfa) (TextureImporter) -> (artifact id: '240f0b95fd70970c239ac0a0b982a50b') in 0.0066763 seconds
Refreshing native plugins compatible for Editor in 2.54 ms, found 4 plugins.
Preloading 0 native plugins for Editor in 0.00 ms.
Asset Pipeline Refresh (id=6de7e7ff4c5d5cc4fb3fcd4f6d193a07): Total: 0.027 seconds - Initiated by StopAssetImportingV2(NoUpdateAssetOptions)
Start importing Assets/NoSafeCircle/DoorPrototype/Art/Wizard/Source/PixelLab/feminine-light/selected/walk/north-west/frame_002.png using Guid(080d7d6cd5d36994989d903675132bfa) (TextureImporter) -> (artifact id: '240f0b95fd70970c239ac0a0b982a50b') in 0.0056707 seconds
Refreshing native plugins compatible for Editor in 2.16 ms, found 4 plugins.
Preloading 0 native plugins for Editor in 0.00 ms.
Asset Pipeline Refresh (id=496e1a8727f17f040b9e49770202c128): Total: 0.025 seconds - Initiated by StopAssetImportingV2(NoUpdateAssetOptions)
Start importing Assets/NoSafeCircle/DoorPrototype/Art/Wizard/Source/PixelLab/feminine-light/selected/walk/north-west/frame_003.png using Guid(26a262b8fa2598441b020c71d16ec900) (TextureImporter) -> (artifact id: '9e8082f900e20cb30f15b2a2b32af96c') in 0.0044085 seconds
Refreshing native plugins compatible for Editor in 2.31 ms, found 4 plugins.
Preloading 0 native plugins for Editor in 0.00 ms.
Asset Pipeline Refresh (id=dcbd2e13dfda7284b844d7be32bc0094): Total: 0.022 seconds - Initiated by StopAssetImportingV2(NoUpdateAssetOptions)
Start importing Assets/NoSafeCircle/DoorPrototype/Art/Wizard/Source/PixelLab/feminine-light/selected/walk/north-west/frame_003.png using Guid(26a262b8fa2598441b020c71d16ec900) (TextureImporter) -> (artifact id: '9e8082f900e20cb30f15b2a2b32af96c') in 0.0054063 seconds
Refreshing native plugins compatible for Editor in 3.33 ms, found 4 plugins.
Preloading 0 native plugins for Editor in 0.00 ms.
Asset Pipeline Refresh (id=e1e32c540ed3ef54d9c660ffb7df84a8): Total: 0.024 seconds - Initiated by StopAssetImportingV2(NoUpdateAssetOptions)
Start importing Assets/NoSafeCircle/DoorPrototype/Art/Wizard/Source/PixelLab/feminine-light/selected/walk/north-west/frame_004.png using Guid(70a602b2113bba04ca48403252b86875) (TextureImporter) -> (artifact id: '545ca84f3b5da4cf2a135a23eca927cd') in 0.0049648 seconds
Refreshing native plugins compatible for Editor in 2.31 ms, found 4 plugins.
Preloading 0 native plugins for Editor in 0.00 ms.
Asset Pipeline Refresh (id=a84c1c010356d6342bf58483e65c5b94): Total: 0.023 seconds - Initiated by StopAssetImportingV2(NoUpdateAssetOptions)
Start importing Assets/NoSafeCircle/DoorPrototype/Art/Wizard/Source/PixelLab/feminine-light/selected/walk/north-west/frame_004.png using Guid(70a602b2113bba04ca48403252b86875) (TextureImporter) -> (artifact id: '545ca84f3b5da4cf2a135a23eca927cd') in 0.0041282 seconds
Refreshing native plugins compatible for Editor in 2.13 ms, found 4 plugins.
Preloading 0 native plugins for Editor in 0.00 ms.
Asset Pipeline Refresh (id=09e448ac7e49110479814e18bef97ee6): Total: 0.021 seconds - Initiated by StopAssetImportingV2(NoUpdateAssetOptions)
Start importing Assets/NoSafeCircle/DoorPrototype/Art/Wizard/Source/PixelLab/feminine-light/selected/walk/north-west/frame_005.png using Guid(53bb7d2264c5fc64bafb50637f621a9c) (TextureImporter) -> (artifact id: '98b37cd95b43bd172cb97567c5653be2') in 0.0047605 seconds
Refreshing native plugins compatible for Editor in 2.08 ms, found 4 plugins.
Preloading 0 native plugins for Editor in 0.00 ms.
Asset Pipeline Refresh (id=15677b23f9d6e6c44bff5502e9424c51): Total: 0.021 seconds - Initiated by StopAssetImportingV2(NoUpdateAssetOptions)
Start importing Assets/NoSafeCircle/DoorPrototype/Art/Wizard/Source/PixelLab/feminine-light/selected/walk/north-west/frame_005.png using Guid(53bb7d2264c5fc64bafb50637f621a9c) (TextureImporter) -> (artifact id: '98b37cd95b43bd172cb97567c5653be2') in 0.0051575 seconds
Refreshing native plugins compatible for Editor in 2.12 ms, found 4 plugins.
Preloading 0 native plugins for Editor in 0.00 ms.
Asset Pipeline Refresh (id=4e7396229bf08c741965e80ec17dfccf): Total: 0.022 seconds - Initiated by StopAssetImportingV2(NoUpdateAssetOptions)
Start importing Assets/NoSafeCircle/DoorPrototype/Art/Wizard/Generated/Wizard_Feminine_White_walk_north-west.anim using Guid(1afdb32c71b21e843a556eec21a17728) (NativeFormatImporter) -> (artifact id: '9b69464bd4308c4425cb4c7c911add7b') in 0.0023443 seconds
Refreshing native plugins compatible for Editor in 3.06 ms, found 4 plugins.
Preloading 0 native plugins for Editor in 0.00 ms.
Asset Pipeline Refresh (id=8dc7efe76606fb845a224a85f7b81b4b): Total: 0.023 seconds - Initiated by StopAssetImportingV2(NoUpdateAssetOptions)
Start importing Assets/NoSafeCircle/DoorPrototype/Art/Wizard/Source/PixelLab/feminine-dark/selected/standing/north.png using Guid(2feb146e8a7a73047b887b1ade0e55fa) (TextureImporter) -> (artifact id: '957879f7d4eef227ba1ce5952211fa76') in 0.0041463 seconds
Refreshing native plugins compatible for Editor in 2.38 ms, found 4 plugins.
Preloading 0 native plugins for Editor in 0.00 ms.
Asset Pipeline Refresh (id=9971d97ff52ce9c4b9f9fc96f92d9649): Total: 0.023 seconds - Initiated by StopAssetImportingV2(NoUpdateAssetOptions)
Start importing Assets/NoSafeCircle/DoorPrototype/Art/Wizard/Source/PixelLab/feminine-dark/selected/standing/north.png using Guid(2feb146e8a7a73047b887b1ade0e55fa) (TextureImporter) -> (artifact id: '957879f7d4eef227ba1ce5952211fa76') in 0.004751 seconds
Refreshing native plugins compatible for Editor in 2.12 ms, found 4 plugins.
Preloading 0 native plugins for Editor in 0.00 ms.
Asset Pipeline Refresh (id=a56b1f0dff457ae4985994263a891d84): Total: 0.024 seconds - Initiated by StopAssetImportingV2(NoUpdateAssetOptions)
Start importing Assets/NoSafeCircle/DoorPrototype/Art/Wizard/Source/PixelLab/feminine-dark/selected/standing/north-east.png using Guid(a1217821b0169bb4a87454fdd117b348) (TextureImporter) -> (artifact id: 'cc17198cbb5cc3c43edb700ebcf2db2f') in 0.0050711 seconds
Refreshing native plugins compatible for Editor in 2.38 ms, found 4 plugins.
Preloading 0 native plugins for Editor in 0.00 ms.
Asset Pipeline Refresh (id=4d174e7005e144f49aa649762718c02f): Total: 0.024 seconds - Initiated by StopAssetImportingV2(NoUpdateAssetOptions)
Start importing Assets/NoSafeCircle/DoorPrototype/Art/Wizard/Source/PixelLab/feminine-dark/selected/standing/north-east.png using Guid(a1217821b0169bb4a87454fdd117b348) (TextureImporter) -> (artifact id: 'cc17198cbb5cc3c43edb700ebcf2db2f') in 0.0040108 seconds
Refreshing native plugins compatible for Editor in 2.39 ms, found 4 plugins.
Preloading 0 native plugins for Editor in 0.00 ms.
Asset Pipeline Refresh (id=626559c7731b0244a89daa34c88e4ef5): Total: 0.022 seconds - Initiated by StopAssetImportingV2(NoUpdateAssetOptions)
Start importing Assets/NoSafeCircle/DoorPrototype/Art/Wizard/Source/PixelLab/feminine-dark/selected/standing/east.png using Guid(265f095eae845d544b4fe1e5d828a4c6) (TextureImporter) -> (artifact id: 'ae8733c5142b9ba0eef52c6c3c6c45dd') in 0.0044999 seconds
Refreshing native plugins compatible for Editor in 2.27 ms, found 4 plugins.
Preloading 0 native plugins for Editor in 0.00 ms.
Asset Pipeline Refresh (id=d96dc5f2f3edcf74bad9cdc48ab33990): Total: 0.022 seconds - Initiated by StopAssetImportingV2(NoUpdateAssetOptions)
Start importing Assets/NoSafeCircle/DoorPrototype/Art/Wizard/Source/PixelLab/feminine-dark/selected/standing/east.png using Guid(265f095eae845d544b4fe1e5d828a4c6) (TextureImporter) -> (artifact id: 'ae8733c5142b9ba0eef52c6c3c6c45dd') in 0.003965 seconds
Refreshing native plugins compatible for Editor in 2.37 ms, found 4 plugins.
Preloading 0 native plugins for Editor in 0.00 ms.
Asset Pipeline Refresh (id=b5414e95462414745b67e82dfab02959): Total: 0.023 seconds - Initiated by StopAssetImportingV2(NoUpdateAssetOptions)
Start importing Assets/NoSafeCircle/DoorPrototype/Art/Wizard/Source/PixelLab/feminine-dark/selected/standing/south-east.png using Guid(69f3c2f3d7452fd41b949253110967be) (TextureImporter) -> (artifact id: 'ee6467e97aa63a1a751ef6096fb9ecf6') in 0.0044878 seconds
Refreshing native plugins compatible for Editor in 2.17 ms, found 4 plugins.
Preloading 0 native plugins for Editor in 0.00 ms.
Asset Pipeline Refresh (id=92f13eb20f2edad459fb558ca58056f6): Total: 0.024 seconds - Initiated by StopAssetImportingV2(NoUpdateAssetOptions)
Start importing Assets/NoSafeCircle/DoorPrototype/Art/Wizard/Source/PixelLab/feminine-dark/selected/standing/south-east.png using Guid(69f3c2f3d7452fd41b949253110967be) (TextureImporter) -> (artifact id: 'ee6467e97aa63a1a751ef6096fb9ecf6') in 0.0056919 seconds
Refreshing native plugins compatible for Editor in 2.38 ms, found 4 plugins.
Preloading 0 native plugins for Editor in 0.00 ms.
Asset Pipeline Refresh (id=536c8dccb8711a6408e5365fe54fb856): Total: 0.024 seconds - Initiated by StopAssetImportingV2(NoUpdateAssetOptions)
Start importing Assets/NoSafeCircle/DoorPrototype/Art/Wizard/Source/PixelLab/feminine-dark/selected/standing/south.png using Guid(395f313db6b829b4e98b7bb95d03047b) (TextureImporter) -> (artifact id: 'd3c15594e4a8572e716e80ecbb874809') in 0.0059741 seconds
Refreshing native plugins compatible for Editor in 2.12 ms, found 4 plugins.
Preloading 0 native plugins for Editor in 0.00 ms.
Asset Pipeline Refresh (id=4df66b18d2c2bf947bd7d04ad2168ba5): Total: 0.023 seconds - Initiated by StopAssetImportingV2(NoUpdateAssetOptions)
Start importing Assets/NoSafeCircle/DoorPrototype/Art/Wizard/Source/PixelLab/feminine-dark/selected/standing/south.png using Guid(395f313db6b829b4e98b7bb95d03047b) (TextureImporter) -> (artifact id: 'd3c15594e4a8572e716e80ecbb874809') in 0.0042784 seconds
Refreshing native plugins compatible for Editor in 2.24 ms, found 4 plugins.
Preloading 0 native plugins for Editor in 0.00 ms.
Asset Pipeline Refresh (id=e8c70974834c8644b995c82e90611c8f): Total: 0.023 seconds - Initiated by StopAssetImportingV2(NoUpdateAssetOptions)
Start importing Assets/NoSafeCircle/DoorPrototype/Art/Wizard/Source/PixelLab/feminine-dark/selected/standing/south-west.png using Guid(d340bd93ea196354289606025f38f94d) (TextureImporter) -> (artifact id: 'f837691b8466871cabcca2d15ba6c6af') in 0.0057401 seconds
Refreshing native plugins compatible for Editor in 2.41 ms, found 4 plugins.
Preloading 0 native plugins for Editor in 0.00 ms.
Asset Pipeline Refresh (id=cbece20ed9e333545af56d14a8be7d59): Total: 0.024 seconds - Initiated by StopAssetImportingV2(NoUpdateAssetOptions)
Start importing Assets/NoSafeCircle/DoorPrototype/Art/Wizard/Source/PixelLab/feminine-dark/selected/standing/south-west.png using Guid(d340bd93ea196354289606025f38f94d) (TextureImporter) -> (artifact id: 'f837691b8466871cabcca2d15ba6c6af') in 0.0046611 seconds
Refreshing native plugins compatible for Editor in 2.11 ms, found 4 plugins.
Preloading 0 native plugins for Editor in 0.00 ms.
Asset Pipeline Refresh (id=54680446ac5736c42ab47988949ed20b): Total: 0.023 seconds - Initiated by StopAssetImportingV2(NoUpdateAssetOptions)
Start importing Assets/NoSafeCircle/DoorPrototype/Art/Wizard/Source/PixelLab/feminine-dark/selected/standing/west.png using Guid(6cc81d4fd67acb649b32359d6fc7cd2e) (TextureImporter) -> (artifact id: 'd02b0a988451053004fce71b6b6f9812') in 0.0044008 seconds
Refreshing native plugins compatible for Editor in 2.40 ms, found 4 plugins.
Preloading 0 native plugins for Editor in 0.00 ms.
Asset Pipeline Refresh (id=940df29c9298f0049a8776a6b5471b4c): Total: 0.021 seconds - Initiated by StopAssetImportingV2(NoUpdateAssetOptions)
Start importing Assets/NoSafeCircle/DoorPrototype/Art/Wizard/Source/PixelLab/feminine-dark/selected/standing/west.png using Guid(6cc81d4fd67acb649b32359d6fc7cd2e) (TextureImporter) -> (artifact id: 'd02b0a988451053004fce71b6b6f9812') in 0.0038688 seconds
Refreshing native plugins compatible for Editor in 2.15 ms, found 4 plugins.
Preloading 0 native plugins for Editor in 0.00 ms.
Asset Pipeline Refresh (id=bc47d8aa464c4a14ba016590610fbd64): Total: 0.020 seconds - Initiated by StopAssetImportingV2(NoUpdateAssetOptions)
Start importing Assets/NoSafeCircle/DoorPrototype/Art/Wizard/Source/PixelLab/feminine-dark/selected/standing/north-west.png using Guid(2769efd7b13347c4b8f686924823a27d) (TextureImporter) -> (artifact id: '13bfff9ddb194b4329aa7c38db0fe7ac') in 0.0043038 seconds
Refreshing native plugins compatible for Editor in 2.84 ms, found 4 plugins.
Preloading 0 native plugins for Editor in 0.00 ms.
Asset Pipeline Refresh (id=f22f9b77731579046ab70b55c66749dd): Total: 0.024 seconds - Initiated by StopAssetImportingV2(NoUpdateAssetOptions)
Start importing Assets/NoSafeCircle/DoorPrototype/Art/Wizard/Source/PixelLab/feminine-dark/selected/standing/north-west.png using Guid(2769efd7b13347c4b8f686924823a27d) (TextureImporter) -> (artifact id: '13bfff9ddb194b4329aa7c38db0fe7ac') in 0.0046068 seconds
Refreshing native plugins compatible for Editor in 2.99 ms, found 4 plugins.
Preloading 0 native plugins for Editor in 0.00 ms.
Asset Pipeline Refresh (id=fff955adf454dfa498c3a029a94dca2d): Total: 0.025 seconds - Initiated by StopAssetImportingV2(NoUpdateAssetOptions)
Start importing Assets/NoSafeCircle/DoorPrototype/Art/Wizard/Source/PixelLab/feminine-dark/selected/standing/north.png using Guid(2feb146e8a7a73047b887b1ade0e55fa) (TextureImporter) -> (artifact id: '957879f7d4eef227ba1ce5952211fa76') in 0.0071998 seconds
Refreshing native plugins compatible for Editor in 3.07 ms, found 4 plugins.
Preloading 0 native plugins for Editor in 0.00 ms.
Asset Pipeline Refresh (id=cbe2321f461863945ae7526427a90620): Total: 0.029 seconds - Initiated by StopAssetImportingV2(NoUpdateAssetOptions)
Start importing Assets/NoSafeCircle/DoorPrototype/Art/Wizard/Source/PixelLab/feminine-dark/selected/standing/north.png using Guid(2feb146e8a7a73047b887b1ade0e55fa) (TextureImporter) -> (artifact id: '957879f7d4eef227ba1ce5952211fa76') in 0.0060545 seconds
Refreshing native plugins compatible for Editor in 2.19 ms, found 4 plugins.
Preloading 0 native plugins for Editor in 0.00 ms.
Asset Pipeline Refresh (id=0d682bde72b602046914ab3a4f52867f): Total: 0.027 seconds - Initiated by StopAssetImportingV2(NoUpdateAssetOptions)
Start importing Assets/NoSafeCircle/DoorPrototype/Art/Wizard/Generated/Wizard_Feminine_Black_idle_north.anim using Guid(56390b93606113148b6b0b6f3bc4580a) (NativeFormatImporter) -> (artifact id: '937366b7eedda339319c7b0bff0db838') in 0.0025324 seconds
Refreshing native plugins compatible for Editor in 2.29 ms, found 4 plugins.
Preloading 0 native plugins for Editor in 0.00 ms.
Asset Pipeline Refresh (id=f34c84d9d3598c841b4e2766cd5144cf): Total: 0.022 seconds - Initiated by StopAssetImportingV2(NoUpdateAssetOptions)
Start importing Assets/NoSafeCircle/DoorPrototype/Art/Wizard/Source/PixelLab/feminine-dark/selected/walk/north/frame_000.png using Guid(e643b744a35ec73f7f8861db43aa1baa) (TextureImporter) -> (artifact id: 'dbf48c7353477c34c3a4d05d87dbcd6c') in 0.0050781 seconds
Refreshing native plugins compatible for Editor in 2.12 ms, found 4 plugins.
Preloading 0 native plugins for Editor in 0.00 ms.
Asset Pipeline Refresh (id=55c19fd6ecfb9ab4bb8c48f1ea526235): Total: 0.024 seconds - Initiated by StopAssetImportingV2(NoUpdateAssetOptions)
Start importing Assets/NoSafeCircle/DoorPrototype/Art/Wizard/Source/PixelLab/feminine-dark/selected/walk/north/frame_000.png using Guid(e643b744a35ec73f7f8861db43aa1baa) (TextureImporter) -> (artifact id: 'dbf48c7353477c34c3a4d05d87dbcd6c') in 0.0046788 seconds
Refreshing native plugins compatible for Editor in 2.07 ms, found 4 plugins.
Preloading 0 native plugins for Editor in 0.00 ms.
Asset Pipeline Refresh (id=05ad8b927e0efc746a408f7dac621972): Total: 0.022 seconds - Initiated by StopAssetImportingV2(NoUpdateAssetOptions)
Start importing Assets/NoSafeCircle/DoorPrototype/Art/Wizard/Source/PixelLab/feminine-dark/selected/walk/north/frame_001.png using Guid(da593aa160fcf63e35ae7401b448426c) (TextureImporter) -> (artifact id: 'fd3ea520f459a1b8ac6f34f7aa56e48e') in 0.0043702 seconds
Refreshing native plugins compatible for Editor in 2.19 ms, found 4 plugins.
Preloading 0 native plugins for Editor in 0.00 ms.
Asset Pipeline Refresh (id=f9d962e7e971dce428b7c7f3492c13ef): Total: 0.020 seconds - Initiated by StopAssetImportingV2(NoUpdateAssetOptions)
Start importing Assets/NoSafeCircle/DoorPrototype/Art/Wizard/Source/PixelLab/feminine-dark/selected/walk/north/frame_001.png using Guid(da593aa160fcf63e35ae7401b448426c) (TextureImporter) -> (artifact id: 'fd3ea520f459a1b8ac6f34f7aa56e48e') in 0.0041098 seconds
Refreshing native plugins compatible for Editor in 2.67 ms, found 4 plugins.
Preloading 0 native plugins for Editor in 0.00 ms.
Asset Pipeline Refresh (id=364ee957e8d21d14e8163f63a4a0bcb1): Total: 0.023 seconds - Initiated by StopAssetImportingV2(NoUpdateAssetOptions)
Start importing Assets/NoSafeCircle/DoorPrototype/Art/Wizard/Source/PixelLab/feminine-dark/selected/walk/north/frame_002.png using Guid(1c2272d93a608693e04f3b094fd144cc) (TextureImporter) -> (artifact id: 'c5467830e9cb27b11b41427ada047248') in 0.005907 seconds
Refreshing native plugins compatible for Editor in 2.13 ms, found 4 plugins.
Preloading 0 native plugins for Editor in 0.00 ms.
Asset Pipeline Refresh (id=666890439d695d148a0b239917b75ce1): Total: 0.024 seconds - Initiated by StopAssetImportingV2(NoUpdateAssetOptions)
Start importing Assets/NoSafeCircle/DoorPrototype/Art/Wizard/Source/PixelLab/feminine-dark/selected/walk/north/frame_002.png using Guid(1c2272d93a608693e04f3b094fd144cc) (TextureImporter) -> (artifact id: 'c5467830e9cb27b11b41427ada047248') in 0.0041993 seconds
Refreshing native plugins compatible for Editor in 2.33 ms, found 4 plugins.
Preloading 0 native plugins for Editor in 0.00 ms.
Asset Pipeline Refresh (id=641f0dfabee03d54682bfc766bdeabeb): Total: 0.022 seconds - Initiated by StopAssetImportingV2(NoUpdateAssetOptions)
Start importing Assets/NoSafeCircle/DoorPrototype/Art/Wizard/Source/PixelLab/feminine-dark/selected/walk/north/frame_003.png using Guid(9433017af23746d908f0e4a8f10426c2) (TextureImporter) -> (artifact id: '7bf29bf46e2afa9e91d8101ad2bc9a33') in 0.006324 seconds
Refreshing native plugins compatible for Editor in 2.29 ms, found 4 plugins.
Preloading 0 native plugins for Editor in 0.00 ms.
Asset Pipeline Refresh (id=afe31ff4eaf2ba540b460a9afea9f8fc): Total: 0.024 seconds - Initiated by StopAssetImportingV2(NoUpdateAssetOptions)
Start importing Assets/NoSafeCircle/DoorPrototype/Art/Wizard/Source/PixelLab/feminine-dark/selected/walk/north/frame_003.png using Guid(9433017af23746d908f0e4a8f10426c2) (TextureImporter) -> (artifact id: '7bf29bf46e2afa9e91d8101ad2bc9a33') in 0.0051302 seconds
Refreshing native plugins compatible for Editor in 2.41 ms, found 4 plugins.
Preloading 0 native plugins for Editor in 0.00 ms.
Asset Pipeline Refresh (id=118bdfac2d18dbd4ab62906b6a6c6e56): Total: 0.025 seconds - Initiated by StopAssetImportingV2(NoUpdateAssetOptions)
Start importing Assets/NoSafeCircle/DoorPrototype/Art/Wizard/Source/PixelLab/feminine-dark/selected/walk/north/frame_004.png using Guid(0da4efe3719251f96e4f957ff0dc2a5f) (TextureImporter) -> (artifact id: '7a328d91537c1e0eae59b8b2fad1a3e9') in 0.0049845 seconds
Refreshing native plugins compatible for Editor in 2.16 ms, found 4 plugins.
Preloading 0 native plugins for Editor in 0.00 ms.
Asset Pipeline Refresh (id=6b4626e79108abb49aa4b984e181efc1): Total: 0.025 seconds - Initiated by StopAssetImportingV2(NoUpdateAssetOptions)
Start importing Assets/NoSafeCircle/DoorPrototype/Art/Wizard/Source/PixelLab/feminine-dark/selected/walk/north/frame_004.png using Guid(0da4efe3719251f96e4f957ff0dc2a5f) (TextureImporter) -> (artifact id: '7a328d91537c1e0eae59b8b2fad1a3e9') in 0.0042146 seconds
Refreshing native plugins compatible for Editor in 3.03 ms, found 4 plugins.
Preloading 0 native plugins for Editor in 0.00 ms.
Asset Pipeline Refresh (id=83c8c8fcc3890d74487041afa8c816a2): Total: 0.022 seconds - Initiated by StopAssetImportingV2(NoUpdateAssetOptions)
Start importing Assets/NoSafeCircle/DoorPrototype/Art/Wizard/Source/PixelLab/feminine-dark/selected/walk/north/frame_005.png using Guid(d36459cb14d5b8a4e7c4b911970373a2) (TextureImporter) -> (artifact id: 'd8fcc769d10729a86949473850730c6d') in 0.0055723 seconds
Refreshing native plugins compatible for Editor in 2.41 ms, found 4 plugins.
Preloading 0 native plugins for Editor in 0.00 ms.
Asset Pipeline Refresh (id=620ec56de3f92e9498396d9ce7a7e766): Total: 0.026 seconds - Initiated by StopAssetImportingV2(NoUpdateAssetOptions)
Start importing Assets/NoSafeCircle/DoorPrototype/Art/Wizard/Source/PixelLab/feminine-dark/selected/walk/north/frame_005.png using Guid(d36459cb14d5b8a4e7c4b911970373a2) (TextureImporter) -> (artifact id: 'd8fcc769d10729a86949473850730c6d') in 0.0044326 seconds
Refreshing native plugins compatible for Editor in 2.92 ms, found 4 plugins.
Preloading 0 native plugins for Editor in 0.00 ms.
Asset Pipeline Refresh (id=bd3d967298fffca4f937818a4c3d01f8): Total: 0.025 seconds - Initiated by StopAssetImportingV2(NoUpdateAssetOptions)
Start importing Assets/NoSafeCircle/DoorPrototype/Art/Wizard/Generated/Wizard_Feminine_Black_walk_north.anim using Guid(764f615fcec13bd438625b0e2b4d8fed) (NativeFormatImporter) -> (artifact id: '1619adc9d96def34c0e54b708c7d2e84') in 0.0025542 seconds
Refreshing native plugins compatible for Editor in 2.45 ms, found 4 plugins.
Preloading 0 native plugins for Editor in 0.00 ms.
Asset Pipeline Refresh (id=28d48e23f44f2d645a47ef8de64b65f7): Total: 0.025 seconds - Initiated by StopAssetImportingV2(NoUpdateAssetOptions)
Start importing Assets/NoSafeCircle/DoorPrototype/Art/Wizard/Source/PixelLab/feminine-dark/selected/standing/north-east.png using Guid(a1217821b0169bb4a87454fdd117b348) (TextureImporter) -> (artifact id: 'cc17198cbb5cc3c43edb700ebcf2db2f') in 0.0058323 seconds
Refreshing native plugins compatible for Editor in 3.21 ms, found 4 plugins.
Preloading 0 native plugins for Editor in 0.00 ms.
Asset Pipeline Refresh (id=84ce803dd6016a642b536a6c5eb22c3c): Total: 0.028 seconds - Initiated by StopAssetImportingV2(NoUpdateAssetOptions)
Start importing Assets/NoSafeCircle/DoorPrototype/Art/Wizard/Source/PixelLab/feminine-dark/selected/standing/north-east.png using Guid(a1217821b0169bb4a87454fdd117b348) (TextureImporter) -> (artifact id: 'cc17198cbb5cc3c43edb700ebcf2db2f') in 0.0070345 seconds
Refreshing native plugins compatible for Editor in 5.86 ms, found 4 plugins.
Preloading 0 native plugins for Editor in 0.00 ms.
Asset Pipeline Refresh (id=af893bc347bbf984f9e325ca24f87f3e): Total: 0.032 seconds - Initiated by StopAssetImportingV2(NoUpdateAssetOptions)
Start importing Assets/NoSafeCircle/DoorPrototype/Art/Wizard/Generated/Wizard_Feminine_Black_idle_north-east.anim using Guid(6e96856c748dc8749a34e5d581109c72) (NativeFormatImporter) -> (artifact id: '1a71f74bbd4507ade701795058a82ee4') in 0.002168 seconds
Refreshing native plugins compatible for Editor in 2.17 ms, found 4 plugins.
Preloading 0 native plugins for Editor in 0.00 ms.
Asset Pipeline Refresh (id=1a7429b57e7eb654a9928dcb55d68bcb): Total: 0.018 seconds - Initiated by StopAssetImportingV2(NoUpdateAssetOptions)
Start importing Assets/NoSafeCircle/DoorPrototype/Art/Wizard/Source/PixelLab/feminine-dark/selected/walk/north-east/frame_000.png using Guid(d462df5423f92c7419f5747437825c54) (TextureImporter) -> (artifact id: 'f13d5a1ab31994d3bfcd4ff510aaeefb') in 0.0049734 seconds
Refreshing native plugins compatible for Editor in 3.56 ms, found 4 plugins.
Preloading 0 native plugins for Editor in 0.00 ms.
Asset Pipeline Refresh (id=05b7005e14eab0d4da18d6e678f5b865): Total: 0.024 seconds - Initiated by StopAssetImportingV2(NoUpdateAssetOptions)
Start importing Assets/NoSafeCircle/DoorPrototype/Art/Wizard/Source/PixelLab/feminine-dark/selected/walk/north-east/frame_000.png using Guid(d462df5423f92c7419f5747437825c54) (TextureImporter) -> (artifact id: 'f13d5a1ab31994d3bfcd4ff510aaeefb') in 0.0069403 seconds
Refreshing native plugins compatible for Editor in 2.38 ms, found 4 plugins.
Preloading 0 native plugins for Editor in 0.00 ms.
Asset Pipeline Refresh (id=720315835b93a244a9a74d5851665195): Total: 0.024 seconds - Initiated by StopAssetImportingV2(NoUpdateAssetOptions)
Start importing Assets/NoSafeCircle/DoorPrototype/Art/Wizard/Source/PixelLab/feminine-dark/selected/walk/north-east/frame_001.png using Guid(934c5236f2abf814bbbafe6d5feb2a49) (TextureImporter) -> (artifact id: '2bff87f6515d9bc9f87d22ed9719b75d') in 0.0045557 seconds
Refreshing native plugins compatible for Editor in 2.36 ms, found 4 plugins.
Preloading 0 native plugins for Editor in 0.00 ms.
Asset Pipeline Refresh (id=d6008ae3273da7d449bdb8ffc4eb15e3): Total: 0.022 seconds - Initiated by StopAssetImportingV2(NoUpdateAssetOptions)
Start importing Assets/NoSafeCircle/DoorPrototype/Art/Wizard/Source/PixelLab/feminine-dark/selected/walk/north-east/frame_001.png using Guid(934c5236f2abf814bbbafe6d5feb2a49) (TextureImporter) -> (artifact id: '2bff87f6515d9bc9f87d22ed9719b75d') in 0.0046742 seconds
Refreshing native plugins compatible for Editor in 2.51 ms, found 4 plugins.
Preloading 0 native plugins for Editor in 0.00 ms.
Asset Pipeline Refresh (id=ae6cda606ad35f241ad9b35921f0b0b7): Total: 0.023 seconds - Initiated by StopAssetImportingV2(NoUpdateAssetOptions)
Start importing Assets/NoSafeCircle/DoorPrototype/Art/Wizard/Source/PixelLab/feminine-dark/selected/walk/north-east/frame_002.png using Guid(5bbcf96f77eecea47b3a25f4a4c5cff2) (TextureImporter) -> (artifact id: '6474f174a1bca6a2d015e340f66d43fe') in 0.0048719 seconds
Refreshing native plugins compatible for Editor in 2.08 ms, found 4 plugins.
Preloading 0 native plugins for Editor in 0.00 ms.
Asset Pipeline Refresh (id=a850453ce476d544e967e7d126760909): Total: 0.022 seconds - Initiated by StopAssetImportingV2(NoUpdateAssetOptions)
Start importing Assets/NoSafeCircle/DoorPrototype/Art/Wizard/Source/PixelLab/feminine-dark/selected/walk/north-east/frame_002.png using Guid(5bbcf96f77eecea47b3a25f4a4c5cff2) (TextureImporter) -> (artifact id: '6474f174a1bca6a2d015e340f66d43fe') in 0.0044991 seconds
Refreshing native plugins compatible for Editor in 2.44 ms, found 4 plugins.
Preloading 0 native plugins for Editor in 0.00 ms.
Asset Pipeline Refresh (id=2732df0bb285ab14c9f249a939d00f40): Total: 0.023 seconds - Initiated by StopAssetImportingV2(NoUpdateAssetOptions)
Start importing Assets/NoSafeCircle/DoorPrototype/Art/Wizard/Source/PixelLab/feminine-dark/selected/walk/north-east/frame_003.png using Guid(c43b36f333c165b4a8fe72630a574c70) (TextureImporter) -> (artifact id: 'bb4f869d36d51000d6ef6d4cf280384b') in 0.005278 seconds
Refreshing native plugins compatible for Editor in 2.33 ms, found 4 plugins.
Preloading 0 native plugins for Editor in 0.00 ms.
Asset Pipeline Refresh (id=58d1f5c34b2f18d4a9d94b33bc173191): Total: 0.025 seconds - Initiated by StopAssetImportingV2(NoUpdateAssetOptions)
Start importing Assets/NoSafeCircle/DoorPrototype/Art/Wizard/Source/PixelLab/feminine-dark/selected/walk/north-east/frame_003.png using Guid(c43b36f333c165b4a8fe72630a574c70) (TextureImporter) -> (artifact id: 'bb4f869d36d51000d6ef6d4cf280384b') in 0.004525 seconds
Refreshing native plugins compatible for Editor in 2.51 ms, found 4 plugins.
Preloading 0 native plugins for Editor in 0.00 ms.
Asset Pipeline Refresh (id=58bad7cf2f6868e41b8918dc48af2e88): Total: 0.022 seconds - Initiated by StopAssetImportingV2(NoUpdateAssetOptions)
Start importing Assets/NoSafeCircle/DoorPrototype/Art/Wizard/Source/PixelLab/feminine-dark/selected/walk/north-east/frame_004.png using Guid(8aa232288451d3e46bd8d8a2871385a5) (TextureImporter) -> (artifact id: '4bb02c4ce38c67abd3a25ffc64dab86f') in 0.0049161 seconds
Refreshing native plugins compatible for Editor in 2.32 ms, found 4 plugins.
Preloading 0 native plugins for Editor in 0.00 ms.
Asset Pipeline Refresh (id=255d6533b4a8c1d47b3ddf1f2c428ca0): Total: 0.023 seconds - Initiated by StopAssetImportingV2(NoUpdateAssetOptions)
Start importing Assets/NoSafeCircle/DoorPrototype/Art/Wizard/Source/PixelLab/feminine-dark/selected/walk/north-east/frame_004.png using Guid(8aa232288451d3e46bd8d8a2871385a5) (TextureImporter) -> (artifact id: '4bb02c4ce38c67abd3a25ffc64dab86f') in 0.0059879 seconds
Refreshing native plugins compatible for Editor in 2.52 ms, found 4 plugins.
Preloading 0 native plugins for Editor in 0.00 ms.
Asset Pipeline Refresh (id=b86e5d2fa85a8374a852f77fdb07be9f): Total: 0.026 seconds - Initiated by StopAssetImportingV2(NoUpdateAssetOptions)
Start importing Assets/NoSafeCircle/DoorPrototype/Art/Wizard/Source/PixelLab/feminine-dark/selected/walk/north-east/frame_005.png using Guid(a0894ac601da64545a9082c129c40dd1) (TextureImporter) -> (artifact id: 'd667d0616a0e91a424e92315897361ea') in 0.0046461 seconds
Refreshing native plugins compatible for Editor in 2.46 ms, found 4 plugins.
Preloading 0 native plugins for Editor in 0.00 ms.
Asset Pipeline Refresh (id=c02b9509a45198943b18657d353b32bf): Total: 0.022 seconds - Initiated by StopAssetImportingV2(NoUpdateAssetOptions)
Start importing Assets/NoSafeCircle/DoorPrototype/Art/Wizard/Source/PixelLab/feminine-dark/selected/walk/north-east/frame_005.png using Guid(a0894ac601da64545a9082c129c40dd1) (TextureImporter) -> (artifact id: 'd667d0616a0e91a424e92315897361ea') in 0.0045903 seconds
Refreshing native plugins compatible for Editor in 2.77 ms, found 4 plugins.
Preloading 0 native plugins for Editor in 0.00 ms.
Asset Pipeline Refresh (id=2ccca1359439bba43803a61683ae2b87): Total: 0.023 seconds - Initiated by StopAssetImportingV2(NoUpdateAssetOptions)
Start importing Assets/NoSafeCircle/DoorPrototype/Art/Wizard/Generated/Wizard_Feminine_Black_walk_north-east.anim using Guid(1431d10fec45c5641a6381d12aa09fd5) (NativeFormatImporter) -> (artifact id: 'f9cbf81ad735db7593eb5a1164b167ae') in 0.0022523 seconds
Refreshing native plugins compatible for Editor in 2.33 ms, found 4 plugins.
Preloading 0 native plugins for Editor in 0.00 ms.
Asset Pipeline Refresh (id=8c5c1d27398ee7740b496d5ae27f835c): Total: 0.019 seconds - Initiated by StopAssetImportingV2(NoUpdateAssetOptions)
Start importing Assets/NoSafeCircle/DoorPrototype/Art/Wizard/Source/PixelLab/feminine-dark/selected/standing/east.png using Guid(265f095eae845d544b4fe1e5d828a4c6) (TextureImporter) -> (artifact id: 'ae8733c5142b9ba0eef52c6c3c6c45dd') in 0.0058875 seconds
Refreshing native plugins compatible for Editor in 2.16 ms, found 4 plugins.
Preloading 0 native plugins for Editor in 0.00 ms.
Asset Pipeline Refresh (id=23b43c60d99d72f468cb42e7936b525a): Total: 0.024 seconds - Initiated by StopAssetImportingV2(NoUpdateAssetOptions)
Start importing Assets/NoSafeCircle/DoorPrototype/Art/Wizard/Source/PixelLab/feminine-dark/selected/standing/east.png using Guid(265f095eae845d544b4fe1e5d828a4c6) (TextureImporter) -> (artifact id: 'ae8733c5142b9ba0eef52c6c3c6c45dd') in 0.0057021 seconds
Refreshing native plugins compatible for Editor in 2.18 ms, found 4 plugins.
Preloading 0 native plugins for Editor in 0.00 ms.
Asset Pipeline Refresh (id=4c516de449febf64ead873a05377952c): Total: 0.024 seconds - Initiated by StopAssetImportingV2(NoUpdateAssetOptions)
Start importing Assets/NoSafeCircle/DoorPrototype/Art/Wizard/Generated/Wizard_Feminine_Black_idle_east.anim using Guid(3490ebaa585fab94abcb613e7bf186a4) (NativeFormatImporter) -> (artifact id: 'b25eb9d9991cbc2be2b257a85ce237e9') in 0.0026619 seconds
Refreshing native plugins compatible for Editor in 2.12 ms, found 4 plugins.
Preloading 0 native plugins for Editor in 0.00 ms.
Asset Pipeline Refresh (id=ac623852c07b93d46817dd55ba8ba750): Total: 0.021 seconds - Initiated by StopAssetImportingV2(NoUpdateAssetOptions)
Start importing Assets/NoSafeCircle/DoorPrototype/Art/Wizard/Source/PixelLab/feminine-dark/selected/walk/east/frame_000.png using Guid(caa6394d11b396976d4c6dc79df16c6a) (TextureImporter) -> (artifact id: '715eb4672953b2b63d3901a47e49dc92') in 0.0053749 seconds
Refreshing native plugins compatible for Editor in 2.30 ms, found 4 plugins.
Preloading 0 native plugins for Editor in 0.00 ms.
Asset Pipeline Refresh (id=1a3d42430f69e324f93d31efc2504029): Total: 0.025 seconds - Initiated by StopAssetImportingV2(NoUpdateAssetOptions)
Start importing Assets/NoSafeCircle/DoorPrototype/Art/Wizard/Source/PixelLab/feminine-dark/selected/walk/east/frame_000.png using Guid(caa6394d11b396976d4c6dc79df16c6a) (TextureImporter) -> (artifact id: '715eb4672953b2b63d3901a47e49dc92') in 0.0047233 seconds
Refreshing native plugins compatible for Editor in 2.40 ms, found 4 plugins.
Preloading 0 native plugins for Editor in 0.00 ms.
Asset Pipeline Refresh (id=89769714ce020c44e9d361fcaa46f218): Total: 0.023 seconds - Initiated by StopAssetImportingV2(NoUpdateAssetOptions)
Start importing Assets/NoSafeCircle/DoorPrototype/Art/Wizard/Source/PixelLab/feminine-dark/selected/walk/east/frame_001.png using Guid(0c6887552c141a3498876fcacb316ace) (TextureImporter) -> (artifact id: '3f3f813e578a9e58071b541c421d2d0d') in 0.0058127 seconds
Refreshing native plugins compatible for Editor in 2.16 ms, found 4 plugins.
Preloading 0 native plugins for Editor in 0.00 ms.
Asset Pipeline Refresh (id=8e55104093e2677418fec3a7ccd1396d): Total: 0.023 seconds - Initiated by StopAssetImportingV2(NoUpdateAssetOptions)
Start importing Assets/NoSafeCircle/DoorPrototype/Art/Wizard/Source/PixelLab/feminine-dark/selected/walk/east/frame_001.png using Guid(0c6887552c141a3498876fcacb316ace) (TextureImporter) -> (artifact id: '3f3f813e578a9e58071b541c421d2d0d') in 0.0044054 seconds
Refreshing native plugins compatible for Editor in 2.17 ms, found 4 plugins.
Preloading 0 native plugins for Editor in 0.00 ms.
Asset Pipeline Refresh (id=b36c52b23392e2046a6853ca60177743): Total: 0.021 seconds - Initiated by StopAssetImportingV2(NoUpdateAssetOptions)
Start importing Assets/NoSafeCircle/DoorPrototype/Art/Wizard/Source/PixelLab/feminine-dark/selected/walk/east/frame_002.png using Guid(7690207c50300d550b62132ae5afaf53) (TextureImporter) -> (artifact id: 'debb9c4f666844dae449a4d1bcee0b02') in 0.0048559 seconds
Refreshing native plugins compatible for Editor in 2.19 ms, found 4 plugins.
Preloading 0 native plugins for Editor in 0.00 ms.
Asset Pipeline Refresh (id=0836f9cfab182d346b96198dc821011b): Total: 0.021 seconds - Initiated by StopAssetImportingV2(NoUpdateAssetOptions)
Start importing Assets/NoSafeCircle/DoorPrototype/Art/Wizard/Source/PixelLab/feminine-dark/selected/walk/east/frame_002.png using Guid(7690207c50300d550b62132ae5afaf53) (TextureImporter) -> (artifact id: 'debb9c4f666844dae449a4d1bcee0b02') in 0.0055809 seconds
Refreshing native plugins compatible for Editor in 4.73 ms, found 4 plugins.
Preloading 0 native plugins for Editor in 0.00 ms.
Asset Pipeline Refresh (id=7fcfea03aae5d4f4ca178ddfa52420dd): Total: 0.034 seconds - Initiated by StopAssetImportingV2(NoUpdateAssetOptions)
Start importing Assets/NoSafeCircle/DoorPrototype/Art/Wizard/Source/PixelLab/feminine-dark/selected/walk/east/frame_003.png using Guid(c3b7319eee3d6a50c41bc61c98290421) (TextureImporter) -> (artifact id: '85670ea6b1e37af2b5ab2c18b08c9465') in 0.0066008 seconds
Refreshing native plugins compatible for Editor in 2.52 ms, found 4 plugins.
Preloading 0 native plugins for Editor in 0.00 ms.
Asset Pipeline Refresh (id=8c98cf55b5a0e0347875c1ec0bdb16a2): Total: 0.033 seconds - Initiated by StopAssetImportingV2(NoUpdateAssetOptions)
Start importing Assets/NoSafeCircle/DoorPrototype/Art/Wizard/Source/PixelLab/feminine-dark/selected/walk/east/frame_003.png using Guid(c3b7319eee3d6a50c41bc61c98290421) (TextureImporter) -> (artifact id: '85670ea6b1e37af2b5ab2c18b08c9465') in 0.0055191 seconds
Refreshing native plugins compatible for Editor in 2.53 ms, found 4 plugins.
Preloading 0 native plugins for Editor in 0.00 ms.
Asset Pipeline Refresh (id=d9b87971c967b234d8fd084e36f2f79b): Total: 0.027 seconds - Initiated by StopAssetImportingV2(NoUpdateAssetOptions)
Start importing Assets/NoSafeCircle/DoorPrototype/Art/Wizard/Source/PixelLab/feminine-dark/selected/walk/east/frame_004.png using Guid(5c4b5c93863ead4e2116cb6d49f60fcb) (TextureImporter) -> (artifact id: 'b176155e95d1a3c67a4db95cae5a5664') in 0.0057169 seconds
Refreshing native plugins compatible for Editor in 2.86 ms, found 4 plugins.
Preloading 0 native plugins for Editor in 0.00 ms.
Asset Pipeline Refresh (id=9f449314f5afba04fbff1ea640816f01): Total: 0.031 seconds - Initiated by StopAssetImportingV2(NoUpdateAssetOptions)
Start importing Assets/NoSafeCircle/DoorPrototype/Art/Wizard/Source/PixelLab/feminine-dark/selected/walk/east/frame_004.png using Guid(5c4b5c93863ead4e2116cb6d49f60fcb) (TextureImporter) -> (artifact id: 'b176155e95d1a3c67a4db95cae5a5664') in 0.0043711 seconds
Refreshing native plugins compatible for Editor in 2.10 ms, found 4 plugins.
Preloading 0 native plugins for Editor in 0.00 ms.
Asset Pipeline Refresh (id=23fbc33e9aba8ad49b422bbe37b9f634): Total: 0.024 seconds - Initiated by StopAssetImportingV2(NoUpdateAssetOptions)
Start importing Assets/NoSafeCircle/DoorPrototype/Art/Wizard/Source/PixelLab/feminine-dark/selected/walk/east/frame_005.png using Guid(b5e827319400f39bfca8531b9f07093b) (TextureImporter) -> (artifact id: '0d051eff3bf3c0e1d683cc782bce7037') in 0.0053406 seconds
Refreshing native plugins compatible for Editor in 2.19 ms, found 4 plugins.
Preloading 0 native plugins for Editor in 0.00 ms.
Asset Pipeline Refresh (id=dff7e331a3046fd47b3fcac8c7926f94): Total: 0.024 seconds - Initiated by StopAssetImportingV2(NoUpdateAssetOptions)
Start importing Assets/NoSafeCircle/DoorPrototype/Art/Wizard/Source/PixelLab/feminine-dark/selected/walk/east/frame_005.png using Guid(b5e827319400f39bfca8531b9f07093b) (TextureImporter) -> (artifact id: '0d051eff3bf3c0e1d683cc782bce7037') in 0.0048856 seconds
Refreshing native plugins compatible for Editor in 2.51 ms, found 4 plugins.
Preloading 0 native plugins for Editor in 0.00 ms.
Asset Pipeline Refresh (id=24028466365cde24a8bff1cb374c094d): Total: 0.025 seconds - Initiated by StopAssetImportingV2(NoUpdateAssetOptions)
Start importing Assets/NoSafeCircle/DoorPrototype/Art/Wizard/Generated/Wizard_Feminine_Black_walk_east.anim using Guid(68483bd57b0276240a8d985f9286a2c7) (NativeFormatImporter) -> (artifact id: '8b68dfc16ad193dff6886d1ea0918b93') in 0.0028512 seconds
Refreshing native plugins compatible for Editor in 2.45 ms, found 4 plugins.
Preloading 0 native plugins for Editor in 0.00 ms.
Asset Pipeline Refresh (id=104a0f56a94d5ef4092785250ed25aa0): Total: 0.020 seconds - Initiated by StopAssetImportingV2(NoUpdateAssetOptions)
Start importing Assets/NoSafeCircle/DoorPrototype/Art/Wizard/Source/PixelLab/feminine-dark/selected/standing/south-east.png using Guid(69f3c2f3d7452fd41b949253110967be) (TextureImporter) -> (artifact id: 'ee6467e97aa63a1a751ef6096fb9ecf6') in 0.0062947 seconds
Refreshing native plugins compatible for Editor in 2.76 ms, found 4 plugins.
Preloading 0 native plugins for Editor in 0.00 ms.
Asset Pipeline Refresh (id=089a140a28f43c84998966f69f0a1628): Total: 0.030 seconds - Initiated by StopAssetImportingV2(NoUpdateAssetOptions)
Start importing Assets/NoSafeCircle/DoorPrototype/Art/Wizard/Source/PixelLab/feminine-dark/selected/standing/south-east.png using Guid(69f3c2f3d7452fd41b949253110967be) (TextureImporter) -> (artifact id: 'ee6467e97aa63a1a751ef6096fb9ecf6') in 0.0063681 seconds
Refreshing native plugins compatible for Editor in 2.37 ms, found 4 plugins.
Preloading 0 native plugins for Editor in 0.00 ms.
Asset Pipeline Refresh (id=b51f1f0ababf9cb4d94cafd988d4de2a): Total: 0.030 seconds - Initiated by StopAssetImportingV2(NoUpdateAssetOptions)
Start importing Assets/NoSafeCircle/DoorPrototype/Art/Wizard/Generated/Wizard_Feminine_Black_idle_south-east.anim using Guid(0dd27da7f0277cd4a8bd40abecd08b59) (NativeFormatImporter) -> (artifact id: 'f74c149ccf15f37feca4abdfe2df5319') in 0.0032692 seconds
Refreshing native plugins compatible for Editor in 2.65 ms, found 4 plugins.
Preloading 0 native plugins for Editor in 0.00 ms.
Asset Pipeline Refresh (id=613adfad3e1701144b76b64fc4a570ae): Total: 0.023 seconds - Initiated by StopAssetImportingV2(NoUpdateAssetOptions)
Start importing Assets/NoSafeCircle/DoorPrototype/Art/Wizard/Source/PixelLab/feminine-dark/selected/walk/south-east/frame_000.png using Guid(42dd774045ddbc744be866ab33da0f8d) (TextureImporter) -> (artifact id: 'a3239d0431e581d4577e8bccf53ad2fd') in 0.0052973 seconds
Refreshing native plugins compatible for Editor in 2.48 ms, found 4 plugins.
Preloading 0 native plugins for Editor in 0.00 ms.
Asset Pipeline Refresh (id=8e0f183074dbee04ea2b1daeec23d95c): Total: 0.024 seconds - Initiated by StopAssetImportingV2(NoUpdateAssetOptions)
Start importing Assets/NoSafeCircle/DoorPrototype/Art/Wizard/Source/PixelLab/feminine-dark/selected/walk/south-east/frame_000.png using Guid(42dd774045ddbc744be866ab33da0f8d) (TextureImporter) -> (artifact id: 'a3239d0431e581d4577e8bccf53ad2fd') in 0.004282 seconds
Refreshing native plugins compatible for Editor in 2.25 ms, found 4 plugins.
Preloading 0 native plugins for Editor in 0.00 ms.
Asset Pipeline Refresh (id=59410cf724d2ce34581f1c5d9e126220): Total: 0.023 seconds - Initiated by StopAssetImportingV2(NoUpdateAssetOptions)
Start importing Assets/NoSafeCircle/DoorPrototype/Art/Wizard/Source/PixelLab/feminine-dark/selected/walk/south-east/frame_001.png using Guid(f44a7393b774d5442ba1251cde6646cf) (TextureImporter) -> (artifact id: '066f6762edd18106cb16804e84376107') in 0.0066384 seconds
Refreshing native plugins compatible for Editor in 3.63 ms, found 4 plugins.
Preloading 0 native plugins for Editor in 0.00 ms.
Asset Pipeline Refresh (id=b1e5b4b80604b0f4d8be9f99cc8dcf23): Total: 0.027 seconds - Initiated by StopAssetImportingV2(NoUpdateAssetOptions)
Start importing Assets/NoSafeCircle/DoorPrototype/Art/Wizard/Source/PixelLab/feminine-dark/selected/walk/south-east/frame_001.png using Guid(f44a7393b774d5442ba1251cde6646cf) (TextureImporter) -> (artifact id: '066f6762edd18106cb16804e84376107') in 0.0046891 seconds
Refreshing native plugins compatible for Editor in 2.17 ms, found 4 plugins.
Preloading 0 native plugins for Editor in 0.00 ms.
Asset Pipeline Refresh (id=1c7f98c962ddf544aa693d81ed7b9719): Total: 0.027 seconds - Initiated by StopAssetImportingV2(NoUpdateAssetOptions)
Start importing Assets/NoSafeCircle/DoorPrototype/Art/Wizard/Source/PixelLab/feminine-dark/selected/walk/south-east/frame_002.png using Guid(aa283dd44f6c7fb46b54a6f6ea040ed0) (TextureImporter) -> (artifact id: 'ab68743bd16e61737db72f4de7e2d179') in 0.0047183 seconds
Refreshing native plugins compatible for Editor in 3.23 ms, found 4 plugins.
Preloading 0 native plugins for Editor in 0.00 ms.
Asset Pipeline Refresh (id=d22619042fcdb3e44b704e1d87f9922e): Total: 0.022 seconds - Initiated by StopAssetImportingV2(NoUpdateAssetOptions)
Start importing Assets/NoSafeCircle/DoorPrototype/Art/Wizard/Source/PixelLab/feminine-dark/selected/walk/south-east/frame_002.png using Guid(aa283dd44f6c7fb46b54a6f6ea040ed0) (TextureImporter) -> (artifact id: 'ab68743bd16e61737db72f4de7e2d179') in 0.0040593 seconds
Refreshing native plugins compatible for Editor in 2.46 ms, found 4 plugins.
Preloading 0 native plugins for Editor in 0.00 ms.
Asset Pipeline Refresh (id=19f4052c674f6a043ae3e0b02bad83d9): Total: 0.021 seconds - Initiated by StopAssetImportingV2(NoUpdateAssetOptions)
Start importing Assets/NoSafeCircle/DoorPrototype/Art/Wizard/Source/PixelLab/feminine-dark/selected/walk/south-east/frame_003.png using Guid(a7fff011355f1f84a8b447804a104b20) (TextureImporter) -> (artifact id: '0d5d7b742fd6a74cb336f77d784db00e') in 0.0050078 seconds
Refreshing native plugins compatible for Editor in 2.14 ms, found 4 plugins.
Preloading 0 native plugins for Editor in 0.00 ms.
Asset Pipeline Refresh (id=35c3815741620514aac03106120ba4d7): Total: 0.024 seconds - Initiated by StopAssetImportingV2(NoUpdateAssetOptions)
Start importing Assets/NoSafeCircle/DoorPrototype/Art/Wizard/Source/PixelLab/feminine-dark/selected/walk/south-east/frame_003.png using Guid(a7fff011355f1f84a8b447804a104b20) (TextureImporter) -> (artifact id: '0d5d7b742fd6a74cb336f77d784db00e') in 0.005897 seconds
Refreshing native plugins compatible for Editor in 3.47 ms, found 4 plugins.
Preloading 0 native plugins for Editor in 0.00 ms.
Asset Pipeline Refresh (id=c063bda00e72b174db20a6f9f8ea6e49): Total: 0.034 seconds - Initiated by StopAssetImportingV2(NoUpdateAssetOptions)
Start importing Assets/NoSafeCircle/DoorPrototype/Art/Wizard/Source/PixelLab/feminine-dark/selected/walk/south-east/frame_004.png using Guid(01492cb486f6c914583ea38853044689) (TextureImporter) -> (artifact id: '0d4c4b23ef0390350af5b38e425a11d3') in 0.0048488 seconds
Refreshing native plugins compatible for Editor in 2.81 ms, found 4 plugins.
Preloading 0 native plugins for Editor in 0.00 ms.
Asset Pipeline Refresh (id=3131dd5492901d048b0578996857f9d4): Total: 0.023 seconds - Initiated by StopAssetImportingV2(NoUpdateAssetOptions)
Start importing Assets/NoSafeCircle/DoorPrototype/Art/Wizard/Source/PixelLab/feminine-dark/selected/walk/south-east/frame_004.png using Guid(01492cb486f6c914583ea38853044689) (TextureImporter) -> (artifact id: '0d4c4b23ef0390350af5b38e425a11d3') in 0.004485 seconds
Refreshing native plugins compatible for Editor in 2.40 ms, found 4 plugins.
Preloading 0 native plugins for Editor in 0.00 ms.
Asset Pipeline Refresh (id=f13461e7d88aada479e1e563fe13ba4a): Total: 0.024 seconds - Initiated by StopAssetImportingV2(NoUpdateAssetOptions)
Start importing Assets/NoSafeCircle/DoorPrototype/Art/Wizard/Source/PixelLab/feminine-dark/selected/walk/south-east/frame_005.png using Guid(7171027cf4425fe4a94f7642fc6e9771) (TextureImporter) -> (artifact id: '0c35c354159a8f6500b3e1acb99e1336') in 0.0054108 seconds
Refreshing native plugins compatible for Editor in 3.44 ms, found 4 plugins.
Preloading 0 native plugins for Editor in 0.00 ms.
Asset Pipeline Refresh (id=f05bc92fb496f2549812fc7e81a971ff): Total: 0.025 seconds - Initiated by StopAssetImportingV2(NoUpdateAssetOptions)
Start importing Assets/NoSafeCircle/DoorPrototype/Art/Wizard/Source/PixelLab/feminine-dark/selected/walk/south-east/frame_005.png using Guid(7171027cf4425fe4a94f7642fc6e9771) (TextureImporter) -> (artifact id: '0c35c354159a8f6500b3e1acb99e1336') in 0.0048711 seconds
Refreshing native plugins compatible for Editor in 2.31 ms, found 4 plugins.
Preloading 0 native plugins for Editor in 0.00 ms.
Asset Pipeline Refresh (id=abbd6102b7604304c904be2b2b79be0b): Total: 0.024 seconds - Initiated by StopAssetImportingV2(NoUpdateAssetOptions)
Start importing Assets/NoSafeCircle/DoorPrototype/Art/Wizard/Generated/Wizard_Feminine_Black_walk_south-east.anim using Guid(ed25b7f324d907c43bae3068122da65f) (NativeFormatImporter) -> (artifact id: '76e74549ba772f794f594a21d489763e') in 0.0024976 seconds
Refreshing native plugins compatible for Editor in 2.78 ms, found 4 plugins.
Preloading 0 native plugins for Editor in 0.00 ms.
Asset Pipeline Refresh (id=b40c8dd08419ff749b944c330b8d42ce): Total: 0.021 seconds - Initiated by StopAssetImportingV2(NoUpdateAssetOptions)
Start importing Assets/NoSafeCircle/DoorPrototype/Art/Wizard/Source/PixelLab/feminine-dark/selected/standing/south.png using Guid(395f313db6b829b4e98b7bb95d03047b) (TextureImporter) -> (artifact id: 'd3c15594e4a8572e716e80ecbb874809') in 0.007414 seconds
Refreshing native plugins compatible for Editor in 2.16 ms, found 4 plugins.
Preloading 0 native plugins for Editor in 0.00 ms.
Asset Pipeline Refresh (id=c65a9fbd8c13a484da88c67415b3e53b): Total: 0.031 seconds - Initiated by StopAssetImportingV2(NoUpdateAssetOptions)
Start importing Assets/NoSafeCircle/DoorPrototype/Art/Wizard/Source/PixelLab/feminine-dark/selected/standing/south.png using Guid(395f313db6b829b4e98b7bb95d03047b) (TextureImporter) -> (artifact id: 'd3c15594e4a8572e716e80ecbb874809') in 0.0061521 seconds
Refreshing native plugins compatible for Editor in 2.72 ms, found 4 plugins.
Preloading 0 native plugins for Editor in 0.00 ms.
Asset Pipeline Refresh (id=45ef6dc1c9b25e64dac6bfb557d90170): Total: 0.028 seconds - Initiated by StopAssetImportingV2(NoUpdateAssetOptions)
Start importing Assets/NoSafeCircle/DoorPrototype/Art/Wizard/Generated/Wizard_Feminine_Black_idle_south.anim using Guid(2f791514911e0e84bae351af8dc1dd24) (NativeFormatImporter) -> (artifact id: '7bb05739a4addcfc7f8a718bc467709b') in 0.0021358 seconds
Refreshing native plugins compatible for Editor in 2.40 ms, found 4 plugins.
Preloading 0 native plugins for Editor in 0.00 ms.
Asset Pipeline Refresh (id=61baac233f28d6344b9b9e7257975884): Total: 0.022 seconds - Initiated by StopAssetImportingV2(NoUpdateAssetOptions)
Start importing Assets/NoSafeCircle/DoorPrototype/Art/Wizard/Source/PixelLab/feminine-dark/selected/walk/south/frame_000.png using Guid(501b73d8dd45af768a2da0bffe8beb5f) (TextureImporter) -> (artifact id: 'a780f8444cb7b81f4da8c942b0957278') in 0.0064556 seconds
Refreshing native plugins compatible for Editor in 2.08 ms, found 4 plugins.
Preloading 0 native plugins for Editor in 0.00 ms.
Asset Pipeline Refresh (id=bc67e7df46540b24bb2e253aebd54739): Total: 0.026 seconds - Initiated by StopAssetImportingV2(NoUpdateAssetOptions)
Start importing Assets/NoSafeCircle/DoorPrototype/Art/Wizard/Source/PixelLab/feminine-dark/selected/walk/south/frame_000.png using Guid(501b73d8dd45af768a2da0bffe8beb5f) (TextureImporter) -> (artifact id: 'a780f8444cb7b81f4da8c942b0957278') in 0.0066756 seconds
Refreshing native plugins compatible for Editor in 3.80 ms, found 4 plugins.
Preloading 0 native plugins for Editor in 0.00 ms.
Asset Pipeline Refresh (id=4ec05d704d1ac5b44a2bd4974fa6dfbf): Total: 0.031 seconds - Initiated by StopAssetImportingV2(NoUpdateAssetOptions)
Start importing Assets/NoSafeCircle/DoorPrototype/Art/Wizard/Source/PixelLab/feminine-dark/selected/walk/south/frame_001.png using Guid(3cc54bcb32ceb70fdfe3d97b2ed85928) (TextureImporter) -> (artifact id: 'ab5162fdbb23621781ce7864d0ebabfd') in 0.004667 seconds
Refreshing native plugins compatible for Editor in 3.38 ms, found 4 plugins.
Preloading 0 native plugins for Editor in 0.00 ms.
Asset Pipeline Refresh (id=825950203d1a1da449e1761e731b47ad): Total: 0.024 seconds - Initiated by StopAssetImportingV2(NoUpdateAssetOptions)
Start importing Assets/NoSafeCircle/DoorPrototype/Art/Wizard/Source/PixelLab/feminine-dark/selected/walk/south/frame_001.png using Guid(3cc54bcb32ceb70fdfe3d97b2ed85928) (TextureImporter) -> (artifact id: 'ab5162fdbb23621781ce7864d0ebabfd') in 0.0045479 seconds
Refreshing native plugins compatible for Editor in 3.01 ms, found 4 plugins.
Preloading 0 native plugins for Editor in 0.00 ms.
Asset Pipeline Refresh (id=e4570aaa6036a1d47b3dfc626cef9e52): Total: 0.030 seconds - Initiated by StopAssetImportingV2(NoUpdateAssetOptions)
Start importing Assets/NoSafeCircle/DoorPrototype/Art/Wizard/Source/PixelLab/feminine-dark/selected/walk/south/frame_002.png using Guid(88323dab49fbb3a60ab21e993a394084) (TextureImporter) -> (artifact id: '6ee286073cd22b60e56923b5cb9d3c43') in 0.0051718 seconds
Refreshing native plugins compatible for Editor in 3.81 ms, found 4 plugins.
Preloading 0 native plugins for Editor in 0.00 ms.
Asset Pipeline Refresh (id=f83190162071dfb43b2824e40ed1353b): Total: 0.024 seconds - Initiated by StopAssetImportingV2(NoUpdateAssetOptions)
Start importing Assets/NoSafeCircle/DoorPrototype/Art/Wizard/Source/PixelLab/feminine-dark/selected/walk/south/frame_002.png using Guid(88323dab49fbb3a60ab21e993a394084) (TextureImporter) -> (artifact id: '6ee286073cd22b60e56923b5cb9d3c43') in 0.0062946 seconds
Refreshing native plugins compatible for Editor in 2.33 ms, found 4 plugins.
Preloading 0 native plugins for Editor in 0.00 ms.
Asset Pipeline Refresh (id=ffdfed1b9a836ce4697725957425fffa): Total: 0.025 seconds - Initiated by StopAssetImportingV2(NoUpdateAssetOptions)
Start importing Assets/NoSafeCircle/DoorPrototype/Art/Wizard/Source/PixelLab/feminine-dark/selected/walk/south/frame_003.png using Guid(3320b02af2c0f0e0111cc9e00357f894) (TextureImporter) -> (artifact id: 'cc59cc483a8e820d4bcf1a4d91cc5d34') in 0.0079589 seconds
Refreshing native plugins compatible for Editor in 2.88 ms, found 4 plugins.
Preloading 0 native plugins for Editor in 0.00 ms.
Asset Pipeline Refresh (id=4b289885dc66e1b4cad0c456ed7823b3): Total: 0.028 seconds - Initiated by StopAssetImportingV2(NoUpdateAssetOptions)
Start importing Assets/NoSafeCircle/DoorPrototype/Art/Wizard/Source/PixelLab/feminine-dark/selected/walk/south/frame_003.png using Guid(3320b02af2c0f0e0111cc9e00357f894) (TextureImporter) -> (artifact id: 'cc59cc483a8e820d4bcf1a4d91cc5d34') in 0.0068461 seconds
Refreshing native plugins compatible for Editor in 2.19 ms, found 4 plugins.
Preloading 0 native plugins for Editor in 0.00 ms.
Asset Pipeline Refresh (id=dcf4426f0376c7642acd2e3cedcb76e4): Total: 0.029 seconds - Initiated by StopAssetImportingV2(NoUpdateAssetOptions)
Start importing Assets/NoSafeCircle/DoorPrototype/Art/Wizard/Source/PixelLab/feminine-dark/selected/walk/south/frame_004.png using Guid(bf21332aedec8bc2bdf449fc1ca1538c) (TextureImporter) -> (artifact id: '88414e7154b92c9a15a330aad2f691bd') in 0.0051694 seconds
Refreshing native plugins compatible for Editor in 2.18 ms, found 4 plugins.
Preloading 0 native plugins for Editor in 0.00 ms.
Asset Pipeline Refresh (id=bc4a0ddfd41e7df48b33a146cd31f201): Total: 0.026 seconds - Initiated by StopAssetImportingV2(NoUpdateAssetOptions)
Start importing Assets/NoSafeCircle/DoorPrototype/Art/Wizard/Source/PixelLab/feminine-dark/selected/walk/south/frame_004.png using Guid(bf21332aedec8bc2bdf449fc1ca1538c) (TextureImporter) -> (artifact id: '88414e7154b92c9a15a330aad2f691bd') in 0.0046988 seconds
Refreshing native plugins compatible for Editor in 3.08 ms, found 4 plugins.
Preloading 0 native plugins for Editor in 0.00 ms.
Asset Pipeline Refresh (id=b9f3c437f3d81be48a86082465b05719): Total: 0.025 seconds - Initiated by StopAssetImportingV2(NoUpdateAssetOptions)
Start importing Assets/NoSafeCircle/DoorPrototype/Art/Wizard/Source/PixelLab/feminine-dark/selected/walk/south/frame_005.png using Guid(35b9c6e957612454b7446ee4d28e1895) (TextureImporter) -> (artifact id: '2da7a96440588c1b232f31e158a96255') in 0.0051429 seconds
Refreshing native plugins compatible for Editor in 2.46 ms, found 4 plugins.
Preloading 0 native plugins for Editor in 0.00 ms.
Asset Pipeline Refresh (id=409fe67f98ef4764eb063232480585b9): Total: 0.024 seconds - Initiated by StopAssetImportingV2(NoUpdateAssetOptions)
Start importing Assets/NoSafeCircle/DoorPrototype/Art/Wizard/Source/PixelLab/feminine-dark/selected/walk/south/frame_005.png using Guid(35b9c6e957612454b7446ee4d28e1895) (TextureImporter) -> (artifact id: '2da7a96440588c1b232f31e158a96255') in 0.004979 seconds
Refreshing native plugins compatible for Editor in 2.20 ms, found 4 plugins.
Preloading 0 native plugins for Editor in 0.00 ms.
Asset Pipeline Refresh (id=70da7b24cea2ce64ba17d73873e6c628): Total: 0.028 seconds - Initiated by StopAssetImportingV2(NoUpdateAssetOptions)
Start importing Assets/NoSafeCircle/DoorPrototype/Art/Wizard/Generated/Wizard_Feminine_Black_walk_south.anim using Guid(f0ec46e2d5b59ff40a7dcdca73eee7cc) (NativeFormatImporter) -> (artifact id: '0bc9680230b5cebc87459ffc38ec35ce') in 0.0029405 seconds
Refreshing native plugins compatible for Editor in 2.39 ms, found 4 plugins.
Preloading 0 native plugins for Editor in 0.00 ms.
Asset Pipeline Refresh (id=1928f3c0e71b6a840b5b9a6bbbae8f68): Total: 0.020 seconds - Initiated by StopAssetImportingV2(NoUpdateAssetOptions)
Start importing Assets/NoSafeCircle/DoorPrototype/Art/Wizard/Source/PixelLab/feminine-dark/selected/standing/south-west.png using Guid(d340bd93ea196354289606025f38f94d) (TextureImporter) -> (artifact id: 'f837691b8466871cabcca2d15ba6c6af') in 0.0067917 seconds
Refreshing native plugins compatible for Editor in 3.86 ms, found 4 plugins.
Preloading 0 native plugins for Editor in 0.00 ms.
Asset Pipeline Refresh (id=57743c6895f40eb4f851e6d307948d1f): Total: 0.029 seconds - Initiated by StopAssetImportingV2(NoUpdateAssetOptions)
Start importing Assets/NoSafeCircle/DoorPrototype/Art/Wizard/Source/PixelLab/feminine-dark/selected/standing/south-west.png using Guid(d340bd93ea196354289606025f38f94d) (TextureImporter) -> (artifact id: 'f837691b8466871cabcca2d15ba6c6af') in 0.0061082 seconds
Refreshing native plugins compatible for Editor in 2.19 ms, found 4 plugins.
Preloading 0 native plugins for Editor in 0.00 ms.
Asset Pipeline Refresh (id=87b4a102744bd8941a3e3a54de6b0bc5): Total: 0.027 seconds - Initiated by StopAssetImportingV2(NoUpdateAssetOptions)
Start importing Assets/NoSafeCircle/DoorPrototype/Art/Wizard/Generated/Wizard_Feminine_Black_idle_south-west.anim using Guid(bf261637b1d7d8d4ab5e51947309c429) (NativeFormatImporter) -> (artifact id: '217744601dc286ec5ea7ac1422d9783a') in 0.0021891 seconds
Refreshing native plugins compatible for Editor in 2.28 ms, found 4 plugins.
Preloading 0 native plugins for Editor in 0.00 ms.
Asset Pipeline Refresh (id=0b9f8530782c3834e9576397750cb1fb): Total: 0.019 seconds - Initiated by StopAssetImportingV2(NoUpdateAssetOptions)
Start importing Assets/NoSafeCircle/DoorPrototype/Art/Wizard/Source/PixelLab/feminine-dark/selected/walk/south-west/frame_000.png using Guid(e6869e02dfb3c8245b1f25e335eccc30) (TextureImporter) -> (artifact id: '017f6055c5bd8e23b9e8d9f8558efd73') in 0.0056233 seconds
Refreshing native plugins compatible for Editor in 3.51 ms, found 4 plugins.
Preloading 0 native plugins for Editor in 0.00 ms.
Asset Pipeline Refresh (id=9c949f69e750ade429fd1f3c5e376f82): Total: 0.025 seconds - Initiated by StopAssetImportingV2(NoUpdateAssetOptions)
Start importing Assets/NoSafeCircle/DoorPrototype/Art/Wizard/Source/PixelLab/feminine-dark/selected/walk/south-west/frame_000.png using Guid(e6869e02dfb3c8245b1f25e335eccc30) (TextureImporter) -> (artifact id: '017f6055c5bd8e23b9e8d9f8558efd73') in 0.004993 seconds
Refreshing native plugins compatible for Editor in 2.02 ms, found 4 plugins.
Preloading 0 native plugins for Editor in 0.00 ms.
Asset Pipeline Refresh (id=c1352f2e76fa1f84eb76abc6f44e924b): Total: 0.022 seconds - Initiated by StopAssetImportingV2(NoUpdateAssetOptions)
Start importing Assets/NoSafeCircle/DoorPrototype/Art/Wizard/Source/PixelLab/feminine-dark/selected/walk/south-west/frame_001.png using Guid(20b8291cd2748074f8e43235b7bd74ae) (TextureImporter) -> (artifact id: '2f49cfa8b705ba78624ee29c9d6be903') in 0.005549 seconds
Refreshing native plugins compatible for Editor in 2.02 ms, found 4 plugins.
Preloading 0 native plugins for Editor in 0.00 ms.
Asset Pipeline Refresh (id=becc47b47add3db439ae8292eb6c26b5): Total: 0.026 seconds - Initiated by StopAssetImportingV2(NoUpdateAssetOptions)
Start importing Assets/NoSafeCircle/DoorPrototype/Art/Wizard/Source/PixelLab/feminine-dark/selected/walk/south-west/frame_001.png using Guid(20b8291cd2748074f8e43235b7bd74ae) (TextureImporter) -> (artifact id: '2f49cfa8b705ba78624ee29c9d6be903') in 0.0040715 seconds
Refreshing native plugins compatible for Editor in 3.52 ms, found 4 plugins.
Preloading 0 native plugins for Editor in 0.00 ms.
Asset Pipeline Refresh (id=4ee4117f6a391304888bdab8b79e2b45): Total: 0.025 seconds - Initiated by StopAssetImportingV2(NoUpdateAssetOptions)
Start importing Assets/NoSafeCircle/DoorPrototype/Art/Wizard/Source/PixelLab/feminine-dark/selected/walk/south-west/frame_002.png using Guid(05e3fc8b77328f840b0fce4d8257eff1) (TextureImporter) -> (artifact id: '5797e5084779a3e33d0e3b9a561fb9c3') in 0.0044908 seconds
Refreshing native plugins compatible for Editor in 2.11 ms, found 4 plugins.
Preloading 0 native plugins for Editor in 0.00 ms.
Asset Pipeline Refresh (id=cf46f70009ba40348a38fe524ad563af): Total: 0.021 seconds - Initiated by StopAssetImportingV2(NoUpdateAssetOptions)
Start importing Assets/NoSafeCircle/DoorPrototype/Art/Wizard/Source/PixelLab/feminine-dark/selected/walk/south-west/frame_002.png using Guid(05e3fc8b77328f840b0fce4d8257eff1) (TextureImporter) -> (artifact id: '5797e5084779a3e33d0e3b9a561fb9c3') in 0.0044193 seconds
Refreshing native plugins compatible for Editor in 2.45 ms, found 4 plugins.
Preloading 0 native plugins for Editor in 0.00 ms.
Asset Pipeline Refresh (id=cf05098f9a167b94295667650772446b): Total: 0.025 seconds - Initiated by StopAssetImportingV2(NoUpdateAssetOptions)
Start importing Assets/NoSafeCircle/DoorPrototype/Art/Wizard/Source/PixelLab/feminine-dark/selected/walk/south-west/frame_003.png using Guid(892244fe00fae7b43a37a0eea50191ef) (TextureImporter) -> (artifact id: 'aab1e82c90bcd1db8501f10c7ce75945') in 0.0059909 seconds
Refreshing native plugins compatible for Editor in 2.45 ms, found 4 plugins.
Preloading 0 native plugins for Editor in 0.00 ms.
Asset Pipeline Refresh (id=57195c9bedb861b459a2621ab99f1999): Total: 0.030 seconds - Initiated by StopAssetImportingV2(NoUpdateAssetOptions)
Start importing Assets/NoSafeCircle/DoorPrototype/Art/Wizard/Source/PixelLab/feminine-dark/selected/walk/south-west/frame_003.png using Guid(892244fe00fae7b43a37a0eea50191ef) (TextureImporter) -> (artifact id: 'aab1e82c90bcd1db8501f10c7ce75945') in 0.0044435 seconds
Refreshing native plugins compatible for Editor in 3.12 ms, found 4 plugins.
Preloading 0 native plugins for Editor in 0.00 ms.
Asset Pipeline Refresh (id=998d032eb1653ee4eb6e952025c24ff4): Total: 0.027 seconds - Initiated by StopAssetImportingV2(NoUpdateAssetOptions)
Start importing Assets/NoSafeCircle/DoorPrototype/Art/Wizard/Source/PixelLab/feminine-dark/selected/walk/south-west/frame_004.png using Guid(6e335674cfa970648b41c4e47a1e9937) (TextureImporter) -> (artifact id: '8085a9e913bce88de6f52d1d0de71db5') in 0.0047501 seconds
Refreshing native plugins compatible for Editor in 4.82 ms, found 4 plugins.
Preloading 0 native plugins for Editor in 0.00 ms.
Asset Pipeline Refresh (id=42f91ee3499666547bfa3f98fc235fc3): Total: 0.029 seconds - Initiated by StopAssetImportingV2(NoUpdateAssetOptions)
Start importing Assets/NoSafeCircle/DoorPrototype/Art/Wizard/Source/PixelLab/feminine-dark/selected/walk/south-west/frame_004.png using Guid(6e335674cfa970648b41c4e47a1e9937) (TextureImporter) -> (artifact id: '8085a9e913bce88de6f52d1d0de71db5') in 0.0052937 seconds
Refreshing native plugins compatible for Editor in 3.45 ms, found 4 plugins.
Preloading 0 native plugins for Editor in 0.00 ms.
Asset Pipeline Refresh (id=abff77603a9d92948ae1c7afb5a54d7c): Total: 0.025 seconds - Initiated by StopAssetImportingV2(NoUpdateAssetOptions)
Start importing Assets/NoSafeCircle/DoorPrototype/Art/Wizard/Source/PixelLab/feminine-dark/selected/walk/south-west/frame_005.png using Guid(68e7669fb892bb94eb46a71acf7b786d) (TextureImporter) -> (artifact id: '356b1f5ba076c6d5a6398cad7978c967') in 0.0046235 seconds
Refreshing native plugins compatible for Editor in 2.55 ms, found 4 plugins.
Preloading 0 native plugins for Editor in 0.00 ms.
Asset Pipeline Refresh (id=2c1087b91c4c5ec43a798f8aca14ce49): Total: 0.023 seconds - Initiated by StopAssetImportingV2(NoUpdateAssetOptions)
Start importing Assets/NoSafeCircle/DoorPrototype/Art/Wizard/Source/PixelLab/feminine-dark/selected/walk/south-west/frame_005.png using Guid(68e7669fb892bb94eb46a71acf7b786d) (TextureImporter) -> (artifact id: '356b1f5ba076c6d5a6398cad7978c967') in 0.0040468 seconds
Refreshing native plugins compatible for Editor in 2.99 ms, found 4 plugins.
Preloading 0 native plugins for Editor in 0.00 ms.
Asset Pipeline Refresh (id=3d80301d7a9bc1e44872f286e0af5ca7): Total: 0.024 seconds - Initiated by StopAssetImportingV2(NoUpdateAssetOptions)
Start importing Assets/NoSafeCircle/DoorPrototype/Art/Wizard/Generated/Wizard_Feminine_Black_walk_south-west.anim using Guid(14b171285160a5e4f8a497ce88dac2e5) (NativeFormatImporter) -> (artifact id: '420cb8efab5266cf5e97e5e4e8fabda9') in 0.0033091 seconds
Refreshing native plugins compatible for Editor in 2.13 ms, found 4 plugins.
Preloading 0 native plugins for Editor in 0.00 ms.
Asset Pipeline Refresh (id=3b1fa1d5b27b101498778ea95b8e9c25): Total: 0.024 seconds - Initiated by StopAssetImportingV2(NoUpdateAssetOptions)
Start importing Assets/NoSafeCircle/DoorPrototype/Art/Wizard/Source/PixelLab/feminine-dark/selected/standing/west.png using Guid(6cc81d4fd67acb649b32359d6fc7cd2e) (TextureImporter) -> (artifact id: 'd02b0a988451053004fce71b6b6f9812') in 0.0070171 seconds
Refreshing native plugins compatible for Editor in 2.28 ms, found 4 plugins.
Preloading 0 native plugins for Editor in 0.00 ms.
Asset Pipeline Refresh (id=dedd716767990ef48a8c40a8d4dcb179): Total: 0.026 seconds - Initiated by StopAssetImportingV2(NoUpdateAssetOptions)
Start importing Assets/NoSafeCircle/DoorPrototype/Art/Wizard/Source/PixelLab/feminine-dark/selected/standing/west.png using Guid(6cc81d4fd67acb649b32359d6fc7cd2e) (TextureImporter) -> (artifact id: 'd02b0a988451053004fce71b6b6f9812') in 0.0068258 seconds
Refreshing native plugins compatible for Editor in 3.63 ms, found 4 plugins.
Preloading 0 native plugins for Editor in 0.00 ms.
Asset Pipeline Refresh (id=7c0db55918a5b204f8a109b3f3edc501): Total: 0.030 seconds - Initiated by StopAssetImportingV2(NoUpdateAssetOptions)
Start importing Assets/NoSafeCircle/DoorPrototype/Art/Wizard/Generated/Wizard_Feminine_Black_idle_west.anim using Guid(78cf5e541bb26c54e80172835e0b0f72) (NativeFormatImporter) -> (artifact id: '50058c696da1bc35e86dbc0fa1a193df') in 0.0034416 seconds
Refreshing native plugins compatible for Editor in 2.21 ms, found 4 plugins.
Preloading 0 native plugins for Editor in 0.00 ms.
Asset Pipeline Refresh (id=33d181b7d81dbe64e898db0f93982bd6): Total: 0.024 seconds - Initiated by StopAssetImportingV2(NoUpdateAssetOptions)
Start importing Assets/NoSafeCircle/DoorPrototype/Art/Wizard/Source/PixelLab/feminine-dark/selected/walk/west/frame_000.png using Guid(c08a2ca86a7880e693b66f46a1e3a6dc) (TextureImporter) -> (artifact id: 'fb057411bd98f09263303ec4c4303f70') in 0.0060155 seconds
Refreshing native plugins compatible for Editor in 3.54 ms, found 4 plugins.
Preloading 0 native plugins for Editor in 0.00 ms.
Asset Pipeline Refresh (id=8149bcc073be1e0408de8c4991c80e85): Total: 0.027 seconds - Initiated by StopAssetImportingV2(NoUpdateAssetOptions)
Start importing Assets/NoSafeCircle/DoorPrototype/Art/Wizard/Source/PixelLab/feminine-dark/selected/walk/west/frame_000.png using Guid(c08a2ca86a7880e693b66f46a1e3a6dc) (TextureImporter) -> (artifact id: 'fb057411bd98f09263303ec4c4303f70') in 0.0040391 seconds
Refreshing native plugins compatible for Editor in 2.23 ms, found 4 plugins.
Preloading 0 native plugins for Editor in 0.00 ms.
Asset Pipeline Refresh (id=4293c34231e5af043925f805e0b714f3): Total: 0.027 seconds - Initiated by StopAssetImportingV2(NoUpdateAssetOptions)
Start importing Assets/NoSafeCircle/DoorPrototype/Art/Wizard/Source/PixelLab/feminine-dark/selected/walk/west/frame_001.png using Guid(d1b15f425e0cc73926dc586e168bbb7f) (TextureImporter) -> (artifact id: '5c82981843acfb68c5c0363258092b95') in 0.0045508 seconds
Refreshing native plugins compatible for Editor in 2.21 ms, found 4 plugins.
Preloading 0 native plugins for Editor in 0.00 ms.
Asset Pipeline Refresh (id=aad98a1f315139d4eab6b890977b0bdb): Total: 0.021 seconds - Initiated by StopAssetImportingV2(NoUpdateAssetOptions)
Start importing Assets/NoSafeCircle/DoorPrototype/Art/Wizard/Source/PixelLab/feminine-dark/selected/walk/west/frame_001.png using Guid(d1b15f425e0cc73926dc586e168bbb7f) (TextureImporter) -> (artifact id: '5c82981843acfb68c5c0363258092b95') in 0.0041235 seconds
Refreshing native plugins compatible for Editor in 2.16 ms, found 4 plugins.
Preloading 0 native plugins for Editor in 0.00 ms.
Asset Pipeline Refresh (id=9bfe385e7471f7d4aaf2c736d8642b2a): Total: 0.022 seconds - Initiated by StopAssetImportingV2(NoUpdateAssetOptions)
Start importing Assets/NoSafeCircle/DoorPrototype/Art/Wizard/Source/PixelLab/feminine-dark/selected/walk/west/frame_002.png using Guid(15cebd780f294290758e202739728ec9) (TextureImporter) -> (artifact id: '52ea068cd3fe479b01cea8c15129e46e') in 0.0050259 seconds
Refreshing native plugins compatible for Editor in 2.33 ms, found 4 plugins.
Preloading 0 native plugins for Editor in 0.00 ms.
Asset Pipeline Refresh (id=0f119f6fa2cfb74448597dbd6166fd02): Total: 0.021 seconds - Initiated by StopAssetImportingV2(NoUpdateAssetOptions)
Start importing Assets/NoSafeCircle/DoorPrototype/Art/Wizard/Source/PixelLab/feminine-dark/selected/walk/west/frame_002.png using Guid(15cebd780f294290758e202739728ec9) (TextureImporter) -> (artifact id: '52ea068cd3fe479b01cea8c15129e46e') in 0.0043965 seconds
Refreshing native plugins compatible for Editor in 2.34 ms, found 4 plugins.
Preloading 0 native plugins for Editor in 0.00 ms.
Asset Pipeline Refresh (id=2608a3a218150d2429528cadf2a87528): Total: 0.027 seconds - Initiated by StopAssetImportingV2(NoUpdateAssetOptions)
Start importing Assets/NoSafeCircle/DoorPrototype/Art/Wizard/Source/PixelLab/feminine-dark/selected/walk/west/frame_003.png using Guid(f9cf3354fa3469425fc6bfadd8a71e9a) (TextureImporter) -> (artifact id: '21803a8ec59f50b2616bb027f4b1ae71') in 0.0042969 seconds
Refreshing native plugins compatible for Editor in 2.67 ms, found 4 plugins.
Preloading 0 native plugins for Editor in 0.00 ms.
Asset Pipeline Refresh (id=31158b41002d6d2489f6338b180c73b0): Total: 0.022 seconds - Initiated by StopAssetImportingV2(NoUpdateAssetOptions)
Start importing Assets/NoSafeCircle/DoorPrototype/Art/Wizard/Source/PixelLab/feminine-dark/selected/walk/west/frame_003.png using Guid(f9cf3354fa3469425fc6bfadd8a71e9a) (TextureImporter) -> (artifact id: '21803a8ec59f50b2616bb027f4b1ae71') in 0.0039257 seconds
Refreshing native plugins compatible for Editor in 2.11 ms, found 4 plugins.
Preloading 0 native plugins for Editor in 0.00 ms.
Asset Pipeline Refresh (id=b2041d71d00b8194d94cb3500aedf51e): Total: 0.021 seconds - Initiated by StopAssetImportingV2(NoUpdateAssetOptions)
Start importing Assets/NoSafeCircle/DoorPrototype/Art/Wizard/Source/PixelLab/feminine-dark/selected/walk/west/frame_004.png using Guid(eadf7956539eedbcb50b748d4a30f310) (TextureImporter) -> (artifact id: 'f954737b54bf15ab2bc5a766b59d5573') in 0.0044414 seconds
Refreshing native plugins compatible for Editor in 2.10 ms, found 4 plugins.
Preloading 0 native plugins for Editor in 0.00 ms.
Asset Pipeline Refresh (id=cf006424d1362c74da3f1d10bca1930f): Total: 0.021 seconds - Initiated by StopAssetImportingV2(NoUpdateAssetOptions)
Start importing Assets/NoSafeCircle/DoorPrototype/Art/Wizard/Source/PixelLab/feminine-dark/selected/walk/west/frame_004.png using Guid(eadf7956539eedbcb50b748d4a30f310) (TextureImporter) -> (artifact id: 'f954737b54bf15ab2bc5a766b59d5573') in 0.0039261 seconds
Refreshing native plugins compatible for Editor in 3.67 ms, found 4 plugins.
Preloading 0 native plugins for Editor in 0.00 ms.
Asset Pipeline Refresh (id=7f29a56466a407044b445a0117b77904): Total: 0.023 seconds - Initiated by StopAssetImportingV2(NoUpdateAssetOptions)
Start importing Assets/NoSafeCircle/DoorPrototype/Art/Wizard/Source/PixelLab/feminine-dark/selected/walk/west/frame_005.png using Guid(f8334a35d4b88ac9b5883c63f9b3b98a) (TextureImporter) -> (artifact id: '33d786f5d3cd4399fc97e9183692dbb8') in 0.0062569 seconds
Refreshing native plugins compatible for Editor in 2.10 ms, found 4 plugins.
Preloading 0 native plugins for Editor in 0.00 ms.
Asset Pipeline Refresh (id=27f19e31d97d6f84a89fa5cd53b7980c): Total: 0.024 seconds - Initiated by StopAssetImportingV2(NoUpdateAssetOptions)
Start importing Assets/NoSafeCircle/DoorPrototype/Art/Wizard/Source/PixelLab/feminine-dark/selected/walk/west/frame_005.png using Guid(f8334a35d4b88ac9b5883c63f9b3b98a) (TextureImporter) -> (artifact id: '33d786f5d3cd4399fc97e9183692dbb8') in 0.0056307 seconds
Refreshing native plugins compatible for Editor in 1.99 ms, found 4 plugins.
Preloading 0 native plugins for Editor in 0.00 ms.
Asset Pipeline Refresh (id=4f3de0b5905a4964cb5e87a2799136c3): Total: 0.025 seconds - Initiated by StopAssetImportingV2(NoUpdateAssetOptions)
Start importing Assets/NoSafeCircle/DoorPrototype/Art/Wizard/Generated/Wizard_Feminine_Black_walk_west.anim using Guid(9848f7bbcb30c0f45a5809ebcaef580a) (NativeFormatImporter) -> (artifact id: '2223f0ea74626af5317bcfed75ac7788') in 0.0023611 seconds
Refreshing native plugins compatible for Editor in 2.63 ms, found 4 plugins.
Preloading 0 native plugins for Editor in 0.00 ms.
Asset Pipeline Refresh (id=e8833cc6a7bbd604f82366545aff4d0c): Total: 0.019 seconds - Initiated by StopAssetImportingV2(NoUpdateAssetOptions)
Start importing Assets/NoSafeCircle/DoorPrototype/Art/Wizard/Source/PixelLab/feminine-dark/selected/standing/north-west.png using Guid(2769efd7b13347c4b8f686924823a27d) (TextureImporter) -> (artifact id: '13bfff9ddb194b4329aa7c38db0fe7ac') in 0.0058822 seconds
Refreshing native plugins compatible for Editor in 2.17 ms, found 4 plugins.
Preloading 0 native plugins for Editor in 0.00 ms.
Asset Pipeline Refresh (id=1f8d910b267ae8c4e89dd0d5eca919b2): Total: 0.030 seconds - Initiated by StopAssetImportingV2(NoUpdateAssetOptions)
Start importing Assets/NoSafeCircle/DoorPrototype/Art/Wizard/Source/PixelLab/feminine-dark/selected/standing/north-west.png using Guid(2769efd7b13347c4b8f686924823a27d) (TextureImporter) -> (artifact id: '13bfff9ddb194b4329aa7c38db0fe7ac') in 0.0056086 seconds
Refreshing native plugins compatible for Editor in 2.51 ms, found 4 plugins.
Preloading 0 native plugins for Editor in 0.00 ms.
Asset Pipeline Refresh (id=64b6ba867ce0da148aefbad1184d0f53): Total: 0.027 seconds - Initiated by StopAssetImportingV2(NoUpdateAssetOptions)
Start importing Assets/NoSafeCircle/DoorPrototype/Art/Wizard/Generated/Wizard_Feminine_Black_idle_north-west.anim using Guid(f361f02204528d1409ed0bb8ba3a11cf) (NativeFormatImporter) -> (artifact id: 'e0c0fe93ec292d37ff23e08ee10cd410') in 0.0028833 seconds
Refreshing native plugins compatible for Editor in 2.39 ms, found 4 plugins.
Preloading 0 native plugins for Editor in 0.00 ms.
Asset Pipeline Refresh (id=780b3997e2eeaa34a8daf6f1f7b400a0): Total: 0.024 seconds - Initiated by StopAssetImportingV2(NoUpdateAssetOptions)
Start importing Assets/NoSafeCircle/DoorPrototype/Art/Wizard/Source/PixelLab/feminine-dark/selected/walk/north-west/frame_000.png using Guid(b2d5757cf9982f6438b0a0968e942f4e) (TextureImporter) -> (artifact id: '570b8613bbaf6d761663b5a3fab2abf2') in 0.0057282 seconds
Refreshing native plugins compatible for Editor in 2.41 ms, found 4 plugins.
Preloading 0 native plugins for Editor in 0.00 ms.
Asset Pipeline Refresh (id=f9afc9be4b81ebd42b010a4f8eae8a51): Total: 0.027 seconds - Initiated by StopAssetImportingV2(NoUpdateAssetOptions)
Start importing Assets/NoSafeCircle/DoorPrototype/Art/Wizard/Source/PixelLab/feminine-dark/selected/walk/north-west/frame_000.png using Guid(b2d5757cf9982f6438b0a0968e942f4e) (TextureImporter) -> (artifact id: '570b8613bbaf6d761663b5a3fab2abf2') in 0.0043875 seconds
Refreshing native plugins compatible for Editor in 3.04 ms, found 4 plugins.
Preloading 0 native plugins for Editor in 0.00 ms.
Asset Pipeline Refresh (id=5dffbd7cf92d4d24787ac495835624bf): Total: 0.026 seconds - Initiated by StopAssetImportingV2(NoUpdateAssetOptions)
Start importing Assets/NoSafeCircle/DoorPrototype/Art/Wizard/Source/PixelLab/feminine-dark/selected/walk/north-west/frame_001.png using Guid(bacfb0912685f2c47be59332eecfb79f) (TextureImporter) -> (artifact id: '73504dcdd91efb77819539634f604906') in 0.0047254 seconds
Refreshing native plugins compatible for Editor in 2.04 ms, found 4 plugins.
Preloading 0 native plugins for Editor in 0.00 ms.
Asset Pipeline Refresh (id=03d4aa0f4ba3f8b458cc4e334ca43db1): Total: 0.023 seconds - Initiated by StopAssetImportingV2(NoUpdateAssetOptions)
Start importing Assets/NoSafeCircle/DoorPrototype/Art/Wizard/Source/PixelLab/feminine-dark/selected/walk/north-west/frame_001.png using Guid(bacfb0912685f2c47be59332eecfb79f) (TextureImporter) -> (artifact id: '73504dcdd91efb77819539634f604906') in 0.0037287 seconds
Refreshing native plugins compatible for Editor in 2.10 ms, found 4 plugins.
Preloading 0 native plugins for Editor in 0.00 ms.
Asset Pipeline Refresh (id=5a886d938c0c9194ba5683cae83dfb14): Total: 0.020 seconds - Initiated by StopAssetImportingV2(NoUpdateAssetOptions)
Start importing Assets/NoSafeCircle/DoorPrototype/Art/Wizard/Source/PixelLab/feminine-dark/selected/walk/north-west/frame_002.png using Guid(43641314ffd78644bbb8d79a9776b84c) (TextureImporter) -> (artifact id: '6b12d9beffe5c499e84ced32d564a466') in 0.0066269 seconds
Refreshing native plugins compatible for Editor in 2.50 ms, found 4 plugins.
Preloading 0 native plugins for Editor in 0.00 ms.
Asset Pipeline Refresh (id=d0bb5b0e95886db41b8ce79833a382aa): Total: 0.029 seconds - Initiated by StopAssetImportingV2(NoUpdateAssetOptions)
Start importing Assets/NoSafeCircle/DoorPrototype/Art/Wizard/Source/PixelLab/feminine-dark/selected/walk/north-west/frame_002.png using Guid(43641314ffd78644bbb8d79a9776b84c) (TextureImporter) -> (artifact id: '6b12d9beffe5c499e84ced32d564a466') in 0.0041825 seconds
Refreshing native plugins compatible for Editor in 2.20 ms, found 4 plugins.
Preloading 0 native plugins for Editor in 0.00 ms.
Asset Pipeline Refresh (id=b0972975affe9ea41b90127f5b1e06b0): Total: 0.027 seconds - Initiated by StopAssetImportingV2(NoUpdateAssetOptions)
Start importing Assets/NoSafeCircle/DoorPrototype/Art/Wizard/Source/PixelLab/feminine-dark/selected/walk/north-west/frame_003.png using Guid(61e25e85aead3e74cb96a92501bf59ed) (TextureImporter) -> (artifact id: '36cb1416060f8d14e4b91fde83d805bb') in 0.0043115 seconds
Refreshing native plugins compatible for Editor in 2.81 ms, found 4 plugins.
Preloading 0 native plugins for Editor in 0.00 ms.
Asset Pipeline Refresh (id=5099e8255f0dac444bc341eabf655484): Total: 0.023 seconds - Initiated by StopAssetImportingV2(NoUpdateAssetOptions)
Start importing Assets/NoSafeCircle/DoorPrototype/Art/Wizard/Source/PixelLab/feminine-dark/selected/walk/north-west/frame_003.png using Guid(61e25e85aead3e74cb96a92501bf59ed) (TextureImporter) -> (artifact id: '36cb1416060f8d14e4b91fde83d805bb') in 0.0043315 seconds
Refreshing native plugins compatible for Editor in 2.27 ms, found 4 plugins.
Preloading 0 native plugins for Editor in 0.00 ms.
Asset Pipeline Refresh (id=450f74189b26aaa4d9c794834895434a): Total: 0.023 seconds - Initiated by StopAssetImportingV2(NoUpdateAssetOptions)
Start importing Assets/NoSafeCircle/DoorPrototype/Art/Wizard/Source/PixelLab/feminine-dark/selected/walk/north-west/frame_004.png using Guid(cba25ac15602f0e4e823186fb93689ee) (TextureImporter) -> (artifact id: '18c07f9a86ea4367206ce07e07f9c020') in 0.0050527 seconds
Refreshing native plugins compatible for Editor in 2.22 ms, found 4 plugins.
Preloading 0 native plugins for Editor in 0.00 ms.
Asset Pipeline Refresh (id=1fe77f3337acce844a8644abac064a91): Total: 0.022 seconds - Initiated by StopAssetImportingV2(NoUpdateAssetOptions)
Start importing Assets/NoSafeCircle/DoorPrototype/Art/Wizard/Source/PixelLab/feminine-dark/selected/walk/north-west/frame_004.png using Guid(cba25ac15602f0e4e823186fb93689ee) (TextureImporter) -> (artifact id: '18c07f9a86ea4367206ce07e07f9c020') in 0.0046679 seconds
Refreshing native plugins compatible for Editor in 2.13 ms, found 4 plugins.
Preloading 0 native plugins for Editor in 0.00 ms.
Asset Pipeline Refresh (id=7810e2588cb106e44a78fa7ede7b3411): Total: 0.023 seconds - Initiated by StopAssetImportingV2(NoUpdateAssetOptions)
Start importing Assets/NoSafeCircle/DoorPrototype/Art/Wizard/Source/PixelLab/feminine-dark/selected/walk/north-west/frame_005.png using Guid(ee707e37c718b5746a0aa049cf661457) (TextureImporter) -> (artifact id: '857fe1122242a01f5b96c5a7e2ac70a8') in 0.0059051 seconds
Refreshing native plugins compatible for Editor in 2.08 ms, found 4 plugins.
Preloading 0 native plugins for Editor in 0.00 ms.
Asset Pipeline Refresh (id=71a0ff5e93d0f234c83dc0edab313053): Total: 0.022 seconds - Initiated by StopAssetImportingV2(NoUpdateAssetOptions)
Start importing Assets/NoSafeCircle/DoorPrototype/Art/Wizard/Source/PixelLab/feminine-dark/selected/walk/north-west/frame_005.png using Guid(ee707e37c718b5746a0aa049cf661457) (TextureImporter) -> (artifact id: '857fe1122242a01f5b96c5a7e2ac70a8') in 0.0041441 seconds
Refreshing native plugins compatible for Editor in 2.28 ms, found 4 plugins.
Preloading 0 native plugins for Editor in 0.00 ms.
Asset Pipeline Refresh (id=3129fac813cc78a4cb55ca81f87f42aa): Total: 0.021 seconds - Initiated by StopAssetImportingV2(NoUpdateAssetOptions)
Start importing Assets/NoSafeCircle/DoorPrototype/Art/Wizard/Generated/Wizard_Feminine_Black_walk_north-west.anim using Guid(72332a3000f552f4f91ad3412153d01c) (NativeFormatImporter) -> (artifact id: 'a4cee882528f8335d008583b95f0119d') in 0.0028047 seconds
Refreshing native plugins compatible for Editor in 3.05 ms, found 4 plugins.
Preloading 0 native plugins for Editor in 0.00 ms.
Asset Pipeline Refresh (id=409a45d2d675efa42b6b7ab830898977): Total: 0.023 seconds - Initiated by StopAssetImportingV2(NoUpdateAssetOptions)
Start importing Assets/NoSafeCircle/DoorPrototype/Art/Wizard/Generated/WizardAnimator.controller using Guid(f3086ed4e66bdda44ae036148ba6f2e5) (NativeFormatImporter) -> (artifact id: '1df48ffbdfc14a6e9aa5fcea942f5f9c') in 0.0023252 seconds
Refreshing native plugins compatible for Editor in 2.10 ms, found 4 plugins.
Preloading 0 native plugins for Editor in 0.00 ms.
Asset Pipeline Refresh (id=5651fedaba7fbea45afe979330f6fca6): Total: 0.019 seconds - Initiated by StopAssetImportingV2(NoUpdateAssetOptions)
Start importing Assets/NoSafeCircle/DoorPrototype/Art/Enemies/Source/enemy_melee_n_idle_00.png using Guid(02ed6521632172d458526e95c370f4a0) (TextureImporter) -> (artifact id: '6aeea9df36fa60aba9823d93c73f3edd') in 0.0036455 seconds
Refreshing native plugins compatible for Editor in 2.29 ms, found 4 plugins.
Preloading 0 native plugins for Editor in 0.00 ms.
Asset Pipeline Refresh (id=f0fc7172481ed384c9721d84010321b2): Total: 0.028 seconds - Initiated by StopAssetImportingV2(NoUpdateAssetOptions)
Start importing Assets/NoSafeCircle/DoorPrototype/Art/Enemies/Source/enemy_melee_n_idle_00.png using Guid(02ed6521632172d458526e95c370f4a0) (TextureImporter) -> (artifact id: '6aeea9df36fa60aba9823d93c73f3edd') in 0.003342 seconds
Refreshing native plugins compatible for Editor in 2.15 ms, found 4 plugins.
Preloading 0 native plugins for Editor in 0.00 ms.
Asset Pipeline Refresh (id=c203c60a45f54e744a6886ad277972dc): Total: 0.022 seconds - Initiated by StopAssetImportingV2(NoUpdateAssetOptions)
Start importing Assets/NoSafeCircle/DoorPrototype/Art/Enemies/Source/Walk/enemy_melee_n_walk_00.png using Guid(83c42a2839f6823419ffa91bfae75a10) (TextureImporter) -> (artifact id: '52b26cf7c8421b3fb6a5f2f07b634f44') in 0.0958243 seconds
Refreshing native plugins compatible for Editor in 2.58 ms, found 4 plugins.
Preloading 0 native plugins for Editor in 0.00 ms.
Asset Pipeline Refresh (id=42d0706bd0bd6814393fdb087033b0f0): Total: 0.114 seconds - Initiated by StopAssetImportingV2(NoUpdateAssetOptions)
Start importing Assets/NoSafeCircle/DoorPrototype/Art/Enemies/Source/Walk/enemy_melee_n_walk_00.png using Guid(83c42a2839f6823419ffa91bfae75a10) (TextureImporter) -> (artifact id: '52b26cf7c8421b3fb6a5f2f07b634f44') in 0.0037579 seconds
Refreshing native plugins compatible for Editor in 2.25 ms, found 4 plugins.
Preloading 0 native plugins for Editor in 0.00 ms.
Asset Pipeline Refresh (id=f2bcbec682eb1f84ba405d4bd1d3885d): Total: 0.023 seconds - Initiated by StopAssetImportingV2(NoUpdateAssetOptions)
Start importing Assets/NoSafeCircle/DoorPrototype/Art/Enemies/Source/Walk/enemy_melee_n_walk_01.png using Guid(dfe9e48df57f812479bb951374ae147d) (TextureImporter) -> (artifact id: 'ddeff2620c3c9f4249bbb1b7cdb26acd') in 0.0046676 seconds
Refreshing native plugins compatible for Editor in 2.08 ms, found 4 plugins.
Preloading 0 native plugins for Editor in 0.00 ms.
Asset Pipeline Refresh (id=251fbf5ffdda4fc4ab1064d2888e3fb8): Total: 0.023 seconds - Initiated by StopAssetImportingV2(NoUpdateAssetOptions)
Start importing Assets/NoSafeCircle/DoorPrototype/Art/Enemies/Source/Walk/enemy_melee_n_walk_01.png using Guid(dfe9e48df57f812479bb951374ae147d) (TextureImporter) -> (artifact id: 'ddeff2620c3c9f4249bbb1b7cdb26acd') in 0.0040453 seconds
Refreshing native plugins compatible for Editor in 2.21 ms, found 4 plugins.
Preloading 0 native plugins for Editor in 0.00 ms.
Asset Pipeline Refresh (id=814b4ea22324e0042b91753c08747f9f): Total: 0.022 seconds - Initiated by StopAssetImportingV2(NoUpdateAssetOptions)
Start importing Assets/NoSafeCircle/DoorPrototype/Art/Enemies/Source/Walk/enemy_melee_n_walk_02.png using Guid(543628641b4da1b4b89a17840c92dcee) (TextureImporter) -> (artifact id: '94fc868d5dfa39aef2d2063ffc8f9fc4') in 0.0044196 seconds
Refreshing native plugins compatible for Editor in 2.03 ms, found 4 plugins.
Preloading 0 native plugins for Editor in 0.00 ms.
Asset Pipeline Refresh (id=61cbaaf34e0eece4e978773693fda28e): Total: 0.022 seconds - Initiated by StopAssetImportingV2(NoUpdateAssetOptions)
Start importing Assets/NoSafeCircle/DoorPrototype/Art/Enemies/Source/Walk/enemy_melee_n_walk_02.png using Guid(543628641b4da1b4b89a17840c92dcee) (TextureImporter) -> (artifact id: '94fc868d5dfa39aef2d2063ffc8f9fc4') in 0.0039377 seconds
Refreshing native plugins compatible for Editor in 2.28 ms, found 4 plugins.
Preloading 0 native plugins for Editor in 0.00 ms.
Asset Pipeline Refresh (id=0ec91a938d2991b4aba7e7f5fe58663b): Total: 0.021 seconds - Initiated by StopAssetImportingV2(NoUpdateAssetOptions)
Start importing Assets/NoSafeCircle/DoorPrototype/Art/Enemies/Source/Walk/enemy_melee_n_walk_03.png using Guid(08ab81e5ee19c7b4893abd8b41ab98fb) (TextureImporter) -> (artifact id: 'b30ce1d34765569c3680c15c72d447fc') in 0.0052514 seconds
Refreshing native plugins compatible for Editor in 3.60 ms, found 4 plugins.
Preloading 0 native plugins for Editor in 0.00 ms.
Asset Pipeline Refresh (id=29f9dd1df2e1bc441aa4f642cbd163ca): Total: 0.022 seconds - Initiated by StopAssetImportingV2(NoUpdateAssetOptions)
Start importing Assets/NoSafeCircle/DoorPrototype/Art/Enemies/Source/Walk/enemy_melee_n_walk_03.png using Guid(08ab81e5ee19c7b4893abd8b41ab98fb) (TextureImporter) -> (artifact id: 'b30ce1d34765569c3680c15c72d447fc') in 0.0036308 seconds
Refreshing native plugins compatible for Editor in 2.03 ms, found 4 plugins.
Preloading 0 native plugins for Editor in 0.00 ms.
Asset Pipeline Refresh (id=b9df4913772b8e946b55646fa8926a5d): Total: 0.022 seconds - Initiated by StopAssetImportingV2(NoUpdateAssetOptions)
Start importing Assets/NoSafeCircle/DoorPrototype/Art/Enemies/Source/Walk/enemy_melee_n_walk_04.png using Guid(7b3f78f44e5c5474b89caab4d3212909) (TextureImporter) -> (artifact id: '08d69030aaa5faf8eb735c39b93a7d73') in 0.0044534 seconds
Refreshing native plugins compatible for Editor in 2.04 ms, found 4 plugins.
Preloading 0 native plugins for Editor in 0.00 ms.
Asset Pipeline Refresh (id=615395affac8d6a4cab82033ca25a4ee): Total: 0.021 seconds - Initiated by StopAssetImportingV2(NoUpdateAssetOptions)
Start importing Assets/NoSafeCircle/DoorPrototype/Art/Enemies/Source/Walk/enemy_melee_n_walk_04.png using Guid(7b3f78f44e5c5474b89caab4d3212909) (TextureImporter) -> (artifact id: '08d69030aaa5faf8eb735c39b93a7d73') in 0.0036677 seconds
Refreshing native plugins compatible for Editor in 2.45 ms, found 4 plugins.
Preloading 0 native plugins for Editor in 0.00 ms.
Asset Pipeline Refresh (id=1360c61f54227b942a55122dd105e794): Total: 0.021 seconds - Initiated by StopAssetImportingV2(NoUpdateAssetOptions)
Start importing Assets/NoSafeCircle/DoorPrototype/Art/Enemies/Source/Walk/enemy_melee_n_walk_05.png using Guid(590361ebb4fdf3141a20b70ce88b795c) (TextureImporter) -> (artifact id: '257adb89dc677f1a41ecf3132f33b65a') in 0.0042761 seconds
Refreshing native plugins compatible for Editor in 2.21 ms, found 4 plugins.
Preloading 0 native plugins for Editor in 0.00 ms.
Asset Pipeline Refresh (id=cb64fc27a3f0239488bbc712c6e7d2f7): Total: 0.021 seconds - Initiated by StopAssetImportingV2(NoUpdateAssetOptions)
Start importing Assets/NoSafeCircle/DoorPrototype/Art/Enemies/Source/Walk/enemy_melee_n_walk_05.png using Guid(590361ebb4fdf3141a20b70ce88b795c) (TextureImporter) -> (artifact id: '257adb89dc677f1a41ecf3132f33b65a') in 0.0040819 seconds
Refreshing native plugins compatible for Editor in 2.66 ms, found 4 plugins.
Preloading 0 native plugins for Editor in 0.00 ms.
Asset Pipeline Refresh (id=a73a11eeb31433549ba667c8cefedb2a): Total: 0.024 seconds - Initiated by StopAssetImportingV2(NoUpdateAssetOptions)
Start importing Assets/NoSafeCircle/DoorPrototype/Art/Enemies/Source/enemy_melee_ne_idle_00.png using Guid(9e05e08a75c2cc04cba7162d7e122cd5) (TextureImporter) -> (artifact id: '82d8a6ceb53dc66ae3101d2b927e0be8') in 0.0037706 seconds
Refreshing native plugins compatible for Editor in 2.03 ms, found 4 plugins.
Preloading 0 native plugins for Editor in 0.00 ms.
Asset Pipeline Refresh (id=34c1c65f31206a547a568fe62487934f): Total: 0.023 seconds - Initiated by StopAssetImportingV2(NoUpdateAssetOptions)
Start importing Assets/NoSafeCircle/DoorPrototype/Art/Enemies/Source/enemy_melee_ne_idle_00.png using Guid(9e05e08a75c2cc04cba7162d7e122cd5) (TextureImporter) -> (artifact id: '82d8a6ceb53dc66ae3101d2b927e0be8') in 0.0031981 seconds
Refreshing native plugins compatible for Editor in 2.18 ms, found 4 plugins.
Preloading 0 native plugins for Editor in 0.00 ms.
Asset Pipeline Refresh (id=fb88e767d6db46646b68b84490d46445): Total: 0.020 seconds - Initiated by StopAssetImportingV2(NoUpdateAssetOptions)
Start importing Assets/NoSafeCircle/DoorPrototype/Art/Enemies/Source/Walk/enemy_melee_ne_walk_00.png using Guid(d9197702d17f42f46940daa1e299150f) (TextureImporter) -> (artifact id: '148037a2d127d9b0789ed18e938f8d59') in 0.0044716 seconds
Refreshing native plugins compatible for Editor in 2.18 ms, found 4 plugins.
Preloading 0 native plugins for Editor in 0.00 ms.
Asset Pipeline Refresh (id=76e74faaa7fa9a74fbcf8985caa24f78): Total: 0.021 seconds - Initiated by StopAssetImportingV2(NoUpdateAssetOptions)
Start importing Assets/NoSafeCircle/DoorPrototype/Art/Enemies/Source/Walk/enemy_melee_ne_walk_00.png using Guid(d9197702d17f42f46940daa1e299150f) (TextureImporter) -> (artifact id: '148037a2d127d9b0789ed18e938f8d59') in 0.0060913 seconds
Refreshing native plugins compatible for Editor in 3.25 ms, found 4 plugins.
Preloading 0 native plugins for Editor in 0.00 ms.
Asset Pipeline Refresh (id=c9285649213e5c0428b3ae54509b3688): Total: 0.024 seconds - Initiated by StopAssetImportingV2(NoUpdateAssetOptions)
Start importing Assets/NoSafeCircle/DoorPrototype/Art/Enemies/Source/Walk/enemy_melee_ne_walk_01.png using Guid(23d9c6ce6e08f6c45b85a0aadc8245f1) (TextureImporter) -> (artifact id: '7179e0c5878722639f4be0882d9c638b') in 0.0041451 seconds
Refreshing native plugins compatible for Editor in 2.25 ms, found 4 plugins.
Preloading 0 native plugins for Editor in 0.00 ms.
Asset Pipeline Refresh (id=63843766c532a544f99e2c88bfed5efe): Total: 0.021 seconds - Initiated by StopAssetImportingV2(NoUpdateAssetOptions)
Start importing Assets/NoSafeCircle/DoorPrototype/Art/Enemies/Source/Walk/enemy_melee_ne_walk_01.png using Guid(23d9c6ce6e08f6c45b85a0aadc8245f1) (TextureImporter) -> (artifact id: '7179e0c5878722639f4be0882d9c638b') in 0.0040507 seconds
Refreshing native plugins compatible for Editor in 2.13 ms, found 4 plugins.
Preloading 0 native plugins for Editor in 0.00 ms.
Asset Pipeline Refresh (id=668bfcfcd5120234bac88e071adfc563): Total: 0.024 seconds - Initiated by StopAssetImportingV2(NoUpdateAssetOptions)
Start importing Assets/NoSafeCircle/DoorPrototype/Art/Enemies/Source/Walk/enemy_melee_ne_walk_02.png using Guid(0e736d1fecf10c945a4868842878134e) (TextureImporter) -> (artifact id: 'd7698719031638798de4da433e60f0cb') in 0.0042244 seconds
Refreshing native plugins compatible for Editor in 3.00 ms, found 4 plugins.
Preloading 0 native plugins for Editor in 0.00 ms.
Asset Pipeline Refresh (id=ba43cb59199ade44b8a83697947f3313): Total: 0.022 seconds - Initiated by StopAssetImportingV2(NoUpdateAssetOptions)
Start importing Assets/NoSafeCircle/DoorPrototype/Art/Enemies/Source/Walk/enemy_melee_ne_walk_02.png using Guid(0e736d1fecf10c945a4868842878134e) (TextureImporter) -> (artifact id: 'd7698719031638798de4da433e60f0cb') in 0.0041085 seconds
Refreshing native plugins compatible for Editor in 2.16 ms, found 4 plugins.
Preloading 0 native plugins for Editor in 0.00 ms.
Asset Pipeline Refresh (id=fb5be26e6b503a64eb458ee4e7b8c3be): Total: 0.025 seconds - Initiated by StopAssetImportingV2(NoUpdateAssetOptions)
Start importing Assets/NoSafeCircle/DoorPrototype/Art/Enemies/Source/Walk/enemy_melee_ne_walk_03.png using Guid(b770e8a95f1e9d14e9ff932783505b4e) (TextureImporter) -> (artifact id: '68698fc3d0451674d21aa89c61d311f3') in 0.0045142 seconds
Refreshing native plugins compatible for Editor in 2.17 ms, found 4 plugins.
Preloading 0 native plugins for Editor in 0.00 ms.
Asset Pipeline Refresh (id=185829783e8823a4c93c70c9c0799a30): Total: 0.021 seconds - Initiated by StopAssetImportingV2(NoUpdateAssetOptions)
Start importing Assets/NoSafeCircle/DoorPrototype/Art/Enemies/Source/Walk/enemy_melee_ne_walk_03.png using Guid(b770e8a95f1e9d14e9ff932783505b4e) (TextureImporter) -> (artifact id: '68698fc3d0451674d21aa89c61d311f3') in 0.0046938 seconds
Refreshing native plugins compatible for Editor in 2.54 ms, found 4 plugins.
Preloading 0 native plugins for Editor in 0.00 ms.
Asset Pipeline Refresh (id=3b2da9c7f1e73f841982d5e6ef602e78): Total: 0.024 seconds - Initiated by StopAssetImportingV2(NoUpdateAssetOptions)
Start importing Assets/NoSafeCircle/DoorPrototype/Art/Enemies/Source/Walk/enemy_melee_ne_walk_04.png using Guid(f4b3b5a6ac3c8c04bbacd17e77f9e1a1) (TextureImporter) -> (artifact id: '0f323fc72d2fc24a5988f5e0a8fdd5bd') in 0.0071402 seconds
Refreshing native plugins compatible for Editor in 2.28 ms, found 4 plugins.
Preloading 0 native plugins for Editor in 0.00 ms.
Asset Pipeline Refresh (id=b9ae56285f3b925479a629a7ee286f83): Total: 0.027 seconds - Initiated by StopAssetImportingV2(NoUpdateAssetOptions)
Start importing Assets/NoSafeCircle/DoorPrototype/Art/Enemies/Source/Walk/enemy_melee_ne_walk_04.png using Guid(f4b3b5a6ac3c8c04bbacd17e77f9e1a1) (TextureImporter) -> (artifact id: '0f323fc72d2fc24a5988f5e0a8fdd5bd') in 0.0037778 seconds
Refreshing native plugins compatible for Editor in 2.15 ms, found 4 plugins.
Preloading 0 native plugins for Editor in 0.00 ms.
Asset Pipeline Refresh (id=61a9922489b818b499267ee61eb5fa79): Total: 0.022 seconds - Initiated by StopAssetImportingV2(NoUpdateAssetOptions)
Start importing Assets/NoSafeCircle/DoorPrototype/Art/Enemies/Source/Walk/enemy_melee_ne_walk_05.png using Guid(abc24b5068748854bab8633f16b8979f) (TextureImporter) -> (artifact id: 'ca8b4d808376c86626eeacab81fc457f') in 0.0040327 seconds
Refreshing native plugins compatible for Editor in 3.75 ms, found 4 plugins.
Preloading 0 native plugins for Editor in 0.00 ms.
Asset Pipeline Refresh (id=98575ab8c3f988543a9cd312ddc8e5cd): Total: 0.022 seconds - Initiated by StopAssetImportingV2(NoUpdateAssetOptions)
Start importing Assets/NoSafeCircle/DoorPrototype/Art/Enemies/Source/Walk/enemy_melee_ne_walk_05.png using Guid(abc24b5068748854bab8633f16b8979f) (TextureImporter) -> (artifact id: 'ca8b4d808376c86626eeacab81fc457f') in 0.0045945 seconds
Refreshing native plugins compatible for Editor in 3.06 ms, found 4 plugins.
Preloading 0 native plugins for Editor in 0.00 ms.
Asset Pipeline Refresh (id=99bb4106b83924b4c863a5571daab4f8): Total: 0.026 seconds - Initiated by StopAssetImportingV2(NoUpdateAssetOptions)
Start importing Assets/NoSafeCircle/DoorPrototype/Art/Enemies/Source/enemy_melee_e_idle_00.png using Guid(ea5e7b274096c0644926cb40df94c345) (TextureImporter) -> (artifact id: '9c73112a2efbacca9d8faacd507ad4f1') in 0.0057941 seconds
Refreshing native plugins compatible for Editor in 2.11 ms, found 4 plugins.
Preloading 0 native plugins for Editor in 0.00 ms.
Asset Pipeline Refresh (id=0bef00f38e5d1964eb885cf39d54259b): Total: 0.023 seconds - Initiated by StopAssetImportingV2(NoUpdateAssetOptions)
Start importing Assets/NoSafeCircle/DoorPrototype/Art/Enemies/Source/enemy_melee_e_idle_00.png using Guid(ea5e7b274096c0644926cb40df94c345) (TextureImporter) -> (artifact id: '9c73112a2efbacca9d8faacd507ad4f1') in 0.0032827 seconds
Refreshing native plugins compatible for Editor in 3.02 ms, found 4 plugins.
Preloading 0 native plugins for Editor in 0.00 ms.
Asset Pipeline Refresh (id=ccec09fcaadbbff4cb99e6b54c5b357e): Total: 0.020 seconds - Initiated by StopAssetImportingV2(NoUpdateAssetOptions)
Start importing Assets/NoSafeCircle/DoorPrototype/Art/Enemies/Source/Walk/enemy_melee_e_walk_00.png using Guid(fb9bd9a74c07f1b43a9ff07b57a39fe5) (TextureImporter) -> (artifact id: '24653440b8166808d59d3a2f42060a05') in 0.0056542 seconds
Refreshing native plugins compatible for Editor in 3.12 ms, found 4 plugins.
Preloading 0 native plugins for Editor in 0.00 ms.
Asset Pipeline Refresh (id=471d698b93e0e724083496d84af5ad22): Total: 0.027 seconds - Initiated by StopAssetImportingV2(NoUpdateAssetOptions)
Start importing Assets/NoSafeCircle/DoorPrototype/Art/Enemies/Source/Walk/enemy_melee_e_walk_00.png using Guid(fb9bd9a74c07f1b43a9ff07b57a39fe5) (TextureImporter) -> (artifact id: '24653440b8166808d59d3a2f42060a05') in 0.0047003 seconds
Refreshing native plugins compatible for Editor in 2.63 ms, found 4 plugins.
Preloading 0 native plugins for Editor in 0.00 ms.
Asset Pipeline Refresh (id=f7ed2ec4eb1f6d64f841ef31ee9adff3): Total: 0.022 seconds - Initiated by StopAssetImportingV2(NoUpdateAssetOptions)
Start importing Assets/NoSafeCircle/DoorPrototype/Art/Enemies/Source/Walk/enemy_melee_e_walk_01.png using Guid(f80a3412123f921488f95687d4707416) (TextureImporter) -> (artifact id: '015c6a5132ced68eecc6e24cb78bd3df') in 0.0041449 seconds
Refreshing native plugins compatible for Editor in 2.55 ms, found 4 plugins.
Preloading 0 native plugins for Editor in 0.00 ms.
Asset Pipeline Refresh (id=a28ae7c40dcbe0e4582ba63192e6a566): Total: 0.024 seconds - Initiated by StopAssetImportingV2(NoUpdateAssetOptions)
Start importing Assets/NoSafeCircle/DoorPrototype/Art/Enemies/Source/Walk/enemy_melee_e_walk_01.png using Guid(f80a3412123f921488f95687d4707416) (TextureImporter) -> (artifact id: '015c6a5132ced68eecc6e24cb78bd3df') in 0.0050364 seconds
Refreshing native plugins compatible for Editor in 2.16 ms, found 4 plugins.
Preloading 0 native plugins for Editor in 0.00 ms.
Asset Pipeline Refresh (id=1f25a5609534ce24682b23b446bc1351): Total: 0.022 seconds - Initiated by StopAssetImportingV2(NoUpdateAssetOptions)
Start importing Assets/NoSafeCircle/DoorPrototype/Art/Enemies/Source/Walk/enemy_melee_e_walk_02.png using Guid(d20304b4112f8db4fb75af2b96899b33) (TextureImporter) -> (artifact id: 'd7ca9d7cae227b902cfcb6d59e17569e') in 0.005214 seconds
Refreshing native plugins compatible for Editor in 2.27 ms, found 4 plugins.
Preloading 0 native plugins for Editor in 0.00 ms.
Asset Pipeline Refresh (id=63e84def868c55b4a87565358e359f81): Total: 0.023 seconds - Initiated by StopAssetImportingV2(NoUpdateAssetOptions)
Start importing Assets/NoSafeCircle/DoorPrototype/Art/Enemies/Source/Walk/enemy_melee_e_walk_02.png using Guid(d20304b4112f8db4fb75af2b96899b33) (TextureImporter) -> (artifact id: 'd7ca9d7cae227b902cfcb6d59e17569e') in 0.0052662 seconds
Refreshing native plugins compatible for Editor in 2.81 ms, found 4 plugins.
Preloading 0 native plugins for Editor in 0.00 ms.
Asset Pipeline Refresh (id=6a6e9c847c22a3b47aad1bb7c8fcf409): Total: 0.023 seconds - Initiated by StopAssetImportingV2(NoUpdateAssetOptions)
Start importing Assets/NoSafeCircle/DoorPrototype/Art/Enemies/Source/Walk/enemy_melee_e_walk_03.png using Guid(bbe1faee4aae15846b2bec621089d937) (TextureImporter) -> (artifact id: '9e2604df03c4e9288801982cbe47cd45') in 0.004846 seconds
Refreshing native plugins compatible for Editor in 2.15 ms, found 4 plugins.
Preloading 0 native plugins for Editor in 0.00 ms.
Asset Pipeline Refresh (id=e8a654f223cc022448b0d8d20d3dc2dc): Total: 0.022 seconds - Initiated by StopAssetImportingV2(NoUpdateAssetOptions)
Start importing Assets/NoSafeCircle/DoorPrototype/Art/Enemies/Source/Walk/enemy_melee_e_walk_03.png using Guid(bbe1faee4aae15846b2bec621089d937) (TextureImporter) -> (artifact id: '9e2604df03c4e9288801982cbe47cd45') in 0.0050534 seconds
Refreshing native plugins compatible for Editor in 2.35 ms, found 4 plugins.
Preloading 0 native plugins for Editor in 0.00 ms.
Asset Pipeline Refresh (id=06783e2662531ff48892adda622b5c48): Total: 0.023 seconds - Initiated by StopAssetImportingV2(NoUpdateAssetOptions)
Start importing Assets/NoSafeCircle/DoorPrototype/Art/Enemies/Source/Walk/enemy_melee_e_walk_04.png using Guid(4b87f17801193be43934f9506e316a01) (TextureImporter) -> (artifact id: '6a1b5814c0baac0bf6d2f4a31f0c1838') in 0.0053112 seconds
Refreshing native plugins compatible for Editor in 2.21 ms, found 4 plugins.
Preloading 0 native plugins for Editor in 0.00 ms.
Asset Pipeline Refresh (id=64f30c7995448354da24d3407a99a3cd): Total: 0.025 seconds - Initiated by StopAssetImportingV2(NoUpdateAssetOptions)
Start importing Assets/NoSafeCircle/DoorPrototype/Art/Enemies/Source/Walk/enemy_melee_e_walk_04.png using Guid(4b87f17801193be43934f9506e316a01) (TextureImporter) -> (artifact id: '6a1b5814c0baac0bf6d2f4a31f0c1838') in 0.0037768 seconds
Refreshing native plugins compatible for Editor in 3.03 ms, found 4 plugins.
Preloading 0 native plugins for Editor in 0.00 ms.
Asset Pipeline Refresh (id=2a561813ebb22a24a837d4095c6ab6a0): Total: 0.021 seconds - Initiated by StopAssetImportingV2(NoUpdateAssetOptions)
Start importing Assets/NoSafeCircle/DoorPrototype/Art/Enemies/Source/Walk/enemy_melee_e_walk_05.png using Guid(b39b96d40f02a974f81906d8d0f9bcf4) (TextureImporter) -> (artifact id: '29f60a9d696fa9ef19176693d1864919') in 0.0047143 seconds
Refreshing native plugins compatible for Editor in 2.18 ms, found 4 plugins.
Preloading 0 native plugins for Editor in 0.00 ms.
Asset Pipeline Refresh (id=77d253725c12a854f83eafb419c1cc30): Total: 0.021 seconds - Initiated by StopAssetImportingV2(NoUpdateAssetOptions)
Start importing Assets/NoSafeCircle/DoorPrototype/Art/Enemies/Source/Walk/enemy_melee_e_walk_05.png using Guid(b39b96d40f02a974f81906d8d0f9bcf4) (TextureImporter) -> (artifact id: '29f60a9d696fa9ef19176693d1864919') in 0.0040482 seconds
Refreshing native plugins compatible for Editor in 2.28 ms, found 4 plugins.
Preloading 0 native plugins for Editor in 0.00 ms.
Asset Pipeline Refresh (id=18545e7f19df90848b485097d2fd5387): Total: 0.021 seconds - Initiated by StopAssetImportingV2(NoUpdateAssetOptions)
Start importing Assets/NoSafeCircle/DoorPrototype/Art/Enemies/Source/enemy_melee_se_idle_00.png using Guid(5a287b591b838974d8516e829e33959f) (TextureImporter) -> (artifact id: 'ecce3d695f6dc13861e520487616d096') in 0.0042723 seconds
Refreshing native plugins compatible for Editor in 2.41 ms, found 4 plugins.
Preloading 0 native plugins for Editor in 0.00 ms.
Asset Pipeline Refresh (id=197ec68d9039f804899d22c0d1ceddb5): Total: 0.022 seconds - Initiated by StopAssetImportingV2(NoUpdateAssetOptions)
Start importing Assets/NoSafeCircle/DoorPrototype/Art/Enemies/Source/enemy_melee_se_idle_00.png using Guid(5a287b591b838974d8516e829e33959f) (TextureImporter) -> (artifact id: 'ecce3d695f6dc13861e520487616d096') in 0.0043596 seconds
Refreshing native plugins compatible for Editor in 2.29 ms, found 4 plugins.
Preloading 0 native plugins for Editor in 0.00 ms.
Asset Pipeline Refresh (id=6113ae454902e6c4eb96c6a7bdf02992): Total: 0.023 seconds - Initiated by StopAssetImportingV2(NoUpdateAssetOptions)
Start importing Assets/NoSafeCircle/DoorPrototype/Art/Enemies/Source/Walk/enemy_melee_se_walk_00.png using Guid(c23d7a194d869cf4a90dae387f2475c8) (TextureImporter) -> (artifact id: '974b6cdf98705ef502189887b7deb81b') in 0.0046266 seconds
Refreshing native plugins compatible for Editor in 2.77 ms, found 4 plugins.
Preloading 0 native plugins for Editor in 0.00 ms.
Asset Pipeline Refresh (id=09ebd3193d4f46c42a87b1d9cdd448e6): Total: 0.021 seconds - Initiated by StopAssetImportingV2(NoUpdateAssetOptions)
Start importing Assets/NoSafeCircle/DoorPrototype/Art/Enemies/Source/Walk/enemy_melee_se_walk_00.png using Guid(c23d7a194d869cf4a90dae387f2475c8) (TextureImporter) -> (artifact id: '974b6cdf98705ef502189887b7deb81b') in 0.0043188 seconds
Refreshing native plugins compatible for Editor in 2.78 ms, found 4 plugins.
Preloading 0 native plugins for Editor in 0.00 ms.
Asset Pipeline Refresh (id=d192c5bf8a0b6964982cb27a8735ccd8): Total: 0.024 seconds - Initiated by StopAssetImportingV2(NoUpdateAssetOptions)
Start importing Assets/NoSafeCircle/DoorPrototype/Art/Enemies/Source/Walk/enemy_melee_se_walk_01.png using Guid(4124ff9f59371ed4aa800a9015bc716d) (TextureImporter) -> (artifact id: '93642778593b25a0dae1679dc0ffe336') in 0.0059053 seconds
Refreshing native plugins compatible for Editor in 2.11 ms, found 4 plugins.
Preloading 0 native plugins for Editor in 0.00 ms.
Asset Pipeline Refresh (id=9473b875a489fbe40b1dda824e3b4649): Total: 0.021 seconds - Initiated by StopAssetImportingV2(NoUpdateAssetOptions)
Start importing Assets/NoSafeCircle/DoorPrototype/Art/Enemies/Source/Walk/enemy_melee_se_walk_01.png using Guid(4124ff9f59371ed4aa800a9015bc716d) (TextureImporter) -> (artifact id: '93642778593b25a0dae1679dc0ffe336') in 0.0037751 seconds
Refreshing native plugins compatible for Editor in 3.58 ms, found 4 plugins.
Preloading 0 native plugins for Editor in 0.00 ms.
Asset Pipeline Refresh (id=ce8d78ec5c689214faa54615ef2b7ad1): Total: 0.024 seconds - Initiated by StopAssetImportingV2(NoUpdateAssetOptions)
Start importing Assets/NoSafeCircle/DoorPrototype/Art/Enemies/Source/Walk/enemy_melee_se_walk_02.png using Guid(086cefad28c7a8e4c898265e490a1f9c) (TextureImporter) -> (artifact id: '387e35e7d1a47ca3b940ae3219a598bf') in 0.0063638 seconds
Refreshing native plugins compatible for Editor in 3.20 ms, found 4 plugins.
Preloading 0 native plugins for Editor in 0.00 ms.
Asset Pipeline Refresh (id=5dc1921127a349b409fb1ac0abb52106): Total: 0.028 seconds - Initiated by StopAssetImportingV2(NoUpdateAssetOptions)
Start importing Assets/NoSafeCircle/DoorPrototype/Art/Enemies/Source/Walk/enemy_melee_se_walk_02.png using Guid(086cefad28c7a8e4c898265e490a1f9c) (TextureImporter) -> (artifact id: '387e35e7d1a47ca3b940ae3219a598bf') in 0.0049752 seconds
Refreshing native plugins compatible for Editor in 2.11 ms, found 4 plugins.
Preloading 0 native plugins for Editor in 0.00 ms.
Asset Pipeline Refresh (id=e49e9b1aabff214468dca6273f8673dc): Total: 0.024 seconds - Initiated by StopAssetImportingV2(NoUpdateAssetOptions)
Start importing Assets/NoSafeCircle/DoorPrototype/Art/Enemies/Source/Walk/enemy_melee_se_walk_03.png using Guid(6b01819ad63744141ac59f7c4e0d4a57) (TextureImporter) -> (artifact id: '30545df39a17775c4d7418c72af7b990') in 0.0051436 seconds
Refreshing native plugins compatible for Editor in 2.15 ms, found 4 plugins.
Preloading 0 native plugins for Editor in 0.00 ms.
Asset Pipeline Refresh (id=1953bdf8c2aba9b4b9850632d26c28c3): Total: 0.023 seconds - Initiated by StopAssetImportingV2(NoUpdateAssetOptions)
Start importing Assets/NoSafeCircle/DoorPrototype/Art/Enemies/Source/Walk/enemy_melee_se_walk_03.png using Guid(6b01819ad63744141ac59f7c4e0d4a57) (TextureImporter) -> (artifact id: '30545df39a17775c4d7418c72af7b990') in 0.0058386 seconds
Refreshing native plugins compatible for Editor in 1.97 ms, found 4 plugins.
Preloading 0 native plugins for Editor in 0.00 ms.
Asset Pipeline Refresh (id=9541885b287152f439b70028271611fb): Total: 0.023 seconds - Initiated by StopAssetImportingV2(NoUpdateAssetOptions)
Start importing Assets/NoSafeCircle/DoorPrototype/Art/Enemies/Source/Walk/enemy_melee_se_walk_04.png using Guid(0db2d93c482a0b042a240b88efd128f8) (TextureImporter) -> (artifact id: '40f31c302b92de8e94fd592692fdd791') in 0.0054849 seconds
Refreshing native plugins compatible for Editor in 2.17 ms, found 4 plugins.
Preloading 0 native plugins for Editor in 0.00 ms.
Asset Pipeline Refresh (id=f96d9fd4bcb82e34ab6db8be193727d1): Total: 0.022 seconds - Initiated by StopAssetImportingV2(NoUpdateAssetOptions)
Start importing Assets/NoSafeCircle/DoorPrototype/Art/Enemies/Source/Walk/enemy_melee_se_walk_04.png using Guid(0db2d93c482a0b042a240b88efd128f8) (TextureImporter) -> (artifact id: '40f31c302b92de8e94fd592692fdd791') in 0.0051329 seconds
Refreshing native plugins compatible for Editor in 2.34 ms, found 4 plugins.
Preloading 0 native plugins for Editor in 0.00 ms.
Asset Pipeline Refresh (id=4f22c180433d58d42b854f5effb41c0e): Total: 0.023 seconds - Initiated by StopAssetImportingV2(NoUpdateAssetOptions)
Start importing Assets/NoSafeCircle/DoorPrototype/Art/Enemies/Source/Walk/enemy_melee_se_walk_05.png using Guid(81e0829f94e525548bef73ad7974241e) (TextureImporter) -> (artifact id: 'f9ac8113c19896149e0f57517437ad9d') in 0.0063951 seconds
Refreshing native plugins compatible for Editor in 2.90 ms, found 4 plugins.
Preloading 0 native plugins for Editor in 0.00 ms.
Asset Pipeline Refresh (id=810f9c7b7d7ab0843a2230af1f80267f): Total: 0.025 seconds - Initiated by StopAssetImportingV2(NoUpdateAssetOptions)
Start importing Assets/NoSafeCircle/DoorPrototype/Art/Enemies/Source/Walk/enemy_melee_se_walk_05.png using Guid(81e0829f94e525548bef73ad7974241e) (TextureImporter) -> (artifact id: 'f9ac8113c19896149e0f57517437ad9d') in 0.003876 seconds
Refreshing native plugins compatible for Editor in 2.43 ms, found 4 plugins.
Preloading 0 native plugins for Editor in 0.00 ms.
Asset Pipeline Refresh (id=1866bc001f348a24c971027deae47dfe): Total: 0.023 seconds - Initiated by StopAssetImportingV2(NoUpdateAssetOptions)
Start importing Assets/NoSafeCircle/DoorPrototype/Art/Enemies/Source/enemy_melee_s_idle_00.png using Guid(28ab611fd2b083c479ff4fbbea96ca7a) (TextureImporter) -> (artifact id: '0357c39a0be6c725922297fd5156acac') in 0.0048085 seconds
Refreshing native plugins compatible for Editor in 2.16 ms, found 4 plugins.
Preloading 0 native plugins for Editor in 0.00 ms.
Asset Pipeline Refresh (id=9b34fc61c0b31fb41bbd3552af632983): Total: 0.024 seconds - Initiated by StopAssetImportingV2(NoUpdateAssetOptions)
Start importing Assets/NoSafeCircle/DoorPrototype/Art/Enemies/Source/enemy_melee_s_idle_00.png using Guid(28ab611fd2b083c479ff4fbbea96ca7a) (TextureImporter) -> (artifact id: '0357c39a0be6c725922297fd5156acac') in 0.0046132 seconds
Refreshing native plugins compatible for Editor in 2.00 ms, found 4 plugins.
Preloading 0 native plugins for Editor in 0.00 ms.
Asset Pipeline Refresh (id=46464bfe98c797b4a9da7cf1339f9eff): Total: 0.022 seconds - Initiated by StopAssetImportingV2(NoUpdateAssetOptions)
Start importing Assets/NoSafeCircle/DoorPrototype/Art/Enemies/Source/Walk/enemy_melee_s_walk_00.png using Guid(cc409ce5e13654d428fe9390fc093058) (TextureImporter) -> (artifact id: '3a80c793ea26b57c44ab7acc34259979') in 0.0038442 seconds
Refreshing native plugins compatible for Editor in 2.03 ms, found 4 plugins.
Preloading 0 native plugins for Editor in 0.00 ms.
Asset Pipeline Refresh (id=858c87a9787e58b408c77083ba0b9520): Total: 0.020 seconds - Initiated by StopAssetImportingV2(NoUpdateAssetOptions)
Start importing Assets/NoSafeCircle/DoorPrototype/Art/Enemies/Source/Walk/enemy_melee_s_walk_00.png using Guid(cc409ce5e13654d428fe9390fc093058) (TextureImporter) -> (artifact id: '3a80c793ea26b57c44ab7acc34259979') in 0.003995 seconds
Refreshing native plugins compatible for Editor in 2.22 ms, found 4 plugins.
Preloading 0 native plugins for Editor in 0.00 ms.
Asset Pipeline Refresh (id=fa3ce96f0b780684e8c61417a3d8451f): Total: 0.021 seconds - Initiated by StopAssetImportingV2(NoUpdateAssetOptions)
Start importing Assets/NoSafeCircle/DoorPrototype/Art/Enemies/Source/Walk/enemy_melee_s_walk_01.png using Guid(12ada92f01ce5a548b5351598264ff5c) (TextureImporter) -> (artifact id: '60214abdcd1622b5cda4f89b80c5288c') in 0.0040773 seconds
Refreshing native plugins compatible for Editor in 2.15 ms, found 4 plugins.
Preloading 0 native plugins for Editor in 0.00 ms.
Asset Pipeline Refresh (id=0f28c2e2b94980c4ea175a379d5a09ab): Total: 0.023 seconds - Initiated by StopAssetImportingV2(NoUpdateAssetOptions)
Start importing Assets/NoSafeCircle/DoorPrototype/Art/Enemies/Source/Walk/enemy_melee_s_walk_01.png using Guid(12ada92f01ce5a548b5351598264ff5c) (TextureImporter) -> (artifact id: '60214abdcd1622b5cda4f89b80c5288c') in 0.0039112 seconds
Refreshing native plugins compatible for Editor in 3.42 ms, found 4 plugins.
Preloading 0 native plugins for Editor in 0.00 ms.
Asset Pipeline Refresh (id=217424eaaa9643d48b46d0e99526012b): Total: 0.022 seconds - Initiated by StopAssetImportingV2(NoUpdateAssetOptions)
Start importing Assets/NoSafeCircle/DoorPrototype/Art/Enemies/Source/Walk/enemy_melee_s_walk_02.png using Guid(da78ceb5f2c42cb439c729debee2a3ef) (TextureImporter) -> (artifact id: '0735acfc725ca82ff610c4ee63c3aa4b') in 0.0042193 seconds
Refreshing native plugins compatible for Editor in 2.09 ms, found 4 plugins.
Preloading 0 native plugins for Editor in 0.00 ms.
Asset Pipeline Refresh (id=7ab105199f11906469166f5f986aa415): Total: 0.023 seconds - Initiated by StopAssetImportingV2(NoUpdateAssetOptions)
Start importing Assets/NoSafeCircle/DoorPrototype/Art/Enemies/Source/Walk/enemy_melee_s_walk_02.png using Guid(da78ceb5f2c42cb439c729debee2a3ef) (TextureImporter) -> (artifact id: '0735acfc725ca82ff610c4ee63c3aa4b') in 0.0040194 seconds
Refreshing native plugins compatible for Editor in 2.17 ms, found 4 plugins.
Preloading 0 native plugins for Editor in 0.00 ms.
Asset Pipeline Refresh (id=55d7db2acdd2ecb48ad496c82c605f65): Total: 0.022 seconds - Initiated by StopAssetImportingV2(NoUpdateAssetOptions)
Start importing Assets/NoSafeCircle/DoorPrototype/Art/Enemies/Source/Walk/enemy_melee_s_walk_03.png using Guid(0a9c0f88662f21a4daf803f9b7825efc) (TextureImporter) -> (artifact id: 'd5f2fb22869790b0f2b6a5ead1d0da5d') in 0.005729 seconds
Refreshing native plugins compatible for Editor in 2.91 ms, found 4 plugins.
Preloading 0 native plugins for Editor in 0.00 ms.
Asset Pipeline Refresh (id=ecd159161aa01934a88f57ff2d759099): Total: 0.026 seconds - Initiated by StopAssetImportingV2(NoUpdateAssetOptions)
Start importing Assets/NoSafeCircle/DoorPrototype/Art/Enemies/Source/Walk/enemy_melee_s_walk_03.png using Guid(0a9c0f88662f21a4daf803f9b7825efc) (TextureImporter) -> (artifact id: 'd5f2fb22869790b0f2b6a5ead1d0da5d') in 0.0047038 seconds
Refreshing native plugins compatible for Editor in 2.06 ms, found 4 plugins.
Preloading 0 native plugins for Editor in 0.00 ms.
Asset Pipeline Refresh (id=555ba0421bdc5f24496e98752023491b): Total: 0.021 seconds - Initiated by StopAssetImportingV2(NoUpdateAssetOptions)
Start importing Assets/NoSafeCircle/DoorPrototype/Art/Enemies/Source/Walk/enemy_melee_s_walk_04.png using Guid(5f5c8afeaffb59f499f7066fffcf2441) (TextureImporter) -> (artifact id: 'b8875c151b4b66486c99a5c4a8d9f2df') in 0.0043029 seconds
Refreshing native plugins compatible for Editor in 2.25 ms, found 4 plugins.
Preloading 0 native plugins for Editor in 0.00 ms.
Asset Pipeline Refresh (id=3296a74fa2a2b4240bcc9e3b01ba9bdb): Total: 0.025 seconds - Initiated by StopAssetImportingV2(NoUpdateAssetOptions)
Start importing Assets/NoSafeCircle/DoorPrototype/Art/Enemies/Source/Walk/enemy_melee_s_walk_04.png using Guid(5f5c8afeaffb59f499f7066fffcf2441) (TextureImporter) -> (artifact id: 'b8875c151b4b66486c99a5c4a8d9f2df') in 0.0045195 seconds
Refreshing native plugins compatible for Editor in 2.30 ms, found 4 plugins.
Preloading 0 native plugins for Editor in 0.00 ms.
Asset Pipeline Refresh (id=c0c297982617e78428ed7786de4b18aa): Total: 0.024 seconds - Initiated by StopAssetImportingV2(NoUpdateAssetOptions)
Start importing Assets/NoSafeCircle/DoorPrototype/Art/Enemies/Source/Walk/enemy_melee_s_walk_05.png using Guid(809a02a648ddbf1499de18af29c43e08) (TextureImporter) -> (artifact id: '61c11fa0eef77c0a1434540c1b6ce244') in 0.0042924 seconds
Refreshing native plugins compatible for Editor in 2.26 ms, found 4 plugins.
Preloading 0 native plugins for Editor in 0.00 ms.
Asset Pipeline Refresh (id=8b4635268e9543c43a3b5d577fe82aa6): Total: 0.026 seconds - Initiated by StopAssetImportingV2(NoUpdateAssetOptions)
Start importing Assets/NoSafeCircle/DoorPrototype/Art/Enemies/Source/Walk/enemy_melee_s_walk_05.png using Guid(809a02a648ddbf1499de18af29c43e08) (TextureImporter) -> (artifact id: '61c11fa0eef77c0a1434540c1b6ce244') in 0.0052689 seconds
Refreshing native plugins compatible for Editor in 2.24 ms, found 4 plugins.
Preloading 0 native plugins for Editor in 0.00 ms.
Asset Pipeline Refresh (id=2f33a68ed37bb5b459810fadba038abd): Total: 0.025 seconds - Initiated by StopAssetImportingV2(NoUpdateAssetOptions)
Start importing Assets/NoSafeCircle/DoorPrototype/Art/Enemies/Source/enemy_melee_sw_idle_00.png using Guid(cda27dd0fb2184d49b8a166a0458d4ff) (TextureImporter) -> (artifact id: '86cf9831be9731c6e6bcf6d7b813ec1b') in 0.0044412 seconds
Refreshing native plugins compatible for Editor in 2.94 ms, found 4 plugins.
Preloading 0 native plugins for Editor in 0.00 ms.
Asset Pipeline Refresh (id=d498c561b160a464291bccf3221fc6f6): Total: 0.024 seconds - Initiated by StopAssetImportingV2(NoUpdateAssetOptions)
Start importing Assets/NoSafeCircle/DoorPrototype/Art/Enemies/Source/enemy_melee_sw_idle_00.png using Guid(cda27dd0fb2184d49b8a166a0458d4ff) (TextureImporter) -> (artifact id: '86cf9831be9731c6e6bcf6d7b813ec1b') in 0.0041794 seconds
Refreshing native plugins compatible for Editor in 2.25 ms, found 4 plugins.
Preloading 0 native plugins for Editor in 0.00 ms.
Asset Pipeline Refresh (id=716064b63306ce1428bc767141275cef): Total: 0.026 seconds - Initiated by StopAssetImportingV2(NoUpdateAssetOptions)
Start importing Assets/NoSafeCircle/DoorPrototype/Art/Enemies/Source/Walk/enemy_melee_sw_walk_00.png using Guid(9016307339bf8014399d16d2311658eb) (TextureImporter) -> (artifact id: 'ab0985b95c573280e3a2f02137a1da65') in 0.0047572 seconds
Refreshing native plugins compatible for Editor in 2.36 ms, found 4 plugins.
Preloading 0 native plugins for Editor in 0.00 ms.
Asset Pipeline Refresh (id=469046eab4e4ad54ba57d115247bbf68): Total: 0.023 seconds - Initiated by StopAssetImportingV2(NoUpdateAssetOptions)
Start importing Assets/NoSafeCircle/DoorPrototype/Art/Enemies/Source/Walk/enemy_melee_sw_walk_00.png using Guid(9016307339bf8014399d16d2311658eb) (TextureImporter) -> (artifact id: 'ab0985b95c573280e3a2f02137a1da65') in 0.0048505 seconds
Refreshing native plugins compatible for Editor in 3.37 ms, found 4 plugins.
Preloading 0 native plugins for Editor in 0.00 ms.
Asset Pipeline Refresh (id=dc67baac90e27a345916c9a1df5c4cab): Total: 0.024 seconds - Initiated by StopAssetImportingV2(NoUpdateAssetOptions)
Start importing Assets/NoSafeCircle/DoorPrototype/Art/Enemies/Source/Walk/enemy_melee_sw_walk_01.png using Guid(eb9776bc29a6fdc4fa6e5109e03f52bc) (TextureImporter) -> (artifact id: '3e88c9053032611f522e0126c78b9201') in 0.0047313 seconds
Refreshing native plugins compatible for Editor in 2.24 ms, found 4 plugins.
Preloading 0 native plugins for Editor in 0.00 ms.
Asset Pipeline Refresh (id=df115d30ed6f273438838ed1c9552f92): Total: 0.023 seconds - Initiated by StopAssetImportingV2(NoUpdateAssetOptions)
Start importing Assets/NoSafeCircle/DoorPrototype/Art/Enemies/Source/Walk/enemy_melee_sw_walk_01.png using Guid(eb9776bc29a6fdc4fa6e5109e03f52bc) (TextureImporter) -> (artifact id: '3e88c9053032611f522e0126c78b9201') in 0.0038592 seconds
Refreshing native plugins compatible for Editor in 2.17 ms, found 4 plugins.
Preloading 0 native plugins for Editor in 0.00 ms.
Asset Pipeline Refresh (id=9ef3471d78cc3584da0828a7976b10a1): Total: 0.021 seconds - Initiated by StopAssetImportingV2(NoUpdateAssetOptions)
Start importing Assets/NoSafeCircle/DoorPrototype/Art/Enemies/Source/Walk/enemy_melee_sw_walk_02.png using Guid(b67484b32f282714da17c8186cd9c25e) (TextureImporter) -> (artifact id: 'f3e4d1791c8140d04443dc2a1fcc2d59') in 0.0057042 seconds
Refreshing native plugins compatible for Editor in 2.20 ms, found 4 plugins.
Preloading 0 native plugins for Editor in 0.00 ms.
Asset Pipeline Refresh (id=1189d935a3675b94f8765f6785a94132): Total: 0.023 seconds - Initiated by StopAssetImportingV2(NoUpdateAssetOptions)
Start importing Assets/NoSafeCircle/DoorPrototype/Art/Enemies/Source/Walk/enemy_melee_sw_walk_02.png using Guid(b67484b32f282714da17c8186cd9c25e) (TextureImporter) -> (artifact id: 'f3e4d1791c8140d04443dc2a1fcc2d59') in 0.0042672 seconds
Refreshing native plugins compatible for Editor in 3.59 ms, found 4 plugins.
Preloading 0 native plugins for Editor in 0.00 ms.
Asset Pipeline Refresh (id=10493a795dda9b3469262c09319e9f6f): Total: 0.024 seconds - Initiated by StopAssetImportingV2(NoUpdateAssetOptions)
Start importing Assets/NoSafeCircle/DoorPrototype/Art/Enemies/Source/Walk/enemy_melee_sw_walk_03.png using Guid(ac154ec684875ef48af325da77c65e56) (TextureImporter) -> (artifact id: 'b44dc08bf3c4dc5afbbd1971399b3c26') in 0.0048467 seconds
Refreshing native plugins compatible for Editor in 2.18 ms, found 4 plugins.
Preloading 0 native plugins for Editor in 0.00 ms.
Asset Pipeline Refresh (id=2c42ae3d58d80b74ba1b91ed2fee0364): Total: 0.022 seconds - Initiated by StopAssetImportingV2(NoUpdateAssetOptions)
Start importing Assets/NoSafeCircle/DoorPrototype/Art/Enemies/Source/Walk/enemy_melee_sw_walk_03.png using Guid(ac154ec684875ef48af325da77c65e56) (TextureImporter) -> (artifact id: 'b44dc08bf3c4dc5afbbd1971399b3c26') in 0.0041299 seconds
Refreshing native plugins compatible for Editor in 2.15 ms, found 4 plugins.
Preloading 0 native plugins for Editor in 0.00 ms.
Asset Pipeline Refresh (id=edeb2b54e062aba478e5461b2bfeaa6a): Total: 0.023 seconds - Initiated by StopAssetImportingV2(NoUpdateAssetOptions)
Start importing Assets/NoSafeCircle/DoorPrototype/Art/Enemies/Source/Walk/enemy_melee_sw_walk_04.png using Guid(bc6c21c60d6e35a4780d8d047a11113d) (TextureImporter) -> (artifact id: 'dcb70218ca928827e8f6d406ce6f0485') in 0.0056029 seconds
Refreshing native plugins compatible for Editor in 2.28 ms, found 4 plugins.
Preloading 0 native plugins for Editor in 0.00 ms.
Asset Pipeline Refresh (id=00a0681bdb8c1f84ca53c6a0f46428a2): Total: 0.027 seconds - Initiated by StopAssetImportingV2(NoUpdateAssetOptions)
Start importing Assets/NoSafeCircle/DoorPrototype/Art/Enemies/Source/Walk/enemy_melee_sw_walk_04.png using Guid(bc6c21c60d6e35a4780d8d047a11113d) (TextureImporter) -> (artifact id: 'dcb70218ca928827e8f6d406ce6f0485') in 0.0046381 seconds
Refreshing native plugins compatible for Editor in 2.10 ms, found 4 plugins.
Preloading 0 native plugins for Editor in 0.00 ms.
Asset Pipeline Refresh (id=3c0058600566f514880a01fc90a6b6d1): Total: 0.022 seconds - Initiated by StopAssetImportingV2(NoUpdateAssetOptions)
Start importing Assets/NoSafeCircle/DoorPrototype/Art/Enemies/Source/Walk/enemy_melee_sw_walk_05.png using Guid(28a8cc22f550cd44d8630b1454d2461f) (TextureImporter) -> (artifact id: 'e474f32b4fe7fb10edb05e734521da51') in 0.0041462 seconds
Refreshing native plugins compatible for Editor in 2.44 ms, found 4 plugins.
Preloading 0 native plugins for Editor in 0.00 ms.
Asset Pipeline Refresh (id=0eeceff11aa5a2a45be2cc33c838e829): Total: 0.023 seconds - Initiated by StopAssetImportingV2(NoUpdateAssetOptions)
Start importing Assets/NoSafeCircle/DoorPrototype/Art/Enemies/Source/Walk/enemy_melee_sw_walk_05.png using Guid(28a8cc22f550cd44d8630b1454d2461f) (TextureImporter) -> (artifact id: 'e474f32b4fe7fb10edb05e734521da51') in 0.0056483 seconds
Refreshing native plugins compatible for Editor in 3.92 ms, found 4 plugins.
Preloading 0 native plugins for Editor in 0.00 ms.
Asset Pipeline Refresh (id=67344300be58a5c49a1106ee65aa31ec): Total: 0.025 seconds - Initiated by StopAssetImportingV2(NoUpdateAssetOptions)
Start importing Assets/NoSafeCircle/DoorPrototype/Art/Enemies/Source/enemy_melee_w_idle_00.png using Guid(84b3c910148830447a7531c2d053eed0) (TextureImporter) -> (artifact id: '93e13edbce32cac9401919c893af2ac0') in 0.0037843 seconds
Refreshing native plugins compatible for Editor in 4.01 ms, found 4 plugins.
Preloading 0 native plugins for Editor in 0.00 ms.
Asset Pipeline Refresh (id=dce0dfbb2251f0d4090ea8709c458b62): Total: 0.029 seconds - Initiated by StopAssetImportingV2(NoUpdateAssetOptions)
Start importing Assets/NoSafeCircle/DoorPrototype/Art/Enemies/Source/enemy_melee_w_idle_00.png using Guid(84b3c910148830447a7531c2d053eed0) (TextureImporter) -> (artifact id: '93e13edbce32cac9401919c893af2ac0') in 0.0038604 seconds
Refreshing native plugins compatible for Editor in 3.33 ms, found 4 plugins.
Preloading 0 native plugins for Editor in 0.00 ms.
Asset Pipeline Refresh (id=1239bf0677c17d943965afbd5c30942c): Total: 0.028 seconds - Initiated by StopAssetImportingV2(NoUpdateAssetOptions)
Start importing Assets/NoSafeCircle/DoorPrototype/Art/Enemies/Source/Walk/enemy_melee_w_walk_00.png using Guid(04970fb9b0075404292bfcda609ac655) (TextureImporter) -> (artifact id: '5cec619b5ee1c1ae632836f81a0c3e4f') in 0.0052812 seconds
Refreshing native plugins compatible for Editor in 3.40 ms, found 4 plugins.
Preloading 0 native plugins for Editor in 0.00 ms.
Asset Pipeline Refresh (id=3e9fe061513b924419cfa9a2b9574206): Total: 0.025 seconds - Initiated by StopAssetImportingV2(NoUpdateAssetOptions)
Start importing Assets/NoSafeCircle/DoorPrototype/Art/Enemies/Source/Walk/enemy_melee_w_walk_00.png using Guid(04970fb9b0075404292bfcda609ac655) (TextureImporter) -> (artifact id: '5cec619b5ee1c1ae632836f81a0c3e4f') in 0.0052437 seconds
Refreshing native plugins compatible for Editor in 2.18 ms, found 4 plugins.
Preloading 0 native plugins for Editor in 0.00 ms.
Asset Pipeline Refresh (id=a00b8f095f25ad94ba526b141495fcc7): Total: 0.028 seconds - Initiated by StopAssetImportingV2(NoUpdateAssetOptions)
Start importing Assets/NoSafeCircle/DoorPrototype/Art/Enemies/Source/Walk/enemy_melee_w_walk_01.png using Guid(e640a83cd7a837745afae2bf7e02451b) (TextureImporter) -> (artifact id: '22bee20cf32424eabd60ceb6f735d952') in 0.0042943 seconds
Refreshing native plugins compatible for Editor in 2.10 ms, found 4 plugins.
Preloading 0 native plugins for Editor in 0.00 ms.
Asset Pipeline Refresh (id=bb17d2ddc09b419429b2b3375ef1a903): Total: 0.025 seconds - Initiated by StopAssetImportingV2(NoUpdateAssetOptions)
Start importing Assets/NoSafeCircle/DoorPrototype/Art/Enemies/Source/Walk/enemy_melee_w_walk_01.png using Guid(e640a83cd7a837745afae2bf7e02451b) (TextureImporter) -> (artifact id: '22bee20cf32424eabd60ceb6f735d952') in 0.0038785 seconds
Refreshing native plugins compatible for Editor in 2.81 ms, found 4 plugins.
Preloading 0 native plugins for Editor in 0.00 ms.
Asset Pipeline Refresh (id=0648dc313e9fd7e41a2bc4f541d472ef): Total: 0.022 seconds - Initiated by StopAssetImportingV2(NoUpdateAssetOptions)
Start importing Assets/NoSafeCircle/DoorPrototype/Art/Enemies/Source/Walk/enemy_melee_w_walk_02.png using Guid(a593b530d627a6e4ebcff249c0e35be9) (TextureImporter) -> (artifact id: 'ea28ed87479ccdcacd43154bd481180f') in 0.0041319 seconds
Refreshing native plugins compatible for Editor in 2.08 ms, found 4 plugins.
Preloading 0 native plugins for Editor in 0.00 ms.
Asset Pipeline Refresh (id=9be7a7587ac00a742abae6909d05ea42): Total: 0.021 seconds - Initiated by StopAssetImportingV2(NoUpdateAssetOptions)
Start importing Assets/NoSafeCircle/DoorPrototype/Art/Enemies/Source/Walk/enemy_melee_w_walk_02.png using Guid(a593b530d627a6e4ebcff249c0e35be9) (TextureImporter) -> (artifact id: 'ea28ed87479ccdcacd43154bd481180f') in 0.0043094 seconds
Refreshing native plugins compatible for Editor in 3.77 ms, found 4 plugins.
Preloading 0 native plugins for Editor in 0.00 ms.
Asset Pipeline Refresh (id=0d0c65d300cdf984bb6779a5729201ce): Total: 0.024 seconds - Initiated by StopAssetImportingV2(NoUpdateAssetOptions)
Start importing Assets/NoSafeCircle/DoorPrototype/Art/Enemies/Source/Walk/enemy_melee_w_walk_03.png using Guid(35cb3735d498e7040bd91d17789e722f) (TextureImporter) -> (artifact id: '0918b3306774c93726087197a2119ff3') in 0.0041074 seconds
Refreshing native plugins compatible for Editor in 2.17 ms, found 4 plugins.
Preloading 0 native plugins for Editor in 0.00 ms.
Asset Pipeline Refresh (id=cd418c80583653f479dec557b60502ef): Total: 0.021 seconds - Initiated by StopAssetImportingV2(NoUpdateAssetOptions)
Start importing Assets/NoSafeCircle/DoorPrototype/Art/Enemies/Source/Walk/enemy_melee_w_walk_03.png using Guid(35cb3735d498e7040bd91d17789e722f) (TextureImporter) -> (artifact id: '0918b3306774c93726087197a2119ff3') in 0.0037678 seconds
Refreshing native plugins compatible for Editor in 2.21 ms, found 4 plugins.
Preloading 0 native plugins for Editor in 0.00 ms.
Asset Pipeline Refresh (id=9555f7e7b39593a43978b1d52ae0bbb6): Total: 0.021 seconds - Initiated by StopAssetImportingV2(NoUpdateAssetOptions)
Start importing Assets/NoSafeCircle/DoorPrototype/Art/Enemies/Source/Walk/enemy_melee_w_walk_04.png using Guid(8f68cfc2d8dd0bd479592138c2c2d2e7) (TextureImporter) -> (artifact id: 'cb296b29cef5a44b18ffcd95e7f96341') in 0.0040293 seconds
Refreshing native plugins compatible for Editor in 2.13 ms, found 4 plugins.
Preloading 0 native plugins for Editor in 0.00 ms.
Asset Pipeline Refresh (id=79f19d683bb6aac47951b20dc7085e50): Total: 0.023 seconds - Initiated by StopAssetImportingV2(NoUpdateAssetOptions)
Start importing Assets/NoSafeCircle/DoorPrototype/Art/Enemies/Source/Walk/enemy_melee_w_walk_04.png using Guid(8f68cfc2d8dd0bd479592138c2c2d2e7) (TextureImporter) -> (artifact id: 'cb296b29cef5a44b18ffcd95e7f96341') in 0.0060723 seconds
Refreshing native plugins compatible for Editor in 2.12 ms, found 4 plugins.
Preloading 0 native plugins for Editor in 0.00 ms.
Asset Pipeline Refresh (id=ebd87f29e4662e34fa73bacb6548e6f4): Total: 0.028 seconds - Initiated by StopAssetImportingV2(NoUpdateAssetOptions)
Start importing Assets/NoSafeCircle/DoorPrototype/Art/Enemies/Source/Walk/enemy_melee_w_walk_05.png using Guid(6af394e74f91ddf4ca14d3ed82c2e412) (TextureImporter) -> (artifact id: 'd1039d272664f9de33a554585ca5e792') in 0.0040908 seconds
Refreshing native plugins compatible for Editor in 2.34 ms, found 4 plugins.
Preloading 0 native plugins for Editor in 0.00 ms.
Asset Pipeline Refresh (id=ffe561fb8f247c94aba969842fb28cbc): Total: 0.021 seconds - Initiated by StopAssetImportingV2(NoUpdateAssetOptions)
Start importing Assets/NoSafeCircle/DoorPrototype/Art/Enemies/Source/Walk/enemy_melee_w_walk_05.png using Guid(6af394e74f91ddf4ca14d3ed82c2e412) (TextureImporter) -> (artifact id: 'd1039d272664f9de33a554585ca5e792') in 0.0055895 seconds
Refreshing native plugins compatible for Editor in 2.29 ms, found 4 plugins.
Preloading 0 native plugins for Editor in 0.00 ms.
Asset Pipeline Refresh (id=89dbe49773f43c844b4a16f5195b9a10): Total: 0.025 seconds - Initiated by StopAssetImportingV2(NoUpdateAssetOptions)
Start importing Assets/NoSafeCircle/DoorPrototype/Art/Enemies/Source/enemy_melee_nw_idle_00.png using Guid(7d41860e93767fb45a56edd6d49eba6f) (TextureImporter) -> (artifact id: 'e501d9b3fe4c2334469436aadb0b21a8') in 0.0036899 seconds
Refreshing native plugins compatible for Editor in 2.55 ms, found 4 plugins.
Preloading 0 native plugins for Editor in 0.00 ms.
Asset Pipeline Refresh (id=a90bf824916c04341b01debae42c1659): Total: 0.022 seconds - Initiated by StopAssetImportingV2(NoUpdateAssetOptions)
Start importing Assets/NoSafeCircle/DoorPrototype/Art/Enemies/Source/enemy_melee_nw_idle_00.png using Guid(7d41860e93767fb45a56edd6d49eba6f) (TextureImporter) -> (artifact id: 'e501d9b3fe4c2334469436aadb0b21a8') in 0.0044402 seconds
Refreshing native plugins compatible for Editor in 3.48 ms, found 4 plugins.
Preloading 0 native plugins for Editor in 0.00 ms.
Asset Pipeline Refresh (id=4a1a59c08e76ba24f924fe14cbee06a2): Total: 0.025 seconds - Initiated by StopAssetImportingV2(NoUpdateAssetOptions)
Start importing Assets/NoSafeCircle/DoorPrototype/Art/Enemies/Source/Walk/enemy_melee_nw_walk_00.png using Guid(21ff82006b8c05140b1296f38797143d) (TextureImporter) -> (artifact id: '0f2c33382fa042c94b6c8bec24c14398') in 0.0050246 seconds
Refreshing native plugins compatible for Editor in 2.13 ms, found 4 plugins.
Preloading 0 native plugins for Editor in 0.00 ms.
Asset Pipeline Refresh (id=46959e5bd980d6640a265428b6740743): Total: 0.026 seconds - Initiated by StopAssetImportingV2(NoUpdateAssetOptions)
Start importing Assets/NoSafeCircle/DoorPrototype/Art/Enemies/Source/Walk/enemy_melee_nw_walk_00.png using Guid(21ff82006b8c05140b1296f38797143d) (TextureImporter) -> (artifact id: '0f2c33382fa042c94b6c8bec24c14398') in 0.0038828 seconds
Refreshing native plugins compatible for Editor in 2.89 ms, found 4 plugins.
Preloading 0 native plugins for Editor in 0.00 ms.
Asset Pipeline Refresh (id=49009cd758896914595a4ce3696eee39): Total: 0.021 seconds - Initiated by StopAssetImportingV2(NoUpdateAssetOptions)
Start importing Assets/NoSafeCircle/DoorPrototype/Art/Enemies/Source/Walk/enemy_melee_nw_walk_01.png using Guid(c74db865550fea04fbc352ae7f23380a) (TextureImporter) -> (artifact id: '9049e28199daf8aa5f9a600c723eebda') in 0.0045931 seconds
Refreshing native plugins compatible for Editor in 2.17 ms, found 4 plugins.
Preloading 0 native plugins for Editor in 0.00 ms.
Asset Pipeline Refresh (id=035957d7c023d744f8a378aee5ed4221): Total: 0.023 seconds - Initiated by StopAssetImportingV2(NoUpdateAssetOptions)
Start importing Assets/NoSafeCircle/DoorPrototype/Art/Enemies/Source/Walk/enemy_melee_nw_walk_01.png using Guid(c74db865550fea04fbc352ae7f23380a) (TextureImporter) -> (artifact id: '9049e28199daf8aa5f9a600c723eebda') in 0.0036668 seconds
Refreshing native plugins compatible for Editor in 3.54 ms, found 4 plugins.
Preloading 0 native plugins for Editor in 0.00 ms.
Asset Pipeline Refresh (id=70fd81a9c44daf34b9b63d5f7409682d): Total: 0.024 seconds - Initiated by StopAssetImportingV2(NoUpdateAssetOptions)
Start importing Assets/NoSafeCircle/DoorPrototype/Art/Enemies/Source/Walk/enemy_melee_nw_walk_02.png using Guid(59f03ff89ea16244783799bf5718c9a3) (TextureImporter) -> (artifact id: '3ce1613bc5a62d24e2ec933b904e7b9c') in 0.0038862 seconds
Refreshing native plugins compatible for Editor in 3.27 ms, found 4 plugins.
Preloading 0 native plugins for Editor in 0.00 ms.
Asset Pipeline Refresh (id=52ed49fe5a90eef48a0c408436249183): Total: 0.025 seconds - Initiated by StopAssetImportingV2(NoUpdateAssetOptions)
Start importing Assets/NoSafeCircle/DoorPrototype/Art/Enemies/Source/Walk/enemy_melee_nw_walk_02.png using Guid(59f03ff89ea16244783799bf5718c9a3) (TextureImporter) -> (artifact id: '3ce1613bc5a62d24e2ec933b904e7b9c') in 0.0043454 seconds
Refreshing native plugins compatible for Editor in 2.23 ms, found 4 plugins.
Preloading 0 native plugins for Editor in 0.00 ms.
Asset Pipeline Refresh (id=8c07c92efa850b14ea8462a30e4d1cab): Total: 0.023 seconds - Initiated by StopAssetImportingV2(NoUpdateAssetOptions)
Start importing Assets/NoSafeCircle/DoorPrototype/Art/Enemies/Source/Walk/enemy_melee_nw_walk_03.png using Guid(630f06737f1aedb4085e2ca956a04316) (TextureImporter) -> (artifact id: '9fc9e1b8abdd3d9681b3c2c6942f297e') in 0.0041612 seconds
Refreshing native plugins compatible for Editor in 1.99 ms, found 4 plugins.
Preloading 0 native plugins for Editor in 0.00 ms.
Asset Pipeline Refresh (id=34679f15a40d9a542a493b5824c7a133): Total: 0.022 seconds - Initiated by StopAssetImportingV2(NoUpdateAssetOptions)
Start importing Assets/NoSafeCircle/DoorPrototype/Art/Enemies/Source/Walk/enemy_melee_nw_walk_03.png using Guid(630f06737f1aedb4085e2ca956a04316) (TextureImporter) -> (artifact id: '9fc9e1b8abdd3d9681b3c2c6942f297e') in 0.0039569 seconds
Refreshing native plugins compatible for Editor in 1.97 ms, found 4 plugins.
Preloading 0 native plugins for Editor in 0.00 ms.
Asset Pipeline Refresh (id=6cffc679f57586f41812fb444792fecc): Total: 0.022 seconds - Initiated by StopAssetImportingV2(NoUpdateAssetOptions)
Start importing Assets/NoSafeCircle/DoorPrototype/Art/Enemies/Source/Walk/enemy_melee_nw_walk_04.png using Guid(1ca8123d6a29f5e4485d8362113a8365) (TextureImporter) -> (artifact id: '55f4c57036b94eabd8ad2436e1af5e44') in 0.006674 seconds
Refreshing native plugins compatible for Editor in 2.25 ms, found 4 plugins.
Preloading 0 native plugins for Editor in 0.00 ms.
Asset Pipeline Refresh (id=0eb7cfba892dbc049a8a99ab05f7cf87): Total: 0.027 seconds - Initiated by StopAssetImportingV2(NoUpdateAssetOptions)
Start importing Assets/NoSafeCircle/DoorPrototype/Art/Enemies/Source/Walk/enemy_melee_nw_walk_04.png using Guid(1ca8123d6a29f5e4485d8362113a8365) (TextureImporter) -> (artifact id: '55f4c57036b94eabd8ad2436e1af5e44') in 0.0045667 seconds
Refreshing native plugins compatible for Editor in 2.36 ms, found 4 plugins.
Preloading 0 native plugins for Editor in 0.00 ms.
Asset Pipeline Refresh (id=ddfa1399e186fbb4f8a24797377c00b5): Total: 0.024 seconds - Initiated by StopAssetImportingV2(NoUpdateAssetOptions)
Start importing Assets/NoSafeCircle/DoorPrototype/Art/Enemies/Source/Walk/enemy_melee_nw_walk_05.png using Guid(76eaf5d9169e4214cb6b4665dccf0a4c) (TextureImporter) -> (artifact id: 'dd39b2386244c46be9d93cce281e8a1f') in 0.0040989 seconds
Refreshing native plugins compatible for Editor in 2.09 ms, found 4 plugins.
Preloading 0 native plugins for Editor in 0.00 ms.
Asset Pipeline Refresh (id=e51bb5f276d417243b1d03d835cb423b): Total: 0.022 seconds - Initiated by StopAssetImportingV2(NoUpdateAssetOptions)
Start importing Assets/NoSafeCircle/DoorPrototype/Art/Enemies/Source/Walk/enemy_melee_nw_walk_05.png using Guid(76eaf5d9169e4214cb6b4665dccf0a4c) (TextureImporter) -> (artifact id: 'dd39b2386244c46be9d93cce281e8a1f') in 0.0051892 seconds
Refreshing native plugins compatible for Editor in 2.68 ms, found 4 plugins.
Preloading 0 native plugins for Editor in 0.00 ms.
Asset Pipeline Refresh (id=376df0fa5b3f15d4d8eb018fdbd3a1b7): Total: 0.026 seconds - Initiated by StopAssetImportingV2(NoUpdateAssetOptions)
Start importing Assets/NoSafeCircle/DoorPrototype/Art/Enemies/Source/enemy_ranged_n_idle_00.png using Guid(33c70e326c5c8a74599ad6f0d4c26a44) (TextureImporter) -> (artifact id: 'f81f29e8cac5c421bc5238a276f6514b') in 0.0044591 seconds
Refreshing native plugins compatible for Editor in 2.54 ms, found 4 plugins.
Preloading 0 native plugins for Editor in 0.00 ms.
Asset Pipeline Refresh (id=3289f3f9abcc62842b2633771f5707d6): Total: 0.026 seconds - Initiated by StopAssetImportingV2(NoUpdateAssetOptions)
Start importing Assets/NoSafeCircle/DoorPrototype/Art/Enemies/Source/enemy_ranged_n_idle_00.png using Guid(33c70e326c5c8a74599ad6f0d4c26a44) (TextureImporter) -> (artifact id: 'f81f29e8cac5c421bc5238a276f6514b') in 0.0044268 seconds
Refreshing native plugins compatible for Editor in 2.23 ms, found 4 plugins.
Preloading 0 native plugins for Editor in 0.00 ms.
Asset Pipeline Refresh (id=f3890a9324979e8428c7a188254f5ff7): Total: 0.023 seconds - Initiated by StopAssetImportingV2(NoUpdateAssetOptions)
Start importing Assets/NoSafeCircle/DoorPrototype/Art/Enemies/Source/Walk/enemy_ranged_n_walk_00.png using Guid(ad616952ce92fca4ebc9c39ded6908ea) (TextureImporter) -> (artifact id: '108e4b8dae465d5a801cb6b0782f9123') in 0.0058026 seconds
Refreshing native plugins compatible for Editor in 2.08 ms, found 4 plugins.
Preloading 0 native plugins for Editor in 0.00 ms.
Asset Pipeline Refresh (id=4ce5a7ea918686243b7c57cf56faee88): Total: 0.024 seconds - Initiated by StopAssetImportingV2(NoUpdateAssetOptions)
Start importing Assets/NoSafeCircle/DoorPrototype/Art/Enemies/Source/Walk/enemy_ranged_n_walk_00.png using Guid(ad616952ce92fca4ebc9c39ded6908ea) (TextureImporter) -> (artifact id: '108e4b8dae465d5a801cb6b0782f9123') in 0.0038325 seconds
Refreshing native plugins compatible for Editor in 2.11 ms, found 4 plugins.
Preloading 0 native plugins for Editor in 0.00 ms.
Asset Pipeline Refresh (id=b38c9d349fdb3f54f9910de9b3c0aaec): Total: 0.021 seconds - Initiated by StopAssetImportingV2(NoUpdateAssetOptions)
Start importing Assets/NoSafeCircle/DoorPrototype/Art/Enemies/Source/Walk/enemy_ranged_n_walk_01.png using Guid(4c0b102347e29234a86a1dab8c5a50b0) (TextureImporter) -> (artifact id: '5b9c0c0d4b6a4443df2513fe217b0fe9') in 0.0064516 seconds
Refreshing native plugins compatible for Editor in 4.38 ms, found 4 plugins.
Preloading 0 native plugins for Editor in 0.00 ms.
Asset Pipeline Refresh (id=7152ca26eca50d4478c8e80b00aff741): Total: 0.034 seconds - Initiated by StopAssetImportingV2(NoUpdateAssetOptions)
Start importing Assets/NoSafeCircle/DoorPrototype/Art/Enemies/Source/Walk/enemy_ranged_n_walk_01.png using Guid(4c0b102347e29234a86a1dab8c5a50b0) (TextureImporter) -> (artifact id: '5b9c0c0d4b6a4443df2513fe217b0fe9') in 0.0042728 seconds
Refreshing native plugins compatible for Editor in 4.02 ms, found 4 plugins.
Preloading 0 native plugins for Editor in 0.00 ms.
Asset Pipeline Refresh (id=62bdf1f7bbdaeb740b6c9c5c4638eeeb): Total: 0.028 seconds - Initiated by StopAssetImportingV2(NoUpdateAssetOptions)
Start importing Assets/NoSafeCircle/DoorPrototype/Art/Enemies/Source/Walk/enemy_ranged_n_walk_02.png using Guid(7f6ec39d99f31984f90db36df13b2df5) (TextureImporter) -> (artifact id: '070f212c8a3914dbf5f216d064087d6f') in 0.0050622 seconds
Refreshing native plugins compatible for Editor in 2.74 ms, found 4 plugins.
Preloading 0 native plugins for Editor in 0.00 ms.
Asset Pipeline Refresh (id=f7c617a29b2d5db49b5f64e5a332c7cb): Total: 0.027 seconds - Initiated by StopAssetImportingV2(NoUpdateAssetOptions)
Start importing Assets/NoSafeCircle/DoorPrototype/Art/Enemies/Source/Walk/enemy_ranged_n_walk_02.png using Guid(7f6ec39d99f31984f90db36df13b2df5) (TextureImporter) -> (artifact id: '070f212c8a3914dbf5f216d064087d6f') in 0.0051064 seconds
Refreshing native plugins compatible for Editor in 2.22 ms, found 4 plugins.
Preloading 0 native plugins for Editor in 0.00 ms.
Asset Pipeline Refresh (id=b3593d05fc9b6c0488a87575f056d362): Total: 0.028 seconds - Initiated by StopAssetImportingV2(NoUpdateAssetOptions)
Start importing Assets/NoSafeCircle/DoorPrototype/Art/Enemies/Source/Walk/enemy_ranged_n_walk_03.png using Guid(7e077273db9ae1d41ac7bdacafc5cd18) (TextureImporter) -> (artifact id: '78140191c7419122802da5046478964b') in 0.0062522 seconds
Refreshing native plugins compatible for Editor in 2.58 ms, found 4 plugins.
Preloading 0 native plugins for Editor in 0.00 ms.
Asset Pipeline Refresh (id=2db8a7c2a656609449b4f94f7d9a97f2): Total: 0.026 seconds - Initiated by StopAssetImportingV2(NoUpdateAssetOptions)
Start importing Assets/NoSafeCircle/DoorPrototype/Art/Enemies/Source/Walk/enemy_ranged_n_walk_03.png using Guid(7e077273db9ae1d41ac7bdacafc5cd18) (TextureImporter) -> (artifact id: '78140191c7419122802da5046478964b') in 0.0053096 seconds
Refreshing native plugins compatible for Editor in 3.84 ms, found 4 plugins.
Preloading 0 native plugins for Editor in 0.00 ms.
Asset Pipeline Refresh (id=67efb7654b2845c4892d87d5b0244656): Total: 0.030 seconds - Initiated by StopAssetImportingV2(NoUpdateAssetOptions)
Start importing Assets/NoSafeCircle/DoorPrototype/Art/Enemies/Source/Walk/enemy_ranged_n_walk_04.png using Guid(b48fa2e56eb2d4843bf0df1dd254169d) (TextureImporter) -> (artifact id: '2206e2291d6b1532eb1bad35ce7ee70e') in 0.0050974 seconds
Refreshing native plugins compatible for Editor in 3.36 ms, found 4 plugins.
Preloading 0 native plugins for Editor in 0.00 ms.
Asset Pipeline Refresh (id=97cd0c03b28a9074d8636ed4fe6ab92e): Total: 0.033 seconds - Initiated by StopAssetImportingV2(NoUpdateAssetOptions)
Start importing Assets/NoSafeCircle/DoorPrototype/Art/Enemies/Source/Walk/enemy_ranged_n_walk_04.png using Guid(b48fa2e56eb2d4843bf0df1dd254169d) (TextureImporter) -> (artifact id: '2206e2291d6b1532eb1bad35ce7ee70e') in 0.0059971 seconds
Refreshing native plugins compatible for Editor in 2.66 ms, found 4 plugins.
Preloading 0 native plugins for Editor in 0.00 ms.
Asset Pipeline Refresh (id=155353efe5129bb49a53d8334acd9f42): Total: 0.032 seconds - Initiated by StopAssetImportingV2(NoUpdateAssetOptions)
Start importing Assets/NoSafeCircle/DoorPrototype/Art/Enemies/Source/Walk/enemy_ranged_n_walk_05.png using Guid(c5dde6a5e5f90b0489cd408fa77bb73c) (TextureImporter) -> (artifact id: '3bdb1c29b241aee799ed0d4a72c93463') in 0.0064125 seconds
Refreshing native plugins compatible for Editor in 3.01 ms, found 4 plugins.
Preloading 0 native plugins for Editor in 0.00 ms.
Asset Pipeline Refresh (id=88920cab212063a4ca70b8c5e1c8138e): Total: 0.033 seconds - Initiated by StopAssetImportingV2(NoUpdateAssetOptions)
Start importing Assets/NoSafeCircle/DoorPrototype/Art/Enemies/Source/Walk/enemy_ranged_n_walk_05.png using Guid(c5dde6a5e5f90b0489cd408fa77bb73c) (TextureImporter) -> (artifact id: '3bdb1c29b241aee799ed0d4a72c93463') in 0.004985 seconds
Refreshing native plugins compatible for Editor in 2.20 ms, found 4 plugins.
Preloading 0 native plugins for Editor in 0.00 ms.
Asset Pipeline Refresh (id=71e7d93f99053c049bae3d068244d13b): Total: 0.026 seconds - Initiated by StopAssetImportingV2(NoUpdateAssetOptions)
Start importing Assets/NoSafeCircle/DoorPrototype/Art/Enemies/Source/enemy_ranged_ne_idle_00.png using Guid(2111542209294994d9e7192824c75fa8) (TextureImporter) -> (artifact id: '1d31762116cc370b5c8f712d083f67a3') in 0.0046006 seconds
Refreshing native plugins compatible for Editor in 2.52 ms, found 4 plugins.
Preloading 0 native plugins for Editor in 0.00 ms.
Asset Pipeline Refresh (id=721bcdfdb719ef3478343aeeb22daf76): Total: 0.028 seconds - Initiated by StopAssetImportingV2(NoUpdateAssetOptions)
Start importing Assets/NoSafeCircle/DoorPrototype/Art/Enemies/Source/enemy_ranged_ne_idle_00.png using Guid(2111542209294994d9e7192824c75fa8) (TextureImporter) -> (artifact id: '1d31762116cc370b5c8f712d083f67a3') in 0.0064795 seconds
Refreshing native plugins compatible for Editor in 2.41 ms, found 4 plugins.
Preloading 0 native plugins for Editor in 0.00 ms.
Asset Pipeline Refresh (id=8f82a2fe132e4a344892b83a28e049b0): Total: 0.029 seconds - Initiated by StopAssetImportingV2(NoUpdateAssetOptions)
Start importing Assets/NoSafeCircle/DoorPrototype/Art/Enemies/Source/Walk/enemy_ranged_ne_walk_00.png using Guid(a06fa2155e42ba9488b82a03a5b8b70b) (TextureImporter) -> (artifact id: '1cccdb9e4dc23b1acc2eadce58c6805f') in 0.0059373 seconds
Refreshing native plugins compatible for Editor in 3.28 ms, found 4 plugins.
Preloading 0 native plugins for Editor in 0.00 ms.
Asset Pipeline Refresh (id=f3703574cd438e141bd7b2d4857722c3): Total: 0.028 seconds - Initiated by StopAssetImportingV2(NoUpdateAssetOptions)
Start importing Assets/NoSafeCircle/DoorPrototype/Art/Enemies/Source/Walk/enemy_ranged_ne_walk_00.png using Guid(a06fa2155e42ba9488b82a03a5b8b70b) (TextureImporter) -> (artifact id: '1cccdb9e4dc23b1acc2eadce58c6805f') in 0.0066626 seconds
Refreshing native plugins compatible for Editor in 1.95 ms, found 4 plugins.
Preloading 0 native plugins for Editor in 0.00 ms.
Asset Pipeline Refresh (id=90d25113b25ad744e9d767a40a67d7dc): Total: 0.026 seconds - Initiated by StopAssetImportingV2(NoUpdateAssetOptions)
Start importing Assets/NoSafeCircle/DoorPrototype/Art/Enemies/Source/Walk/enemy_ranged_ne_walk_01.png using Guid(625243ddce3c30447b6be6e642ef5e64) (TextureImporter) -> (artifact id: '51e6413489d3d8d53557c9d59748e18f') in 0.0046631 seconds
Refreshing native plugins compatible for Editor in 2.45 ms, found 4 plugins.
Preloading 0 native plugins for Editor in 0.00 ms.
Asset Pipeline Refresh (id=c1c8c237986b4474eb71e290893b5ccb): Total: 0.022 seconds - Initiated by StopAssetImportingV2(NoUpdateAssetOptions)
Start importing Assets/NoSafeCircle/DoorPrototype/Art/Enemies/Source/Walk/enemy_ranged_ne_walk_01.png using Guid(625243ddce3c30447b6be6e642ef5e64) (TextureImporter) -> (artifact id: '51e6413489d3d8d53557c9d59748e18f') in 0.0041617 seconds
Refreshing native plugins compatible for Editor in 2.83 ms, found 4 plugins.
Preloading 0 native plugins for Editor in 0.00 ms.
Asset Pipeline Refresh (id=77ab6d31cdad5f949bde72b6b00e0873): Total: 0.022 seconds - Initiated by StopAssetImportingV2(NoUpdateAssetOptions)
Start importing Assets/NoSafeCircle/DoorPrototype/Art/Enemies/Source/Walk/enemy_ranged_ne_walk_02.png using Guid(506afcd6a7f71f8428919d27316338a6) (TextureImporter) -> (artifact id: '402cce8d38abbf1175e18570bfd93edb') in 0.0042063 seconds
Refreshing native plugins compatible for Editor in 2.25 ms, found 4 plugins.
Preloading 0 native plugins for Editor in 0.00 ms.
Asset Pipeline Refresh (id=3a376b8f266c0674b8b76d33a4fe5ede): Total: 0.022 seconds - Initiated by StopAssetImportingV2(NoUpdateAssetOptions)
Start importing Assets/NoSafeCircle/DoorPrototype/Art/Enemies/Source/Walk/enemy_ranged_ne_walk_02.png using Guid(506afcd6a7f71f8428919d27316338a6) (TextureImporter) -> (artifact id: '402cce8d38abbf1175e18570bfd93edb') in 0.0048167 seconds
Refreshing native plugins compatible for Editor in 2.88 ms, found 4 plugins.
Preloading 0 native plugins for Editor in 0.00 ms.
Asset Pipeline Refresh (id=efe986d813314c64f8272317439b32e8): Total: 0.023 seconds - Initiated by StopAssetImportingV2(NoUpdateAssetOptions)
Start importing Assets/NoSafeCircle/DoorPrototype/Art/Enemies/Source/Walk/enemy_ranged_ne_walk_03.png using Guid(f12ff253cbb5d66458db95b1a79685f8) (TextureImporter) -> (artifact id: '62dda00dea4d5b1344bdf6794a6040f1') in 0.0060457 seconds
Refreshing native plugins compatible for Editor in 2.57 ms, found 4 plugins.
Preloading 0 native plugins for Editor in 0.00 ms.
Asset Pipeline Refresh (id=8fbf87b75388f184ea2a7ddac7f9fd53): Total: 0.026 seconds - Initiated by StopAssetImportingV2(NoUpdateAssetOptions)
Start importing Assets/NoSafeCircle/DoorPrototype/Art/Enemies/Source/Walk/enemy_ranged_ne_walk_03.png using Guid(f12ff253cbb5d66458db95b1a79685f8) (TextureImporter) -> (artifact id: '62dda00dea4d5b1344bdf6794a6040f1') in 0.0047794 seconds
Refreshing native plugins compatible for Editor in 2.09 ms, found 4 plugins.
Preloading 0 native plugins for Editor in 0.00 ms.
Asset Pipeline Refresh (id=cc698b3a5e82856489dab22250aa69ed): Total: 0.027 seconds - Initiated by StopAssetImportingV2(NoUpdateAssetOptions)
Start importing Assets/NoSafeCircle/DoorPrototype/Art/Enemies/Source/Walk/enemy_ranged_ne_walk_04.png using Guid(8f0dd5db48abcec499de014c1d5105db) (TextureImporter) -> (artifact id: 'c00381ff57a5023433c76138cbade9e7') in 0.0056564 seconds
Refreshing native plugins compatible for Editor in 2.62 ms, found 4 plugins.
Preloading 0 native plugins for Editor in 0.00 ms.
Asset Pipeline Refresh (id=3c75577625905f64eb41908ef2de45a4): Total: 0.022 seconds - Initiated by StopAssetImportingV2(NoUpdateAssetOptions)
Start importing Assets/NoSafeCircle/DoorPrototype/Art/Enemies/Source/Walk/enemy_ranged_ne_walk_04.png using Guid(8f0dd5db48abcec499de014c1d5105db) (TextureImporter) -> (artifact id: 'c00381ff57a5023433c76138cbade9e7') in 0.00416 seconds
Refreshing native plugins compatible for Editor in 2.76 ms, found 4 plugins.
Preloading 0 native plugins for Editor in 0.00 ms.
Asset Pipeline Refresh (id=d7df0a887a8a3234f93170bfb8eee2ae): Total: 0.022 seconds - Initiated by StopAssetImportingV2(NoUpdateAssetOptions)
Start importing Assets/NoSafeCircle/DoorPrototype/Art/Enemies/Source/Walk/enemy_ranged_ne_walk_05.png using Guid(dc13016712cd0c748ba68b9a6b33a281) (TextureImporter) -> (artifact id: '2f5d05c128f34db3e7b9a49adc08d36b') in 0.004004 seconds
Refreshing native plugins compatible for Editor in 2.10 ms, found 4 plugins.
Preloading 0 native plugins for Editor in 0.00 ms.
Asset Pipeline Refresh (id=b4d5b8153aba091488d55989fe9a1add): Total: 0.021 seconds - Initiated by StopAssetImportingV2(NoUpdateAssetOptions)
Start importing Assets/NoSafeCircle/DoorPrototype/Art/Enemies/Source/Walk/enemy_ranged_ne_walk_05.png using Guid(dc13016712cd0c748ba68b9a6b33a281) (TextureImporter) -> (artifact id: '2f5d05c128f34db3e7b9a49adc08d36b') in 0.0041152 seconds
Refreshing native plugins compatible for Editor in 2.21 ms, found 4 plugins.
Preloading 0 native plugins for Editor in 0.00 ms.
Asset Pipeline Refresh (id=885b15132fc22c24ca241a32d5388106): Total: 0.024 seconds - Initiated by StopAssetImportingV2(NoUpdateAssetOptions)
Start importing Assets/NoSafeCircle/DoorPrototype/Art/Enemies/Source/enemy_ranged_e_idle_00.png using Guid(cbd89030b5fa6064eb0d32cc4a84adb7) (TextureImporter) -> (artifact id: '075ddb90debb79c752217b5facb6ea8a') in 0.0034448 seconds
Refreshing native plugins compatible for Editor in 2.05 ms, found 4 plugins.
Preloading 0 native plugins for Editor in 0.00 ms.
Asset Pipeline Refresh (id=2ed9ee75ed964294d9c6efe7364bbe3c): Total: 0.020 seconds - Initiated by StopAssetImportingV2(NoUpdateAssetOptions)
Start importing Assets/NoSafeCircle/DoorPrototype/Art/Enemies/Source/enemy_ranged_e_idle_00.png using Guid(cbd89030b5fa6064eb0d32cc4a84adb7) (TextureImporter) -> (artifact id: '075ddb90debb79c752217b5facb6ea8a') in 0.0033686 seconds
Refreshing native plugins compatible for Editor in 2.73 ms, found 4 plugins.
Preloading 0 native plugins for Editor in 0.00 ms.
Asset Pipeline Refresh (id=2523f729aba954d45b373e4df7a6cdb9): Total: 0.023 seconds - Initiated by StopAssetImportingV2(NoUpdateAssetOptions)
Start importing Assets/NoSafeCircle/DoorPrototype/Art/Enemies/Source/Walk/enemy_ranged_e_walk_00.png using Guid(07cae9912e13e1f4bb317105c5080479) (TextureImporter) -> (artifact id: '6d2423dbcdeddc472f701f6896b1e14f') in 0.0045399 seconds
Refreshing native plugins compatible for Editor in 3.36 ms, found 4 plugins.
Preloading 0 native plugins for Editor in 0.00 ms.
Asset Pipeline Refresh (id=12910e10a7dc60542b5a3538569d1d59): Total: 0.023 seconds - Initiated by StopAssetImportingV2(NoUpdateAssetOptions)
Start importing Assets/NoSafeCircle/DoorPrototype/Art/Enemies/Source/Walk/enemy_ranged_e_walk_00.png using Guid(07cae9912e13e1f4bb317105c5080479) (TextureImporter) -> (artifact id: '6d2423dbcdeddc472f701f6896b1e14f') in 0.0037493 seconds
Refreshing native plugins compatible for Editor in 2.36 ms, found 4 plugins.
Preloading 0 native plugins for Editor in 0.00 ms.
Asset Pipeline Refresh (id=21f3d40824f2fe6479a70b0467386e1b): Total: 0.020 seconds - Initiated by StopAssetImportingV2(NoUpdateAssetOptions)
Start importing Assets/NoSafeCircle/DoorPrototype/Art/Enemies/Source/Walk/enemy_ranged_e_walk_01.png using Guid(6d95f379928cdf4458aa28c59094e22e) (TextureImporter) -> (artifact id: '5eb481e7003b1c8186b7662140509702') in 0.0050519 seconds
Refreshing native plugins compatible for Editor in 2.21 ms, found 4 plugins.
Preloading 0 native plugins for Editor in 0.00 ms.
Asset Pipeline Refresh (id=4350d6479387cfd479d98bdfd80ecb9d): Total: 0.025 seconds - Initiated by StopAssetImportingV2(NoUpdateAssetOptions)
Start importing Assets/NoSafeCircle/DoorPrototype/Art/Enemies/Source/Walk/enemy_ranged_e_walk_01.png using Guid(6d95f379928cdf4458aa28c59094e22e) (TextureImporter) -> (artifact id: '5eb481e7003b1c8186b7662140509702') in 0.0038535 seconds
Refreshing native plugins compatible for Editor in 2.38 ms, found 4 plugins.
Preloading 0 native plugins for Editor in 0.00 ms.
Asset Pipeline Refresh (id=f5cd3f3ed6d765841af0527c45b72ab3): Total: 0.023 seconds - Initiated by StopAssetImportingV2(NoUpdateAssetOptions)
Start importing Assets/NoSafeCircle/DoorPrototype/Art/Enemies/Source/Walk/enemy_ranged_e_walk_02.png using Guid(b6870002ea525fe4e8b0f57b06c59af7) (TextureImporter) -> (artifact id: '870fc4b3ced688495e94bdacb378e748') in 0.0047721 seconds
Refreshing native plugins compatible for Editor in 2.24 ms, found 4 plugins.
Preloading 0 native plugins for Editor in 0.00 ms.
Asset Pipeline Refresh (id=fdcaddc19469d7b4689277961c9c5858): Total: 0.023 seconds - Initiated by StopAssetImportingV2(NoUpdateAssetOptions)
Start importing Assets/NoSafeCircle/DoorPrototype/Art/Enemies/Source/Walk/enemy_ranged_e_walk_02.png using Guid(b6870002ea525fe4e8b0f57b06c59af7) (TextureImporter) -> (artifact id: '870fc4b3ced688495e94bdacb378e748') in 0.0043062 seconds
Refreshing native plugins compatible for Editor in 2.12 ms, found 4 plugins.
Preloading 0 native plugins for Editor in 0.00 ms.
Asset Pipeline Refresh (id=bdd44b4daa6f441459be8e45d9f62365): Total: 0.021 seconds - Initiated by StopAssetImportingV2(NoUpdateAssetOptions)
Start importing Assets/NoSafeCircle/DoorPrototype/Art/Enemies/Source/Walk/enemy_ranged_e_walk_03.png using Guid(006730da4ca7ca84da0efb0b1071b8e8) (TextureImporter) -> (artifact id: '94a740bf63d1a2e09ffefea942c59934') in 0.0041333 seconds
Refreshing native plugins compatible for Editor in 2.38 ms, found 4 plugins.
Preloading 0 native plugins for Editor in 0.00 ms.
Asset Pipeline Refresh (id=0ebaee1c8049d61439623d85889bee68): Total: 0.020 seconds - Initiated by StopAssetImportingV2(NoUpdateAssetOptions)
Start importing Assets/NoSafeCircle/DoorPrototype/Art/Enemies/Source/Walk/enemy_ranged_e_walk_03.png using Guid(006730da4ca7ca84da0efb0b1071b8e8) (TextureImporter) -> (artifact id: '94a740bf63d1a2e09ffefea942c59934') in 0.0040779 seconds
Refreshing native plugins compatible for Editor in 2.15 ms, found 4 plugins.
Preloading 0 native plugins for Editor in 0.00 ms.
Asset Pipeline Refresh (id=fe60fb3880dc61b44ba8982769c3c2da): Total: 0.021 seconds - Initiated by StopAssetImportingV2(NoUpdateAssetOptions)
Start importing Assets/NoSafeCircle/DoorPrototype/Art/Enemies/Source/Walk/enemy_ranged_e_walk_04.png using Guid(ac17f28dae647c744aea4aacab9ebb42) (TextureImporter) -> (artifact id: 'cbbfa051a4665f8ebf7243a3aa082e0e') in 0.0051058 seconds
Refreshing native plugins compatible for Editor in 2.52 ms, found 4 plugins.
Preloading 0 native plugins for Editor in 0.00 ms.
Asset Pipeline Refresh (id=ec67627a8283ca3468ae6d4178db7f04): Total: 0.023 seconds - Initiated by StopAssetImportingV2(NoUpdateAssetOptions)
Start importing Assets/NoSafeCircle/DoorPrototype/Art/Enemies/Source/Walk/enemy_ranged_e_walk_04.png using Guid(ac17f28dae647c744aea4aacab9ebb42) (TextureImporter) -> (artifact id: 'cbbfa051a4665f8ebf7243a3aa082e0e') in 0.0043538 seconds
Refreshing native plugins compatible for Editor in 2.13 ms, found 4 plugins.
Preloading 0 native plugins for Editor in 0.00 ms.
Asset Pipeline Refresh (id=e8d5f73acac8d894c9e1e6a1c8c5035c): Total: 0.021 seconds - Initiated by StopAssetImportingV2(NoUpdateAssetOptions)
Start importing Assets/NoSafeCircle/DoorPrototype/Art/Enemies/Source/Walk/enemy_ranged_e_walk_05.png using Guid(6dae8ec0cb97de344974ffc8239825c8) (TextureImporter) -> (artifact id: '7b4fc3b1f699d3fd0dd8ec16c2b0de65') in 0.0044709 seconds
Refreshing native plugins compatible for Editor in 2.67 ms, found 4 plugins.
Preloading 0 native plugins for Editor in 0.00 ms.
Asset Pipeline Refresh (id=d1d854143a08f8c4fa8c21be44dbda62): Total: 0.021 seconds - Initiated by StopAssetImportingV2(NoUpdateAssetOptions)
Start importing Assets/NoSafeCircle/DoorPrototype/Art/Enemies/Source/Walk/enemy_ranged_e_walk_05.png using Guid(6dae8ec0cb97de344974ffc8239825c8) (TextureImporter) -> (artifact id: '7b4fc3b1f699d3fd0dd8ec16c2b0de65') in 0.0052437 seconds
Refreshing native plugins compatible for Editor in 2.06 ms, found 4 plugins.
Preloading 0 native plugins for Editor in 0.00 ms.
Asset Pipeline Refresh (id=8ebb2a867aafdff48b47caa74a0f6537): Total: 0.027 seconds - Initiated by StopAssetImportingV2(NoUpdateAssetOptions)
Start importing Assets/NoSafeCircle/DoorPrototype/Art/Enemies/Source/enemy_ranged_se_idle_00.png using Guid(a9feb66b7aa2c514aa2497645352dc5f) (TextureImporter) -> (artifact id: 'a2cfde32e91d83b40d2e3403861cb136') in 0.0045156 seconds
Refreshing native plugins compatible for Editor in 2.24 ms, found 4 plugins.
Preloading 0 native plugins for Editor in 0.00 ms.
Asset Pipeline Refresh (id=f99873e07bb19c14a9ee8b06be066d8f): Total: 0.023 seconds - Initiated by StopAssetImportingV2(NoUpdateAssetOptions)
Start importing Assets/NoSafeCircle/DoorPrototype/Art/Enemies/Source/enemy_ranged_se_idle_00.png using Guid(a9feb66b7aa2c514aa2497645352dc5f) (TextureImporter) -> (artifact id: 'a2cfde32e91d83b40d2e3403861cb136') in 0.004783 seconds
Refreshing native plugins compatible for Editor in 2.27 ms, found 4 plugins.
Preloading 0 native plugins for Editor in 0.00 ms.
Asset Pipeline Refresh (id=ee892b58ffd590a4b8e41e72eb63be78): Total: 0.022 seconds - Initiated by StopAssetImportingV2(NoUpdateAssetOptions)
Start importing Assets/NoSafeCircle/DoorPrototype/Art/Enemies/Source/Walk/enemy_ranged_se_walk_00.png using Guid(6db88d6803c957242a20d484087ac773) (TextureImporter) -> (artifact id: '2844382d655b10afe80533564c199a48') in 0.0043083 seconds
Refreshing native plugins compatible for Editor in 2.14 ms, found 4 plugins.
Preloading 0 native plugins for Editor in 0.00 ms.
Asset Pipeline Refresh (id=6e8941f134b0a844fac7e78d0c4729e2): Total: 0.022 seconds - Initiated by StopAssetImportingV2(NoUpdateAssetOptions)
Start importing Assets/NoSafeCircle/DoorPrototype/Art/Enemies/Source/Walk/enemy_ranged_se_walk_00.png using Guid(6db88d6803c957242a20d484087ac773) (TextureImporter) -> (artifact id: '2844382d655b10afe80533564c199a48') in 0.0041442 seconds
Refreshing native plugins compatible for Editor in 2.33 ms, found 4 plugins.
Preloading 0 native plugins for Editor in 0.00 ms.
Asset Pipeline Refresh (id=056f58d87eaa334469f703b863b099ea): Total: 0.023 seconds - Initiated by StopAssetImportingV2(NoUpdateAssetOptions)
Start importing Assets/NoSafeCircle/DoorPrototype/Art/Enemies/Source/Walk/enemy_ranged_se_walk_01.png using Guid(95b8e9a63fd752c46af2e6074c908bee) (TextureImporter) -> (artifact id: '9c64fa93732a37304ca5ea8ab126ad34') in 0.0048123 seconds
Refreshing native plugins compatible for Editor in 2.22 ms, found 4 plugins.
Preloading 0 native plugins for Editor in 0.00 ms.
Asset Pipeline Refresh (id=0b0dcd85f479ede4385070647a785765): Total: 0.022 seconds - Initiated by StopAssetImportingV2(NoUpdateAssetOptions)
Start importing Assets/NoSafeCircle/DoorPrototype/Art/Enemies/Source/Walk/enemy_ranged_se_walk_01.png using Guid(95b8e9a63fd752c46af2e6074c908bee) (TextureImporter) -> (artifact id: '9c64fa93732a37304ca5ea8ab126ad34') in 0.0041559 seconds
Refreshing native plugins compatible for Editor in 2.32 ms, found 4 plugins.
Preloading 0 native plugins for Editor in 0.00 ms.
Asset Pipeline Refresh (id=59e9e779919701f4196ad5e3a6d3b01b): Total: 0.022 seconds - Initiated by StopAssetImportingV2(NoUpdateAssetOptions)
Start importing Assets/NoSafeCircle/DoorPrototype/Art/Enemies/Source/Walk/enemy_ranged_se_walk_02.png using Guid(28060325fd92f48499a5ab0d43af8a02) (TextureImporter) -> (artifact id: 'e0faa52afbe27657bb3cf417a58b7d65') in 0.0057211 seconds
Refreshing native plugins compatible for Editor in 3.60 ms, found 4 plugins.
Preloading 0 native plugins for Editor in 0.00 ms.
Asset Pipeline Refresh (id=3e2de73ec6cf0214bb247bc8480b1a4e): Total: 0.026 seconds - Initiated by StopAssetImportingV2(NoUpdateAssetOptions)
Start importing Assets/NoSafeCircle/DoorPrototype/Art/Enemies/Source/Walk/enemy_ranged_se_walk_02.png using Guid(28060325fd92f48499a5ab0d43af8a02) (TextureImporter) -> (artifact id: 'e0faa52afbe27657bb3cf417a58b7d65') in 0.0039325 seconds
Refreshing native plugins compatible for Editor in 2.25 ms, found 4 plugins.
Preloading 0 native plugins for Editor in 0.00 ms.
Asset Pipeline Refresh (id=b46ec5ea92c69c54990cc210442c8e3d): Total: 0.021 seconds - Initiated by StopAssetImportingV2(NoUpdateAssetOptions)
Start importing Assets/NoSafeCircle/DoorPrototype/Art/Enemies/Source/Walk/enemy_ranged_se_walk_03.png using Guid(6999875f9a335dd48a74ba6f7590a5e5) (TextureImporter) -> (artifact id: 'b0ea32d0d7d683b715f3167fe7f410b1') in 0.0050161 seconds
Refreshing native plugins compatible for Editor in 2.87 ms, found 4 plugins.
Preloading 0 native plugins for Editor in 0.00 ms.
Asset Pipeline Refresh (id=fccda914648d0734ba384c52fe4d3623): Total: 0.025 seconds - Initiated by StopAssetImportingV2(NoUpdateAssetOptions)
Start importing Assets/NoSafeCircle/DoorPrototype/Art/Enemies/Source/Walk/enemy_ranged_se_walk_03.png using Guid(6999875f9a335dd48a74ba6f7590a5e5) (TextureImporter) -> (artifact id: 'b0ea32d0d7d683b715f3167fe7f410b1') in 0.0041953 seconds
Refreshing native plugins compatible for Editor in 2.20 ms, found 4 plugins.
Preloading 0 native plugins for Editor in 0.00 ms.
Asset Pipeline Refresh (id=12988e81f27569342837695898f0430b): Total: 0.025 seconds - Initiated by StopAssetImportingV2(NoUpdateAssetOptions)
Start importing Assets/NoSafeCircle/DoorPrototype/Art/Enemies/Source/Walk/enemy_ranged_se_walk_04.png using Guid(de0dc78182a366340a9ecea3d5318019) (TextureImporter) -> (artifact id: '7854e3c53d79e758837de45074401503') in 0.0053425 seconds
Refreshing native plugins compatible for Editor in 3.50 ms, found 4 plugins.
Preloading 0 native plugins for Editor in 0.00 ms.
Asset Pipeline Refresh (id=d4c661c3b8a9f2b4d937b66d65661dfe): Total: 0.027 seconds - Initiated by StopAssetImportingV2(NoUpdateAssetOptions)
Start importing Assets/NoSafeCircle/DoorPrototype/Art/Enemies/Source/Walk/enemy_ranged_se_walk_04.png using Guid(de0dc78182a366340a9ecea3d5318019) (TextureImporter) -> (artifact id: '7854e3c53d79e758837de45074401503') in 0.0056878 seconds
Refreshing native plugins compatible for Editor in 2.24 ms, found 4 plugins.
Preloading 0 native plugins for Editor in 0.00 ms.
Asset Pipeline Refresh (id=d489403eedab6714383304a4469d2515): Total: 0.027 seconds - Initiated by StopAssetImportingV2(NoUpdateAssetOptions)
Start importing Assets/NoSafeCircle/DoorPrototype/Art/Enemies/Source/Walk/enemy_ranged_se_walk_05.png using Guid(9c9e8c98fb6adc448961649c8f75e60c) (TextureImporter) -> (artifact id: '680f5d9ea988b60b15e2760983557262') in 0.0043895 seconds
Refreshing native plugins compatible for Editor in 2.67 ms, found 4 plugins.
Preloading 0 native plugins for Editor in 0.00 ms.
Asset Pipeline Refresh (id=e126da9e5c6188c4c9ad26e41abee5e0): Total: 0.022 seconds - Initiated by StopAssetImportingV2(NoUpdateAssetOptions)
Start importing Assets/NoSafeCircle/DoorPrototype/Art/Enemies/Source/Walk/enemy_ranged_se_walk_05.png using Guid(9c9e8c98fb6adc448961649c8f75e60c) (TextureImporter) -> (artifact id: '680f5d9ea988b60b15e2760983557262') in 0.0047966 seconds
Refreshing native plugins compatible for Editor in 2.17 ms, found 4 plugins.
Preloading 0 native plugins for Editor in 0.00 ms.
Asset Pipeline Refresh (id=3c31ebd86f3a00b41a6a260db7cc2de7): Total: 0.024 seconds - Initiated by StopAssetImportingV2(NoUpdateAssetOptions)
Start importing Assets/NoSafeCircle/DoorPrototype/Art/Enemies/Source/enemy_ranged_s_idle_00.png using Guid(0543a0d6b30a5834d9128348df3d8250) (TextureImporter) -> (artifact id: '8015c9b099c2d763fa72c973cc1486fd') in 0.0038154 seconds
Refreshing native plugins compatible for Editor in 2.15 ms, found 4 plugins.
Preloading 0 native plugins for Editor in 0.00 ms.
Asset Pipeline Refresh (id=8fecd51804291ce42890512bbd982417): Total: 0.023 seconds - Initiated by StopAssetImportingV2(NoUpdateAssetOptions)
Start importing Assets/NoSafeCircle/DoorPrototype/Art/Enemies/Source/enemy_ranged_s_idle_00.png using Guid(0543a0d6b30a5834d9128348df3d8250) (TextureImporter) -> (artifact id: '8015c9b099c2d763fa72c973cc1486fd') in 0.0038526 seconds
Refreshing native plugins compatible for Editor in 3.44 ms, found 4 plugins.
Preloading 0 native plugins for Editor in 0.00 ms.
Asset Pipeline Refresh (id=28cf543e919176f4c89c56b3a91ed8d9): Total: 0.023 seconds - Initiated by StopAssetImportingV2(NoUpdateAssetOptions)
Start importing Assets/NoSafeCircle/DoorPrototype/Art/Enemies/Source/Walk/enemy_ranged_s_walk_00.png using Guid(2f2fb9446dbc68a47a1d2000b0931e9d) (TextureImporter) -> (artifact id: 'a9b3c9c033bc96569c981b5bb2fa596b') in 0.0041857 seconds
Refreshing native plugins compatible for Editor in 3.79 ms, found 4 plugins.
Preloading 0 native plugins for Editor in 0.00 ms.
Asset Pipeline Refresh (id=fcda6ec03516a5c4f95d2fc28f2e67ae): Total: 0.022 seconds - Initiated by StopAssetImportingV2(NoUpdateAssetOptions)
Start importing Assets/NoSafeCircle/DoorPrototype/Art/Enemies/Source/Walk/enemy_ranged_s_walk_00.png using Guid(2f2fb9446dbc68a47a1d2000b0931e9d) (TextureImporter) -> (artifact id: 'a9b3c9c033bc96569c981b5bb2fa596b') in 0.0040818 seconds
Refreshing native plugins compatible for Editor in 2.10 ms, found 4 plugins.
Preloading 0 native plugins for Editor in 0.00 ms.
Asset Pipeline Refresh (id=0c0f96facec77534fadd7b0fd3441001): Total: 0.023 seconds - Initiated by StopAssetImportingV2(NoUpdateAssetOptions)
Start importing Assets/NoSafeCircle/DoorPrototype/Art/Enemies/Source/Walk/enemy_ranged_s_walk_01.png using Guid(330635d3725850c43af439c0913929b8) (TextureImporter) -> (artifact id: '878a91c5c4d0d025001f35ec935df8df') in 0.0048941 seconds
Refreshing native plugins compatible for Editor in 3.12 ms, found 4 plugins.
Preloading 0 native plugins for Editor in 0.00 ms.
Asset Pipeline Refresh (id=082834047cfc6cd429b014bd43f77462): Total: 0.027 seconds - Initiated by StopAssetImportingV2(NoUpdateAssetOptions)
Start importing Assets/NoSafeCircle/DoorPrototype/Art/Enemies/Source/Walk/enemy_ranged_s_walk_01.png using Guid(330635d3725850c43af439c0913929b8) (TextureImporter) -> (artifact id: '878a91c5c4d0d025001f35ec935df8df') in 0.0039055 seconds
Refreshing native plugins compatible for Editor in 2.13 ms, found 4 plugins.
Preloading 0 native plugins for Editor in 0.00 ms.
Asset Pipeline Refresh (id=b99477070abc9b6489c9307c51f48d4d): Total: 0.025 seconds - Initiated by StopAssetImportingV2(NoUpdateAssetOptions)
Start importing Assets/NoSafeCircle/DoorPrototype/Art/Enemies/Source/Walk/enemy_ranged_s_walk_02.png using Guid(73c14008bfc43594b847cfccec14b653) (TextureImporter) -> (artifact id: 'f1c765938d9047e3ff542315e1023a90') in 0.007634 seconds
Refreshing native plugins compatible for Editor in 2.06 ms, found 4 plugins.
Preloading 0 native plugins for Editor in 0.00 ms.
Asset Pipeline Refresh (id=d5a18cbffe4785f46b006735c3ee3a20): Total: 0.027 seconds - Initiated by StopAssetImportingV2(NoUpdateAssetOptions)
Start importing Assets/NoSafeCircle/DoorPrototype/Art/Enemies/Source/Walk/enemy_ranged_s_walk_02.png using Guid(73c14008bfc43594b847cfccec14b653) (TextureImporter) -> (artifact id: 'f1c765938d9047e3ff542315e1023a90') in 0.0042318 seconds
Refreshing native plugins compatible for Editor in 2.22 ms, found 4 plugins.
Preloading 0 native plugins for Editor in 0.00 ms.
Asset Pipeline Refresh (id=18658e153e5b9fc409f3f242d601d6f7): Total: 0.022 seconds - Initiated by StopAssetImportingV2(NoUpdateAssetOptions)
Start importing Assets/NoSafeCircle/DoorPrototype/Art/Enemies/Source/Walk/enemy_ranged_s_walk_03.png using Guid(5260af7e95ed65f43ba4865fee07c20b) (TextureImporter) -> (artifact id: '84c10f5380771e221887ea1d2305a6bf') in 0.0052915 seconds
Refreshing native plugins compatible for Editor in 2.15 ms, found 4 plugins.
Preloading 0 native plugins for Editor in 0.00 ms.
Asset Pipeline Refresh (id=fff148f5ac1ef884abcb09eb946d6eda): Total: 0.026 seconds - Initiated by StopAssetImportingV2(NoUpdateAssetOptions)
Start importing Assets/NoSafeCircle/DoorPrototype/Art/Enemies/Source/Walk/enemy_ranged_s_walk_03.png using Guid(5260af7e95ed65f43ba4865fee07c20b) (TextureImporter) -> (artifact id: '84c10f5380771e221887ea1d2305a6bf') in 0.0041828 seconds
Refreshing native plugins compatible for Editor in 3.34 ms, found 4 plugins.
Preloading 0 native plugins for Editor in 0.00 ms.
Asset Pipeline Refresh (id=e935920706d536146aa21da031997774): Total: 0.025 seconds - Initiated by StopAssetImportingV2(NoUpdateAssetOptions)
Start importing Assets/NoSafeCircle/DoorPrototype/Art/Enemies/Source/Walk/enemy_ranged_s_walk_04.png using Guid(08a63476bc85f9842ad5d4276efe6662) (TextureImporter) -> (artifact id: '9917b99cc9e340605036ae229554cc19') in 0.0045894 seconds
Refreshing native plugins compatible for Editor in 3.15 ms, found 4 plugins.
Preloading 0 native plugins for Editor in 0.00 ms.
Asset Pipeline Refresh (id=fd243fd9e4ae8e749b084f22d32cd9e4): Total: 0.025 seconds - Initiated by StopAssetImportingV2(NoUpdateAssetOptions)
Start importing Assets/NoSafeCircle/DoorPrototype/Art/Enemies/Source/Walk/enemy_ranged_s_walk_04.png using Guid(08a63476bc85f9842ad5d4276efe6662) (TextureImporter) -> (artifact id: '9917b99cc9e340605036ae229554cc19') in 0.0051834 seconds
Refreshing native plugins compatible for Editor in 2.41 ms, found 4 plugins.
Preloading 0 native plugins for Editor in 0.00 ms.
Asset Pipeline Refresh (id=f15d11c3a65464840b3192635794cd9e): Total: 0.028 seconds - Initiated by StopAssetImportingV2(NoUpdateAssetOptions)
Start importing Assets/NoSafeCircle/DoorPrototype/Art/Enemies/Source/Walk/enemy_ranged_s_walk_05.png using Guid(38c8b6dac4780a34fbb1c86d38c01c9d) (TextureImporter) -> (artifact id: 'f084b4670e186b30b876a22f957eded9') in 0.0044242 seconds
Refreshing native plugins compatible for Editor in 2.12 ms, found 4 plugins.
Preloading 0 native plugins for Editor in 0.00 ms.
Asset Pipeline Refresh (id=f9e8cd597817e794ca4efad0e3dc629b): Total: 0.022 seconds - Initiated by StopAssetImportingV2(NoUpdateAssetOptions)
Start importing Assets/NoSafeCircle/DoorPrototype/Art/Enemies/Source/Walk/enemy_ranged_s_walk_05.png using Guid(38c8b6dac4780a34fbb1c86d38c01c9d) (TextureImporter) -> (artifact id: 'f084b4670e186b30b876a22f957eded9') in 0.0054981 seconds
Refreshing native plugins compatible for Editor in 2.47 ms, found 4 plugins.
Preloading 0 native plugins for Editor in 0.00 ms.
Asset Pipeline Refresh (id=2abf49e83eab12d44951da63949dfba1): Total: 0.027 seconds - Initiated by StopAssetImportingV2(NoUpdateAssetOptions)
Start importing Assets/NoSafeCircle/DoorPrototype/Art/Enemies/Source/enemy_ranged_sw_idle_00.png using Guid(beab39f1029e29645b510ff3ebaa8071) (TextureImporter) -> (artifact id: 'e5b00f9fbcd43dbcfc4d5cccbb1a0465') in 0.0046459 seconds
Refreshing native plugins compatible for Editor in 3.71 ms, found 4 plugins.
Preloading 0 native plugins for Editor in 0.00 ms.
Asset Pipeline Refresh (id=1613a59c5fcfa3d479a39d08638c39eb): Total: 0.026 seconds - Initiated by StopAssetImportingV2(NoUpdateAssetOptions)
Start importing Assets/NoSafeCircle/DoorPrototype/Art/Enemies/Source/enemy_ranged_sw_idle_00.png using Guid(beab39f1029e29645b510ff3ebaa8071) (TextureImporter) -> (artifact id: 'e5b00f9fbcd43dbcfc4d5cccbb1a0465') in 0.0043851 seconds
Refreshing native plugins compatible for Editor in 2.21 ms, found 4 plugins.
Preloading 0 native plugins for Editor in 0.00 ms.
Asset Pipeline Refresh (id=523634bd35f1aa94688224b56ee27180): Total: 0.025 seconds - Initiated by StopAssetImportingV2(NoUpdateAssetOptions)
Start importing Assets/NoSafeCircle/DoorPrototype/Art/Enemies/Source/Walk/enemy_ranged_sw_walk_00.png using Guid(dbf16f3630017d74abc68bd3385c10e0) (TextureImporter) -> (artifact id: '8d6004985a0f0132e47d801759770c04') in 0.004457 seconds
Refreshing native plugins compatible for Editor in 2.11 ms, found 4 plugins.
Preloading 0 native plugins for Editor in 0.00 ms.
Asset Pipeline Refresh (id=a5cb41a875b5912458af8501785e6fd7): Total: 0.024 seconds - Initiated by StopAssetImportingV2(NoUpdateAssetOptions)
Start importing Assets/NoSafeCircle/DoorPrototype/Art/Enemies/Source/Walk/enemy_ranged_sw_walk_00.png using Guid(dbf16f3630017d74abc68bd3385c10e0) (TextureImporter) -> (artifact id: '8d6004985a0f0132e47d801759770c04') in 0.004615 seconds
Refreshing native plugins compatible for Editor in 2.26 ms, found 4 plugins.
Preloading 0 native plugins for Editor in 0.00 ms.
Asset Pipeline Refresh (id=9668ca71dec626b499b35f06fc265348): Total: 0.027 seconds - Initiated by StopAssetImportingV2(NoUpdateAssetOptions)
Start importing Assets/NoSafeCircle/DoorPrototype/Art/Enemies/Source/Walk/enemy_ranged_sw_walk_01.png using Guid(3997dcbe8de15fe48819cb20f5e6fd21) (TextureImporter) -> (artifact id: '09391036e6f22bb213ec7b0111cd3868') in 0.0059927 seconds
Refreshing native plugins compatible for Editor in 3.40 ms, found 4 plugins.
Preloading 0 native plugins for Editor in 0.00 ms.
Asset Pipeline Refresh (id=d94cb395205a8874c892ac726a7bd25d): Total: 0.026 seconds - Initiated by StopAssetImportingV2(NoUpdateAssetOptions)
Start importing Assets/NoSafeCircle/DoorPrototype/Art/Enemies/Source/Walk/enemy_ranged_sw_walk_01.png using Guid(3997dcbe8de15fe48819cb20f5e6fd21) (TextureImporter) -> (artifact id: '09391036e6f22bb213ec7b0111cd3868') in 0.0052268 seconds
Refreshing native plugins compatible for Editor in 2.10 ms, found 4 plugins.
Preloading 0 native plugins for Editor in 0.00 ms.
Asset Pipeline Refresh (id=852ac4f99be6c474d80be7733ef0c969): Total: 0.027 seconds - Initiated by StopAssetImportingV2(NoUpdateAssetOptions)
Start importing Assets/NoSafeCircle/DoorPrototype/Art/Enemies/Source/Walk/enemy_ranged_sw_walk_02.png using Guid(2f85974a8d7f7b942ba6c0f8e17e6563) (TextureImporter) -> (artifact id: 'c5bd95ed6fa43ea4939d4c8e208d2790') in 0.0068231 seconds
Refreshing native plugins compatible for Editor in 2.12 ms, found 4 plugins.
Preloading 0 native plugins for Editor in 0.00 ms.
Asset Pipeline Refresh (id=5793f0cff8610d749964dfc6c709df48): Total: 0.024 seconds - Initiated by StopAssetImportingV2(NoUpdateAssetOptions)
Start importing Assets/NoSafeCircle/DoorPrototype/Art/Enemies/Source/Walk/enemy_ranged_sw_walk_02.png using Guid(2f85974a8d7f7b942ba6c0f8e17e6563) (TextureImporter) -> (artifact id: 'c5bd95ed6fa43ea4939d4c8e208d2790') in 0.0039814 seconds
Refreshing native plugins compatible for Editor in 3.17 ms, found 4 plugins.
Preloading 0 native plugins for Editor in 0.00 ms.
Asset Pipeline Refresh (id=8ba3eda76e64a0241a87db3a48bc7e53): Total: 0.022 seconds - Initiated by StopAssetImportingV2(NoUpdateAssetOptions)
Start importing Assets/NoSafeCircle/DoorPrototype/Art/Enemies/Source/Walk/enemy_ranged_sw_walk_03.png using Guid(5be17647aba0cb441a3b73146c8cac22) (TextureImporter) -> (artifact id: '38fb694b007099b1b0ac417d305f8305') in 0.0051907 seconds
Refreshing native plugins compatible for Editor in 3.38 ms, found 4 plugins.
Preloading 0 native plugins for Editor in 0.00 ms.
Asset Pipeline Refresh (id=c0a7c600cea2f2e44a7b79033d27cd88): Total: 0.028 seconds - Initiated by StopAssetImportingV2(NoUpdateAssetOptions)
Start importing Assets/NoSafeCircle/DoorPrototype/Art/Enemies/Source/Walk/enemy_ranged_sw_walk_03.png using Guid(5be17647aba0cb441a3b73146c8cac22) (TextureImporter) -> (artifact id: '38fb694b007099b1b0ac417d305f8305') in 0.005619 seconds
Refreshing native plugins compatible for Editor in 2.17 ms, found 4 plugins.
Preloading 0 native plugins for Editor in 0.00 ms.
Asset Pipeline Refresh (id=9511af63a1edb934bbc5bf61e9a77994): Total: 0.027 seconds - Initiated by StopAssetImportingV2(NoUpdateAssetOptions)
Start importing Assets/NoSafeCircle/DoorPrototype/Art/Enemies/Source/Walk/enemy_ranged_sw_walk_04.png using Guid(038128a7c8777a0458d7450e177256ef) (TextureImporter) -> (artifact id: '4a6dfd306d3f75e34776f52dcd2f5f54') in 0.0059737 seconds
Refreshing native plugins compatible for Editor in 2.16 ms, found 4 plugins.
Preloading 0 native plugins for Editor in 0.00 ms.
Asset Pipeline Refresh (id=3c8c379b2520b35409e3a1c6c28e3ad9): Total: 0.026 seconds - Initiated by StopAssetImportingV2(NoUpdateAssetOptions)
Start importing Assets/NoSafeCircle/DoorPrototype/Art/Enemies/Source/Walk/enemy_ranged_sw_walk_04.png using Guid(038128a7c8777a0458d7450e177256ef) (TextureImporter) -> (artifact id: '4a6dfd306d3f75e34776f52dcd2f5f54') in 0.0040974 seconds
Refreshing native plugins compatible for Editor in 2.95 ms, found 4 plugins.
Preloading 0 native plugins for Editor in 0.00 ms.
Asset Pipeline Refresh (id=44f43974284282442a63e8f25188d20f): Total: 0.023 seconds - Initiated by StopAssetImportingV2(NoUpdateAssetOptions)
Start importing Assets/NoSafeCircle/DoorPrototype/Art/Enemies/Source/Walk/enemy_ranged_sw_walk_05.png using Guid(4aae0287db4141741908245206d2f4b9) (TextureImporter) -> (artifact id: 'b630d8b9a9fe43051ab990421fc66413') in 0.0061721 seconds
Refreshing native plugins compatible for Editor in 3.25 ms, found 4 plugins.
Preloading 0 native plugins for Editor in 0.00 ms.
Asset Pipeline Refresh (id=2ba22f6ff72ed424f894dc6a7f348bab): Total: 0.028 seconds - Initiated by StopAssetImportingV2(NoUpdateAssetOptions)
Start importing Assets/NoSafeCircle/DoorPrototype/Art/Enemies/Source/Walk/enemy_ranged_sw_walk_05.png using Guid(4aae0287db4141741908245206d2f4b9) (TextureImporter) -> (artifact id: 'b630d8b9a9fe43051ab990421fc66413') in 0.0044191 seconds
Refreshing native plugins compatible for Editor in 3.01 ms, found 4 plugins.
Preloading 0 native plugins for Editor in 0.00 ms.
Asset Pipeline Refresh (id=7ce3c85359d81a24c8bbbb4b769a577f): Total: 0.026 seconds - Initiated by StopAssetImportingV2(NoUpdateAssetOptions)
Start importing Assets/NoSafeCircle/DoorPrototype/Art/Enemies/Source/enemy_ranged_w_idle_00.png using Guid(7cd289da7e4ed8e4d8e31aab3ca938e8) (TextureImporter) -> (artifact id: '5dff14c23a4c483cecfc59f375203f7e') in 0.0035751 seconds
Refreshing native plugins compatible for Editor in 3.15 ms, found 4 plugins.
Preloading 0 native plugins for Editor in 0.00 ms.
Asset Pipeline Refresh (id=9c4124bb07944b04188a52e80f34b89d): Total: 0.027 seconds - Initiated by StopAssetImportingV2(NoUpdateAssetOptions)
Start importing Assets/NoSafeCircle/DoorPrototype/Art/Enemies/Source/enemy_ranged_w_idle_00.png using Guid(7cd289da7e4ed8e4d8e31aab3ca938e8) (TextureImporter) -> (artifact id: '5dff14c23a4c483cecfc59f375203f7e') in 0.0032241 seconds
Refreshing native plugins compatible for Editor in 1.91 ms, found 4 plugins.
Preloading 0 native plugins for Editor in 0.00 ms.
Asset Pipeline Refresh (id=3cfec6273cc562644b9734d669c35800): Total: 0.020 seconds - Initiated by StopAssetImportingV2(NoUpdateAssetOptions)
Start importing Assets/NoSafeCircle/DoorPrototype/Art/Enemies/Source/Walk/enemy_ranged_w_walk_00.png using Guid(33f0e811d069ee14898821c06de8640e) (TextureImporter) -> (artifact id: '99ef02395bdb72a64eb071a6a58e5b9c') in 0.004193 seconds
Refreshing native plugins compatible for Editor in 3.28 ms, found 4 plugins.
Preloading 0 native plugins for Editor in 0.00 ms.
Asset Pipeline Refresh (id=d39aeb9be53b1774fbb4053713f70122): Total: 0.022 seconds - Initiated by StopAssetImportingV2(NoUpdateAssetOptions)
Start importing Assets/NoSafeCircle/DoorPrototype/Art/Enemies/Source/Walk/enemy_ranged_w_walk_00.png using Guid(33f0e811d069ee14898821c06de8640e) (TextureImporter) -> (artifact id: '99ef02395bdb72a64eb071a6a58e5b9c') in 0.0038633 seconds
Refreshing native plugins compatible for Editor in 2.77 ms, found 4 plugins.
Preloading 0 native plugins for Editor in 0.00 ms.
Asset Pipeline Refresh (id=435df7fda6771174cbb6acad20eb14bf): Total: 0.026 seconds - Initiated by StopAssetImportingV2(NoUpdateAssetOptions)
Start importing Assets/NoSafeCircle/DoorPrototype/Art/Enemies/Source/Walk/enemy_ranged_w_walk_01.png using Guid(9d826f18ed4043c448e95616e87b9683) (TextureImporter) -> (artifact id: '3d90db4ffdd3e5761572b2c9fdbd1104') in 0.0058352 seconds
Refreshing native plugins compatible for Editor in 2.90 ms, found 4 plugins.
Preloading 0 native plugins for Editor in 0.00 ms.
Asset Pipeline Refresh (id=5d4b9437ffc5a244db81d8a3278a5133): Total: 0.024 seconds - Initiated by StopAssetImportingV2(NoUpdateAssetOptions)
Start importing Assets/NoSafeCircle/DoorPrototype/Art/Enemies/Source/Walk/enemy_ranged_w_walk_01.png using Guid(9d826f18ed4043c448e95616e87b9683) (TextureImporter) -> (artifact id: '3d90db4ffdd3e5761572b2c9fdbd1104') in 0.0057196 seconds
Refreshing native plugins compatible for Editor in 3.27 ms, found 4 plugins.
Preloading 0 native plugins for Editor in 0.00 ms.
Asset Pipeline Refresh (id=4524325c8496f714c9c074bea25e3271): Total: 0.032 seconds - Initiated by StopAssetImportingV2(NoUpdateAssetOptions)
Start importing Assets/NoSafeCircle/DoorPrototype/Art/Enemies/Source/Walk/enemy_ranged_w_walk_02.png using Guid(e3e2aa78e82c24940ad0b9e3ef947580) (TextureImporter) -> (artifact id: '5b857024569e19005421c65c76bab1f9') in 0.0066953 seconds
Refreshing native plugins compatible for Editor in 2.49 ms, found 4 plugins.
Preloading 0 native plugins for Editor in 0.00 ms.
Asset Pipeline Refresh (id=07921d6e7ed2c344f9125be12a2e73b2): Total: 0.028 seconds - Initiated by StopAssetImportingV2(NoUpdateAssetOptions)
Start importing Assets/NoSafeCircle/DoorPrototype/Art/Enemies/Source/Walk/enemy_ranged_w_walk_02.png using Guid(e3e2aa78e82c24940ad0b9e3ef947580) (TextureImporter) -> (artifact id: '5b857024569e19005421c65c76bab1f9') in 0.0038261 seconds
Refreshing native plugins compatible for Editor in 2.37 ms, found 4 plugins.
Preloading 0 native plugins for Editor in 0.00 ms.
Asset Pipeline Refresh (id=521498d0d63870e4988c744a2c41e990): Total: 0.024 seconds - Initiated by StopAssetImportingV2(NoUpdateAssetOptions)
Start importing Assets/NoSafeCircle/DoorPrototype/Art/Enemies/Source/Walk/enemy_ranged_w_walk_03.png using Guid(f7974d559950a2148957d30256a08f5d) (TextureImporter) -> (artifact id: '1c89b7e1ed3b09f31fbe78322f5abcb1') in 0.0046054 seconds
Refreshing native plugins compatible for Editor in 3.42 ms, found 4 plugins.
Preloading 0 native plugins for Editor in 0.00 ms.
Asset Pipeline Refresh (id=d2a56e6c70f58524f9a12b2ea1188f35): Total: 0.024 seconds - Initiated by StopAssetImportingV2(NoUpdateAssetOptions)
Start importing Assets/NoSafeCircle/DoorPrototype/Art/Enemies/Source/Walk/enemy_ranged_w_walk_03.png using Guid(f7974d559950a2148957d30256a08f5d) (TextureImporter) -> (artifact id: '1c89b7e1ed3b09f31fbe78322f5abcb1') in 0.0040044 seconds
Refreshing native plugins compatible for Editor in 2.91 ms, found 4 plugins.
Preloading 0 native plugins for Editor in 0.00 ms.
Asset Pipeline Refresh (id=89525ff1a4247e040b7b41a810f613eb): Total: 0.024 seconds - Initiated by StopAssetImportingV2(NoUpdateAssetOptions)
Start importing Assets/NoSafeCircle/DoorPrototype/Art/Enemies/Source/Walk/enemy_ranged_w_walk_04.png using Guid(46b116939018878459c687db918d47d4) (TextureImporter) -> (artifact id: '27432d6e319fb8d63ea5d5e46393b481') in 0.0042646 seconds
Refreshing native plugins compatible for Editor in 2.37 ms, found 4 plugins.
Preloading 0 native plugins for Editor in 0.00 ms.
Asset Pipeline Refresh (id=8117492a1236fb540b271ae79601568b): Total: 0.025 seconds - Initiated by StopAssetImportingV2(NoUpdateAssetOptions)
Start importing Assets/NoSafeCircle/DoorPrototype/Art/Enemies/Source/Walk/enemy_ranged_w_walk_04.png using Guid(46b116939018878459c687db918d47d4) (TextureImporter) -> (artifact id: '27432d6e319fb8d63ea5d5e46393b481') in 0.0054009 seconds
Refreshing native plugins compatible for Editor in 3.22 ms, found 4 plugins.
Preloading 0 native plugins for Editor in 0.00 ms.
Asset Pipeline Refresh (id=637b255155297214aa50e448989257fe): Total: 0.029 seconds - Initiated by StopAssetImportingV2(NoUpdateAssetOptions)
Start importing Assets/NoSafeCircle/DoorPrototype/Art/Enemies/Source/Walk/enemy_ranged_w_walk_05.png using Guid(df8e55ee2ac3480438bcbab96bcc7c3a) (TextureImporter) -> (artifact id: '8fc5985c84ae6ddd7e1c150f878b1c5a') in 0.0044922 seconds
Refreshing native plugins compatible for Editor in 2.88 ms, found 4 plugins.
Preloading 0 native plugins for Editor in 0.00 ms.
Asset Pipeline Refresh (id=0ad5a344ec276494292dadbbbd9fca8d): Total: 0.028 seconds - Initiated by StopAssetImportingV2(NoUpdateAssetOptions)
Start importing Assets/NoSafeCircle/DoorPrototype/Art/Enemies/Source/Walk/enemy_ranged_w_walk_05.png using Guid(df8e55ee2ac3480438bcbab96bcc7c3a) (TextureImporter) -> (artifact id: '8fc5985c84ae6ddd7e1c150f878b1c5a') in 0.0040155 seconds
Refreshing native plugins compatible for Editor in 2.15 ms, found 4 plugins.
Preloading 0 native plugins for Editor in 0.00 ms.
Asset Pipeline Refresh (id=da15690cbf24c0444b3e8467e9890c50): Total: 0.021 seconds - Initiated by StopAssetImportingV2(NoUpdateAssetOptions)
Start importing Assets/NoSafeCircle/DoorPrototype/Art/Enemies/Source/enemy_ranged_nw_idle_00.png using Guid(262de4331824c544f8a3729d6b0f0cbe) (TextureImporter) -> (artifact id: '1fde54cfc489306534dc02c73a20b943') in 0.0045225 seconds
Refreshing native plugins compatible for Editor in 3.25 ms, found 4 plugins.
Preloading 0 native plugins for Editor in 0.00 ms.
Asset Pipeline Refresh (id=71a76aa2dd7311140bd261d724fbccfd): Total: 0.024 seconds - Initiated by StopAssetImportingV2(NoUpdateAssetOptions)
Start importing Assets/NoSafeCircle/DoorPrototype/Art/Enemies/Source/enemy_ranged_nw_idle_00.png using Guid(262de4331824c544f8a3729d6b0f0cbe) (TextureImporter) -> (artifact id: '1fde54cfc489306534dc02c73a20b943') in 0.0035606 seconds
Refreshing native plugins compatible for Editor in 2.66 ms, found 4 plugins.
Preloading 0 native plugins for Editor in 0.00 ms.
Asset Pipeline Refresh (id=75a1c52284d12be4284ba5a0ae719096): Total: 0.026 seconds - Initiated by StopAssetImportingV2(NoUpdateAssetOptions)
Start importing Assets/NoSafeCircle/DoorPrototype/Art/Enemies/Source/Walk/enemy_ranged_nw_walk_00.png using Guid(d1434f5317889a64f949dac3c7b9d0e0) (TextureImporter) -> (artifact id: 'b17ccebdae9af53a44d189c64847f1f9') in 0.0054078 seconds
Refreshing native plugins compatible for Editor in 2.19 ms, found 4 plugins.
Preloading 0 native plugins for Editor in 0.00 ms.
Asset Pipeline Refresh (id=d2a5b8efbe995d64caadfada4c594ebd): Total: 0.022 seconds - Initiated by StopAssetImportingV2(NoUpdateAssetOptions)
Start importing Assets/NoSafeCircle/DoorPrototype/Art/Enemies/Source/Walk/enemy_ranged_nw_walk_00.png using Guid(d1434f5317889a64f949dac3c7b9d0e0) (TextureImporter) -> (artifact id: 'b17ccebdae9af53a44d189c64847f1f9') in 0.0053635 seconds
Refreshing native plugins compatible for Editor in 2.34 ms, found 4 plugins.
Preloading 0 native plugins for Editor in 0.00 ms.
Asset Pipeline Refresh (id=4a74690559953eb4f9a52d7ca7cc40ae): Total: 0.028 seconds - Initiated by StopAssetImportingV2(NoUpdateAssetOptions)
Start importing Assets/NoSafeCircle/DoorPrototype/Art/Enemies/Source/Walk/enemy_ranged_nw_walk_01.png using Guid(c53008d6d73cb5545bf1e6b8afdd0a38) (TextureImporter) -> (artifact id: 'f05555cd87a2afdd8f337a2f8b358068') in 0.0055289 seconds
Refreshing native plugins compatible for Editor in 2.22 ms, found 4 plugins.
Preloading 0 native plugins for Editor in 0.00 ms.
Asset Pipeline Refresh (id=ade499266fc51cc4ab95b6ddf404f1b2): Total: 0.022 seconds - Initiated by StopAssetImportingV2(NoUpdateAssetOptions)
Start importing Assets/NoSafeCircle/DoorPrototype/Art/Enemies/Source/Walk/enemy_ranged_nw_walk_01.png using Guid(c53008d6d73cb5545bf1e6b8afdd0a38) (TextureImporter) -> (artifact id: 'f05555cd87a2afdd8f337a2f8b358068') in 0.0065134 seconds
Refreshing native plugins compatible for Editor in 2.10 ms, found 4 plugins.
Preloading 0 native plugins for Editor in 0.00 ms.
Asset Pipeline Refresh (id=73056d6680151b847a6f5f079f6a9d5e): Total: 0.026 seconds - Initiated by StopAssetImportingV2(NoUpdateAssetOptions)
Start importing Assets/NoSafeCircle/DoorPrototype/Art/Enemies/Source/Walk/enemy_ranged_nw_walk_02.png using Guid(f083b6211f7a48942a050d0f40eebffe) (TextureImporter) -> (artifact id: '27ca8a064fbcb0c60e3bb760fadf7814') in 0.0056715 seconds
Refreshing native plugins compatible for Editor in 2.56 ms, found 4 plugins.
Preloading 0 native plugins for Editor in 0.00 ms.
Asset Pipeline Refresh (id=bc6ba0a5eb5f1c343b1f4042d8345867): Total: 0.022 seconds - Initiated by StopAssetImportingV2(NoUpdateAssetOptions)
Start importing Assets/NoSafeCircle/DoorPrototype/Art/Enemies/Source/Walk/enemy_ranged_nw_walk_02.png using Guid(f083b6211f7a48942a050d0f40eebffe) (TextureImporter) -> (artifact id: '27ca8a064fbcb0c60e3bb760fadf7814') in 0.0048681 seconds
Refreshing native plugins compatible for Editor in 2.24 ms, found 4 plugins.
Preloading 0 native plugins for Editor in 0.00 ms.
Asset Pipeline Refresh (id=348dfb3c33d38b54cb762b563ee02c05): Total: 0.025 seconds - Initiated by StopAssetImportingV2(NoUpdateAssetOptions)
Start importing Assets/NoSafeCircle/DoorPrototype/Art/Enemies/Source/Walk/enemy_ranged_nw_walk_03.png using Guid(6c2fc517b72c6c74fa88335f33139d71) (TextureImporter) -> (artifact id: '275698bc700b22be680bd565791d51cb') in 0.0054389 seconds
Refreshing native plugins compatible for Editor in 1.99 ms, found 4 plugins.
Preloading 0 native plugins for Editor in 0.00 ms.
Asset Pipeline Refresh (id=af69b219e47a5ba49bbc711fcfc9a709): Total: 0.023 seconds - Initiated by StopAssetImportingV2(NoUpdateAssetOptions)
Start importing Assets/NoSafeCircle/DoorPrototype/Art/Enemies/Source/Walk/enemy_ranged_nw_walk_03.png using Guid(6c2fc517b72c6c74fa88335f33139d71) (TextureImporter) -> (artifact id: '275698bc700b22be680bd565791d51cb') in 0.0036778 seconds
Refreshing native plugins compatible for Editor in 3.36 ms, found 4 plugins.
Preloading 0 native plugins for Editor in 0.00 ms.
Asset Pipeline Refresh (id=5a32149f8440f9045b8d3e40ccfaef8f): Total: 0.022 seconds - Initiated by StopAssetImportingV2(NoUpdateAssetOptions)
Start importing Assets/NoSafeCircle/DoorPrototype/Art/Enemies/Source/Walk/enemy_ranged_nw_walk_04.png using Guid(03041bfc9da5a6542978f9a56f72045e) (TextureImporter) -> (artifact id: 'f3282f767c6f0be9491eb53cd9eb693d') in 0.0041634 seconds
Refreshing native plugins compatible for Editor in 2.15 ms, found 4 plugins.
Preloading 0 native plugins for Editor in 0.00 ms.
Asset Pipeline Refresh (id=6fcdf7586fe37084dac210f9789a9d65): Total: 0.022 seconds - Initiated by StopAssetImportingV2(NoUpdateAssetOptions)
Start importing Assets/NoSafeCircle/DoorPrototype/Art/Enemies/Source/Walk/enemy_ranged_nw_walk_04.png using Guid(03041bfc9da5a6542978f9a56f72045e) (TextureImporter) -> (artifact id: 'f3282f767c6f0be9491eb53cd9eb693d') in 0.0042533 seconds
Refreshing native plugins compatible for Editor in 3.49 ms, found 4 plugins.
Preloading 0 native plugins for Editor in 0.00 ms.
Asset Pipeline Refresh (id=60c6c2cfa3470c844830863ebd0bd700): Total: 0.024 seconds - Initiated by StopAssetImportingV2(NoUpdateAssetOptions)
Start importing Assets/NoSafeCircle/DoorPrototype/Art/Enemies/Source/Walk/enemy_ranged_nw_walk_05.png using Guid(38dfbf60c27e4e242b729621564d99b2) (TextureImporter) -> (artifact id: 'e4ddeee3f72dbf9e27c32b35d340d05c') in 0.0055773 seconds
Refreshing native plugins compatible for Editor in 3.05 ms, found 4 plugins.
Preloading 0 native plugins for Editor in 0.00 ms.
Asset Pipeline Refresh (id=8aa183969453ebd4db3f5dea4a7c52ec): Total: 0.024 seconds - Initiated by StopAssetImportingV2(NoUpdateAssetOptions)
Start importing Assets/NoSafeCircle/DoorPrototype/Art/Enemies/Source/Walk/enemy_ranged_nw_walk_05.png using Guid(38dfbf60c27e4e242b729621564d99b2) (TextureImporter) -> (artifact id: 'e4ddeee3f72dbf9e27c32b35d340d05c') in 0.0065731 seconds
Refreshing native plugins compatible for Editor in 3.32 ms, found 4 plugins.
Preloading 0 native plugins for Editor in 0.00 ms.
Asset Pipeline Refresh (id=55ea90173e344b14982a29ae5e200d04): Total: 0.026 seconds - Initiated by StopAssetImportingV2(NoUpdateAssetOptions)
Start importing Assets/NoSafeCircle/DoorPrototype/Art/Enemies/Generated/MeleeEnemy_idle_north.anim using Guid(6f3131a94ada68f468fce39fcf4a4a45) (NativeFormatImporter) -> (artifact id: 'ae90b67851d018ddd345c5f98e5d988b') in 0.0022218 seconds
Refreshing native plugins compatible for Editor in 2.35 ms, found 4 plugins.
Preloading 0 native plugins for Editor in 0.00 ms.
Asset Pipeline Refresh (id=4e6579b594729db44916130644bf1c9a): Total: 0.022 seconds - Initiated by StopAssetImportingV2(NoUpdateAssetOptions)
Start importing Assets/NoSafeCircle/DoorPrototype/Art/Enemies/Generated/MeleeEnemy_walk_north.anim using Guid(c4a2b9a6869d50e459270e0909f84043) (NativeFormatImporter) -> (artifact id: '4db6f6017e03899203482edc86c9c348') in 0.0031816 seconds
Refreshing native plugins compatible for Editor in 2.33 ms, found 4 plugins.
Preloading 0 native plugins for Editor in 0.00 ms.
Asset Pipeline Refresh (id=24b0a9b5ab4c21e4195c5a2c672cdcf7): Total: 0.021 seconds - Initiated by StopAssetImportingV2(NoUpdateAssetOptions)
Start importing Assets/NoSafeCircle/DoorPrototype/Art/Enemies/Generated/MeleeEnemy_idle_north-east.anim using Guid(0b73de9e5c6ec984a9b14208796555a1) (NativeFormatImporter) -> (artifact id: '20771ea961e46eb1d597c5ce276ab06d') in 0.002715 seconds
Refreshing native plugins compatible for Editor in 2.16 ms, found 4 plugins.
Preloading 0 native plugins for Editor in 0.00 ms.
Asset Pipeline Refresh (id=88e0f771eb61f1d46bc51f839f4e4ba0): Total: 0.024 seconds - Initiated by StopAssetImportingV2(NoUpdateAssetOptions)
Start importing Assets/NoSafeCircle/DoorPrototype/Art/Enemies/Generated/MeleeEnemy_walk_north-east.anim using Guid(a736572cbeac9f34b89ed2f9484df1ad) (NativeFormatImporter) -> (artifact id: 'c2bbd5279e29acf43d444cb348cf8d9d') in 0.0027206 seconds
Refreshing native plugins compatible for Editor in 2.32 ms, found 4 plugins.
Preloading 0 native plugins for Editor in 0.00 ms.
Asset Pipeline Refresh (id=ca4bb59f998a8d7459c2e1c3ac2633b2): Total: 0.019 seconds - Initiated by StopAssetImportingV2(NoUpdateAssetOptions)
Start importing Assets/NoSafeCircle/DoorPrototype/Art/Enemies/Generated/MeleeEnemy_idle_east.anim using Guid(d49446a38b9d490438130b9cb55ff50b) (NativeFormatImporter) -> (artifact id: '4d9ac7addbfd479effdd2638b4c60f91') in 0.002328 seconds
Refreshing native plugins compatible for Editor in 2.06 ms, found 4 plugins.
Preloading 0 native plugins for Editor in 0.00 ms.
Asset Pipeline Refresh (id=2cd31983b68620b44b200e8d8fcb5a8c): Total: 0.018 seconds - Initiated by StopAssetImportingV2(NoUpdateAssetOptions)
Start importing Assets/NoSafeCircle/DoorPrototype/Art/Enemies/Generated/MeleeEnemy_walk_east.anim using Guid(0d0bb295acff87d4c9d9130cb3230d13) (NativeFormatImporter) -> (artifact id: '6fce7aa45612ac20c32b0f5f2dbd1764') in 0.0023058 seconds
Refreshing native plugins compatible for Editor in 2.17 ms, found 4 plugins.
Preloading 0 native plugins for Editor in 0.00 ms.
Asset Pipeline Refresh (id=6b0b45a76c3babd488cd9336439bb0cd): Total: 0.020 seconds - Initiated by StopAssetImportingV2(NoUpdateAssetOptions)
Start importing Assets/NoSafeCircle/DoorPrototype/Art/Enemies/Generated/MeleeEnemy_idle_south-east.anim using Guid(1f6368795d8e7a94e89c7feaad3652c5) (NativeFormatImporter) -> (artifact id: 'dce4a8543ca9d8a0e262964389e92959') in 0.0017618 seconds
Refreshing native plugins compatible for Editor in 2.83 ms, found 4 plugins.
Preloading 0 native plugins for Editor in 0.00 ms.
Asset Pipeline Refresh (id=87441f543a2d5d44b86524e5e4df837b): Total: 0.018 seconds - Initiated by StopAssetImportingV2(NoUpdateAssetOptions)
Start importing Assets/NoSafeCircle/DoorPrototype/Art/Enemies/Generated/MeleeEnemy_walk_south-east.anim using Guid(3c8b8ca1cc0af724494c7d7ab49a8217) (NativeFormatImporter) -> (artifact id: '56f43f94cb2095f064212e847e243d25') in 0.0026916 seconds
Refreshing native plugins compatible for Editor in 2.10 ms, found 4 plugins.
Preloading 0 native plugins for Editor in 0.00 ms.
Asset Pipeline Refresh (id=7e52d8b5f85418642a6921073aadbd02): Total: 0.019 seconds - Initiated by StopAssetImportingV2(NoUpdateAssetOptions)
Start importing Assets/NoSafeCircle/DoorPrototype/Art/Enemies/Generated/MeleeEnemy_idle_south.anim using Guid(362f17f4e032f2140918b3e61403f82e) (NativeFormatImporter) -> (artifact id: 'a78397f4ee1de54e965c20efbe713fa3') in 0.0019662 seconds
Refreshing native plugins compatible for Editor in 2.11 ms, found 4 plugins.
Preloading 0 native plugins for Editor in 0.00 ms.
Asset Pipeline Refresh (id=7d51a15bc0c828f45bb4d652495aa041): Total: 0.019 seconds - Initiated by StopAssetImportingV2(NoUpdateAssetOptions)
Start importing Assets/NoSafeCircle/DoorPrototype/Art/Enemies/Generated/MeleeEnemy_walk_south.anim using Guid(7332b1018697aa74287f7f5d99b1ec72) (NativeFormatImporter) -> (artifact id: '105fe93f1eb112d1029b0349a77836d8') in 0.0025745 seconds
Refreshing native plugins compatible for Editor in 2.19 ms, found 4 plugins.
Preloading 0 native plugins for Editor in 0.00 ms.
Asset Pipeline Refresh (id=e425f807502db93478a2b88aa3141acf): Total: 0.020 seconds - Initiated by StopAssetImportingV2(NoUpdateAssetOptions)
Start importing Assets/NoSafeCircle/DoorPrototype/Art/Enemies/Generated/MeleeEnemy_idle_south-west.anim using Guid(2638b01ee92e4664a91f95d645a33b8d) (NativeFormatImporter) -> (artifact id: 'e853945f833491b01b7de7f8dec4a37c') in 0.0032168 seconds
Refreshing native plugins compatible for Editor in 2.54 ms, found 4 plugins.
Preloading 0 native plugins for Editor in 0.00 ms.
Asset Pipeline Refresh (id=a1f15b378cd17a742aeedd6da4db156f): Total: 0.022 seconds - Initiated by StopAssetImportingV2(NoUpdateAssetOptions)
Start importing Assets/NoSafeCircle/DoorPrototype/Art/Enemies/Generated/MeleeEnemy_walk_south-west.anim using Guid(645856c61cfe67d40b6ab50d500d23f9) (NativeFormatImporter) -> (artifact id: '65f278c8b909959e9019d372b26975fc') in 0.0031762 seconds
Refreshing native plugins compatible for Editor in 3.30 ms, found 4 plugins.
Preloading 0 native plugins for Editor in 0.00 ms.
Asset Pipeline Refresh (id=eb114ee9c807a764e8b4ea4644946e87): Total: 0.024 seconds - Initiated by StopAssetImportingV2(NoUpdateAssetOptions)
Start importing Assets/NoSafeCircle/DoorPrototype/Art/Enemies/Generated/MeleeEnemy_idle_west.anim using Guid(39938f6f3a7a4ea40a4a39d82164bfa3) (NativeFormatImporter) -> (artifact id: '608a44396fcf5a003d379954fc22afe0') in 0.0023546 seconds
Refreshing native plugins compatible for Editor in 2.28 ms, found 4 plugins.
Preloading 0 native plugins for Editor in 0.00 ms.
Asset Pipeline Refresh (id=ee71c01b2f0180243a219c9117ac0ca3): Total: 0.019 seconds - Initiated by StopAssetImportingV2(NoUpdateAssetOptions)
Start importing Assets/NoSafeCircle/DoorPrototype/Art/Enemies/Generated/MeleeEnemy_walk_west.anim using Guid(eac6f1aa722d155429cf53ad1cd218d3) (NativeFormatImporter) -> (artifact id: '9820c298fc4c011625c368a4d33b8f82') in 0.0022439 seconds
Refreshing native plugins compatible for Editor in 2.20 ms, found 4 plugins.
Preloading 0 native plugins for Editor in 0.00 ms.
Asset Pipeline Refresh (id=e23b18a547226e54b9159e8e7243c5fb): Total: 0.019 seconds - Initiated by StopAssetImportingV2(NoUpdateAssetOptions)
Start importing Assets/NoSafeCircle/DoorPrototype/Art/Enemies/Generated/MeleeEnemy_idle_north-west.anim using Guid(1d99b523b60ca8b45acf91df42dceba3) (NativeFormatImporter) -> (artifact id: 'abfc5d0a95beb4f60eee5f5f1bdabb50') in 0.0024792 seconds
Refreshing native plugins compatible for Editor in 2.23 ms, found 4 plugins.
Preloading 0 native plugins for Editor in 0.00 ms.
Asset Pipeline Refresh (id=f6222002cd5719a488786fe2c71c41ef): Total: 0.020 seconds - Initiated by StopAssetImportingV2(NoUpdateAssetOptions)
Start importing Assets/NoSafeCircle/DoorPrototype/Art/Enemies/Generated/MeleeEnemy_walk_north-west.anim using Guid(8b4469de01614934ea567fd996e787d8) (NativeFormatImporter) -> (artifact id: 'd45cb5a68fbf2a40b2436171bfccace5') in 0.0020614 seconds
Refreshing native plugins compatible for Editor in 2.14 ms, found 4 plugins.
Preloading 0 native plugins for Editor in 0.00 ms.
Asset Pipeline Refresh (id=39ea821ccfdbbbc4c9881c68f4ce1e52): Total: 0.019 seconds - Initiated by StopAssetImportingV2(NoUpdateAssetOptions)
Start importing Assets/NoSafeCircle/DoorPrototype/Art/Enemies/Generated/MeleeEnemyAnimator.controller using Guid(c63b4880dbeec4d46b0a88ad77276fe0) (NativeFormatImporter) -> (artifact id: '1c6b2ec9d7067502be8c4c7a60c4e0d7') in 0.0021369 seconds
Refreshing native plugins compatible for Editor in 2.02 ms, found 4 plugins.
Preloading 0 native plugins for Editor in 0.00 ms.
Asset Pipeline Refresh (id=1962299e74c7ec44f817b854fdab4176): Total: 0.017 seconds - Initiated by StopAssetImportingV2(NoUpdateAssetOptions)
Start importing Assets/NoSafeCircle/DoorPrototype/Art/Enemies/Generated/LanternWraith_idle_north.anim using Guid(d87c72a12ecbe9348aff309321f4b9ee) (NativeFormatImporter) -> (artifact id: 'bc85219fc044a2f7e2bad4bc7c01733b') in 0.0024223 seconds
Refreshing native plugins compatible for Editor in 2.20 ms, found 4 plugins.
Preloading 0 native plugins for Editor in 0.00 ms.
Asset Pipeline Refresh (id=c3e40b7c29b609f4da69205d4f8fb153): Total: 0.020 seconds - Initiated by StopAssetImportingV2(NoUpdateAssetOptions)
Start importing Assets/NoSafeCircle/DoorPrototype/Art/Enemies/Generated/LanternWraith_walk_north.anim using Guid(1a94ef37500ac4449853fb19086a606e) (NativeFormatImporter) -> (artifact id: 'cacfdb395bb77dcd180588ba8ba89716') in 0.0021413 seconds
Refreshing native plugins compatible for Editor in 3.39 ms, found 4 plugins.
Preloading 0 native plugins for Editor in 0.00 ms.
Asset Pipeline Refresh (id=55e3bb37853c19a488c12a62becd350e): Total: 0.019 seconds - Initiated by StopAssetImportingV2(NoUpdateAssetOptions)
Start importing Assets/NoSafeCircle/DoorPrototype/Art/Enemies/Generated/LanternWraith_idle_north-east.anim using Guid(4c5c2e90821144d4891384190d8da234) (NativeFormatImporter) -> (artifact id: '864b45740147fd9aa6ce76bd449be7e6') in 0.0019584 seconds
Refreshing native plugins compatible for Editor in 2.17 ms, found 4 plugins.
Preloading 0 native plugins for Editor in 0.00 ms.
Asset Pipeline Refresh (id=06cb1c7cc63a2594f8d102b4bd79aea7): Total: 0.019 seconds - Initiated by StopAssetImportingV2(NoUpdateAssetOptions)
Start importing Assets/NoSafeCircle/DoorPrototype/Art/Enemies/Generated/LanternWraith_walk_north-east.anim using Guid(d9a7785ba6ca6a7458acaa2bf57fe94e) (NativeFormatImporter) -> (artifact id: 'd18383013285c8a1ad5ce702e1faf01c') in 0.0019223 seconds
Refreshing native plugins compatible for Editor in 2.23 ms, found 4 plugins.
Preloading 0 native plugins for Editor in 0.00 ms.
Asset Pipeline Refresh (id=3c40976c3bb1eab46841e1794ee390df): Total: 0.020 seconds - Initiated by StopAssetImportingV2(NoUpdateAssetOptions)
Start importing Assets/NoSafeCircle/DoorPrototype/Art/Enemies/Generated/LanternWraith_idle_east.anim using Guid(5dea4d670846a6c4a8581907314436e6) (NativeFormatImporter) -> (artifact id: 'ff64988c7736fb205530e2d879c175b1') in 0.0021156 seconds
Refreshing native plugins compatible for Editor in 2.05 ms, found 4 plugins.
Preloading 0 native plugins for Editor in 0.00 ms.
Asset Pipeline Refresh (id=1df00ec6192b84044adbd160cc101439): Total: 0.019 seconds - Initiated by StopAssetImportingV2(NoUpdateAssetOptions)
Start importing Assets/NoSafeCircle/DoorPrototype/Art/Enemies/Generated/LanternWraith_walk_east.anim using Guid(61db5196130371e4781e5d1e72c88d25) (NativeFormatImporter) -> (artifact id: 'a56c6bbddf25bf9561449d07681c8e2b') in 0.0022955 seconds
Refreshing native plugins compatible for Editor in 3.03 ms, found 4 plugins.
Preloading 0 native plugins for Editor in 0.00 ms.
Asset Pipeline Refresh (id=5b29c777086c149468df09c457c3bb65): Total: 0.021 seconds - Initiated by StopAssetImportingV2(NoUpdateAssetOptions)
Start importing Assets/NoSafeCircle/DoorPrototype/Art/Enemies/Generated/LanternWraith_idle_south-east.anim using Guid(2cb3461c344838d419c9f807e6e5642d) (NativeFormatImporter) -> (artifact id: '522b573b9d6cfcabd2f175d71afccd9e') in 0.0022888 seconds
Refreshing native plugins compatible for Editor in 2.13 ms, found 4 plugins.
Preloading 0 native plugins for Editor in 0.00 ms.
Asset Pipeline Refresh (id=e2a145cb9c0c53d4b8bdfe5fd8b12c46): Total: 0.019 seconds - Initiated by StopAssetImportingV2(NoUpdateAssetOptions)
Start importing Assets/NoSafeCircle/DoorPrototype/Art/Enemies/Generated/LanternWraith_walk_south-east.anim using Guid(07d3783d9afbeac44a757e07dbcab145) (NativeFormatImporter) -> (artifact id: 'b8a6cc50b5a29dba9fcb5ca432ae103e') in 0.0024272 seconds
Refreshing native plugins compatible for Editor in 2.33 ms, found 4 plugins.
Preloading 0 native plugins for Editor in 0.00 ms.
Asset Pipeline Refresh (id=0af70f3ab8401e9429c910c22b9316ab): Total: 0.020 seconds - Initiated by StopAssetImportingV2(NoUpdateAssetOptions)
Start importing Assets/NoSafeCircle/DoorPrototype/Art/Enemies/Generated/LanternWraith_idle_south.anim using Guid(3092ef60e861f9547880b6ecce7f2692) (NativeFormatImporter) -> (artifact id: '0b16dafae2e88b0cef3735b79a81a90b') in 0.0025038 seconds
Refreshing native plugins compatible for Editor in 2.41 ms, found 4 plugins.
Preloading 0 native plugins for Editor in 0.00 ms.
Asset Pipeline Refresh (id=d03cb0a4dc3284d458fde95d5b92b8c9): Total: 0.022 seconds - Initiated by StopAssetImportingV2(NoUpdateAssetOptions)
Start importing Assets/NoSafeCircle/DoorPrototype/Art/Enemies/Generated/LanternWraith_walk_south.anim using Guid(dfb0714d2c37d0e46b93c69d85c6c7cd) (NativeFormatImporter) -> (artifact id: '254b4e3911799d074dd4966027367b5f') in 0.0019055 seconds
Refreshing native plugins compatible for Editor in 2.12 ms, found 4 plugins.
Preloading 0 native plugins for Editor in 0.00 ms.
Asset Pipeline Refresh (id=b36833a9780c87b46bd740fe588d9f95): Total: 0.018 seconds - Initiated by StopAssetImportingV2(NoUpdateAssetOptions)
Start importing Assets/NoSafeCircle/DoorPrototype/Art/Enemies/Generated/LanternWraith_idle_south-west.anim using Guid(d92c6f4502e1b8b4b9a1a8d3a2394bcf) (NativeFormatImporter) -> (artifact id: '9fa9aa42bb15c79a2aac56ac8770b4b6') in 0.0023199 seconds
Refreshing native plugins compatible for Editor in 3.06 ms, found 4 plugins.
Preloading 0 native plugins for Editor in 0.00 ms.
Asset Pipeline Refresh (id=8d8138ae3d72c7c498efafe2c0cbbaa5): Total: 0.020 seconds - Initiated by StopAssetImportingV2(NoUpdateAssetOptions)
Start importing Assets/NoSafeCircle/DoorPrototype/Art/Enemies/Generated/LanternWraith_walk_south-west.anim using Guid(1d3945de3c7b8764abae1f202882c7f8) (NativeFormatImporter) -> (artifact id: '6319efa193c2cebf7cd786f3bfd48b75') in 0.0021452 seconds
Refreshing native plugins compatible for Editor in 2.19 ms, found 4 plugins.
Preloading 0 native plugins for Editor in 0.00 ms.
Asset Pipeline Refresh (id=6f5dfeac9da462349b3448ce56a534d7): Total: 0.018 seconds - Initiated by StopAssetImportingV2(NoUpdateAssetOptions)
Start importing Assets/NoSafeCircle/DoorPrototype/Art/Enemies/Generated/LanternWraith_idle_west.anim using Guid(37a693f1465c6f54b8955bd46b50974a) (NativeFormatImporter) -> (artifact id: 'a812c855235ba1c3bccb0654b5a001ef') in 0.0028356 seconds
Refreshing native plugins compatible for Editor in 2.75 ms, found 4 plugins.
Preloading 0 native plugins for Editor in 0.00 ms.
Asset Pipeline Refresh (id=d86e9c5639dccc74894329cef40d34df): Total: 0.020 seconds - Initiated by StopAssetImportingV2(NoUpdateAssetOptions)
Start importing Assets/NoSafeCircle/DoorPrototype/Art/Enemies/Generated/LanternWraith_walk_west.anim using Guid(2cf1af3c7ee823b49a1d39889919db87) (NativeFormatImporter) -> (artifact id: 'feb6db6526d0dc14e33da4c792797f5d') in 0.0022636 seconds
Refreshing native plugins compatible for Editor in 2.15 ms, found 4 plugins.
Preloading 0 native plugins for Editor in 0.00 ms.
Asset Pipeline Refresh (id=d1d600ded6941c14ba3e77e1e503c4d7): Total: 0.024 seconds - Initiated by StopAssetImportingV2(NoUpdateAssetOptions)
Start importing Assets/NoSafeCircle/DoorPrototype/Art/Enemies/Generated/LanternWraith_idle_north-west.anim using Guid(c813f5355fe46c242905baef8ad25d27) (NativeFormatImporter) -> (artifact id: '09f478192d6992053c5a7376d73aca40') in 0.0021352 seconds
Refreshing native plugins compatible for Editor in 3.39 ms, found 4 plugins.
Preloading 0 native plugins for Editor in 0.00 ms.
Asset Pipeline Refresh (id=cb7978d76da584341a71547d0cbd6df9): Total: 0.021 seconds - Initiated by StopAssetImportingV2(NoUpdateAssetOptions)
Start importing Assets/NoSafeCircle/DoorPrototype/Art/Enemies/Generated/LanternWraith_walk_north-west.anim using Guid(77b1c2bb675820040a9fa66a27a6d8dc) (NativeFormatImporter) -> (artifact id: 'd8f3ace60bc296c0bcb6915608a44b70') in 0.0030326 seconds
Refreshing native plugins compatible for Editor in 3.16 ms, found 4 plugins.
Preloading 0 native plugins for Editor in 0.00 ms.
Asset Pipeline Refresh (id=7b1ad93e37e095c4d92c9ade54ffa49e): Total: 0.023 seconds - Initiated by StopAssetImportingV2(NoUpdateAssetOptions)
Start importing Assets/NoSafeCircle/DoorPrototype/Art/Enemies/Generated/LanternWraithAnimator.controller using Guid(0180b5ae94034f64d8f4afb61bd8e6f2) (NativeFormatImporter) -> (artifact id: '84a5ca38afb73d4d73e9338d53b4e078') in 0.0020329 seconds
Refreshing native plugins compatible for Editor in 4.44 ms, found 4 plugins.
Preloading 0 native plugins for Editor in 0.00 ms.
Asset Pipeline Refresh (id=606467103c1241c4b975df4af03669a4): Total: 0.024 seconds - Initiated by StopAssetImportingV2(NoUpdateAssetOptions)
Asset Pipeline Refresh (id=af48360f46f388e49969545acb9dcfad): Total: 0.001 seconds - Initiated by StopAssetImportingV2(NoUpdateAssetOptions)
Start importing Assets/Scenes/DoorPrototype.unity using Guid(92dbd0a3e6c18e245896a66c5120379d) (DefaultImporter) -> (artifact id: '7e9a4ef6621cbd2e9a373d7fd10bbed0') in 0.0015592 seconds
Refreshing native plugins compatible for Editor in 2.30 ms, found 4 plugins.
Preloading 0 native plugins for Editor in 0.00 ms.
Asset Pipeline Refresh (id=cbd4a945ae021b6448fd2356bbcf753a): Total: 0.022 seconds - Initiated by StopAssetImportingV2(NoUpdateAssetOptions)
Asset Pipeline Refresh (id=52a8258616223414ca092addd77dcb9a): Total: 0.012 seconds - Initiated by RefreshV2(NoUpdateAssetOptions)
Door Prototype scene built at Assets/Scenes/DoorPrototype.unity
UnityEngine.Debug:ExtractStackTraceNoAlloc (byte*,int,string)
UnityEngine.StackTraceUtility:ExtractStackTrace ()
UnityEngine.DebugLogHandler:Internal_Log (UnityEngine.LogType,UnityEngine.LogOption,string,UnityEngine.Object)
UnityEngine.DebugLogHandler:LogFormat (UnityEngine.LogType,UnityEngine.Object,string,object[])
UnityEngine.Logger:Log (UnityEngine.LogType,object)
UnityEngine.Debug:Log (object)
NoSafeCircle.DoorPrototype.Editor.DoorPrototypeSceneBuilder:Build () (at Assets/NoSafeCircle/DoorPrototype/Editor/DoorPrototypeSceneBuilder.cs:128)

(Filename: Assets/NoSafeCircle/DoorPrototype/Editor/DoorPrototypeSceneBuilder.cs Line: 128)

Batchmode quit successfully invoked - shutting down!
[Physics::Module] Cleanup current backned.
[Physics::Module] Id: 0xf2b8ea05
Input System module state changed to: ShutdownInProgress.
Input System polling thread exited.
Input System module state changed to: Shutdown.
[Licensing::IpcConnector] LicenseClient-VincentLiguori-notifications channel disconnected successfully.
[Licensing::IpcConnector] LicenseClient-VincentLiguori channel disconnected successfully.
AcceleratorClientConnectionCallback - disconnected - :0
Cleanup mono
abort_threads: Failed aborting id: 0000000000003160, mono_thread_manage will ignore it

abort_threads: Failed aborting id: 000000000000D914, mono_thread_manage will ignore it

abort_threads: Failed aborting id: 0000000000003160, mono_thread_manage will ignore it

abort_threads: Failed aborting id: 000000000000D914, mono_thread_manage will ignore it

debugger-agent: Unable to listen on 4688
Exiting batchmode successfully now!
Exiting without the bug reporter. Application will terminate with return code 0